inspection_id,corridor_id,km_milestone,damage_class,pothole_depth_cm,crack_length_m,debris_volume_cum,severity_tier,recommended_action,ai_confidence_pct,reported_by_agent,requires_pwd_validation,lat,lon
INS-DMG-1000,SEG-14,131.1,Pothole,7.1,1.1,0.0,TIER_1_ROUTINE_MONITORING,CONTINUE_NORMAL_OPERATION,91.2,NERALIS-EdgeVision-v2.4,False,26.6,93.4
INS-DMG-1001,SEG-11,116.5,Debris / Rockfall Deposit,6.1,8.3,124.6,TIER_3_CRITICAL_EMERGENCY,MANDATORY_CLOSURE_BRO_EARTHMOVER,93.7,NERALIS-EdgeVision-v2.4,True,23.45,92.74
INS-DMG-1002,SEG-13,105.7,Pothole,6.3,0.4,0.5,TIER_1_ROUTINE_MONITORING,CONTINUE_NORMAL_OPERATION,91.7,NERALIS-EdgeVision-v2.4,False,27.52,88.58
INS-DMG-1003,SEG-03,125.4,Longitudinal / Transverse Crack,7.6,13.4,0.0,TIER_2_MODERATE_HAZARD,SEAL_CRACK_WATERPROOFING,93.8,NERALIS-EdgeVision-v2.4,True,25.12,92.36
INS-DMG-1004,SEG-12,86.6,Pothole,19.3,1.1,0.4,TIER_2_MODERATE_HAZARD,SPEED_RESTRICTION_PWD_PATCHING,95.5,NERALIS-EdgeVision-v2.4,True,27.1,88.48
INS-DMG-1005,SEG-08,59.2,Longitudinal / Transverse Crack,1.7,14.6,0.1,TIER_2_MODERATE_HAZARD,SEAL_CRACK_WATERPROOFING,88.2,NERALIS-EdgeVision-v2.4,True,25.72,93.88
INS-DMG-1006,SEG-12,101.3,Pothole,11.4,1.8,0.2,TIER_1_ROUTINE_MONITORING,CONTINUE_NORMAL_OPERATION,91.0,NERALIS-EdgeVision-v2.4,False,27.1,88.48
INS-DMG-1007,SEG-13,49.6,Debris / Rockfall Deposit,9.2,8.8,58.8,TIER_3_CRITICAL_EMERGENCY,MANDATORY_CLOSURE_BRO_EARTHMOVER,94.8,NERALIS-EdgeVision-v2.4,True,27.52,88.58
INS-DMG-1008,SEG-01,122.5,Longitudinal / Transverse Crack,4.3,15.5,0.1,TIER_2_MODERATE_HAZARD,SEAL_CRACK_WATERPROOFING,88.5,NERALIS-EdgeVision-v2.4,True,26.18,92.12
INS-DMG-1009,SEG-11,4.0,Pothole,6.9,0.9,0.2,TIER_1_ROUTINE_MONITORING,CONTINUE_NORMAL_OPERATION,90.3,NERALIS-EdgeVision-v2.4,False,23.45,92.74
INS-DMG-1010,SEG-12,108.2,Debris / Rockfall Deposit,4.0,8.1,55.0,TIER_3_CRITICAL_EMERGENCY,MANDATORY_CLOSURE_BRO_EARTHMOVER,96.6,NERALIS-EdgeVision-v2.4,True,27.1,88.48
INS-DMG-1011,SEG-15,65.9,Washout / Roadbed Erosion,114.5,45.7,37.4,TIER_3_CRITICAL_EMERGENCY,MANDATORY_CLOSURE_BRO_EARTHMOVER,93.2,NERALIS-EdgeVision-v2.4,True,26.75,94.95
INS-DMG-1012,SEG-03,16.6,Pothole,5.5,1.5,0.1,TIER_1_ROUTINE_MONITORING,CONTINUE_NORMAL_OPERATION,90.6,NERALIS-EdgeVision-v2.4,False,25.12,92.36
INS-DMG-1013,SEG-07,37.3,Intact / Minor Surface Wear,1.3,0.2,0.0,TIER_1_ROUTINE_MONITORING,CONTINUE_NORMAL_OPERATION,95.1,NERALIS-EdgeVision-v2.4,False,25.15,94.02
INS-DMG-1014,SEG-02,11.1,Pothole,13.3,1.0,0.3,TIER_2_MODERATE_HAZARD,SPEED_RESTRICTION_PWD_PATCHING,89.5,NERALIS-EdgeVision-v2.4,True,25.75,91.88
INS-DMG-1015,SEG-16,75.4,Pothole,12.0,1.7,0.0,TIER_1_ROUTINE_MONITORING,CONTINUE_NORMAL_OPERATION,91.4,NERALIS-EdgeVision-v2.4,False,25.18,92.85
INS-DMG-1016,SEG-11,20.2,Longitudinal / Transverse Crack,4.0,13.3,0.1,TIER_2_MODERATE_HAZARD,SEAL_CRACK_WATERPROOFING,90.7,NERALIS-EdgeVision-v2.4,True,23.45,92.74
INS-DMG-1017,SEG-11,119.5,Debris / Rockfall Deposit,1.9,21.0,127.3,TIER_3_CRITICAL_EMERGENCY,MANDATORY_CLOSURE_BRO_EARTHMOVER,98.8,NERALIS-EdgeVision-v2.4,True,23.45,92.74
INS-DMG-1018,SEG-12,126.0,Longitudinal / Transverse Crack,7.1,7.9,0.1,TIER_2_MODERATE_HAZARD,SEAL_CRACK_WATERPROOFING,86.4,NERALIS-EdgeVision-v2.4,True,27.1,88.48
INS-DMG-1019,SEG-13,125.2,Longitudinal / Transverse Crack,1.7,7.2,0.1,TIER_2_MODERATE_HAZARD,SEAL_CRACK_WATERPROOFING,89.0,NERALIS-EdgeVision-v2.4,True,27.52,88.58
INS-DMG-1020,SEG-03,16.7,Debris / Rockfall Deposit,6.0,21.5,45.2,TIER_3_CRITICAL_EMERGENCY,MANDATORY_CLOSURE_BRO_EARTHMOVER,97.3,NERALIS-EdgeVision-v2.4,True,25.12,92.36
INS-DMG-1021,SEG-14,17.1,Pothole,14.3,1.4,0.2,TIER_2_MODERATE_HAZARD,SPEED_RESTRICTION_PWD_PATCHING,90.6,NERALIS-EdgeVision-v2.4,True,26.6,93.4
INS-DMG-1022,SEG-07,73.8,Longitudinal / Transverse Crack,6.0,12.2,0.1,TIER_2_MODERATE_HAZARD,SEAL_CRACK_WATERPROOFING,89.6,NERALIS-EdgeVision-v2.4,True,25.15,94.02
INS-DMG-1023,SEG-05,25.2,Debris / Rockfall Deposit,2.9,10.6,75.3,TIER_3_CRITICAL_EMERGENCY,MANDATORY_CLOSURE_BRO_EARTHMOVER,95.5,NERALIS-EdgeVision-v2.4,True,27.51,92.1
INS-DMG-1024,SEG-12,48.4,Pothole,10.1,1.3,0.3,TIER_1_ROUTINE_MONITORING,CONTINUE_NORMAL_OPERATION,94.8,NERALIS-EdgeVision-v2.4,False,27.1,88.48
INS-DMG-1025,SEG-06,49.1,Longitudinal / Transverse Crack,2.8,10.8,0.1,TIER_2_MODERATE_HAZARD,SEAL_CRACK_WATERPROOFING,92.3,NERALIS-EdgeVision-v2.4,True,25.8,93.95
INS-DMG-1026,SEG-12,63.9,Intact / Minor Surface Wear,0.2,0.2,0.0,TIER_1_ROUTINE_MONITORING,CONTINUE_NORMAL_OPERATION,93.3,NERALIS-EdgeVision-v2.4,False,27.1,88.48
INS-DMG-1027,SEG-14,9.2,Debris / Rockfall Deposit,1.1,39.3,5.8,TIER_3_CRITICAL_EMERGENCY,MANDATORY_CLOSURE_BRO_EARTHMOVER,97.2,NERALIS-EdgeVision-v2.4,True,26.6,93.4
INS-DMG-1028,SEG-14,73.9,Intact / Minor Surface Wear,1.7,0.4,0.0,TIER_1_ROUTINE_MONITORING,CONTINUE_NORMAL_OPERATION,96.7,NERALIS-EdgeVision-v2.4,False,26.6,93.4
INS-DMG-1029,SEG-08,13.2,Longitudinal / Transverse Crack,5.1,12.5,0.2,TIER_2_MODERATE_HAZARD,SEAL_CRACK_WATERPROOFING,89.2,NERALIS-EdgeVision-v2.4,True,25.72,93.88
INS-DMG-1030,SEG-04,85.7,Pothole,6.7,0.7,0.5,TIER_1_ROUTINE_MONITORING,CONTINUE_NORMAL_OPERATION,94.0,NERALIS-EdgeVision-v2.4,False,27.26,92.42
INS-DMG-1031,SEG-10,15.8,Debris / Rockfall Deposit,4.6,35.3,14.5,TIER_3_CRITICAL_EMERGENCY,MANDATORY_CLOSURE_BRO_EARTHMOVER,97.2,NERALIS-EdgeVision-v2.4,True,24.2,92.15
INS-DMG-1032,SEG-04,8.1,Debris / Rockfall Deposit,0.6,27.5,31.9,TIER_3_CRITICAL_EMERGENCY,MANDATORY_CLOSURE_BRO_EARTHMOVER,97.5,NERALIS-EdgeVision-v2.4,True,27.26,92.42
INS-DMG-1033,SEG-07,58.3,Longitudinal / Transverse Crack,3.8,8.8,0.1,TIER_2_MODERATE_HAZARD,SEAL_CRACK_WATERPROOFING,91.3,NERALIS-EdgeVision-v2.4,True,25.15,94.02
INS-DMG-1034,SEG-05,24.8,Washout / Roadbed Erosion,109.5,10.2,38.7,TIER_3_CRITICAL_EMERGENCY,MANDATORY_CLOSURE_BRO_EARTHMOVER,95.3,NERALIS-EdgeVision-v2.4,True,27.51,92.1
INS-DMG-1035,SEG-04,101.3,Debris / Rockfall Deposit,0.1,28.0,121.2,TIER_3_CRITICAL_EMERGENCY,MANDATORY_CLOSURE_BRO_EARTHMOVER,92.9,NERALIS-EdgeVision-v2.4,True,27.26,92.42
INS-DMG-1036,SEG-13,122.6,Longitudinal / Transverse Crack,7.8,8.8,0.1,TIER_2_MODERATE_HAZARD,SEAL_CRACK_WATERPROOFING,91.0,NERALIS-EdgeVision-v2.4,True,27.52,88.58
INS-DMG-1037,SEG-06,80.7,Pothole,11.5,0.9,0.5,TIER_1_ROUTINE_MONITORING,CONTINUE_NORMAL_OPERATION,96.6,NERALIS-EdgeVision-v2.4,False,25.8,93.95
INS-DMG-1038,SEG-09,94.2,Pothole,13.0,0.8,0.3,TIER_2_MODERATE_HAZARD,SPEED_RESTRICTION_PWD_PATCHING,94.5,NERALIS-EdgeVision-v2.4,True,24.8,93.45
INS-DMG-1039,SEG-10,135.6,Washout / Roadbed Erosion,89.3,3.5,6.7,TIER_3_CRITICAL_EMERGENCY,MANDATORY_CLOSURE_BRO_EARTHMOVER,97.7,NERALIS-EdgeVision-v2.4,True,24.2,92.15
INS-DMG-1040,SEG-14,87.0,Washout / Roadbed Erosion,16.2,11.6,34.0,TIER_3_CRITICAL_EMERGENCY,MANDATORY_CLOSURE_BRO_EARTHMOVER,98.5,NERALIS-EdgeVision-v2.4,True,26.6,93.4
INS-DMG-1041,SEG-01,135.0,Debris / Rockfall Deposit,2.3,22.5,65.0,TIER_3_CRITICAL_EMERGENCY,MANDATORY_CLOSURE_BRO_EARTHMOVER,93.8,NERALIS-EdgeVision-v2.4,True,26.18,92.12
INS-DMG-1042,SEG-10,56.2,Washout / Roadbed Erosion,25.1,58.4,31.8,TIER_3_CRITICAL_EMERGENCY,MANDATORY_CLOSURE_BRO_EARTHMOVER,93.3,NERALIS-EdgeVision-v2.4,True,24.2,92.15
INS-DMG-1043,SEG-06,32.9,Washout / Roadbed Erosion,100.4,57.3,17.7,TIER_3_CRITICAL_EMERGENCY,MANDATORY_CLOSURE_BRO_EARTHMOVER,96.0,NERALIS-EdgeVision-v2.4,True,25.8,93.95
INS-DMG-1044,SEG-04,90.3,Intact / Minor Surface Wear,0.8,0.2,0.0,TIER_1_ROUTINE_MONITORING,CONTINUE_NORMAL_OPERATION,95.7,NERALIS-EdgeVision-v2.4,False,27.26,92.42
INS-DMG-1045,SEG-16,78.5,Washout / Roadbed Erosion,51.9,55.2,23.0,TIER_3_CRITICAL_EMERGENCY,MANDATORY_CLOSURE_BRO_EARTHMOVER,93.0,NERALIS-EdgeVision-v2.4,True,25.18,92.85
INS-DMG-1046,SEG-06,38.5,Pothole,9.1,1.8,0.4,TIER_1_ROUTINE_MONITORING,CONTINUE_NORMAL_OPERATION,91.0,NERALIS-EdgeVision-v2.4,False,25.8,93.95
INS-DMG-1047,SEG-15,74.6,Pothole,7.2,1.6,0.4,TIER_1_ROUTINE_MONITORING,CONTINUE_NORMAL_OPERATION,90.4,NERALIS-EdgeVision-v2.4,False,26.75,94.95
INS-DMG-1048,SEG-10,120.8,Longitudinal / Transverse Crack,5.2,8.6,0.1,TIER_2_MODERATE_HAZARD,SEAL_CRACK_WATERPROOFING,85.4,NERALIS-EdgeVision-v2.4,True,24.2,92.15
INS-DMG-1049,SEG-02,21.0,Debris / Rockfall Deposit,6.4,19.5,92.3,TIER_3_CRITICAL_EMERGENCY,MANDATORY_CLOSURE_BRO_EARTHMOVER,95.6,NERALIS-EdgeVision-v2.4,True,25.75,91.88
INS-DMG-1050,SEG-04,7.1,Washout / Roadbed Erosion,105.1,40.4,4.1,TIER_3_CRITICAL_EMERGENCY,MANDATORY_CLOSURE_BRO_EARTHMOVER,95.2,NERALIS-EdgeVision-v2.4,True,27.26,92.42
INS-DMG-1051,SEG-10,49.7,Washout / Roadbed Erosion,43.4,12.8,25.4,TIER_3_CRITICAL_EMERGENCY,MANDATORY_CLOSURE_BRO_EARTHMOVER,97.4,NERALIS-EdgeVision-v2.4,True,24.2,92.15
INS-DMG-1052,SEG-12,134.7,Intact / Minor Surface Wear,1.7,0.1,0.0,TIER_1_ROUTINE_MONITORING,CONTINUE_NORMAL_OPERATION,95.2,NERALIS-EdgeVision-v2.4,False,27.1,88.48
INS-DMG-1053,SEG-07,81.5,Debris / Rockfall Deposit,7.5,11.2,104.9,TIER_3_CRITICAL_EMERGENCY,MANDATORY_CLOSURE_BRO_EARTHMOVER,92.3,NERALIS-EdgeVision-v2.4,True,25.15,94.02
INS-DMG-1054,SEG-04,4.8,Pothole,15.8,0.6,0.4,TIER_2_MODERATE_HAZARD,SPEED_RESTRICTION_PWD_PATCHING,93.1,NERALIS-EdgeVision-v2.4,True,27.26,92.42
INS-DMG-1055,SEG-14,108.4,Pothole,11.4,1.6,0.3,TIER_1_ROUTINE_MONITORING,CONTINUE_NORMAL_OPERATION,95.8,NERALIS-EdgeVision-v2.4,False,26.6,93.4
INS-DMG-1056,SEG-16,38.5,Debris / Rockfall Deposit,2.1,19.1,45.3,TIER_3_CRITICAL_EMERGENCY,MANDATORY_CLOSURE_BRO_EARTHMOVER,95.9,NERALIS-EdgeVision-v2.4,True,25.18,92.85
INS-DMG-1057,SEG-04,54.3,Washout / Roadbed Erosion,109.0,35.2,38.4,TIER_3_CRITICAL_EMERGENCY,MANDATORY_CLOSURE_BRO_EARTHMOVER,96.8,NERALIS-EdgeVision-v2.4,True,27.26,92.42
INS-DMG-1058,SEG-04,123.4,Pothole,4.7,0.6,0.4,TIER_1_ROUTINE_MONITORING,CONTINUE_NORMAL_OPERATION,95.2,NERALIS-EdgeVision-v2.4,False,27.26,92.42
INS-DMG-1059,SEG-01,100.1,Washout / Roadbed Erosion,48.3,13.4,6.7,TIER_3_CRITICAL_EMERGENCY,MANDATORY_CLOSURE_BRO_EARTHMOVER,98.6,NERALIS-EdgeVision-v2.4,True,26.18,92.12
INS-DMG-1060,SEG-01,105.5,Pothole,6.6,1.2,0.2,TIER_1_ROUTINE_MONITORING,CONTINUE_NORMAL_OPERATION,92.6,NERALIS-EdgeVision-v2.4,False,26.18,92.12
INS-DMG-1061,SEG-04,136.5,Pothole,10.2,0.6,0.5,TIER_1_ROUTINE_MONITORING,CONTINUE_NORMAL_OPERATION,93.5,NERALIS-EdgeVision-v2.4,False,27.26,92.42
INS-DMG-1062,SEG-08,61.6,Intact / Minor Surface Wear,0.6,0.2,0.0,TIER_1_ROUTINE_MONITORING,CONTINUE_NORMAL_OPERATION,97.0,NERALIS-EdgeVision-v2.4,False,25.72,93.88
INS-DMG-1063,SEG-02,72.0,Longitudinal / Transverse Crack,7.9,7.0,0.1,TIER_2_MODERATE_HAZARD,SEAL_CRACK_WATERPROOFING,86.3,NERALIS-EdgeVision-v2.4,True,25.75,91.88
INS-DMG-1064,SEG-14,118.4,Pothole,9.8,1.7,0.1,TIER_1_ROUTINE_MONITORING,CONTINUE_NORMAL_OPERATION,97.4,NERALIS-EdgeVision-v2.4,False,26.6,93.4
INS-DMG-1065,SEG-11,56.5,Longitudinal / Transverse Crack,4.7,17.1,0.1,TIER_2_MODERATE_HAZARD,SEAL_CRACK_WATERPROOFING,86.9,NERALIS-EdgeVision-v2.4,True,23.45,92.74
INS-DMG-1066,SEG-01,103.0,Debris / Rockfall Deposit,7.1,27.7,53.3,TIER_3_CRITICAL_EMERGENCY,MANDATORY_CLOSURE_BRO_EARTHMOVER,96.4,NERALIS-EdgeVision-v2.4,True,26.18,92.12
INS-DMG-1067,SEG-06,67.0,Longitudinal / Transverse Crack,4.4,13.9,0.0,TIER_2_MODERATE_HAZARD,SEAL_CRACK_WATERPROOFING,91.8,NERALIS-EdgeVision-v2.4,True,25.8,93.95
INS-DMG-1068,SEG-08,125.1,Pothole,4.4,0.8,0.5,TIER_1_ROUTINE_MONITORING,CONTINUE_NORMAL_OPERATION,96.0,NERALIS-EdgeVision-v2.4,False,25.72,93.88
INS-DMG-1069,SEG-04,19.1,Longitudinal / Transverse Crack,6.4,8.2,0.1,TIER_2_MODERATE_HAZARD,SEAL_CRACK_WATERPROOFING,91.7,NERALIS-EdgeVision-v2.4,True,27.26,92.42
INS-DMG-1070,SEG-10,106.6,Debris / Rockfall Deposit,3.6,27.7,49.8,TIER_3_CRITICAL_EMERGENCY,MANDATORY_CLOSURE_BRO_EARTHMOVER,94.5,NERALIS-EdgeVision-v2.4,True,24.2,92.15
INS-DMG-1071,SEG-16,11.1,Longitudinal / Transverse Crack,6.9,11.3,0.1,TIER_2_MODERATE_HAZARD,SEAL_CRACK_WATERPROOFING,94.7,NERALIS-EdgeVision-v2.4,True,25.18,92.85
INS-DMG-1072,SEG-02,36.2,Pothole,18.8,1.0,0.4,TIER_2_MODERATE_HAZARD,SPEED_RESTRICTION_PWD_PATCHING,88.3,NERALIS-EdgeVision-v2.4,True,25.75,91.88
INS-DMG-1073,SEG-08,18.6,Intact / Minor Surface Wear,1.2,0.3,0.0,TIER_1_ROUTINE_MONITORING,CONTINUE_NORMAL_OPERATION,92.3,NERALIS-EdgeVision-v2.4,False,25.72,93.88
INS-DMG-1074,SEG-08,47.9,Debris / Rockfall Deposit,6.1,37.3,83.1,TIER_3_CRITICAL_EMERGENCY,MANDATORY_CLOSURE_BRO_EARTHMOVER,93.8,NERALIS-EdgeVision-v2.4,True,25.72,93.88
INS-DMG-1075,SEG-05,59.8,Washout / Roadbed Erosion,27.0,48.8,16.9,TIER_3_CRITICAL_EMERGENCY,MANDATORY_CLOSURE_BRO_EARTHMOVER,92.0,NERALIS-EdgeVision-v2.4,True,27.51,92.1
INS-DMG-1076,SEG-13,52.5,Pothole,4.6,1.3,0.4,TIER_1_ROUTINE_MONITORING,CONTINUE_NORMAL_OPERATION,91.3,NERALIS-EdgeVision-v2.4,False,27.52,88.58
INS-DMG-1077,SEG-16,10.3,Debris / Rockfall Deposit,8.4,26.9,96.4,TIER_3_CRITICAL_EMERGENCY,MANDATORY_CLOSURE_BRO_EARTHMOVER,95.3,NERALIS-EdgeVision-v2.4,True,25.18,92.85
INS-DMG-1078,SEG-05,78.6,Debris / Rockfall Deposit,3.1,38.9,119.2,TIER_3_CRITICAL_EMERGENCY,MANDATORY_CLOSURE_BRO_EARTHMOVER,98.5,NERALIS-EdgeVision-v2.4,True,27.51,92.1
INS-DMG-1079,SEG-16,122.0,Pothole,4.7,0.8,0.1,TIER_1_ROUTINE_MONITORING,CONTINUE_NORMAL_OPERATION,96.9,NERALIS-EdgeVision-v2.4,False,25.18,92.85
INS-DMG-1080,SEG-01,37.8,Washout / Roadbed Erosion,92.3,39.7,23.2,TIER_3_CRITICAL_EMERGENCY,MANDATORY_CLOSURE_BRO_EARTHMOVER,97.3,NERALIS-EdgeVision-v2.4,True,26.18,92.12
INS-DMG-1081,SEG-16,15.2,Intact / Minor Surface Wear,0.5,0.4,0.0,TIER_1_ROUTINE_MONITORING,CONTINUE_NORMAL_OPERATION,90.7,NERALIS-EdgeVision-v2.4,False,25.18,92.85
INS-DMG-1082,SEG-04,54.1,Intact / Minor Surface Wear,0.3,0.5,0.0,TIER_1_ROUTINE_MONITORING,CONTINUE_NORMAL_OPERATION,94.4,NERALIS-EdgeVision-v2.4,False,27.26,92.42
INS-DMG-1083,SEG-13,68.8,Debris / Rockfall Deposit,9.3,14.9,156.7,TIER_3_CRITICAL_EMERGENCY,MANDATORY_CLOSURE_BRO_EARTHMOVER,98.3,NERALIS-EdgeVision-v2.4,True,27.52,88.58
INS-DMG-1084,SEG-14,47.0,Pothole,4.8,1.8,0.4,TIER_1_ROUTINE_MONITORING,CONTINUE_NORMAL_OPERATION,94.3,NERALIS-EdgeVision-v2.4,False,26.6,93.4
INS-DMG-1085,SEG-04,43.6,Longitudinal / Transverse Crack,5.5,14.3,0.0,TIER_2_MODERATE_HAZARD,SEAL_CRACK_WATERPROOFING,92.1,NERALIS-EdgeVision-v2.4,True,27.26,92.42
INS-DMG-1086,SEG-01,44.4,Longitudinal / Transverse Crack,2.9,5.9,0.2,TIER_2_MODERATE_HAZARD,SEAL_CRACK_WATERPROOFING,89.1,NERALIS-EdgeVision-v2.4,True,26.18,92.12
INS-DMG-1087,SEG-06,119.3,Intact / Minor Surface Wear,2.0,0.4,0.0,TIER_1_ROUTINE_MONITORING,CONTINUE_NORMAL_OPERATION,96.3,NERALIS-EdgeVision-v2.4,False,25.8,93.95
INS-DMG-1088,SEG-06,113.2,Pothole,5.3,1.5,0.3,TIER_1_ROUTINE_MONITORING,CONTINUE_NORMAL_OPERATION,90.2,NERALIS-EdgeVision-v2.4,False,25.8,93.95
INS-DMG-1089,SEG-13,135.1,Longitudinal / Transverse Crack,3.2,13.1,0.1,TIER_2_MODERATE_HAZARD,SEAL_CRACK_WATERPROOFING,88.9,NERALIS-EdgeVision-v2.4,True,27.52,88.58
INS-DMG-1090,SEG-03,107.0,Debris / Rockfall Deposit,4.4,5.0,33.9,TIER_3_CRITICAL_EMERGENCY,MANDATORY_CLOSURE_BRO_EARTHMOVER,94.3,NERALIS-EdgeVision-v2.4,True,25.12,92.36
INS-DMG-1091,SEG-03,101.9,Longitudinal / Transverse Crack,1.8,8.4,0.2,TIER_2_MODERATE_HAZARD,SEAL_CRACK_WATERPROOFING,91.9,NERALIS-EdgeVision-v2.4,True,25.12,92.36
INS-DMG-1092,SEG-07,47.1,Longitudinal / Transverse Crack,5.9,7.4,0.0,TIER_2_MODERATE_HAZARD,SEAL_CRACK_WATERPROOFING,92.8,NERALIS-EdgeVision-v2.4,True,25.15,94.02
INS-DMG-1093,SEG-11,114.7,Intact / Minor Surface Wear,0.2,0.4,0.0,TIER_1_ROUTINE_MONITORING,CONTINUE_NORMAL_OPERATION,94.4,NERALIS-EdgeVision-v2.4,False,23.45,92.74
INS-DMG-1094,SEG-15,118.9,Debris / Rockfall Deposit,2.8,14.1,25.7,TIER_3_CRITICAL_EMERGENCY,MANDATORY_CLOSURE_BRO_EARTHMOVER,96.8,NERALIS-EdgeVision-v2.4,True,26.75,94.95
INS-DMG-1095,SEG-08,127.8,Pothole,21.4,0.8,0.0,TIER_2_MODERATE_HAZARD,SPEED_RESTRICTION_PWD_PATCHING,91.4,NERALIS-EdgeVision-v2.4,True,25.72,93.88
INS-DMG-1096,SEG-07,130.7,Pothole,14.6,1.0,0.0,TIER_2_MODERATE_HAZARD,SPEED_RESTRICTION_PWD_PATCHING,93.5,NERALIS-EdgeVision-v2.4,True,25.15,94.02
INS-DMG-1097,SEG-09,68.9,Debris / Rockfall Deposit,0.9,29.0,169.3,TIER_3_CRITICAL_EMERGENCY,MANDATORY_CLOSURE_BRO_EARTHMOVER,95.9,NERALIS-EdgeVision-v2.4,True,24.8,93.45
INS-DMG-1098,SEG-01,93.7,Washout / Roadbed Erosion,65.7,58.0,13.1,TIER_3_CRITICAL_EMERGENCY,MANDATORY_CLOSURE_BRO_EARTHMOVER,96.8,NERALIS-EdgeVision-v2.4,True,26.18,92.12
INS-DMG-1099,SEG-06,30.5,Pothole,9.1,1.2,0.2,TIER_1_ROUTINE_MONITORING,CONTINUE_NORMAL_OPERATION,91.6,NERALIS-EdgeVision-v2.4,False,25.8,93.95
INS-DMG-1100,SEG-11,129.7,Pothole,10.5,0.9,0.2,TIER_1_ROUTINE_MONITORING,CONTINUE_NORMAL_OPERATION,95.9,NERALIS-EdgeVision-v2.4,False,23.45,92.74
INS-DMG-1101,SEG-16,102.3,Pothole,5.1,1.1,0.4,TIER_1_ROUTINE_MONITORING,CONTINUE_NORMAL_OPERATION,92.5,NERALIS-EdgeVision-v2.4,False,25.18,92.85
INS-DMG-1102,SEG-08,83.7,Pothole,6.1,1.5,0.1,TIER_1_ROUTINE_MONITORING,CONTINUE_NORMAL_OPERATION,96.6,NERALIS-EdgeVision-v2.4,False,25.72,93.88
INS-DMG-1103,SEG-07,75.3,Intact / Minor Surface Wear,0.3,0.4,0.0,TIER_1_ROUTINE_MONITORING,CONTINUE_NORMAL_OPERATION,92.3,NERALIS-EdgeVision-v2.4,False,25.15,94.02
INS-DMG-1104,SEG-09,67.9,Longitudinal / Transverse Crack,3.6,3.9,0.2,TIER_2_MODERATE_HAZARD,SEAL_CRACK_WATERPROOFING,86.0,NERALIS-EdgeVision-v2.4,True,24.8,93.45
INS-DMG-1105,SEG-05,123.9,Pothole,14.6,0.6,0.1,TIER_2_MODERATE_HAZARD,SPEED_RESTRICTION_PWD_PATCHING,95.8,NERALIS-EdgeVision-v2.4,True,27.51,92.1
INS-DMG-1106,SEG-13,126.2,Intact / Minor Surface Wear,0.4,0.1,0.0,TIER_1_ROUTINE_MONITORING,CONTINUE_NORMAL_OPERATION,97.6,NERALIS-EdgeVision-v2.4,False,27.52,88.58
INS-DMG-1107,SEG-03,63.9,Pothole,18.9,0.7,0.3,TIER_2_MODERATE_HAZARD,SPEED_RESTRICTION_PWD_PATCHING,96.0,NERALIS-EdgeVision-v2.4,True,25.12,92.36
INS-DMG-1108,SEG-13,96.4,Washout / Roadbed Erosion,69.0,8.6,20.0,TIER_3_CRITICAL_EMERGENCY,MANDATORY_CLOSURE_BRO_EARTHMOVER,98.5,NERALIS-EdgeVision-v2.4,True,27.52,88.58
INS-DMG-1109,SEG-13,132.2,Pothole,5.2,1.6,0.4,TIER_1_ROUTINE_MONITORING,CONTINUE_NORMAL_OPERATION,93.7,NERALIS-EdgeVision-v2.4,False,27.52,88.58
INS-DMG-1110,SEG-11,76.2,Pothole,11.3,1.7,0.3,TIER_1_ROUTINE_MONITORING,CONTINUE_NORMAL_OPERATION,91.7,NERALIS-EdgeVision-v2.4,False,23.45,92.74
INS-DMG-1111,SEG-14,18.5,Intact / Minor Surface Wear,1.9,0.4,0.0,TIER_1_ROUTINE_MONITORING,CONTINUE_NORMAL_OPERATION,97.6,NERALIS-EdgeVision-v2.4,False,26.6,93.4
INS-DMG-1112,SEG-10,69.4,Pothole,6.2,0.7,0.1,TIER_1_ROUTINE_MONITORING,CONTINUE_NORMAL_OPERATION,93.2,NERALIS-EdgeVision-v2.4,False,24.2,92.15
INS-DMG-1113,SEG-01,122.4,Pothole,5.8,1.0,0.2,TIER_1_ROUTINE_MONITORING,CONTINUE_NORMAL_OPERATION,90.9,NERALIS-EdgeVision-v2.4,False,26.18,92.12
INS-DMG-1114,SEG-03,105.4,Pothole,7.2,0.4,0.2,TIER_1_ROUTINE_MONITORING,CONTINUE_NORMAL_OPERATION,92.0,NERALIS-EdgeVision-v2.4,False,25.12,92.36
INS-DMG-1115,SEG-02,46.3,Longitudinal / Transverse Crack,7.5,3.1,0.0,TIER_2_MODERATE_HAZARD,SEAL_CRACK_WATERPROOFING,92.5,NERALIS-EdgeVision-v2.4,True,25.75,91.88
INS-DMG-1116,SEG-04,15.5,Washout / Roadbed Erosion,90.8,54.3,37.2,TIER_3_CRITICAL_EMERGENCY,MANDATORY_CLOSURE_BRO_EARTHMOVER,96.4,NERALIS-EdgeVision-v2.4,True,27.26,92.42
INS-DMG-1117,SEG-01,88.4,Intact / Minor Surface Wear,0.2,0.1,0.0,TIER_1_ROUTINE_MONITORING,CONTINUE_NORMAL_OPERATION,94.1,NERALIS-EdgeVision-v2.4,False,26.18,92.12
INS-DMG-1118,SEG-12,64.8,Intact / Minor Surface Wear,1.6,0.4,0.0,TIER_1_ROUTINE_MONITORING,CONTINUE_NORMAL_OPERATION,94.5,NERALIS-EdgeVision-v2.4,False,27.1,88.48
INS-DMG-1119,SEG-07,20.4,Debris / Rockfall Deposit,8.9,24.1,27.8,TIER_3_CRITICAL_EMERGENCY,MANDATORY_CLOSURE_BRO_EARTHMOVER,98.5,NERALIS-EdgeVision-v2.4,True,25.15,94.02
INS-DMG-1120,SEG-03,12.4,Pothole,15.8,1.5,0.4,TIER_2_MODERATE_HAZARD,SPEED_RESTRICTION_PWD_PATCHING,95.4,NERALIS-EdgeVision-v2.4,True,25.12,92.36
INS-DMG-1121,SEG-05,60.2,Pothole,9.5,1.5,0.2,TIER_1_ROUTINE_MONITORING,CONTINUE_NORMAL_OPERATION,94.9,NERALIS-EdgeVision-v2.4,False,27.51,92.1
INS-DMG-1122,SEG-14,65.4,Intact / Minor Surface Wear,1.4,0.5,0.0,TIER_1_ROUTINE_MONITORING,CONTINUE_NORMAL_OPERATION,94.0,NERALIS-EdgeVision-v2.4,False,26.6,93.4
INS-DMG-1123,SEG-06,61.1,Washout / Roadbed Erosion,49.5,52.5,36.8,TIER_3_CRITICAL_EMERGENCY,MANDATORY_CLOSURE_BRO_EARTHMOVER,94.3,NERALIS-EdgeVision-v2.4,True,25.8,93.95
INS-DMG-1124,SEG-09,54.2,Intact / Minor Surface Wear,0.7,0.3,0.0,TIER_1_ROUTINE_MONITORING,CONTINUE_NORMAL_OPERATION,96.2,NERALIS-EdgeVision-v2.4,False,24.8,93.45
INS-DMG-1125,SEG-06,5.2,Pothole,21.4,1.8,0.0,TIER_2_MODERATE_HAZARD,SPEED_RESTRICTION_PWD_PATCHING,94.3,NERALIS-EdgeVision-v2.4,True,25.8,93.95
INS-DMG-1126,SEG-07,93.3,Longitudinal / Transverse Crack,6.2,10.8,0.1,TIER_2_MODERATE_HAZARD,SEAL_CRACK_WATERPROOFING,85.7,NERALIS-EdgeVision-v2.4,True,25.15,94.02
INS-DMG-1127,SEG-13,78.8,Longitudinal / Transverse Crack,3.8,11.3,0.0,TIER_2_MODERATE_HAZARD,SEAL_CRACK_WATERPROOFING,93.4,NERALIS-EdgeVision-v2.4,True,27.52,88.58
INS-DMG-1128,SEG-04,10.6,Debris / Rockfall Deposit,9.6,16.3,93.7,TIER_3_CRITICAL_EMERGENCY,MANDATORY_CLOSURE_BRO_EARTHMOVER,93.8,NERALIS-EdgeVision-v2.4,True,27.26,92.42
INS-DMG-1129,SEG-02,69.7,Pothole,18.4,1.0,0.2,TIER_2_MODERATE_HAZARD,SPEED_RESTRICTION_PWD_PATCHING,94.7,NERALIS-EdgeVision-v2.4,True,25.75,91.88
INS-DMG-1130,SEG-08,131.7,Pothole,10.8,0.3,0.2,TIER_1_ROUTINE_MONITORING,CONTINUE_NORMAL_OPERATION,93.5,NERALIS-EdgeVision-v2.4,False,25.72,93.88
INS-DMG-1131,SEG-04,98.4,Longitudinal / Transverse Crack,2.0,13.1,0.1,TIER_2_MODERATE_HAZARD,SEAL_CRACK_WATERPROOFING,85.2,NERALIS-EdgeVision-v2.4,True,27.26,92.42
INS-DMG-1132,SEG-09,71.6,Debris / Rockfall Deposit,9.0,14.0,65.6,TIER_3_CRITICAL_EMERGENCY,MANDATORY_CLOSURE_BRO_EARTHMOVER,93.3,NERALIS-EdgeVision-v2.4,True,24.8,93.45
INS-DMG-1133,SEG-04,46.7,Pothole,21.3,0.9,0.4,TIER_2_MODERATE_HAZARD,SPEED_RESTRICTION_PWD_PATCHING,88.9,NERALIS-EdgeVision-v2.4,True,27.26,92.42
INS-DMG-1134,SEG-03,125.9,Intact / Minor Surface Wear,1.9,0.1,0.0,TIER_1_ROUTINE_MONITORING,CONTINUE_NORMAL_OPERATION,96.0,NERALIS-EdgeVision-v2.4,False,25.12,92.36
INS-DMG-1135,SEG-15,29.4,Intact / Minor Surface Wear,0.0,0.5,0.0,TIER_1_ROUTINE_MONITORING,CONTINUE_NORMAL_OPERATION,91.0,NERALIS-EdgeVision-v2.4,False,26.75,94.95
INS-DMG-1136,SEG-03,78.9,Pothole,6.7,1.5,0.5,TIER_1_ROUTINE_MONITORING,CONTINUE_NORMAL_OPERATION,90.3,NERALIS-EdgeVision-v2.4,False,25.12,92.36
INS-DMG-1137,SEG-04,80.9,Longitudinal / Transverse Crack,1.2,6.8,0.1,TIER_2_MODERATE_HAZARD,SEAL_CRACK_WATERPROOFING,94.0,NERALIS-EdgeVision-v2.4,True,27.26,92.42
INS-DMG-1138,SEG-02,94.6,Debris / Rockfall Deposit,3.5,42.5,112.5,TIER_3_CRITICAL_EMERGENCY,MANDATORY_CLOSURE_BRO_EARTHMOVER,97.7,NERALIS-EdgeVision-v2.4,True,25.75,91.88
INS-DMG-1139,SEG-05,72.7,Debris / Rockfall Deposit,9.2,13.6,32.4,TIER_3_CRITICAL_EMERGENCY,MANDATORY_CLOSURE_BRO_EARTHMOVER,94.0,NERALIS-EdgeVision-v2.4,True,27.51,92.1
INS-DMG-1140,SEG-14,68.8,Washout / Roadbed Erosion,58.9,25.6,31.4,TIER_3_CRITICAL_EMERGENCY,MANDATORY_CLOSURE_BRO_EARTHMOVER,92.4,NERALIS-EdgeVision-v2.4,True,26.6,93.4
INS-DMG-1141,SEG-11,98.4,Washout / Roadbed Erosion,44.9,45.1,19.9,TIER_3_CRITICAL_EMERGENCY,MANDATORY_CLOSURE_BRO_EARTHMOVER,94.5,NERALIS-EdgeVision-v2.4,True,23.45,92.74
INS-DMG-1142,SEG-04,25.9,Longitudinal / Transverse Crack,5.4,9.8,0.0,TIER_2_MODERATE_HAZARD,SEAL_CRACK_WATERPROOFING,91.8,NERALIS-EdgeVision-v2.4,True,27.26,92.42
INS-DMG-1143,SEG-13,111.9,Longitudinal / Transverse Crack,6.3,6.9,0.1,TIER_2_MODERATE_HAZARD,SEAL_CRACK_WATERPROOFING,88.1,NERALIS-EdgeVision-v2.4,True,27.52,88.58
INS-DMG-1144,SEG-02,90.9,Washout / Roadbed Erosion,32.1,53.6,26.7,TIER_3_CRITICAL_EMERGENCY,MANDATORY_CLOSURE_BRO_EARTHMOVER,93.9,NERALIS-EdgeVision-v2.4,True,25.75,91.88
INS-DMG-1145,SEG-08,125.4,Intact / Minor Surface Wear,1.4,0.4,0.0,TIER_1_ROUTINE_MONITORING,CONTINUE_NORMAL_OPERATION,95.9,NERALIS-EdgeVision-v2.4,False,25.72,93.88
INS-DMG-1146,SEG-04,111.7,Longitudinal / Transverse Crack,3.5,5.3,0.1,TIER_2_MODERATE_HAZARD,SEAL_CRACK_WATERPROOFING,86.0,NERALIS-EdgeVision-v2.4,True,27.26,92.42
INS-DMG-1147,SEG-04,109.0,Intact / Minor Surface Wear,0.4,0.3,0.0,TIER_1_ROUTINE_MONITORING,CONTINUE_NORMAL_OPERATION,92.0,NERALIS-EdgeVision-v2.4,False,27.26,92.42
INS-DMG-1148,SEG-08,45.7,Longitudinal / Transverse Crack,5.0,5.6,0.1,TIER_2_MODERATE_HAZARD,SEAL_CRACK_WATERPROOFING,91.7,NERALIS-EdgeVision-v2.4,True,25.72,93.88
INS-DMG-1149,SEG-01,44.0,Pothole,9.0,0.8,0.3,TIER_1_ROUTINE_MONITORING,CONTINUE_NORMAL_OPERATION,92.8,NERALIS-EdgeVision-v2.4,False,26.18,92.12
INS-DMG-1150,SEG-12,60.8,Debris / Rockfall Deposit,8.4,43.2,9.2,TIER_3_CRITICAL_EMERGENCY,MANDATORY_CLOSURE_BRO_EARTHMOVER,98.7,NERALIS-EdgeVision-v2.4,True,27.1,88.48
INS-DMG-1151,SEG-06,51.2,Longitudinal / Transverse Crack,7.3,7.6,0.0,TIER_2_MODERATE_HAZARD,SEAL_CRACK_WATERPROOFING,86.7,NERALIS-EdgeVision-v2.4,True,25.8,93.95
INS-DMG-1152,SEG-12,18.0,Pothole,4.7,1.0,0.3,TIER_1_ROUTINE_MONITORING,CONTINUE_NORMAL_OPERATION,90.7,NERALIS-EdgeVision-v2.4,False,27.1,88.48
INS-DMG-1153,SEG-16,66.2,Debris / Rockfall Deposit,5.6,37.2,86.9,TIER_3_CRITICAL_EMERGENCY,MANDATORY_CLOSURE_BRO_EARTHMOVER,96.7,NERALIS-EdgeVision-v2.4,True,25.18,92.85
INS-DMG-1154,SEG-10,74.9,Longitudinal / Transverse Crack,7.7,8.8,0.1,TIER_2_MODERATE_HAZARD,SEAL_CRACK_WATERPROOFING,92.0,NERALIS-EdgeVision-v2.4,True,24.2,92.15
INS-DMG-1155,SEG-03,106.2,Intact / Minor Surface Wear,0.1,0.3,0.0,TIER_1_ROUTINE_MONITORING,CONTINUE_NORMAL_OPERATION,91.5,NERALIS-EdgeVision-v2.4,False,25.12,92.36
INS-DMG-1156,SEG-09,72.1,Debris / Rockfall Deposit,4.7,27.2,130.7,TIER_3_CRITICAL_EMERGENCY,MANDATORY_CLOSURE_BRO_EARTHMOVER,97.1,NERALIS-EdgeVision-v2.4,True,24.8,93.45
INS-DMG-1157,SEG-16,70.0,Washout / Roadbed Erosion,96.0,34.5,31.9,TIER_3_CRITICAL_EMERGENCY,MANDATORY_CLOSURE_BRO_EARTHMOVER,98.5,NERALIS-EdgeVision-v2.4,True,25.18,92.85
INS-DMG-1158,SEG-12,7.8,Washout / Roadbed Erosion,106.2,55.8,12.0,TIER_3_CRITICAL_EMERGENCY,MANDATORY_CLOSURE_BRO_EARTHMOVER,99.5,NERALIS-EdgeVision-v2.4,True,27.1,88.48
INS-DMG-1159,SEG-14,119.7,Debris / Rockfall Deposit,5.3,7.1,61.6,TIER_3_CRITICAL_EMERGENCY,MANDATORY_CLOSURE_BRO_EARTHMOVER,94.6,NERALIS-EdgeVision-v2.4,True,26.6,93.4
INS-DMG-1160,SEG-11,22.9,Intact / Minor Surface Wear,1.0,0.3,0.0,TIER_1_ROUTINE_MONITORING,CONTINUE_NORMAL_OPERATION,92.9,NERALIS-EdgeVision-v2.4,False,23.45,92.74
INS-DMG-1161,SEG-16,131.9,Debris / Rockfall Deposit,9.3,24.6,30.5,TIER_3_CRITICAL_EMERGENCY,MANDATORY_CLOSURE_BRO_EARTHMOVER,92.8,NERALIS-EdgeVision-v2.4,True,25.18,92.85
INS-DMG-1162,SEG-15,63.4,Pothole,15.0,0.5,0.4,TIER_2_MODERATE_HAZARD,SPEED_RESTRICTION_PWD_PATCHING,96.9,NERALIS-EdgeVision-v2.4,True,26.75,94.95
INS-DMG-1163,SEG-03,122.0,Intact / Minor Surface Wear,0.5,0.5,0.0,TIER_1_ROUTINE_MONITORING,CONTINUE_NORMAL_OPERATION,93.3,NERALIS-EdgeVision-v2.4,False,25.12,92.36
INS-DMG-1164,SEG-06,12.4,Pothole,7.0,1.6,0.0,TIER_1_ROUTINE_MONITORING,CONTINUE_NORMAL_OPERATION,93.8,NERALIS-EdgeVision-v2.4,False,25.8,93.95
INS-DMG-1165,SEG-04,71.9,Longitudinal / Transverse Crack,2.9,12.6,0.0,TIER_2_MODERATE_HAZARD,SEAL_CRACK_WATERPROOFING,85.7,NERALIS-EdgeVision-v2.4,True,27.26,92.42
INS-DMG-1166,SEG-12,127.1,Longitudinal / Transverse Crack,5.0,1.6,0.1,TIER_2_MODERATE_HAZARD,SEAL_CRACK_WATERPROOFING,90.8,NERALIS-EdgeVision-v2.4,True,27.1,88.48
INS-DMG-1167,SEG-15,27.4,Longitudinal / Transverse Crack,7.4,12.6,0.0,TIER_2_MODERATE_HAZARD,SEAL_CRACK_WATERPROOFING,92.4,NERALIS-EdgeVision-v2.4,True,26.75,94.95
INS-DMG-1168,SEG-07,38.6,Washout / Roadbed Erosion,15.7,26.9,25.2,TIER_3_CRITICAL_EMERGENCY,MANDATORY_CLOSURE_BRO_EARTHMOVER,99.1,NERALIS-EdgeVision-v2.4,True,25.15,94.02
INS-DMG-1169,SEG-16,102.8,Washout / Roadbed Erosion,109.5,26.3,21.8,TIER_3_CRITICAL_EMERGENCY,MANDATORY_CLOSURE_BRO_EARTHMOVER,93.1,NERALIS-EdgeVision-v2.4,True,25.18,92.85
INS-DMG-1170,SEG-14,43.3,Debris / Rockfall Deposit,2.2,30.5,108.1,TIER_3_CRITICAL_EMERGENCY,MANDATORY_CLOSURE_BRO_EARTHMOVER,92.5,NERALIS-EdgeVision-v2.4,True,26.6,93.4
INS-DMG-1171,SEG-12,65.6,Intact / Minor Surface Wear,0.7,0.3,0.0,TIER_1_ROUTINE_MONITORING,CONTINUE_NORMAL_OPERATION,96.0,NERALIS-EdgeVision-v2.4,False,27.1,88.48
INS-DMG-1172,SEG-03,67.1,Pothole,10.5,1.6,0.1,TIER_1_ROUTINE_MONITORING,CONTINUE_NORMAL_OPERATION,92.8,NERALIS-EdgeVision-v2.4,False,25.12,92.36
INS-DMG-1173,SEG-08,26.7,Pothole,12.7,1.0,0.3,TIER_2_MODERATE_HAZARD,SPEED_RESTRICTION_PWD_PATCHING,92.1,NERALIS-EdgeVision-v2.4,True,25.72,93.88
INS-DMG-1174,SEG-04,32.0,Pothole,14.8,0.6,0.3,TIER_2_MODERATE_HAZARD,SPEED_RESTRICTION_PWD_PATCHING,91.2,NERALIS-EdgeVision-v2.4,True,27.26,92.42
INS-DMG-1175,SEG-07,61.3,Pothole,14.2,1.4,0.1,TIER_2_MODERATE_HAZARD,SPEED_RESTRICTION_PWD_PATCHING,89.6,NERALIS-EdgeVision-v2.4,True,25.15,94.02
INS-DMG-1176,SEG-05,19.1,Intact / Minor Surface Wear,1.2,0.0,0.0,TIER_1_ROUTINE_MONITORING,CONTINUE_NORMAL_OPERATION,96.9,NERALIS-EdgeVision-v2.4,False,27.51,92.1
INS-DMG-1177,SEG-09,121.4,Pothole,6.1,0.9,0.1,TIER_1_ROUTINE_MONITORING,CONTINUE_NORMAL_OPERATION,97.7,NERALIS-EdgeVision-v2.4,False,24.8,93.45
INS-DMG-1178,SEG-06,23.1,Pothole,5.1,1.3,0.1,TIER_1_ROUTINE_MONITORING,CONTINUE_NORMAL_OPERATION,91.8,NERALIS-EdgeVision-v2.4,False,25.8,93.95
INS-DMG-1179,SEG-02,101.6,Pothole,16.1,0.4,0.2,TIER_2_MODERATE_HAZARD,SPEED_RESTRICTION_PWD_PATCHING,93.1,NERALIS-EdgeVision-v2.4,True,25.75,91.88
INS-DMG-1180,SEG-15,102.4,Longitudinal / Transverse Crack,7.7,14.8,0.0,TIER_2_MODERATE_HAZARD,SEAL_CRACK_WATERPROOFING,88.5,NERALIS-EdgeVision-v2.4,True,26.75,94.95
INS-DMG-1181,SEG-13,92.7,Longitudinal / Transverse Crack,4.8,10.9,0.1,TIER_2_MODERATE_HAZARD,SEAL_CRACK_WATERPROOFING,85.1,NERALIS-EdgeVision-v2.4,True,27.52,88.58
INS-DMG-1182,SEG-16,82.0,Washout / Roadbed Erosion,96.0,13.3,18.7,TIER_3_CRITICAL_EMERGENCY,MANDATORY_CLOSURE_BRO_EARTHMOVER,97.2,NERALIS-EdgeVision-v2.4,True,25.18,92.85
INS-DMG-1183,SEG-02,59.1,Longitudinal / Transverse Crack,6.7,17.2,0.0,TIER_2_MODERATE_HAZARD,SEAL_CRACK_WATERPROOFING,91.7,NERALIS-EdgeVision-v2.4,True,25.75,91.88
INS-DMG-1184,SEG-03,80.1,Washout / Roadbed Erosion,30.6,37.3,5.2,TIER_3_CRITICAL_EMERGENCY,MANDATORY_CLOSURE_BRO_EARTHMOVER,95.1,NERALIS-EdgeVision-v2.4,True,25.12,92.36
INS-DMG-1185,SEG-09,62.1,Intact / Minor Surface Wear,1.5,0.2,0.0,TIER_1_ROUTINE_MONITORING,CONTINUE_NORMAL_OPERATION,94.2,NERALIS-EdgeVision-v2.4,False,24.8,93.45
INS-DMG-1186,SEG-02,61.7,Pothole,12.4,0.8,0.3,TIER_2_MODERATE_HAZARD,SPEED_RESTRICTION_PWD_PATCHING,88.4,NERALIS-EdgeVision-v2.4,True,25.75,91.88
INS-DMG-1187,SEG-14,65.9,Debris / Rockfall Deposit,9.9,9.3,83.0,TIER_3_CRITICAL_EMERGENCY,MANDATORY_CLOSURE_BRO_EARTHMOVER,94.5,NERALIS-EdgeVision-v2.4,True,26.6,93.4
INS-DMG-1188,SEG-15,84.0,Debris / Rockfall Deposit,0.3,11.9,27.8,TIER_3_CRITICAL_EMERGENCY,MANDATORY_CLOSURE_BRO_EARTHMOVER,97.2,NERALIS-EdgeVision-v2.4,True,26.75,94.95
INS-DMG-1189,SEG-04,61.6,Intact / Minor Surface Wear,1.1,0.3,0.0,TIER_1_ROUTINE_MONITORING,CONTINUE_NORMAL_OPERATION,94.8,NERALIS-EdgeVision-v2.4,False,27.26,92.42
INS-DMG-1190,SEG-02,7.5,Longitudinal / Transverse Crack,1.5,12.3,0.1,TIER_2_MODERATE_HAZARD,SEAL_CRACK_WATERPROOFING,88.2,NERALIS-EdgeVision-v2.4,True,25.75,91.88
INS-DMG-1191,SEG-14,81.2,Debris / Rockfall Deposit,4.1,9.0,169.4,TIER_3_CRITICAL_EMERGENCY,MANDATORY_CLOSURE_BRO_EARTHMOVER,94.7,NERALIS-EdgeVision-v2.4,True,26.6,93.4
INS-DMG-1192,SEG-01,13.9,Pothole,4.1,0.8,0.1,TIER_1_ROUTINE_MONITORING,CONTINUE_NORMAL_OPERATION,92.6,NERALIS-EdgeVision-v2.4,False,26.18,92.12
INS-DMG-1193,SEG-16,51.7,Debris / Rockfall Deposit,2.8,10.1,132.0,TIER_3_CRITICAL_EMERGENCY,MANDATORY_CLOSURE_BRO_EARTHMOVER,94.0,NERALIS-EdgeVision-v2.4,True,25.18,92.85
INS-DMG-1194,SEG-01,137.5,Longitudinal / Transverse Crack,3.0,7.6,0.0,TIER_2_MODERATE_HAZARD,SEAL_CRACK_WATERPROOFING,87.3,NERALIS-EdgeVision-v2.4,True,26.18,92.12
INS-DMG-1195,SEG-14,58.1,Washout / Roadbed Erosion,47.0,38.8,34.7,TIER_3_CRITICAL_EMERGENCY,MANDATORY_CLOSURE_BRO_EARTHMOVER,96.7,NERALIS-EdgeVision-v2.4,True,26.6,93.4
INS-DMG-1196,SEG-04,124.5,Intact / Minor Surface Wear,0.5,0.2,0.0,TIER_1_ROUTINE_MONITORING,CONTINUE_NORMAL_OPERATION,90.6,NERALIS-EdgeVision-v2.4,False,27.26,92.42
INS-DMG-1197,SEG-11,58.0,Pothole,12.3,0.8,0.4,TIER_2_MODERATE_HAZARD,SPEED_RESTRICTION_PWD_PATCHING,95.4,NERALIS-EdgeVision-v2.4,True,23.45,92.74
INS-DMG-1198,SEG-16,80.1,Longitudinal / Transverse Crack,3.2,6.7,0.2,TIER_2_MODERATE_HAZARD,SEAL_CRACK_WATERPROOFING,94.4,NERALIS-EdgeVision-v2.4,True,25.18,92.85
INS-DMG-1199,SEG-02,63.8,Washout / Roadbed Erosion,49.7,50.5,32.7,TIER_3_CRITICAL_EMERGENCY,MANDATORY_CLOSURE_BRO_EARTHMOVER,97.8,NERALIS-EdgeVision-v2.4,True,25.75,91.88
INS-DMG-1200,SEG-09,132.7,Washout / Roadbed Erosion,75.7,46.5,23.6,TIER_3_CRITICAL_EMERGENCY,MANDATORY_CLOSURE_BRO_EARTHMOVER,97.9,NERALIS-EdgeVision-v2.4,True,24.8,93.45
INS-DMG-1201,SEG-11,19.7,Intact / Minor Surface Wear,0.8,0.4,0.0,TIER_1_ROUTINE_MONITORING,CONTINUE_NORMAL_OPERATION,95.5,NERALIS-EdgeVision-v2.4,False,23.45,92.74
INS-DMG-1202,SEG-01,101.4,Pothole,4.0,0.8,0.1,TIER_1_ROUTINE_MONITORING,CONTINUE_NORMAL_OPERATION,94.6,NERALIS-EdgeVision-v2.4,False,26.18,92.12
INS-DMG-1203,SEG-12,102.4,Pothole,17.1,1.0,0.2,TIER_2_MODERATE_HAZARD,SPEED_RESTRICTION_PWD_PATCHING,91.5,NERALIS-EdgeVision-v2.4,True,27.1,88.48
INS-DMG-1204,SEG-09,30.1,Longitudinal / Transverse Crack,1.8,6.5,0.0,TIER_2_MODERATE_HAZARD,SEAL_CRACK_WATERPROOFING,88.7,NERALIS-EdgeVision-v2.4,True,24.8,93.45
INS-DMG-1205,SEG-12,17.1,Washout / Roadbed Erosion,95.8,30.3,6.7,TIER_3_CRITICAL_EMERGENCY,MANDATORY_CLOSURE_BRO_EARTHMOVER,92.2,NERALIS-EdgeVision-v2.4,True,27.1,88.48
INS-DMG-1206,SEG-11,58.8,Debris / Rockfall Deposit,9.9,8.8,109.3,TIER_3_CRITICAL_EMERGENCY,MANDATORY_CLOSURE_BRO_EARTHMOVER,97.4,NERALIS-EdgeVision-v2.4,True,23.45,92.74
INS-DMG-1207,SEG-16,19.7,Intact / Minor Surface Wear,1.7,0.1,0.0,TIER_1_ROUTINE_MONITORING,CONTINUE_NORMAL_OPERATION,93.3,NERALIS-EdgeVision-v2.4,False,25.18,92.85
INS-DMG-1208,SEG-07,55.7,Washout / Roadbed Erosion,98.8,29.2,16.1,TIER_3_CRITICAL_EMERGENCY,MANDATORY_CLOSURE_BRO_EARTHMOVER,98.8,NERALIS-EdgeVision-v2.4,True,25.15,94.02
INS-DMG-1209,SEG-10,105.1,Longitudinal / Transverse Crack,2.4,9.8,0.2,TIER_2_MODERATE_HAZARD,SEAL_CRACK_WATERPROOFING,86.1,NERALIS-EdgeVision-v2.4,True,24.2,92.15
INS-DMG-1210,SEG-02,100.6,Pothole,7.4,0.7,0.0,TIER_1_ROUTINE_MONITORING,CONTINUE_NORMAL_OPERATION,96.2,NERALIS-EdgeVision-v2.4,False,25.75,91.88
INS-DMG-1211,SEG-14,115.0,Intact / Minor Surface Wear,0.1,0.4,0.0,TIER_1_ROUTINE_MONITORING,CONTINUE_NORMAL_OPERATION,97.2,NERALIS-EdgeVision-v2.4,False,26.6,93.4
INS-DMG-1212,SEG-07,110.4,Pothole,19.6,0.6,0.4,TIER_2_MODERATE_HAZARD,SPEED_RESTRICTION_PWD_PATCHING,88.7,NERALIS-EdgeVision-v2.4,True,25.15,94.02
INS-DMG-1213,SEG-15,16.6,Longitudinal / Transverse Crack,3.8,5.4,0.2,TIER_2_MODERATE_HAZARD,SEAL_CRACK_WATERPROOFING,92.7,NERALIS-EdgeVision-v2.4,True,26.75,94.95
INS-DMG-1214,SEG-16,61.7,Intact / Minor Surface Wear,1.3,0.0,0.0,TIER_1_ROUTINE_MONITORING,CONTINUE_NORMAL_OPERATION,96.9,NERALIS-EdgeVision-v2.4,False,25.18,92.85
INS-DMG-1215,SEG-07,137.2,Longitudinal / Transverse Crack,3.5,15.6,0.2,TIER_2_MODERATE_HAZARD,SEAL_CRACK_WATERPROOFING,91.2,NERALIS-EdgeVision-v2.4,True,25.15,94.02
INS-DMG-1216,SEG-05,47.9,Longitudinal / Transverse Crack,2.8,14.4,0.2,TIER_2_MODERATE_HAZARD,SEAL_CRACK_WATERPROOFING,91.8,NERALIS-EdgeVision-v2.4,True,27.51,92.1
INS-DMG-1217,SEG-15,7.4,Washout / Roadbed Erosion,96.3,58.1,33.6,TIER_3_CRITICAL_EMERGENCY,MANDATORY_CLOSURE_BRO_EARTHMOVER,99.0,NERALIS-EdgeVision-v2.4,True,26.75,94.95
INS-DMG-1218,SEG-10,29.3,Longitudinal / Transverse Crack,7.0,14.3,0.2,TIER_2_MODERATE_HAZARD,SEAL_CRACK_WATERPROOFING,87.3,NERALIS-EdgeVision-v2.4,True,24.2,92.15
INS-DMG-1219,SEG-03,135.9,Longitudinal / Transverse Crack,7.7,6.3,0.1,TIER_2_MODERATE_HAZARD,SEAL_CRACK_WATERPROOFING,93.2,NERALIS-EdgeVision-v2.4,True,25.12,92.36
INS-DMG-1220,SEG-01,9.5,Pothole,11.0,0.5,0.3,TIER_1_ROUTINE_MONITORING,CONTINUE_NORMAL_OPERATION,95.9,NERALIS-EdgeVision-v2.4,False,26.18,92.12
INS-DMG-1221,SEG-01,88.7,Intact / Minor Surface Wear,1.5,0.0,0.0,TIER_1_ROUTINE_MONITORING,CONTINUE_NORMAL_OPERATION,93.0,NERALIS-EdgeVision-v2.4,False,26.18,92.12
INS-DMG-1222,SEG-09,12.2,Pothole,11.9,1.8,0.1,TIER_1_ROUTINE_MONITORING,CONTINUE_NORMAL_OPERATION,90.2,NERALIS-EdgeVision-v2.4,False,24.8,93.45
INS-DMG-1223,SEG-01,13.7,Debris / Rockfall Deposit,6.5,42.8,87.0,TIER_3_CRITICAL_EMERGENCY,MANDATORY_CLOSURE_BRO_EARTHMOVER,99.2,NERALIS-EdgeVision-v2.4,True,26.18,92.12
INS-DMG-1224,SEG-16,59.1,Longitudinal / Transverse Crack,4.0,6.6,0.1,TIER_2_MODERATE_HAZARD,SEAL_CRACK_WATERPROOFING,87.0,NERALIS-EdgeVision-v2.4,True,25.18,92.85
INS-DMG-1225,SEG-10,112.5,Longitudinal / Transverse Crack,5.5,10.4,0.1,TIER_2_MODERATE_HAZARD,SEAL_CRACK_WATERPROOFING,88.0,NERALIS-EdgeVision-v2.4,True,24.2,92.15
INS-DMG-1226,SEG-03,24.2,Pothole,18.7,1.7,0.2,TIER_2_MODERATE_HAZARD,SPEED_RESTRICTION_PWD_PATCHING,88.3,NERALIS-EdgeVision-v2.4,True,25.12,92.36
INS-DMG-1227,SEG-08,16.6,Intact / Minor Surface Wear,0.9,0.3,0.0,TIER_1_ROUTINE_MONITORING,CONTINUE_NORMAL_OPERATION,97.3,NERALIS-EdgeVision-v2.4,False,25.72,93.88
INS-DMG-1228,SEG-03,69.0,Longitudinal / Transverse Crack,3.8,11.1,0.1,TIER_2_MODERATE_HAZARD,SEAL_CRACK_WATERPROOFING,93.5,NERALIS-EdgeVision-v2.4,True,25.12,92.36
INS-DMG-1229,SEG-05,43.3,Intact / Minor Surface Wear,1.7,0.1,0.0,TIER_1_ROUTINE_MONITORING,CONTINUE_NORMAL_OPERATION,91.1,NERALIS-EdgeVision-v2.4,False,27.51,92.1
INS-DMG-1230,SEG-08,28.9,Intact / Minor Surface Wear,1.5,0.3,0.0,TIER_1_ROUTINE_MONITORING,CONTINUE_NORMAL_OPERATION,92.8,NERALIS-EdgeVision-v2.4,False,25.72,93.88
INS-DMG-1231,SEG-11,81.0,Intact / Minor Surface Wear,0.2,0.3,0.0,TIER_1_ROUTINE_MONITORING,CONTINUE_NORMAL_OPERATION,94.1,NERALIS-EdgeVision-v2.4,False,23.45,92.74
INS-DMG-1232,SEG-11,128.7,Debris / Rockfall Deposit,2.3,10.5,37.4,TIER_3_CRITICAL_EMERGENCY,MANDATORY_CLOSURE_BRO_EARTHMOVER,96.4,NERALIS-EdgeVision-v2.4,True,23.45,92.74
INS-DMG-1233,SEG-09,36.6,Longitudinal / Transverse Crack,2.4,11.4,0.2,TIER_2_MODERATE_HAZARD,SEAL_CRACK_WATERPROOFING,90.9,NERALIS-EdgeVision-v2.4,True,24.8,93.45
INS-DMG-1234,SEG-03,82.9,Washout / Roadbed Erosion,63.5,48.6,39.1,TIER_3_CRITICAL_EMERGENCY,MANDATORY_CLOSURE_BRO_EARTHMOVER,98.7,NERALIS-EdgeVision-v2.4,True,25.12,92.36
INS-DMG-1235,SEG-06,102.4,Debris / Rockfall Deposit,0.6,19.6,135.1,TIER_3_CRITICAL_EMERGENCY,MANDATORY_CLOSURE_BRO_EARTHMOVER,97.9,NERALIS-EdgeVision-v2.4,True,25.8,93.95
INS-DMG-1236,SEG-06,78.9,Debris / Rockfall Deposit,5.2,25.5,176.3,TIER_3_CRITICAL_EMERGENCY,MANDATORY_CLOSURE_BRO_EARTHMOVER,99.1,NERALIS-EdgeVision-v2.4,True,25.8,93.95
INS-DMG-1237,SEG-11,71.3,Pothole,14.3,1.3,0.4,TIER_2_MODERATE_HAZARD,SPEED_RESTRICTION_PWD_PATCHING,94.8,NERALIS-EdgeVision-v2.4,True,23.45,92.74
INS-DMG-1238,SEG-07,55.4,Intact / Minor Surface Wear,1.5,0.0,0.0,TIER_1_ROUTINE_MONITORING,CONTINUE_NORMAL_OPERATION,93.5,NERALIS-EdgeVision-v2.4,False,25.15,94.02
INS-DMG-1239,SEG-13,49.2,Washout / Roadbed Erosion,20.5,37.7,21.3,TIER_3_CRITICAL_EMERGENCY,MANDATORY_CLOSURE_BRO_EARTHMOVER,92.7,NERALIS-EdgeVision-v2.4,True,27.52,88.58
INS-DMG-1240,SEG-02,20.9,Debris / Rockfall Deposit,6.4,44.2,167.4,TIER_3_CRITICAL_EMERGENCY,MANDATORY_CLOSURE_BRO_EARTHMOVER,95.1,NERALIS-EdgeVision-v2.4,True,25.75,91.88
INS-DMG-1241,SEG-01,21.0,Debris / Rockfall Deposit,1.1,27.8,80.3,TIER_3_CRITICAL_EMERGENCY,MANDATORY_CLOSURE_BRO_EARTHMOVER,96.0,NERALIS-EdgeVision-v2.4,True,26.18,92.12
INS-DMG-1242,SEG-06,99.7,Debris / Rockfall Deposit,2.7,16.6,72.3,TIER_3_CRITICAL_EMERGENCY,MANDATORY_CLOSURE_BRO_EARTHMOVER,93.5,NERALIS-EdgeVision-v2.4,True,25.8,93.95
INS-DMG-1243,SEG-02,133.4,Intact / Minor Surface Wear,0.4,0.5,0.0,TIER_1_ROUTINE_MONITORING,CONTINUE_NORMAL_OPERATION,96.8,NERALIS-EdgeVision-v2.4,False,25.75,91.88
INS-DMG-1244,SEG-11,6.9,Pothole,10.0,0.8,0.5,TIER_1_ROUTINE_MONITORING,CONTINUE_NORMAL_OPERATION,96.3,NERALIS-EdgeVision-v2.4,False,23.45,92.74
INS-DMG-1245,SEG-07,135.7,Intact / Minor Surface Wear,0.3,0.3,0.0,TIER_1_ROUTINE_MONITORING,CONTINUE_NORMAL_OPERATION,94.2,NERALIS-EdgeVision-v2.4,False,25.15,94.02
INS-DMG-1246,SEG-10,39.0,Longitudinal / Transverse Crack,6.0,6.5,0.2,TIER_2_MODERATE_HAZARD,SEAL_CRACK_WATERPROOFING,85.6,NERALIS-EdgeVision-v2.4,True,24.2,92.15
INS-DMG-1247,SEG-16,124.8,Debris / Rockfall Deposit,8.1,17.4,8.4,TIER_3_CRITICAL_EMERGENCY,MANDATORY_CLOSURE_BRO_EARTHMOVER,95.9,NERALIS-EdgeVision-v2.4,True,25.18,92.85
INS-DMG-1248,SEG-12,51.9,Pothole,12.5,1.2,0.4,TIER_2_MODERATE_HAZARD,SPEED_RESTRICTION_PWD_PATCHING,89.6,NERALIS-EdgeVision-v2.4,True,27.1,88.48
INS-DMG-1249,SEG-16,129.4,Longitudinal / Transverse Crack,6.6,9.5,0.2,TIER_2_MODERATE_HAZARD,SEAL_CRACK_WATERPROOFING,88.0,NERALIS-EdgeVision-v2.4,True,25.18,92.85
INS-DMG-1250,SEG-11,53.6,Longitudinal / Transverse Crack,2.8,1.6,0.0,TIER_2_MODERATE_HAZARD,SEAL_CRACK_WATERPROOFING,89.9,NERALIS-EdgeVision-v2.4,True,23.45,92.74
INS-DMG-1251,SEG-04,129.1,Pothole,16.7,1.2,0.5,TIER_2_MODERATE_HAZARD,SPEED_RESTRICTION_PWD_PATCHING,92.2,NERALIS-EdgeVision-v2.4,True,27.26,92.42
INS-DMG-1252,SEG-15,85.3,Debris / Rockfall Deposit,8.1,10.8,133.7,TIER_3_CRITICAL_EMERGENCY,MANDATORY_CLOSURE_BRO_EARTHMOVER,98.4,NERALIS-EdgeVision-v2.4,True,26.75,94.95
INS-DMG-1253,SEG-04,10.8,Pothole,12.0,1.3,0.0,TIER_1_ROUTINE_MONITORING,CONTINUE_NORMAL_OPERATION,94.3,NERALIS-EdgeVision-v2.4,False,27.26,92.42
INS-DMG-1254,SEG-06,121.1,Longitudinal / Transverse Crack,2.5,1.7,0.1,TIER_2_MODERATE_HAZARD,SEAL_CRACK_WATERPROOFING,88.1,NERALIS-EdgeVision-v2.4,True,25.8,93.95
INS-DMG-1255,SEG-07,101.4,Pothole,17.1,0.3,0.0,TIER_2_MODERATE_HAZARD,SPEED_RESTRICTION_PWD_PATCHING,96.1,NERALIS-EdgeVision-v2.4,True,25.15,94.02
INS-DMG-1256,SEG-13,137.4,Longitudinal / Transverse Crack,1.6,5.3,0.0,TIER_2_MODERATE_HAZARD,SEAL_CRACK_WATERPROOFING,94.1,NERALIS-EdgeVision-v2.4,True,27.52,88.58
INS-DMG-1257,SEG-16,98.9,Longitudinal / Transverse Crack,2.2,4.1,0.2,TIER_2_MODERATE_HAZARD,SEAL_CRACK_WATERPROOFING,90.3,NERALIS-EdgeVision-v2.4,True,25.18,92.85
INS-DMG-1258,SEG-08,113.7,Longitudinal / Transverse Crack,3.1,16.4,0.2,TIER_2_MODERATE_HAZARD,SEAL_CRACK_WATERPROOFING,89.2,NERALIS-EdgeVision-v2.4,True,25.72,93.88
INS-DMG-1259,SEG-02,32.7,Intact / Minor Surface Wear,0.7,0.4,0.0,TIER_1_ROUTINE_MONITORING,CONTINUE_NORMAL_OPERATION,94.8,NERALIS-EdgeVision-v2.4,False,25.75,91.88
INS-DMG-1260,SEG-05,50.3,Washout / Roadbed Erosion,19.5,35.8,28.8,TIER_3_CRITICAL_EMERGENCY,MANDATORY_CLOSURE_BRO_EARTHMOVER,98.4,NERALIS-EdgeVision-v2.4,True,27.51,92.1
INS-DMG-1261,SEG-07,137.5,Pothole,18.7,1.7,0.5,TIER_2_MODERATE_HAZARD,SPEED_RESTRICTION_PWD_PATCHING,92.9,NERALIS-EdgeVision-v2.4,True,25.15,94.02
INS-DMG-1262,SEG-02,27.2,Pothole,12.4,1.8,0.3,TIER_2_MODERATE_HAZARD,SPEED_RESTRICTION_PWD_PATCHING,95.9,NERALIS-EdgeVision-v2.4,True,25.75,91.88
INS-DMG-1263,SEG-13,42.6,Pothole,5.9,0.7,0.2,TIER_1_ROUTINE_MONITORING,CONTINUE_NORMAL_OPERATION,95.6,NERALIS-EdgeVision-v2.4,False,27.52,88.58
INS-DMG-1264,SEG-15,37.2,Longitudinal / Transverse Crack,3.1,4.1,0.1,TIER_2_MODERATE_HAZARD,SEAL_CRACK_WATERPROOFING,86.0,NERALIS-EdgeVision-v2.4,True,26.75,94.95
INS-DMG-1265,SEG-03,133.9,Debris / Rockfall Deposit,5.9,36.4,134.1,TIER_3_CRITICAL_EMERGENCY,MANDATORY_CLOSURE_BRO_EARTHMOVER,92.1,NERALIS-EdgeVision-v2.4,True,25.12,92.36
INS-DMG-1266,SEG-07,30.2,Debris / Rockfall Deposit,7.0,30.4,85.0,TIER_3_CRITICAL_EMERGENCY,MANDATORY_CLOSURE_BRO_EARTHMOVER,94.2,NERALIS-EdgeVision-v2.4,True,25.15,94.02
INS-DMG-1267,SEG-11,33.9,Longitudinal / Transverse Crack,4.9,13.8,0.2,TIER_2_MODERATE_HAZARD,SEAL_CRACK_WATERPROOFING,94.3,NERALIS-EdgeVision-v2.4,True,23.45,92.74
INS-DMG-1268,SEG-15,103.9,Debris / Rockfall Deposit,6.1,14.2,155.7,TIER_3_CRITICAL_EMERGENCY,MANDATORY_CLOSURE_BRO_EARTHMOVER,97.2,NERALIS-EdgeVision-v2.4,True,26.75,94.95
INS-DMG-1269,SEG-03,15.5,Pothole,18.5,1.3,0.3,TIER_2_MODERATE_HAZARD,SPEED_RESTRICTION_PWD_PATCHING,92.6,NERALIS-EdgeVision-v2.4,True,25.12,92.36
INS-DMG-1270,SEG-03,124.0,Pothole,17.4,0.6,0.1,TIER_2_MODERATE_HAZARD,SPEED_RESTRICTION_PWD_PATCHING,95.2,NERALIS-EdgeVision-v2.4,True,25.12,92.36
INS-DMG-1271,SEG-02,82.7,Pothole,18.4,0.7,0.3,TIER_2_MODERATE_HAZARD,SPEED_RESTRICTION_PWD_PATCHING,95.0,NERALIS-EdgeVision-v2.4,True,25.75,91.88
INS-DMG-1272,SEG-13,13.3,Debris / Rockfall Deposit,2.1,17.3,50.6,TIER_3_CRITICAL_EMERGENCY,MANDATORY_CLOSURE_BRO_EARTHMOVER,98.2,NERALIS-EdgeVision-v2.4,True,27.52,88.58
INS-DMG-1273,SEG-12,81.6,Debris / Rockfall Deposit,1.9,29.9,98.1,TIER_3_CRITICAL_EMERGENCY,MANDATORY_CLOSURE_BRO_EARTHMOVER,97.4,NERALIS-EdgeVision-v2.4,True,27.1,88.48
INS-DMG-1274,SEG-04,6.3,Pothole,20.8,0.8,0.3,TIER_2_MODERATE_HAZARD,SPEED_RESTRICTION_PWD_PATCHING,93.1,NERALIS-EdgeVision-v2.4,True,27.26,92.42
INS-DMG-1275,SEG-02,2.8,Longitudinal / Transverse Crack,6.5,15.2,0.1,TIER_2_MODERATE_HAZARD,SEAL_CRACK_WATERPROOFING,87.2,NERALIS-EdgeVision-v2.4,True,25.75,91.88
INS-DMG-1276,SEG-05,3.7,Pothole,11.4,1.0,0.3,TIER_1_ROUTINE_MONITORING,CONTINUE_NORMAL_OPERATION,90.5,NERALIS-EdgeVision-v2.4,False,27.51,92.1
INS-DMG-1277,SEG-08,109.4,Longitudinal / Transverse Crack,7.2,3.6,0.2,TIER_2_MODERATE_HAZARD,SEAL_CRACK_WATERPROOFING,87.3,NERALIS-EdgeVision-v2.4,True,25.72,93.88
INS-DMG-1278,SEG-03,52.0,Longitudinal / Transverse Crack,7.7,17.3,0.1,TIER_2_MODERATE_HAZARD,SEAL_CRACK_WATERPROOFING,86.8,NERALIS-EdgeVision-v2.4,True,25.12,92.36
INS-DMG-1279,SEG-12,105.3,Washout / Roadbed Erosion,73.6,18.4,6.8,TIER_3_CRITICAL_EMERGENCY,MANDATORY_CLOSURE_BRO_EARTHMOVER,94.7,NERALIS-EdgeVision-v2.4,True,27.1,88.48
INS-DMG-1280,SEG-04,72.2,Longitudinal / Transverse Crack,4.4,9.1,0.0,TIER_2_MODERATE_HAZARD,SEAL_CRACK_WATERPROOFING,88.5,NERALIS-EdgeVision-v2.4,True,27.26,92.42
INS-DMG-1281,SEG-08,20.1,Longitudinal / Transverse Crack,6.3,2.1,0.1,TIER_2_MODERATE_HAZARD,SEAL_CRACK_WATERPROOFING,93.1,NERALIS-EdgeVision-v2.4,True,25.72,93.88
INS-DMG-1282,SEG-14,30.4,Longitudinal / Transverse Crack,2.3,9.8,0.1,TIER_2_MODERATE_HAZARD,SEAL_CRACK_WATERPROOFING,87.0,NERALIS-EdgeVision-v2.4,True,26.6,93.4
INS-DMG-1283,SEG-04,114.0,Debris / Rockfall Deposit,2.1,7.9,14.7,TIER_3_CRITICAL_EMERGENCY,MANDATORY_CLOSURE_BRO_EARTHMOVER,92.3,NERALIS-EdgeVision-v2.4,True,27.26,92.42
INS-DMG-1284,SEG-07,89.3,Pothole,21.2,0.9,0.4,TIER_2_MODERATE_HAZARD,SPEED_RESTRICTION_PWD_PATCHING,88.2,NERALIS-EdgeVision-v2.4,True,25.15,94.02
INS-DMG-1285,SEG-16,32.4,Intact / Minor Surface Wear,0.7,0.1,0.0,TIER_1_ROUTINE_MONITORING,CONTINUE_NORMAL_OPERATION,95.7,NERALIS-EdgeVision-v2.4,False,25.18,92.85
INS-DMG-1286,SEG-12,88.7,Longitudinal / Transverse Crack,7.5,11.0,0.2,TIER_2_MODERATE_HAZARD,SEAL_CRACK_WATERPROOFING,91.5,NERALIS-EdgeVision-v2.4,True,27.1,88.48
INS-DMG-1287,SEG-04,98.1,Washout / Roadbed Erosion,85.0,13.8,6.7,TIER_3_CRITICAL_EMERGENCY,MANDATORY_CLOSURE_BRO_EARTHMOVER,99.0,NERALIS-EdgeVision-v2.4,True,27.26,92.42
INS-DMG-1288,SEG-13,98.9,Debris / Rockfall Deposit,9.5,12.3,144.9,TIER_3_CRITICAL_EMERGENCY,MANDATORY_CLOSURE_BRO_EARTHMOVER,93.0,NERALIS-EdgeVision-v2.4,True,27.52,88.58
INS-DMG-1289,SEG-04,127.8,Debris / Rockfall Deposit,2.8,6.9,176.1,TIER_3_CRITICAL_EMERGENCY,MANDATORY_CLOSURE_BRO_EARTHMOVER,97.3,NERALIS-EdgeVision-v2.4,True,27.26,92.42
INS-DMG-1290,SEG-12,129.5,Pothole,8.0,0.9,0.1,TIER_1_ROUTINE_MONITORING,CONTINUE_NORMAL_OPERATION,90.2,NERALIS-EdgeVision-v2.4,False,27.1,88.48
INS-DMG-1291,SEG-16,131.2,Longitudinal / Transverse Crack,7.0,4.6,0.0,TIER_2_MODERATE_HAZARD,SEAL_CRACK_WATERPROOFING,89.1,NERALIS-EdgeVision-v2.4,True,25.18,92.85
INS-DMG-1292,SEG-03,55.7,Debris / Rockfall Deposit,4.4,33.2,27.9,TIER_3_CRITICAL_EMERGENCY,MANDATORY_CLOSURE_BRO_EARTHMOVER,97.8,NERALIS-EdgeVision-v2.4,True,25.12,92.36
INS-DMG-1293,SEG-05,24.0,Pothole,4.5,1.5,0.2,TIER_1_ROUTINE_MONITORING,CONTINUE_NORMAL_OPERATION,93.0,NERALIS-EdgeVision-v2.4,False,27.51,92.1
INS-DMG-1294,SEG-15,98.9,Pothole,21.2,0.7,0.1,TIER_2_MODERATE_HAZARD,SPEED_RESTRICTION_PWD_PATCHING,89.8,NERALIS-EdgeVision-v2.4,True,26.75,94.95
INS-DMG-1295,SEG-08,8.7,Intact / Minor Surface Wear,1.6,0.3,0.0,TIER_1_ROUTINE_MONITORING,CONTINUE_NORMAL_OPERATION,92.0,NERALIS-EdgeVision-v2.4,False,25.72,93.88
INS-DMG-1296,SEG-06,88.9,Intact / Minor Surface Wear,0.5,0.3,0.0,TIER_1_ROUTINE_MONITORING,CONTINUE_NORMAL_OPERATION,95.0,NERALIS-EdgeVision-v2.4,False,25.8,93.95
INS-DMG-1297,SEG-09,5.4,Longitudinal / Transverse Crack,5.3,15.0,0.2,TIER_2_MODERATE_HAZARD,SEAL_CRACK_WATERPROOFING,88.3,NERALIS-EdgeVision-v2.4,True,24.8,93.45
INS-DMG-1298,SEG-16,31.8,Pothole,11.2,1.2,0.0,TIER_1_ROUTINE_MONITORING,CONTINUE_NORMAL_OPERATION,97.0,NERALIS-EdgeVision-v2.4,False,25.18,92.85
INS-DMG-1299,SEG-07,132.8,Intact / Minor Surface Wear,1.6,0.3,0.0,TIER_1_ROUTINE_MONITORING,CONTINUE_NORMAL_OPERATION,92.4,NERALIS-EdgeVision-v2.4,False,25.15,94.02
INS-DMG-1300,SEG-02,42.0,Washout / Roadbed Erosion,94.6,40.7,25.7,TIER_3_CRITICAL_EMERGENCY,MANDATORY_CLOSURE_BRO_EARTHMOVER,94.9,NERALIS-EdgeVision-v2.4,True,25.75,91.88
INS-DMG-1301,SEG-07,25.5,Longitudinal / Transverse Crack,3.8,16.0,0.1,TIER_2_MODERATE_HAZARD,SEAL_CRACK_WATERPROOFING,85.7,NERALIS-EdgeVision-v2.4,True,25.15,94.02
INS-DMG-1302,SEG-09,22.4,Debris / Rockfall Deposit,4.8,42.4,34.4,TIER_3_CRITICAL_EMERGENCY,MANDATORY_CLOSURE_BRO_EARTHMOVER,99.3,NERALIS-EdgeVision-v2.4,True,24.8,93.45
INS-DMG-1303,SEG-13,2.7,Pothole,21.2,0.8,0.4,TIER_2_MODERATE_HAZARD,SPEED_RESTRICTION_PWD_PATCHING,89.5,NERALIS-EdgeVision-v2.4,True,27.52,88.58
INS-DMG-1304,SEG-04,54.7,Debris / Rockfall Deposit,2.5,8.4,127.1,TIER_3_CRITICAL_EMERGENCY,MANDATORY_CLOSURE_BRO_EARTHMOVER,94.8,NERALIS-EdgeVision-v2.4,True,27.26,92.42
INS-DMG-1305,SEG-03,80.7,Debris / Rockfall Deposit,7.3,43.5,128.3,TIER_3_CRITICAL_EMERGENCY,MANDATORY_CLOSURE_BRO_EARTHMOVER,96.8,NERALIS-EdgeVision-v2.4,True,25.12,92.36
INS-DMG-1306,SEG-10,49.4,Pothole,19.5,1.6,0.2,TIER_2_MODERATE_HAZARD,SPEED_RESTRICTION_PWD_PATCHING,88.6,NERALIS-EdgeVision-v2.4,True,24.2,92.15
INS-DMG-1307,SEG-03,33.8,Pothole,15.4,1.3,0.5,TIER_2_MODERATE_HAZARD,SPEED_RESTRICTION_PWD_PATCHING,94.1,NERALIS-EdgeVision-v2.4,True,25.12,92.36
INS-DMG-1308,SEG-08,33.5,Pothole,20.3,1.7,0.2,TIER_2_MODERATE_HAZARD,SPEED_RESTRICTION_PWD_PATCHING,89.4,NERALIS-EdgeVision-v2.4,True,25.72,93.88
INS-DMG-1309,SEG-04,139.1,Debris / Rockfall Deposit,4.9,30.8,69.0,TIER_3_CRITICAL_EMERGENCY,MANDATORY_CLOSURE_BRO_EARTHMOVER,95.2,NERALIS-EdgeVision-v2.4,True,27.26,92.42
INS-DMG-1310,SEG-10,22.5,Pothole,19.7,1.6,0.2,TIER_2_MODERATE_HAZARD,SPEED_RESTRICTION_PWD_PATCHING,94.5,NERALIS-EdgeVision-v2.4,True,24.2,92.15
INS-DMG-1311,SEG-08,46.1,Longitudinal / Transverse Crack,5.8,4.7,0.1,TIER_2_MODERATE_HAZARD,SEAL_CRACK_WATERPROOFING,87.6,NERALIS-EdgeVision-v2.4,True,25.72,93.88
INS-DMG-1312,SEG-12,97.3,Debris / Rockfall Deposit,7.9,25.0,126.4,TIER_3_CRITICAL_EMERGENCY,MANDATORY_CLOSURE_BRO_EARTHMOVER,98.6,NERALIS-EdgeVision-v2.4,True,27.1,88.48
INS-DMG-1313,SEG-03,29.1,Longitudinal / Transverse Crack,3.4,16.2,0.2,TIER_2_MODERATE_HAZARD,SEAL_CRACK_WATERPROOFING,92.1,NERALIS-EdgeVision-v2.4,True,25.12,92.36
INS-DMG-1314,SEG-02,115.2,Pothole,10.7,0.8,0.3,TIER_1_ROUTINE_MONITORING,CONTINUE_NORMAL_OPERATION,98.0,NERALIS-EdgeVision-v2.4,False,25.75,91.88
INS-DMG-1315,SEG-09,25.5,Pothole,13.7,1.7,0.5,TIER_2_MODERATE_HAZARD,SPEED_RESTRICTION_PWD_PATCHING,93.9,NERALIS-EdgeVision-v2.4,True,24.8,93.45
INS-DMG-1316,SEG-09,30.2,Longitudinal / Transverse Crack,6.0,2.9,0.1,TIER_2_MODERATE_HAZARD,SEAL_CRACK_WATERPROOFING,88.5,NERALIS-EdgeVision-v2.4,True,24.8,93.45
INS-DMG-1317,SEG-03,34.3,Pothole,8.9,0.3,0.1,TIER_1_ROUTINE_MONITORING,CONTINUE_NORMAL_OPERATION,92.4,NERALIS-EdgeVision-v2.4,False,25.12,92.36
INS-DMG-1318,SEG-08,26.1,Intact / Minor Surface Wear,0.6,0.3,0.0,TIER_1_ROUTINE_MONITORING,CONTINUE_NORMAL_OPERATION,94.5,NERALIS-EdgeVision-v2.4,False,25.72,93.88
INS-DMG-1319,SEG-16,22.6,Pothole,10.4,1.7,0.3,TIER_1_ROUTINE_MONITORING,CONTINUE_NORMAL_OPERATION,95.6,NERALIS-EdgeVision-v2.4,False,25.18,92.85
INS-DMG-1320,SEG-09,28.9,Debris / Rockfall Deposit,3.4,31.3,144.9,TIER_3_CRITICAL_EMERGENCY,MANDATORY_CLOSURE_BRO_EARTHMOVER,96.8,NERALIS-EdgeVision-v2.4,True,24.8,93.45
INS-DMG-1321,SEG-04,24.1,Debris / Rockfall Deposit,5.8,40.4,113.4,TIER_3_CRITICAL_EMERGENCY,MANDATORY_CLOSURE_BRO_EARTHMOVER,98.3,NERALIS-EdgeVision-v2.4,True,27.26,92.42
INS-DMG-1322,SEG-10,99.7,Intact / Minor Surface Wear,0.2,0.2,0.0,TIER_1_ROUTINE_MONITORING,CONTINUE_NORMAL_OPERATION,97.6,NERALIS-EdgeVision-v2.4,False,24.2,92.15
INS-DMG-1323,SEG-16,55.1,Pothole,20.0,0.4,0.2,TIER_2_MODERATE_HAZARD,SPEED_RESTRICTION_PWD_PATCHING,88.4,NERALIS-EdgeVision-v2.4,True,25.18,92.85
INS-DMG-1324,SEG-14,54.2,Intact / Minor Surface Wear,1.9,0.3,0.0,TIER_1_ROUTINE_MONITORING,CONTINUE_NORMAL_OPERATION,93.3,NERALIS-EdgeVision-v2.4,False,26.6,93.4
INS-DMG-1325,SEG-07,59.2,Debris / Rockfall Deposit,2.7,26.9,10.6,TIER_3_CRITICAL_EMERGENCY,MANDATORY_CLOSURE_BRO_EARTHMOVER,94.6,NERALIS-EdgeVision-v2.4,True,25.15,94.02
INS-DMG-1326,SEG-15,116.3,Intact / Minor Surface Wear,0.9,0.5,0.0,TIER_1_ROUTINE_MONITORING,CONTINUE_NORMAL_OPERATION,94.0,NERALIS-EdgeVision-v2.4,False,26.75,94.95
INS-DMG-1327,SEG-12,7.8,Intact / Minor Surface Wear,0.3,0.0,0.0,TIER_1_ROUTINE_MONITORING,CONTINUE_NORMAL_OPERATION,90.8,NERALIS-EdgeVision-v2.4,False,27.1,88.48
INS-DMG-1328,SEG-10,82.2,Longitudinal / Transverse Crack,6.4,3.1,0.1,TIER_2_MODERATE_HAZARD,SEAL_CRACK_WATERPROOFING,88.6,NERALIS-EdgeVision-v2.4,True,24.2,92.15
INS-DMG-1329,SEG-06,133.6,Longitudinal / Transverse Crack,6.5,8.9,0.1,TIER_2_MODERATE_HAZARD,SEAL_CRACK_WATERPROOFING,88.3,NERALIS-EdgeVision-v2.4,True,25.8,93.95
INS-DMG-1330,SEG-06,135.4,Longitudinal / Transverse Crack,2.3,9.3,0.0,TIER_2_MODERATE_HAZARD,SEAL_CRACK_WATERPROOFING,85.3,NERALIS-EdgeVision-v2.4,True,25.8,93.95
INS-DMG-1331,SEG-11,3.0,Debris / Rockfall Deposit,9.4,24.9,114.5,TIER_3_CRITICAL_EMERGENCY,MANDATORY_CLOSURE_BRO_EARTHMOVER,95.1,NERALIS-EdgeVision-v2.4,True,23.45,92.74
INS-DMG-1332,SEG-03,5.6,Debris / Rockfall Deposit,8.6,5.3,142.0,TIER_3_CRITICAL_EMERGENCY,MANDATORY_CLOSURE_BRO_EARTHMOVER,96.4,NERALIS-EdgeVision-v2.4,True,25.12,92.36
INS-DMG-1333,SEG-08,54.0,Pothole,15.2,0.4,0.0,TIER_2_MODERATE_HAZARD,SPEED_RESTRICTION_PWD_PATCHING,94.7,NERALIS-EdgeVision-v2.4,True,25.72,93.88
INS-DMG-1334,SEG-12,107.7,Longitudinal / Transverse Crack,4.4,17.5,0.1,TIER_2_MODERATE_HAZARD,SEAL_CRACK_WATERPROOFING,92.8,NERALIS-EdgeVision-v2.4,True,27.1,88.48
INS-DMG-1335,SEG-11,66.3,Pothole,8.5,0.3,0.2,TIER_1_ROUTINE_MONITORING,CONTINUE_NORMAL_OPERATION,91.7,NERALIS-EdgeVision-v2.4,False,23.45,92.74
INS-DMG-1336,SEG-11,129.5,Intact / Minor Surface Wear,1.6,0.1,0.0,TIER_1_ROUTINE_MONITORING,CONTINUE_NORMAL_OPERATION,95.5,NERALIS-EdgeVision-v2.4,False,23.45,92.74
INS-DMG-1337,SEG-16,58.3,Intact / Minor Surface Wear,1.2,0.2,0.0,TIER_1_ROUTINE_MONITORING,CONTINUE_NORMAL_OPERATION,97.9,NERALIS-EdgeVision-v2.4,False,25.18,92.85
INS-DMG-1338,SEG-13,133.7,Longitudinal / Transverse Crack,5.8,5.7,0.1,TIER_2_MODERATE_HAZARD,SEAL_CRACK_WATERPROOFING,94.1,NERALIS-EdgeVision-v2.4,True,27.52,88.58
INS-DMG-1339,SEG-16,36.8,Pothole,15.6,1.3,0.4,TIER_2_MODERATE_HAZARD,SPEED_RESTRICTION_PWD_PATCHING,94.8,NERALIS-EdgeVision-v2.4,True,25.18,92.85
INS-DMG-1340,SEG-07,116.8,Debris / Rockfall Deposit,9.9,20.7,170.6,TIER_3_CRITICAL_EMERGENCY,MANDATORY_CLOSURE_BRO_EARTHMOVER,92.5,NERALIS-EdgeVision-v2.4,True,25.15,94.02
INS-DMG-1341,SEG-10,131.7,Longitudinal / Transverse Crack,6.4,8.0,0.1,TIER_2_MODERATE_HAZARD,SEAL_CRACK_WATERPROOFING,93.5,NERALIS-EdgeVision-v2.4,True,24.2,92.15
INS-DMG-1342,SEG-05,31.0,Pothole,21.7,0.4,0.3,TIER_2_MODERATE_HAZARD,SPEED_RESTRICTION_PWD_PATCHING,90.0,NERALIS-EdgeVision-v2.4,True,27.51,92.1
INS-DMG-1343,SEG-12,127.2,Debris / Rockfall Deposit,3.2,26.5,13.6,TIER_3_CRITICAL_EMERGENCY,MANDATORY_CLOSURE_BRO_EARTHMOVER,93.2,NERALIS-EdgeVision-v2.4,True,27.1,88.48
INS-DMG-1344,SEG-02,39.8,Pothole,7.3,0.4,0.5,TIER_1_ROUTINE_MONITORING,CONTINUE_NORMAL_OPERATION,90.7,NERALIS-EdgeVision-v2.4,False,25.75,91.88
INS-DMG-1345,SEG-15,98.9,Longitudinal / Transverse Crack,4.1,4.2,0.2,TIER_2_MODERATE_HAZARD,SEAL_CRACK_WATERPROOFING,93.8,NERALIS-EdgeVision-v2.4,True,26.75,94.95
INS-DMG-1346,SEG-05,21.3,Debris / Rockfall Deposit,0.4,3.0,149.7,TIER_3_CRITICAL_EMERGENCY,MANDATORY_CLOSURE_BRO_EARTHMOVER,95.2,NERALIS-EdgeVision-v2.4,True,27.51,92.1
INS-DMG-1347,SEG-15,109.7,Pothole,7.3,0.7,0.2,TIER_1_ROUTINE_MONITORING,CONTINUE_NORMAL_OPERATION,92.8,NERALIS-EdgeVision-v2.4,False,26.75,94.95
INS-DMG-1348,SEG-06,72.0,Longitudinal / Transverse Crack,6.7,17.6,0.2,TIER_2_MODERATE_HAZARD,SEAL_CRACK_WATERPROOFING,87.4,NERALIS-EdgeVision-v2.4,True,25.8,93.95
INS-DMG-1349,SEG-05,111.3,Pothole,17.6,1.7,0.0,TIER_2_MODERATE_HAZARD,SPEED_RESTRICTION_PWD_PATCHING,90.7,NERALIS-EdgeVision-v2.4,True,27.51,92.1
INS-DMG-1350,SEG-07,102.7,Washout / Roadbed Erosion,48.3,54.8,1.2,TIER_3_CRITICAL_EMERGENCY,MANDATORY_CLOSURE_BRO_EARTHMOVER,98.9,NERALIS-EdgeVision-v2.4,True,25.15,94.02
INS-DMG-1351,SEG-09,120.2,Washout / Roadbed Erosion,90.0,55.7,27.7,TIER_3_CRITICAL_EMERGENCY,MANDATORY_CLOSURE_BRO_EARTHMOVER,93.9,NERALIS-EdgeVision-v2.4,True,24.8,93.45
INS-DMG-1352,SEG-16,71.0,Longitudinal / Transverse Crack,1.5,13.1,0.1,TIER_2_MODERATE_HAZARD,SEAL_CRACK_WATERPROOFING,93.7,NERALIS-EdgeVision-v2.4,True,25.18,92.85
INS-DMG-1353,SEG-02,137.3,Debris / Rockfall Deposit,4.8,31.8,136.1,TIER_3_CRITICAL_EMERGENCY,MANDATORY_CLOSURE_BRO_EARTHMOVER,92.7,NERALIS-EdgeVision-v2.4,True,25.75,91.88
INS-DMG-1354,SEG-05,106.6,Longitudinal / Transverse Crack,1.2,6.8,0.1,TIER_2_MODERATE_HAZARD,SEAL_CRACK_WATERPROOFING,87.4,NERALIS-EdgeVision-v2.4,True,27.51,92.1
INS-DMG-1355,SEG-14,72.0,Pothole,14.6,0.7,0.1,TIER_2_MODERATE_HAZARD,SPEED_RESTRICTION_PWD_PATCHING,94.8,NERALIS-EdgeVision-v2.4,True,26.6,93.4
INS-DMG-1356,SEG-13,81.6,Intact / Minor Surface Wear,0.6,0.1,0.0,TIER_1_ROUTINE_MONITORING,CONTINUE_NORMAL_OPERATION,94.8,NERALIS-EdgeVision-v2.4,False,27.52,88.58
INS-DMG-1357,SEG-12,9.0,Pothole,18.5,0.8,0.2,TIER_2_MODERATE_HAZARD,SPEED_RESTRICTION_PWD_PATCHING,95.1,NERALIS-EdgeVision-v2.4,True,27.1,88.48
INS-DMG-1358,SEG-15,112.3,Pothole,17.9,0.6,0.1,TIER_2_MODERATE_HAZARD,SPEED_RESTRICTION_PWD_PATCHING,95.8,NERALIS-EdgeVision-v2.4,True,26.75,94.95
INS-DMG-1359,SEG-08,134.0,Intact / Minor Surface Wear,1.7,0.2,0.0,TIER_1_ROUTINE_MONITORING,CONTINUE_NORMAL_OPERATION,94.7,NERALIS-EdgeVision-v2.4,False,25.72,93.88
INS-DMG-1360,SEG-09,105.4,Washout / Roadbed Erosion,68.0,30.2,39.9,TIER_3_CRITICAL_EMERGENCY,MANDATORY_CLOSURE_BRO_EARTHMOVER,96.3,NERALIS-EdgeVision-v2.4,True,24.8,93.45
INS-DMG-1361,SEG-09,108.7,Debris / Rockfall Deposit,4.7,3.1,7.4,TIER_3_CRITICAL_EMERGENCY,MANDATORY_CLOSURE_BRO_EARTHMOVER,93.9,NERALIS-EdgeVision-v2.4,True,24.8,93.45
INS-DMG-1362,SEG-01,16.7,Pothole,12.9,0.8,0.1,TIER_2_MODERATE_HAZARD,SPEED_RESTRICTION_PWD_PATCHING,91.6,NERALIS-EdgeVision-v2.4,True,26.18,92.12
INS-DMG-1363,SEG-02,26.1,Debris / Rockfall Deposit,9.3,5.7,37.8,TIER_3_CRITICAL_EMERGENCY,MANDATORY_CLOSURE_BRO_EARTHMOVER,93.1,NERALIS-EdgeVision-v2.4,True,25.75,91.88
INS-DMG-1364,SEG-01,126.7,Pothole,15.4,0.6,0.5,TIER_2_MODERATE_HAZARD,SPEED_RESTRICTION_PWD_PATCHING,91.0,NERALIS-EdgeVision-v2.4,True,26.18,92.12
INS-DMG-1365,SEG-09,31.8,Debris / Rockfall Deposit,0.5,41.0,83.3,TIER_3_CRITICAL_EMERGENCY,MANDATORY_CLOSURE_BRO_EARTHMOVER,94.6,NERALIS-EdgeVision-v2.4,True,24.8,93.45
INS-DMG-1366,SEG-14,117.8,Pothole,5.3,1.6,0.4,TIER_1_ROUTINE_MONITORING,CONTINUE_NORMAL_OPERATION,95.3,NERALIS-EdgeVision-v2.4,False,26.6,93.4
INS-DMG-1367,SEG-04,61.7,Longitudinal / Transverse Crack,7.8,10.1,0.1,TIER_2_MODERATE_HAZARD,SEAL_CRACK_WATERPROOFING,89.7,NERALIS-EdgeVision-v2.4,True,27.26,92.42
INS-DMG-1368,SEG-10,71.2,Pothole,17.9,1.5,0.4,TIER_2_MODERATE_HAZARD,SPEED_RESTRICTION_PWD_PATCHING,93.7,NERALIS-EdgeVision-v2.4,True,24.2,92.15
INS-DMG-1369,SEG-11,114.1,Pothole,9.3,0.8,0.3,TIER_1_ROUTINE_MONITORING,CONTINUE_NORMAL_OPERATION,92.1,NERALIS-EdgeVision-v2.4,False,23.45,92.74
INS-DMG-1370,SEG-16,53.3,Intact / Minor Surface Wear,0.4,0.0,0.0,TIER_1_ROUTINE_MONITORING,CONTINUE_NORMAL_OPERATION,91.5,NERALIS-EdgeVision-v2.4,False,25.18,92.85
INS-DMG-1371,SEG-12,110.7,Longitudinal / Transverse Crack,7.1,4.7,0.1,TIER_2_MODERATE_HAZARD,SEAL_CRACK_WATERPROOFING,87.5,NERALIS-EdgeVision-v2.4,True,27.1,88.48
INS-DMG-1372,SEG-15,65.2,Pothole,10.5,0.7,0.5,TIER_1_ROUTINE_MONITORING,CONTINUE_NORMAL_OPERATION,94.1,NERALIS-EdgeVision-v2.4,False,26.75,94.95
INS-DMG-1373,SEG-15,111.6,Longitudinal / Transverse Crack,5.3,7.5,0.1,TIER_2_MODERATE_HAZARD,SEAL_CRACK_WATERPROOFING,91.8,NERALIS-EdgeVision-v2.4,True,26.75,94.95
INS-DMG-1374,SEG-09,122.9,Washout / Roadbed Erosion,96.8,12.5,35.2,TIER_3_CRITICAL_EMERGENCY,MANDATORY_CLOSURE_BRO_EARTHMOVER,98.0,NERALIS-EdgeVision-v2.4,True,24.8,93.45
INS-DMG-1375,SEG-10,3.8,Intact / Minor Surface Wear,0.5,0.2,0.0,TIER_1_ROUTINE_MONITORING,CONTINUE_NORMAL_OPERATION,94.2,NERALIS-EdgeVision-v2.4,False,24.2,92.15
INS-DMG-1376,SEG-13,127.4,Pothole,12.9,0.4,0.2,TIER_2_MODERATE_HAZARD,SPEED_RESTRICTION_PWD_PATCHING,91.6,NERALIS-EdgeVision-v2.4,True,27.52,88.58
INS-DMG-1377,SEG-14,66.3,Pothole,5.2,1.6,0.1,TIER_1_ROUTINE_MONITORING,CONTINUE_NORMAL_OPERATION,96.4,NERALIS-EdgeVision-v2.4,False,26.6,93.4
INS-DMG-1378,SEG-06,28.7,Longitudinal / Transverse Crack,1.9,3.4,0.2,TIER_2_MODERATE_HAZARD,SEAL_CRACK_WATERPROOFING,94.4,NERALIS-EdgeVision-v2.4,True,25.8,93.95
INS-DMG-1379,SEG-10,73.1,Washout / Roadbed Erosion,74.8,31.1,39.1,TIER_3_CRITICAL_EMERGENCY,MANDATORY_CLOSURE_BRO_EARTHMOVER,94.2,NERALIS-EdgeVision-v2.4,True,24.2,92.15
INS-DMG-1380,SEG-14,100.7,Debris / Rockfall Deposit,7.9,18.8,112.0,TIER_3_CRITICAL_EMERGENCY,MANDATORY_CLOSURE_BRO_EARTHMOVER,98.2,NERALIS-EdgeVision-v2.4,True,26.6,93.4
INS-DMG-1381,SEG-12,80.2,Debris / Rockfall Deposit,5.2,12.0,66.9,TIER_3_CRITICAL_EMERGENCY,MANDATORY_CLOSURE_BRO_EARTHMOVER,93.8,NERALIS-EdgeVision-v2.4,True,27.1,88.48
INS-DMG-1382,SEG-06,94.6,Washout / Roadbed Erosion,52.1,37.8,26.9,TIER_3_CRITICAL_EMERGENCY,MANDATORY_CLOSURE_BRO_EARTHMOVER,96.9,NERALIS-EdgeVision-v2.4,True,25.8,93.95
INS-DMG-1383,SEG-02,66.9,Pothole,13.0,0.4,0.2,TIER_2_MODERATE_HAZARD,SPEED_RESTRICTION_PWD_PATCHING,91.8,NERALIS-EdgeVision-v2.4,True,25.75,91.88
INS-DMG-1384,SEG-15,100.0,Debris / Rockfall Deposit,1.3,9.3,15.1,TIER_3_CRITICAL_EMERGENCY,MANDATORY_CLOSURE_BRO_EARTHMOVER,97.8,NERALIS-EdgeVision-v2.4,True,26.75,94.95
INS-DMG-1385,SEG-12,44.9,Longitudinal / Transverse Crack,7.6,2.0,0.2,TIER_2_MODERATE_HAZARD,SEAL_CRACK_WATERPROOFING,85.6,NERALIS-EdgeVision-v2.4,True,27.1,88.48
INS-DMG-1386,SEG-10,56.0,Longitudinal / Transverse Crack,5.9,14.9,0.1,TIER_2_MODERATE_HAZARD,SEAL_CRACK_WATERPROOFING,87.1,NERALIS-EdgeVision-v2.4,True,24.2,92.15
INS-DMG-1387,SEG-08,85.6,Washout / Roadbed Erosion,48.4,23.5,29.7,TIER_3_CRITICAL_EMERGENCY,MANDATORY_CLOSURE_BRO_EARTHMOVER,94.0,NERALIS-EdgeVision-v2.4,True,25.72,93.88
INS-DMG-1388,SEG-02,125.3,Washout / Roadbed Erosion,46.7,19.3,30.1,TIER_3_CRITICAL_EMERGENCY,MANDATORY_CLOSURE_BRO_EARTHMOVER,93.9,NERALIS-EdgeVision-v2.4,True,25.75,91.88
INS-DMG-1389,SEG-03,37.5,Washout / Roadbed Erosion,78.0,54.0,19.9,TIER_3_CRITICAL_EMERGENCY,MANDATORY_CLOSURE_BRO_EARTHMOVER,97.9,NERALIS-EdgeVision-v2.4,True,25.12,92.36
INS-DMG-1390,SEG-07,7.9,Pothole,19.3,1.1,0.3,TIER_2_MODERATE_HAZARD,SPEED_RESTRICTION_PWD_PATCHING,90.5,NERALIS-EdgeVision-v2.4,True,25.15,94.02
INS-DMG-1391,SEG-01,6.4,Longitudinal / Transverse Crack,2.5,13.4,0.0,TIER_2_MODERATE_HAZARD,SEAL_CRACK_WATERPROOFING,94.5,NERALIS-EdgeVision-v2.4,True,26.18,92.12
INS-DMG-1392,SEG-05,94.0,Debris / Rockfall Deposit,6.0,34.7,80.2,TIER_3_CRITICAL_EMERGENCY,MANDATORY_CLOSURE_BRO_EARTHMOVER,98.6,NERALIS-EdgeVision-v2.4,True,27.51,92.1
INS-DMG-1393,SEG-04,12.2,Debris / Rockfall Deposit,7.5,5.1,104.5,TIER_3_CRITICAL_EMERGENCY,MANDATORY_CLOSURE_BRO_EARTHMOVER,94.4,NERALIS-EdgeVision-v2.4,True,27.26,92.42
INS-DMG-1394,SEG-16,99.2,Longitudinal / Transverse Crack,3.3,15.4,0.0,TIER_2_MODERATE_HAZARD,SEAL_CRACK_WATERPROOFING,91.6,NERALIS-EdgeVision-v2.4,True,25.18,92.85
INS-DMG-1395,SEG-13,121.3,Pothole,7.4,1.4,0.2,TIER_1_ROUTINE_MONITORING,CONTINUE_NORMAL_OPERATION,96.1,NERALIS-EdgeVision-v2.4,False,27.52,88.58
INS-DMG-1396,SEG-13,90.7,Intact / Minor Surface Wear,1.7,0.3,0.0,TIER_1_ROUTINE_MONITORING,CONTINUE_NORMAL_OPERATION,95.0,NERALIS-EdgeVision-v2.4,False,27.52,88.58
INS-DMG-1397,SEG-06,106.5,Longitudinal / Transverse Crack,4.6,2.7,0.2,TIER_2_MODERATE_HAZARD,SEAL_CRACK_WATERPROOFING,86.1,NERALIS-EdgeVision-v2.4,True,25.8,93.95
INS-DMG-1398,SEG-05,78.0,Longitudinal / Transverse Crack,1.9,9.0,0.1,TIER_2_MODERATE_HAZARD,SEAL_CRACK_WATERPROOFING,93.8,NERALIS-EdgeVision-v2.4,True,27.51,92.1
INS-DMG-1399,SEG-15,39.8,Intact / Minor Surface Wear,0.4,0.4,0.0,TIER_1_ROUTINE_MONITORING,CONTINUE_NORMAL_OPERATION,91.0,NERALIS-EdgeVision-v2.4,False,26.75,94.95
INS-DMG-1400,SEG-08,114.0,Washout / Roadbed Erosion,49.5,5.7,16.1,TIER_3_CRITICAL_EMERGENCY,MANDATORY_CLOSURE_BRO_EARTHMOVER,97.0,NERALIS-EdgeVision-v2.4,True,25.72,93.88
INS-DMG-1401,SEG-16,33.3,Longitudinal / Transverse Crack,2.7,13.5,0.2,TIER_2_MODERATE_HAZARD,SEAL_CRACK_WATERPROOFING,91.9,NERALIS-EdgeVision-v2.4,True,25.18,92.85
INS-DMG-1402,SEG-04,39.6,Pothole,11.5,0.9,0.4,TIER_1_ROUTINE_MONITORING,CONTINUE_NORMAL_OPERATION,96.8,NERALIS-EdgeVision-v2.4,False,27.26,92.42
INS-DMG-1403,SEG-06,58.3,Washout / Roadbed Erosion,64.9,25.7,33.3,TIER_3_CRITICAL_EMERGENCY,MANDATORY_CLOSURE_BRO_EARTHMOVER,94.4,NERALIS-EdgeVision-v2.4,True,25.8,93.95
INS-DMG-1404,SEG-12,15.0,Longitudinal / Transverse Crack,5.5,10.2,0.0,TIER_2_MODERATE_HAZARD,SEAL_CRACK_WATERPROOFING,93.8,NERALIS-EdgeVision-v2.4,True,27.1,88.48
INS-DMG-1405,SEG-04,33.2,Washout / Roadbed Erosion,38.6,5.5,23.8,TIER_3_CRITICAL_EMERGENCY,MANDATORY_CLOSURE_BRO_EARTHMOVER,96.5,NERALIS-EdgeVision-v2.4,True,27.26,92.42
INS-DMG-1406,SEG-16,47.5,Pothole,8.0,0.9,0.0,TIER_1_ROUTINE_MONITORING,CONTINUE_NORMAL_OPERATION,92.4,NERALIS-EdgeVision-v2.4,False,25.18,92.85
INS-DMG-1407,SEG-15,34.1,Pothole,18.7,0.4,0.3,TIER_2_MODERATE_HAZARD,SPEED_RESTRICTION_PWD_PATCHING,92.4,NERALIS-EdgeVision-v2.4,True,26.75,94.95
INS-DMG-1408,SEG-03,133.9,Longitudinal / Transverse Crack,1.1,8.5,0.1,TIER_2_MODERATE_HAZARD,SEAL_CRACK_WATERPROOFING,86.8,NERALIS-EdgeVision-v2.4,True,25.12,92.36
INS-DMG-1409,SEG-09,19.5,Debris / Rockfall Deposit,5.4,9.1,153.6,TIER_3_CRITICAL_EMERGENCY,MANDATORY_CLOSURE_BRO_EARTHMOVER,98.9,NERALIS-EdgeVision-v2.4,True,24.8,93.45
INS-DMG-1410,SEG-14,5.8,Intact / Minor Surface Wear,1.9,0.2,0.0,TIER_1_ROUTINE_MONITORING,CONTINUE_NORMAL_OPERATION,92.8,NERALIS-EdgeVision-v2.4,False,26.6,93.4
INS-DMG-1411,SEG-13,18.4,Longitudinal / Transverse Crack,4.6,11.1,0.0,TIER_2_MODERATE_HAZARD,SEAL_CRACK_WATERPROOFING,92.6,NERALIS-EdgeVision-v2.4,True,27.52,88.58
INS-DMG-1412,SEG-11,89.3,Debris / Rockfall Deposit,4.6,43.6,16.8,TIER_3_CRITICAL_EMERGENCY,MANDATORY_CLOSURE_BRO_EARTHMOVER,97.7,NERALIS-EdgeVision-v2.4,True,23.45,92.74
INS-DMG-1413,SEG-10,93.3,Pothole,16.7,1.2,0.5,TIER_2_MODERATE_HAZARD,SPEED_RESTRICTION_PWD_PATCHING,96.5,NERALIS-EdgeVision-v2.4,True,24.2,92.15
INS-DMG-1414,SEG-03,96.2,Longitudinal / Transverse Crack,5.6,13.1,0.0,TIER_2_MODERATE_HAZARD,SEAL_CRACK_WATERPROOFING,91.2,NERALIS-EdgeVision-v2.4,True,25.12,92.36
INS-DMG-1415,SEG-03,111.3,Longitudinal / Transverse Crack,4.5,12.1,0.0,TIER_2_MODERATE_HAZARD,SEAL_CRACK_WATERPROOFING,87.2,NERALIS-EdgeVision-v2.4,True,25.12,92.36
INS-DMG-1416,SEG-12,110.8,Intact / Minor Surface Wear,0.4,0.1,0.0,TIER_1_ROUTINE_MONITORING,CONTINUE_NORMAL_OPERATION,90.3,NERALIS-EdgeVision-v2.4,False,27.1,88.48
INS-DMG-1417,SEG-15,19.3,Debris / Rockfall Deposit,4.4,35.7,167.0,TIER_3_CRITICAL_EMERGENCY,MANDATORY_CLOSURE_BRO_EARTHMOVER,99.1,NERALIS-EdgeVision-v2.4,True,26.75,94.95
INS-DMG-1418,SEG-10,114.0,Debris / Rockfall Deposit,5.7,29.6,17.0,TIER_3_CRITICAL_EMERGENCY,MANDATORY_CLOSURE_BRO_EARTHMOVER,92.3,NERALIS-EdgeVision-v2.4,True,24.2,92.15
INS-DMG-1419,SEG-16,85.7,Pothole,7.9,0.6,0.3,TIER_1_ROUTINE_MONITORING,CONTINUE_NORMAL_OPERATION,96.2,NERALIS-EdgeVision-v2.4,False,25.18,92.85
INS-DMG-1420,SEG-05,77.7,Pothole,13.1,0.9,0.3,TIER_2_MODERATE_HAZARD,SPEED_RESTRICTION_PWD_PATCHING,96.5,NERALIS-EdgeVision-v2.4,True,27.51,92.1
INS-DMG-1421,SEG-05,7.5,Pothole,7.6,0.6,0.4,TIER_1_ROUTINE_MONITORING,CONTINUE_NORMAL_OPERATION,94.6,NERALIS-EdgeVision-v2.4,False,27.51,92.1
INS-DMG-1422,SEG-16,37.9,Pothole,6.9,0.9,0.4,TIER_1_ROUTINE_MONITORING,CONTINUE_NORMAL_OPERATION,94.1,NERALIS-EdgeVision-v2.4,False,25.18,92.85
INS-DMG-1423,SEG-02,92.4,Intact / Minor Surface Wear,0.0,0.0,0.0,TIER_1_ROUTINE_MONITORING,CONTINUE_NORMAL_OPERATION,95.3,NERALIS-EdgeVision-v2.4,False,25.75,91.88
INS-DMG-1424,SEG-05,52.1,Washout / Roadbed Erosion,63.4,51.2,24.1,TIER_3_CRITICAL_EMERGENCY,MANDATORY_CLOSURE_BRO_EARTHMOVER,98.0,NERALIS-EdgeVision-v2.4,True,27.51,92.1
INS-DMG-1425,SEG-13,49.7,Debris / Rockfall Deposit,7.2,27.7,17.8,TIER_3_CRITICAL_EMERGENCY,MANDATORY_CLOSURE_BRO_EARTHMOVER,94.6,NERALIS-EdgeVision-v2.4,True,27.52,88.58
INS-DMG-1426,SEG-09,102.0,Debris / Rockfall Deposit,9.4,30.9,29.9,TIER_3_CRITICAL_EMERGENCY,MANDATORY_CLOSURE_BRO_EARTHMOVER,98.2,NERALIS-EdgeVision-v2.4,True,24.8,93.45
INS-DMG-1427,SEG-14,53.7,Pothole,15.0,0.8,0.4,TIER_2_MODERATE_HAZARD,SPEED_RESTRICTION_PWD_PATCHING,88.1,NERALIS-EdgeVision-v2.4,True,26.6,93.4
INS-DMG-1428,SEG-04,94.7,Washout / Roadbed Erosion,45.3,41.4,38.1,TIER_3_CRITICAL_EMERGENCY,MANDATORY_CLOSURE_BRO_EARTHMOVER,93.1,NERALIS-EdgeVision-v2.4,True,27.26,92.42
INS-DMG-1429,SEG-12,62.6,Pothole,11.0,0.8,0.2,TIER_1_ROUTINE_MONITORING,CONTINUE_NORMAL_OPERATION,96.8,NERALIS-EdgeVision-v2.4,False,27.1,88.48
INS-DMG-1430,SEG-04,31.3,Washout / Roadbed Erosion,99.0,32.5,23.2,TIER_3_CRITICAL_EMERGENCY,MANDATORY_CLOSURE_BRO_EARTHMOVER,97.7,NERALIS-EdgeVision-v2.4,True,27.26,92.42
INS-DMG-1431,SEG-13,74.2,Longitudinal / Transverse Crack,6.8,5.9,0.0,TIER_2_MODERATE_HAZARD,SEAL_CRACK_WATERPROOFING,85.6,NERALIS-EdgeVision-v2.4,True,27.52,88.58
INS-DMG-1432,SEG-15,82.1,Longitudinal / Transverse Crack,7.1,12.9,0.1,TIER_2_MODERATE_HAZARD,SEAL_CRACK_WATERPROOFING,85.2,NERALIS-EdgeVision-v2.4,True,26.75,94.95
INS-DMG-1433,SEG-09,25.4,Longitudinal / Transverse Crack,4.6,16.0,0.0,TIER_2_MODERATE_HAZARD,SEAL_CRACK_WATERPROOFING,94.3,NERALIS-EdgeVision-v2.4,True,24.8,93.45
INS-DMG-1434,SEG-08,43.5,Washout / Roadbed Erosion,94.4,28.5,1.3,TIER_3_CRITICAL_EMERGENCY,MANDATORY_CLOSURE_BRO_EARTHMOVER,92.5,NERALIS-EdgeVision-v2.4,True,25.72,93.88
INS-DMG-1435,SEG-09,104.8,Longitudinal / Transverse Crack,1.0,3.0,0.0,TIER_2_MODERATE_HAZARD,SEAL_CRACK_WATERPROOFING,92.6,NERALIS-EdgeVision-v2.4,True,24.8,93.45
INS-DMG-1436,SEG-09,80.1,Pothole,13.0,1.2,0.4,TIER_2_MODERATE_HAZARD,SPEED_RESTRICTION_PWD_PATCHING,88.4,NERALIS-EdgeVision-v2.4,True,24.8,93.45
INS-DMG-1437,SEG-16,15.9,Longitudinal / Transverse Crack,7.9,4.7,0.1,TIER_2_MODERATE_HAZARD,SEAL_CRACK_WATERPROOFING,86.4,NERALIS-EdgeVision-v2.4,True,25.18,92.85
INS-DMG-1438,SEG-15,91.5,Pothole,9.4,0.4,0.0,TIER_1_ROUTINE_MONITORING,CONTINUE_NORMAL_OPERATION,90.8,NERALIS-EdgeVision-v2.4,False,26.75,94.95
INS-DMG-1439,SEG-03,16.7,Intact / Minor Surface Wear,1.7,0.3,0.0,TIER_1_ROUTINE_MONITORING,CONTINUE_NORMAL_OPERATION,91.9,NERALIS-EdgeVision-v2.4,False,25.12,92.36
INS-DMG-1440,SEG-01,83.3,Intact / Minor Surface Wear,0.7,0.2,0.0,TIER_1_ROUTINE_MONITORING,CONTINUE_NORMAL_OPERATION,92.3,NERALIS-EdgeVision-v2.4,False,26.18,92.12
INS-DMG-1441,SEG-09,82.6,Longitudinal / Transverse Crack,3.9,3.0,0.2,TIER_2_MODERATE_HAZARD,SEAL_CRACK_WATERPROOFING,86.9,NERALIS-EdgeVision-v2.4,True,24.8,93.45
INS-DMG-1442,SEG-16,67.2,Longitudinal / Transverse Crack,7.7,5.9,0.1,TIER_2_MODERATE_HAZARD,SEAL_CRACK_WATERPROOFING,86.0,NERALIS-EdgeVision-v2.4,True,25.18,92.85
INS-DMG-1443,SEG-10,64.4,Pothole,11.6,1.4,0.0,TIER_1_ROUTINE_MONITORING,CONTINUE_NORMAL_OPERATION,97.1,NERALIS-EdgeVision-v2.4,False,24.2,92.15
INS-DMG-1444,SEG-05,109.8,Longitudinal / Transverse Crack,5.0,2.9,0.1,TIER_2_MODERATE_HAZARD,SEAL_CRACK_WATERPROOFING,90.1,NERALIS-EdgeVision-v2.4,True,27.51,92.1
INS-DMG-1445,SEG-14,80.3,Debris / Rockfall Deposit,7.3,27.2,109.1,TIER_3_CRITICAL_EMERGENCY,MANDATORY_CLOSURE_BRO_EARTHMOVER,96.9,NERALIS-EdgeVision-v2.4,True,26.6,93.4
INS-DMG-1446,SEG-03,35.1,Debris / Rockfall Deposit,2.9,10.1,178.4,TIER_3_CRITICAL_EMERGENCY,MANDATORY_CLOSURE_BRO_EARTHMOVER,92.1,NERALIS-EdgeVision-v2.4,True,25.12,92.36
INS-DMG-1447,SEG-04,49.4,Pothole,11.1,1.1,0.0,TIER_1_ROUTINE_MONITORING,CONTINUE_NORMAL_OPERATION,93.4,NERALIS-EdgeVision-v2.4,False,27.26,92.42
INS-DMG-1448,SEG-10,57.8,Debris / Rockfall Deposit,2.5,9.2,109.9,TIER_3_CRITICAL_EMERGENCY,MANDATORY_CLOSURE_BRO_EARTHMOVER,98.7,NERALIS-EdgeVision-v2.4,True,24.2,92.15
INS-DMG-1449,SEG-10,86.4,Washout / Roadbed Erosion,110.6,44.8,20.7,TIER_3_CRITICAL_EMERGENCY,MANDATORY_CLOSURE_BRO_EARTHMOVER,96.3,NERALIS-EdgeVision-v2.4,True,24.2,92.15
INS-DMG-1450,SEG-03,88.3,Pothole,7.5,1.6,0.2,TIER_1_ROUTINE_MONITORING,CONTINUE_NORMAL_OPERATION,94.9,NERALIS-EdgeVision-v2.4,False,25.12,92.36
INS-DMG-1451,SEG-11,127.6,Intact / Minor Surface Wear,1.5,0.3,0.0,TIER_1_ROUTINE_MONITORING,CONTINUE_NORMAL_OPERATION,90.1,NERALIS-EdgeVision-v2.4,False,23.45,92.74
INS-DMG-1452,SEG-07,119.1,Intact / Minor Surface Wear,1.2,0.2,0.0,TIER_1_ROUTINE_MONITORING,CONTINUE_NORMAL_OPERATION,90.7,NERALIS-EdgeVision-v2.4,False,25.15,94.02
INS-DMG-1453,SEG-02,130.5,Longitudinal / Transverse Crack,1.6,9.0,0.1,TIER_2_MODERATE_HAZARD,SEAL_CRACK_WATERPROOFING,93.4,NERALIS-EdgeVision-v2.4,True,25.75,91.88
INS-DMG-1454,SEG-09,27.9,Washout / Roadbed Erosion,80.4,39.5,14.2,TIER_3_CRITICAL_EMERGENCY,MANDATORY_CLOSURE_BRO_EARTHMOVER,95.0,NERALIS-EdgeVision-v2.4,True,24.8,93.45
INS-DMG-1455,SEG-08,86.6,Washout / Roadbed Erosion,48.5,42.5,35.0,TIER_3_CRITICAL_EMERGENCY,MANDATORY_CLOSURE_BRO_EARTHMOVER,96.5,NERALIS-EdgeVision-v2.4,True,25.72,93.88
INS-DMG-1456,SEG-08,60.9,Intact / Minor Surface Wear,1.5,0.2,0.0,TIER_1_ROUTINE_MONITORING,CONTINUE_NORMAL_OPERATION,94.3,NERALIS-EdgeVision-v2.4,False,25.72,93.88
INS-DMG-1457,SEG-04,23.6,Washout / Roadbed Erosion,30.6,55.3,24.6,TIER_3_CRITICAL_EMERGENCY,MANDATORY_CLOSURE_BRO_EARTHMOVER,99.1,NERALIS-EdgeVision-v2.4,True,27.26,92.42
INS-DMG-1458,SEG-12,68.2,Pothole,15.0,0.4,0.4,TIER_2_MODERATE_HAZARD,SPEED_RESTRICTION_PWD_PATCHING,93.7,NERALIS-EdgeVision-v2.4,True,27.1,88.48
INS-DMG-1459,SEG-11,132.8,Longitudinal / Transverse Crack,3.8,13.9,0.1,TIER_2_MODERATE_HAZARD,SEAL_CRACK_WATERPROOFING,92.3,NERALIS-EdgeVision-v2.4,True,23.45,92.74
INS-DMG-1460,SEG-08,118.5,Pothole,18.8,0.9,0.2,TIER_2_MODERATE_HAZARD,SPEED_RESTRICTION_PWD_PATCHING,95.0,NERALIS-EdgeVision-v2.4,True,25.72,93.88
INS-DMG-1461,SEG-15,81.5,Longitudinal / Transverse Crack,7.9,13.7,0.1,TIER_2_MODERATE_HAZARD,SEAL_CRACK_WATERPROOFING,85.3,NERALIS-EdgeVision-v2.4,True,26.75,94.95
INS-DMG-1462,SEG-13,41.9,Pothole,8.3,1.4,0.3,TIER_1_ROUTINE_MONITORING,CONTINUE_NORMAL_OPERATION,97.3,NERALIS-EdgeVision-v2.4,False,27.52,88.58
INS-DMG-1463,SEG-16,89.8,Intact / Minor Surface Wear,1.1,0.1,0.0,TIER_1_ROUTINE_MONITORING,CONTINUE_NORMAL_OPERATION,91.5,NERALIS-EdgeVision-v2.4,False,25.18,92.85
INS-DMG-1464,SEG-15,61.5,Pothole,14.7,0.5,0.3,TIER_2_MODERATE_HAZARD,SPEED_RESTRICTION_PWD_PATCHING,90.6,NERALIS-EdgeVision-v2.4,True,26.75,94.95
INS-DMG-1465,SEG-16,84.3,Pothole,19.2,1.1,0.3,TIER_2_MODERATE_HAZARD,SPEED_RESTRICTION_PWD_PATCHING,94.4,NERALIS-EdgeVision-v2.4,True,25.18,92.85
INS-DMG-1466,SEG-16,49.1,Debris / Rockfall Deposit,1.5,14.5,66.1,TIER_3_CRITICAL_EMERGENCY,MANDATORY_CLOSURE_BRO_EARTHMOVER,92.2,NERALIS-EdgeVision-v2.4,True,25.18,92.85
INS-DMG-1467,SEG-10,53.7,Longitudinal / Transverse Crack,4.3,5.9,0.0,TIER_2_MODERATE_HAZARD,SEAL_CRACK_WATERPROOFING,89.3,NERALIS-EdgeVision-v2.4,True,24.2,92.15
INS-DMG-1468,SEG-11,77.0,Debris / Rockfall Deposit,9.2,43.9,35.7,TIER_3_CRITICAL_EMERGENCY,MANDATORY_CLOSURE_BRO_EARTHMOVER,98.9,NERALIS-EdgeVision-v2.4,True,23.45,92.74
INS-DMG-1469,SEG-01,21.1,Pothole,5.4,1.4,0.1,TIER_1_ROUTINE_MONITORING,CONTINUE_NORMAL_OPERATION,94.0,NERALIS-EdgeVision-v2.4,False,26.18,92.12
INS-DMG-1470,SEG-06,138.3,Pothole,8.1,1.4,0.2,TIER_1_ROUTINE_MONITORING,CONTINUE_NORMAL_OPERATION,97.3,NERALIS-EdgeVision-v2.4,False,25.8,93.95
INS-DMG-1471,SEG-09,24.7,Debris / Rockfall Deposit,5.4,42.5,159.1,TIER_3_CRITICAL_EMERGENCY,MANDATORY_CLOSURE_BRO_EARTHMOVER,93.7,NERALIS-EdgeVision-v2.4,True,24.8,93.45
INS-DMG-1472,SEG-05,5.6,Pothole,11.6,0.9,0.3,TIER_1_ROUTINE_MONITORING,CONTINUE_NORMAL_OPERATION,96.0,NERALIS-EdgeVision-v2.4,False,27.51,92.1
INS-DMG-1473,SEG-10,34.2,Washout / Roadbed Erosion,29.0,59.8,3.8,TIER_3_CRITICAL_EMERGENCY,MANDATORY_CLOSURE_BRO_EARTHMOVER,99.0,NERALIS-EdgeVision-v2.4,True,24.2,92.15
INS-DMG-1474,SEG-10,26.8,Pothole,17.6,1.7,0.4,TIER_2_MODERATE_HAZARD,SPEED_RESTRICTION_PWD_PATCHING,89.1,NERALIS-EdgeVision-v2.4,True,24.2,92.15
INS-DMG-1475,SEG-02,31.7,Longitudinal / Transverse Crack,1.5,1.5,0.1,TIER_2_MODERATE_HAZARD,SEAL_CRACK_WATERPROOFING,86.1,NERALIS-EdgeVision-v2.4,True,25.75,91.88
INS-DMG-1476,SEG-04,117.0,Longitudinal / Transverse Crack,3.7,15.5,0.0,TIER_2_MODERATE_HAZARD,SEAL_CRACK_WATERPROOFING,89.7,NERALIS-EdgeVision-v2.4,True,27.26,92.42
INS-DMG-1477,SEG-05,115.6,Pothole,15.1,1.6,0.0,TIER_2_MODERATE_HAZARD,SPEED_RESTRICTION_PWD_PATCHING,91.8,NERALIS-EdgeVision-v2.4,True,27.51,92.1
INS-DMG-1478,SEG-02,125.3,Longitudinal / Transverse Crack,4.7,7.8,0.2,TIER_2_MODERATE_HAZARD,SEAL_CRACK_WATERPROOFING,91.1,NERALIS-EdgeVision-v2.4,True,25.75,91.88
INS-DMG-1479,SEG-07,73.9,Debris / Rockfall Deposit,6.0,44.1,173.5,TIER_3_CRITICAL_EMERGENCY,MANDATORY_CLOSURE_BRO_EARTHMOVER,98.1,NERALIS-EdgeVision-v2.4,True,25.15,94.02
INS-DMG-1480,SEG-07,120.5,Pothole,10.2,1.5,0.4,TIER_1_ROUTINE_MONITORING,CONTINUE_NORMAL_OPERATION,93.0,NERALIS-EdgeVision-v2.4,False,25.15,94.02
INS-DMG-1481,SEG-07,90.6,Longitudinal / Transverse Crack,3.7,2.7,0.1,TIER_2_MODERATE_HAZARD,SEAL_CRACK_WATERPROOFING,93.7,NERALIS-EdgeVision-v2.4,True,25.15,94.02
INS-DMG-1482,SEG-09,87.2,Debris / Rockfall Deposit,8.3,3.3,37.1,TIER_3_CRITICAL_EMERGENCY,MANDATORY_CLOSURE_BRO_EARTHMOVER,99.3,NERALIS-EdgeVision-v2.4,True,24.8,93.45
INS-DMG-1483,SEG-11,48.9,Longitudinal / Transverse Crack,7.0,7.5,0.0,TIER_2_MODERATE_HAZARD,SEAL_CRACK_WATERPROOFING,89.7,NERALIS-EdgeVision-v2.4,True,23.45,92.74
INS-DMG-1484,SEG-13,77.4,Longitudinal / Transverse Crack,2.6,7.9,0.1,TIER_2_MODERATE_HAZARD,SEAL_CRACK_WATERPROOFING,85.8,NERALIS-EdgeVision-v2.4,True,27.52,88.58
INS-DMG-1485,SEG-16,22.6,Pothole,13.7,1.4,0.1,TIER_2_MODERATE_HAZARD,SPEED_RESTRICTION_PWD_PATCHING,91.6,NERALIS-EdgeVision-v2.4,True,25.18,92.85
INS-DMG-1486,SEG-10,67.1,Debris / Rockfall Deposit,5.9,31.3,153.8,TIER_3_CRITICAL_EMERGENCY,MANDATORY_CLOSURE_BRO_EARTHMOVER,96.3,NERALIS-EdgeVision-v2.4,True,24.2,92.15
INS-DMG-1487,SEG-07,102.8,Pothole,5.1,1.2,0.4,TIER_1_ROUTINE_MONITORING,CONTINUE_NORMAL_OPERATION,92.4,NERALIS-EdgeVision-v2.4,False,25.15,94.02
INS-DMG-1488,SEG-11,121.8,Pothole,19.0,0.7,0.2,TIER_2_MODERATE_HAZARD,SPEED_RESTRICTION_PWD_PATCHING,90.9,NERALIS-EdgeVision-v2.4,True,23.45,92.74
INS-DMG-1489,SEG-10,129.4,Longitudinal / Transverse Crack,7.3,6.1,0.0,TIER_2_MODERATE_HAZARD,SEAL_CRACK_WATERPROOFING,90.5,NERALIS-EdgeVision-v2.4,True,24.2,92.15
INS-DMG-1490,SEG-13,27.0,Debris / Rockfall Deposit,0.5,24.6,67.2,TIER_3_CRITICAL_EMERGENCY,MANDATORY_CLOSURE_BRO_EARTHMOVER,97.4,NERALIS-EdgeVision-v2.4,True,27.52,88.58
INS-DMG-1491,SEG-01,93.5,Intact / Minor Surface Wear,1.0,0.5,0.0,TIER_1_ROUTINE_MONITORING,CONTINUE_NORMAL_OPERATION,94.3,NERALIS-EdgeVision-v2.4,False,26.18,92.12
INS-DMG-1492,SEG-15,12.9,Longitudinal / Transverse Crack,3.2,16.4,0.1,TIER_2_MODERATE_HAZARD,SEAL_CRACK_WATERPROOFING,92.7,NERALIS-EdgeVision-v2.4,True,26.75,94.95
INS-DMG-1493,SEG-11,30.3,Washout / Roadbed Erosion,44.4,57.0,22.2,TIER_3_CRITICAL_EMERGENCY,MANDATORY_CLOSURE_BRO_EARTHMOVER,95.4,NERALIS-EdgeVision-v2.4,True,23.45,92.74
INS-DMG-1494,SEG-08,28.8,Debris / Rockfall Deposit,4.0,22.9,24.2,TIER_3_CRITICAL_EMERGENCY,MANDATORY_CLOSURE_BRO_EARTHMOVER,92.2,NERALIS-EdgeVision-v2.4,True,25.72,93.88
INS-DMG-1495,SEG-08,69.3,Debris / Rockfall Deposit,3.5,31.5,136.0,TIER_3_CRITICAL_EMERGENCY,MANDATORY_CLOSURE_BRO_EARTHMOVER,94.0,NERALIS-EdgeVision-v2.4,True,25.72,93.88
INS-DMG-1496,SEG-11,125.5,Debris / Rockfall Deposit,5.1,17.3,146.7,TIER_3_CRITICAL_EMERGENCY,MANDATORY_CLOSURE_BRO_EARTHMOVER,94.5,NERALIS-EdgeVision-v2.4,True,23.45,92.74
INS-DMG-1497,SEG-12,68.5,Washout / Roadbed Erosion,20.7,21.6,14.9,TIER_3_CRITICAL_EMERGENCY,MANDATORY_CLOSURE_BRO_EARTHMOVER,97.7,NERALIS-EdgeVision-v2.4,True,27.1,88.48
INS-DMG-1498,SEG-10,119.9,Intact / Minor Surface Wear,0.0,0.1,0.0,TIER_1_ROUTINE_MONITORING,CONTINUE_NORMAL_OPERATION,95.6,NERALIS-EdgeVision-v2.4,False,24.2,92.15
INS-DMG-1499,SEG-12,56.8,Debris / Rockfall Deposit,3.7,38.7,74.6,TIER_3_CRITICAL_EMERGENCY,MANDATORY_CLOSURE_BRO_EARTHMOVER,92.1,NERALIS-EdgeVision-v2.4,True,27.1,88.48
INS-DMG-1500,SEG-01,98.6,Pothole,7.8,0.6,0.5,TIER_1_ROUTINE_MONITORING,CONTINUE_NORMAL_OPERATION,92.0,NERALIS-EdgeVision-v2.4,False,26.18,92.12
INS-DMG-1501,SEG-01,67.3,Pothole,11.1,0.9,0.1,TIER_1_ROUTINE_MONITORING,CONTINUE_NORMAL_OPERATION,90.9,NERALIS-EdgeVision-v2.4,False,26.18,92.12
INS-DMG-1502,SEG-06,43.3,Pothole,18.6,0.8,0.4,TIER_2_MODERATE_HAZARD,SPEED_RESTRICTION_PWD_PATCHING,90.7,NERALIS-EdgeVision-v2.4,True,25.8,93.95
INS-DMG-1503,SEG-06,92.1,Debris / Rockfall Deposit,3.8,30.2,115.6,TIER_3_CRITICAL_EMERGENCY,MANDATORY_CLOSURE_BRO_EARTHMOVER,93.2,NERALIS-EdgeVision-v2.4,True,25.8,93.95
INS-DMG-1504,SEG-15,92.5,Washout / Roadbed Erosion,119.4,22.9,9.1,TIER_3_CRITICAL_EMERGENCY,MANDATORY_CLOSURE_BRO_EARTHMOVER,99.0,NERALIS-EdgeVision-v2.4,True,26.75,94.95
INS-DMG-1505,SEG-08,113.3,Debris / Rockfall Deposit,2.8,22.8,154.4,TIER_3_CRITICAL_EMERGENCY,MANDATORY_CLOSURE_BRO_EARTHMOVER,98.8,NERALIS-EdgeVision-v2.4,True,25.72,93.88
INS-DMG-1506,SEG-11,8.1,Longitudinal / Transverse Crack,6.2,4.3,0.1,TIER_2_MODERATE_HAZARD,SEAL_CRACK_WATERPROOFING,87.2,NERALIS-EdgeVision-v2.4,True,23.45,92.74
INS-DMG-1507,SEG-02,70.8,Pothole,20.2,1.5,0.1,TIER_2_MODERATE_HAZARD,SPEED_RESTRICTION_PWD_PATCHING,88.6,NERALIS-EdgeVision-v2.4,True,25.75,91.88
INS-DMG-1508,SEG-16,65.1,Longitudinal / Transverse Crack,3.1,9.9,0.1,TIER_2_MODERATE_HAZARD,SEAL_CRACK_WATERPROOFING,94.6,NERALIS-EdgeVision-v2.4,True,25.18,92.85
INS-DMG-1509,SEG-15,44.7,Pothole,4.8,1.3,0.3,TIER_1_ROUTINE_MONITORING,CONTINUE_NORMAL_OPERATION,92.8,NERALIS-EdgeVision-v2.4,False,26.75,94.95
INS-DMG-1510,SEG-15,4.8,Pothole,10.9,1.1,0.2,TIER_1_ROUTINE_MONITORING,CONTINUE_NORMAL_OPERATION,97.0,NERALIS-EdgeVision-v2.4,False,26.75,94.95
INS-DMG-1511,SEG-01,94.4,Longitudinal / Transverse Crack,4.0,5.8,0.1,TIER_2_MODERATE_HAZARD,SEAL_CRACK_WATERPROOFING,86.5,NERALIS-EdgeVision-v2.4,True,26.18,92.12
INS-DMG-1512,SEG-04,7.5,Debris / Rockfall Deposit,1.5,17.4,29.3,TIER_3_CRITICAL_EMERGENCY,MANDATORY_CLOSURE_BRO_EARTHMOVER,95.6,NERALIS-EdgeVision-v2.4,True,27.26,92.42
INS-DMG-1513,SEG-14,56.1,Intact / Minor Surface Wear,1.5,0.3,0.0,TIER_1_ROUTINE_MONITORING,CONTINUE_NORMAL_OPERATION,92.8,NERALIS-EdgeVision-v2.4,False,26.6,93.4
INS-DMG-1514,SEG-14,17.2,Intact / Minor Surface Wear,1.9,0.3,0.0,TIER_1_ROUTINE_MONITORING,CONTINUE_NORMAL_OPERATION,96.4,NERALIS-EdgeVision-v2.4,False,26.6,93.4
INS-DMG-1515,SEG-03,35.2,Debris / Rockfall Deposit,0.7,39.1,62.0,TIER_3_CRITICAL_EMERGENCY,MANDATORY_CLOSURE_BRO_EARTHMOVER,99.2,NERALIS-EdgeVision-v2.4,True,25.12,92.36
INS-DMG-1516,SEG-08,127.5,Debris / Rockfall Deposit,1.8,39.1,8.5,TIER_3_CRITICAL_EMERGENCY,MANDATORY_CLOSURE_BRO_EARTHMOVER,92.1,NERALIS-EdgeVision-v2.4,True,25.72,93.88
INS-DMG-1517,SEG-15,22.6,Pothole,17.9,0.8,0.2,TIER_2_MODERATE_HAZARD,SPEED_RESTRICTION_PWD_PATCHING,96.9,NERALIS-EdgeVision-v2.4,True,26.75,94.95
INS-DMG-1518,SEG-09,29.7,Longitudinal / Transverse Crack,5.8,16.2,0.2,TIER_2_MODERATE_HAZARD,SEAL_CRACK_WATERPROOFING,93.3,NERALIS-EdgeVision-v2.4,True,24.8,93.45
INS-DMG-1519,SEG-10,9.8,Washout / Roadbed Erosion,83.8,47.0,21.0,TIER_3_CRITICAL_EMERGENCY,MANDATORY_CLOSURE_BRO_EARTHMOVER,96.1,NERALIS-EdgeVision-v2.4,True,24.2,92.15
INS-DMG-1520,SEG-11,47.2,Intact / Minor Surface Wear,0.2,0.4,0.0,TIER_1_ROUTINE_MONITORING,CONTINUE_NORMAL_OPERATION,91.8,NERALIS-EdgeVision-v2.4,False,23.45,92.74
INS-DMG-1521,SEG-03,63.9,Longitudinal / Transverse Crack,2.2,8.3,0.2,TIER_2_MODERATE_HAZARD,SEAL_CRACK_WATERPROOFING,94.2,NERALIS-EdgeVision-v2.4,True,25.12,92.36
INS-DMG-1522,SEG-10,126.5,Longitudinal / Transverse Crack,1.3,2.3,0.1,TIER_2_MODERATE_HAZARD,SEAL_CRACK_WATERPROOFING,85.2,NERALIS-EdgeVision-v2.4,True,24.2,92.15
INS-DMG-1523,SEG-05,138.2,Intact / Minor Surface Wear,1.6,0.4,0.0,TIER_1_ROUTINE_MONITORING,CONTINUE_NORMAL_OPERATION,96.4,NERALIS-EdgeVision-v2.4,False,27.51,92.1
INS-DMG-1524,SEG-14,42.5,Intact / Minor Surface Wear,0.0,0.1,0.0,TIER_1_ROUTINE_MONITORING,CONTINUE_NORMAL_OPERATION,96.3,NERALIS-EdgeVision-v2.4,False,26.6,93.4
INS-DMG-1525,SEG-07,47.3,Pothole,11.0,0.5,0.0,TIER_1_ROUTINE_MONITORING,CONTINUE_NORMAL_OPERATION,93.5,NERALIS-EdgeVision-v2.4,False,25.15,94.02
INS-DMG-1526,SEG-11,56.9,Pothole,19.4,0.7,0.2,TIER_2_MODERATE_HAZARD,SPEED_RESTRICTION_PWD_PATCHING,93.3,NERALIS-EdgeVision-v2.4,True,23.45,92.74
INS-DMG-1527,SEG-02,32.0,Debris / Rockfall Deposit,7.2,7.1,24.5,TIER_3_CRITICAL_EMERGENCY,MANDATORY_CLOSURE_BRO_EARTHMOVER,97.7,NERALIS-EdgeVision-v2.4,True,25.75,91.88
INS-DMG-1528,SEG-10,133.7,Longitudinal / Transverse Crack,4.5,16.7,0.2,TIER_2_MODERATE_HAZARD,SEAL_CRACK_WATERPROOFING,94.5,NERALIS-EdgeVision-v2.4,True,24.2,92.15
INS-DMG-1529,SEG-09,60.0,Washout / Roadbed Erosion,95.8,36.2,22.2,TIER_3_CRITICAL_EMERGENCY,MANDATORY_CLOSURE_BRO_EARTHMOVER,95.4,NERALIS-EdgeVision-v2.4,True,24.8,93.45
INS-DMG-1530,SEG-08,91.2,Debris / Rockfall Deposit,1.3,19.7,163.3,TIER_3_CRITICAL_EMERGENCY,MANDATORY_CLOSURE_BRO_EARTHMOVER,96.0,NERALIS-EdgeVision-v2.4,True,25.72,93.88
INS-DMG-1531,SEG-08,132.6,Pothole,15.6,0.3,0.3,TIER_2_MODERATE_HAZARD,SPEED_RESTRICTION_PWD_PATCHING,89.0,NERALIS-EdgeVision-v2.4,True,25.72,93.88
INS-DMG-1532,SEG-02,76.6,Pothole,12.7,1.1,0.3,TIER_2_MODERATE_HAZARD,SPEED_RESTRICTION_PWD_PATCHING,88.2,NERALIS-EdgeVision-v2.4,True,25.75,91.88
INS-DMG-1533,SEG-05,121.1,Debris / Rockfall Deposit,0.8,30.5,179.3,TIER_3_CRITICAL_EMERGENCY,MANDATORY_CLOSURE_BRO_EARTHMOVER,92.8,NERALIS-EdgeVision-v2.4,True,27.51,92.1
INS-DMG-1534,SEG-01,22.8,Longitudinal / Transverse Crack,3.8,11.3,0.2,TIER_2_MODERATE_HAZARD,SEAL_CRACK_WATERPROOFING,95.0,NERALIS-EdgeVision-v2.4,True,26.18,92.12
INS-DMG-1535,SEG-10,43.6,Longitudinal / Transverse Crack,2.6,6.1,0.0,TIER_2_MODERATE_HAZARD,SEAL_CRACK_WATERPROOFING,88.5,NERALIS-EdgeVision-v2.4,True,24.2,92.15
INS-DMG-1536,SEG-07,64.1,Washout / Roadbed Erosion,98.7,36.5,26.8,TIER_3_CRITICAL_EMERGENCY,MANDATORY_CLOSURE_BRO_EARTHMOVER,95.4,NERALIS-EdgeVision-v2.4,True,25.15,94.02
INS-DMG-1537,SEG-03,102.2,Pothole,20.9,1.3,0.2,TIER_2_MODERATE_HAZARD,SPEED_RESTRICTION_PWD_PATCHING,89.3,NERALIS-EdgeVision-v2.4,True,25.12,92.36
INS-DMG-1538,SEG-16,34.3,Longitudinal / Transverse Crack,7.1,3.8,0.1,TIER_2_MODERATE_HAZARD,SEAL_CRACK_WATERPROOFING,86.9,NERALIS-EdgeVision-v2.4,True,25.18,92.85
INS-DMG-1539,SEG-03,43.3,Intact / Minor Surface Wear,0.6,0.1,0.0,TIER_1_ROUTINE_MONITORING,CONTINUE_NORMAL_OPERATION,94.4,NERALIS-EdgeVision-v2.4,False,25.12,92.36
INS-DMG-1540,SEG-05,45.0,Longitudinal / Transverse Crack,5.6,10.7,0.1,TIER_2_MODERATE_HAZARD,SEAL_CRACK_WATERPROOFING,89.9,NERALIS-EdgeVision-v2.4,True,27.51,92.1
INS-DMG-1541,SEG-03,46.6,Intact / Minor Surface Wear,0.3,0.2,0.0,TIER_1_ROUTINE_MONITORING,CONTINUE_NORMAL_OPERATION,91.4,NERALIS-EdgeVision-v2.4,False,25.12,92.36
INS-DMG-1542,SEG-03,52.3,Washout / Roadbed Erosion,24.0,49.9,30.1,TIER_3_CRITICAL_EMERGENCY,MANDATORY_CLOSURE_BRO_EARTHMOVER,96.3,NERALIS-EdgeVision-v2.4,True,25.12,92.36
INS-DMG-1543,SEG-10,70.9,Washout / Roadbed Erosion,109.8,42.5,1.9,TIER_3_CRITICAL_EMERGENCY,MANDATORY_CLOSURE_BRO_EARTHMOVER,92.9,NERALIS-EdgeVision-v2.4,True,24.2,92.15
INS-DMG-1544,SEG-01,116.9,Pothole,5.3,0.6,0.3,TIER_1_ROUTINE_MONITORING,CONTINUE_NORMAL_OPERATION,95.3,NERALIS-EdgeVision-v2.4,False,26.18,92.12
INS-DMG-1545,SEG-10,26.5,Pothole,7.0,1.2,0.4,TIER_1_ROUTINE_MONITORING,CONTINUE_NORMAL_OPERATION,97.5,NERALIS-EdgeVision-v2.4,False,24.2,92.15
INS-DMG-1546,SEG-11,34.2,Longitudinal / Transverse Crack,6.3,17.3,0.2,TIER_2_MODERATE_HAZARD,SEAL_CRACK_WATERPROOFING,87.4,NERALIS-EdgeVision-v2.4,True,23.45,92.74
INS-DMG-1547,SEG-13,113.7,Longitudinal / Transverse Crack,6.2,10.8,0.2,TIER_2_MODERATE_HAZARD,SEAL_CRACK_WATERPROOFING,93.2,NERALIS-EdgeVision-v2.4,True,27.52,88.58
INS-DMG-1548,SEG-07,46.7,Debris / Rockfall Deposit,7.3,22.6,45.0,TIER_3_CRITICAL_EMERGENCY,MANDATORY_CLOSURE_BRO_EARTHMOVER,97.1,NERALIS-EdgeVision-v2.4,True,25.15,94.02
INS-DMG-1549,SEG-14,2.9,Pothole,17.9,0.7,0.3,TIER_2_MODERATE_HAZARD,SPEED_RESTRICTION_PWD_PATCHING,95.4,NERALIS-EdgeVision-v2.4,True,26.6,93.4
INS-DMG-1550,SEG-09,51.1,Longitudinal / Transverse Crack,1.6,11.2,0.1,TIER_2_MODERATE_HAZARD,SEAL_CRACK_WATERPROOFING,91.6,NERALIS-EdgeVision-v2.4,True,24.8,93.45
INS-DMG-1551,SEG-01,53.0,Longitudinal / Transverse Crack,2.2,15.9,0.0,TIER_2_MODERATE_HAZARD,SEAL_CRACK_WATERPROOFING,91.8,NERALIS-EdgeVision-v2.4,True,26.18,92.12
INS-DMG-1552,SEG-11,108.5,Longitudinal / Transverse Crack,3.9,10.2,0.2,TIER_2_MODERATE_HAZARD,SEAL_CRACK_WATERPROOFING,88.0,NERALIS-EdgeVision-v2.4,True,23.45,92.74
INS-DMG-1553,SEG-02,75.4,Longitudinal / Transverse Crack,1.3,11.6,0.1,TIER_2_MODERATE_HAZARD,SEAL_CRACK_WATERPROOFING,86.7,NERALIS-EdgeVision-v2.4,True,25.75,91.88
INS-DMG-1554,SEG-02,74.5,Debris / Rockfall Deposit,5.3,38.4,98.3,TIER_3_CRITICAL_EMERGENCY,MANDATORY_CLOSURE_BRO_EARTHMOVER,98.3,NERALIS-EdgeVision-v2.4,True,25.75,91.88
INS-DMG-1555,SEG-08,94.2,Intact / Minor Surface Wear,1.6,0.1,0.0,TIER_1_ROUTINE_MONITORING,CONTINUE_NORMAL_OPERATION,94.8,NERALIS-EdgeVision-v2.4,False,25.72,93.88
INS-DMG-1556,SEG-05,78.9,Intact / Minor Surface Wear,1.4,0.3,0.0,TIER_1_ROUTINE_MONITORING,CONTINUE_NORMAL_OPERATION,94.7,NERALIS-EdgeVision-v2.4,False,27.51,92.1
INS-DMG-1557,SEG-07,13.5,Debris / Rockfall Deposit,7.1,44.2,105.6,TIER_3_CRITICAL_EMERGENCY,MANDATORY_CLOSURE_BRO_EARTHMOVER,96.7,NERALIS-EdgeVision-v2.4,True,25.15,94.02
INS-DMG-1558,SEG-15,13.2,Longitudinal / Transverse Crack,3.3,12.5,0.1,TIER_2_MODERATE_HAZARD,SEAL_CRACK_WATERPROOFING,89.3,NERALIS-EdgeVision-v2.4,True,26.75,94.95
INS-DMG-1559,SEG-01,8.2,Washout / Roadbed Erosion,111.7,25.8,8.6,TIER_3_CRITICAL_EMERGENCY,MANDATORY_CLOSURE_BRO_EARTHMOVER,94.9,NERALIS-EdgeVision-v2.4,True,26.18,92.12
INS-DMG-1560,SEG-06,106.5,Washout / Roadbed Erosion,100.1,13.2,30.1,TIER_3_CRITICAL_EMERGENCY,MANDATORY_CLOSURE_BRO_EARTHMOVER,93.8,NERALIS-EdgeVision-v2.4,True,25.8,93.95
INS-DMG-1561,SEG-02,54.2,Longitudinal / Transverse Crack,2.9,7.1,0.1,TIER_2_MODERATE_HAZARD,SEAL_CRACK_WATERPROOFING,86.4,NERALIS-EdgeVision-v2.4,True,25.75,91.88
INS-DMG-1562,SEG-02,118.4,Washout / Roadbed Erosion,15.3,54.9,27.7,TIER_3_CRITICAL_EMERGENCY,MANDATORY_CLOSURE_BRO_EARTHMOVER,94.9,NERALIS-EdgeVision-v2.4,True,25.75,91.88
INS-DMG-1563,SEG-12,60.4,Washout / Roadbed Erosion,38.7,39.7,10.5,TIER_3_CRITICAL_EMERGENCY,MANDATORY_CLOSURE_BRO_EARTHMOVER,92.2,NERALIS-EdgeVision-v2.4,True,27.1,88.48
INS-DMG-1564,SEG-01,55.9,Pothole,18.1,1.4,0.4,TIER_2_MODERATE_HAZARD,SPEED_RESTRICTION_PWD_PATCHING,90.5,NERALIS-EdgeVision-v2.4,True,26.18,92.12
INS-DMG-1565,SEG-11,8.0,Pothole,13.0,1.5,0.3,TIER_2_MODERATE_HAZARD,SPEED_RESTRICTION_PWD_PATCHING,88.7,NERALIS-EdgeVision-v2.4,True,23.45,92.74
INS-DMG-1566,SEG-13,56.4,Longitudinal / Transverse Crack,1.6,17.8,0.0,TIER_2_MODERATE_HAZARD,SEAL_CRACK_WATERPROOFING,90.7,NERALIS-EdgeVision-v2.4,True,27.52,88.58
INS-DMG-1567,SEG-09,101.7,Debris / Rockfall Deposit,3.1,8.5,105.3,TIER_3_CRITICAL_EMERGENCY,MANDATORY_CLOSURE_BRO_EARTHMOVER,95.4,NERALIS-EdgeVision-v2.4,True,24.8,93.45
INS-DMG-1568,SEG-08,3.7,Pothole,12.2,1.4,0.5,TIER_2_MODERATE_HAZARD,SPEED_RESTRICTION_PWD_PATCHING,89.5,NERALIS-EdgeVision-v2.4,True,25.72,93.88
INS-DMG-1569,SEG-01,47.1,Longitudinal / Transverse Crack,7.3,9.1,0.1,TIER_2_MODERATE_HAZARD,SEAL_CRACK_WATERPROOFING,89.9,NERALIS-EdgeVision-v2.4,True,26.18,92.12
INS-DMG-1570,SEG-13,29.4,Longitudinal / Transverse Crack,7.3,15.8,0.0,TIER_2_MODERATE_HAZARD,SEAL_CRACK_WATERPROOFING,90.1,NERALIS-EdgeVision-v2.4,True,27.52,88.58
INS-DMG-1571,SEG-11,76.6,Longitudinal / Transverse Crack,4.2,15.9,0.0,TIER_2_MODERATE_HAZARD,SEAL_CRACK_WATERPROOFING,94.9,NERALIS-EdgeVision-v2.4,True,23.45,92.74
INS-DMG-1572,SEG-15,103.6,Debris / Rockfall Deposit,2.5,13.1,55.5,TIER_3_CRITICAL_EMERGENCY,MANDATORY_CLOSURE_BRO_EARTHMOVER,92.6,NERALIS-EdgeVision-v2.4,True,26.75,94.95
INS-DMG-1573,SEG-15,80.4,Pothole,14.0,0.9,0.3,TIER_2_MODERATE_HAZARD,SPEED_RESTRICTION_PWD_PATCHING,88.2,NERALIS-EdgeVision-v2.4,True,26.75,94.95
INS-DMG-1574,SEG-10,138.1,Pothole,10.8,0.8,0.4,TIER_1_ROUTINE_MONITORING,CONTINUE_NORMAL_OPERATION,97.1,NERALIS-EdgeVision-v2.4,False,24.2,92.15
INS-DMG-1575,SEG-13,40.8,Longitudinal / Transverse Crack,7.1,9.3,0.1,TIER_2_MODERATE_HAZARD,SEAL_CRACK_WATERPROOFING,92.6,NERALIS-EdgeVision-v2.4,True,27.52,88.58
INS-DMG-1576,SEG-08,6.7,Pothole,9.4,1.3,0.1,TIER_1_ROUTINE_MONITORING,CONTINUE_NORMAL_OPERATION,94.1,NERALIS-EdgeVision-v2.4,False,25.72,93.88
INS-DMG-1577,SEG-12,103.2,Debris / Rockfall Deposit,6.7,14.4,148.7,TIER_3_CRITICAL_EMERGENCY,MANDATORY_CLOSURE_BRO_EARTHMOVER,98.1,NERALIS-EdgeVision-v2.4,True,27.1,88.48
INS-DMG-1578,SEG-12,126.8,Washout / Roadbed Erosion,23.7,32.5,9.9,TIER_3_CRITICAL_EMERGENCY,MANDATORY_CLOSURE_BRO_EARTHMOVER,93.6,NERALIS-EdgeVision-v2.4,True,27.1,88.48
INS-DMG-1579,SEG-14,106.9,Intact / Minor Surface Wear,0.6,0.0,0.0,TIER_1_ROUTINE_MONITORING,CONTINUE_NORMAL_OPERATION,97.9,NERALIS-EdgeVision-v2.4,False,26.6,93.4
INS-DMG-1580,SEG-16,107.9,Longitudinal / Transverse Crack,4.1,15.2,0.1,TIER_2_MODERATE_HAZARD,SEAL_CRACK_WATERPROOFING,88.3,NERALIS-EdgeVision-v2.4,True,25.18,92.85
INS-DMG-1581,SEG-01,67.8,Debris / Rockfall Deposit,0.8,14.8,97.4,TIER_3_CRITICAL_EMERGENCY,MANDATORY_CLOSURE_BRO_EARTHMOVER,96.1,NERALIS-EdgeVision-v2.4,True,26.18,92.12
INS-DMG-1582,SEG-13,36.3,Debris / Rockfall Deposit,1.2,35.0,128.5,TIER_3_CRITICAL_EMERGENCY,MANDATORY_CLOSURE_BRO_EARTHMOVER,96.0,NERALIS-EdgeVision-v2.4,True,27.52,88.58
INS-DMG-1583,SEG-11,60.9,Longitudinal / Transverse Crack,7.9,9.3,0.1,TIER_2_MODERATE_HAZARD,SEAL_CRACK_WATERPROOFING,89.0,NERALIS-EdgeVision-v2.4,True,23.45,92.74
INS-DMG-1584,SEG-10,131.9,Pothole,19.5,0.9,0.4,TIER_2_MODERATE_HAZARD,SPEED_RESTRICTION_PWD_PATCHING,93.1,NERALIS-EdgeVision-v2.4,True,24.2,92.15
INS-DMG-1585,SEG-03,74.1,Longitudinal / Transverse Crack,1.7,17.8,0.1,TIER_2_MODERATE_HAZARD,SEAL_CRACK_WATERPROOFING,89.4,NERALIS-EdgeVision-v2.4,True,25.12,92.36
INS-DMG-1586,SEG-03,46.2,Intact / Minor Surface Wear,0.2,0.0,0.0,TIER_1_ROUTINE_MONITORING,CONTINUE_NORMAL_OPERATION,93.2,NERALIS-EdgeVision-v2.4,False,25.12,92.36
INS-DMG-1587,SEG-02,125.6,Debris / Rockfall Deposit,6.1,17.9,145.9,TIER_3_CRITICAL_EMERGENCY,MANDATORY_CLOSURE_BRO_EARTHMOVER,94.4,NERALIS-EdgeVision-v2.4,True,25.75,91.88
INS-DMG-1588,SEG-03,99.9,Washout / Roadbed Erosion,84.6,36.9,13.2,TIER_3_CRITICAL_EMERGENCY,MANDATORY_CLOSURE_BRO_EARTHMOVER,97.7,NERALIS-EdgeVision-v2.4,True,25.12,92.36
INS-DMG-1589,SEG-16,38.9,Pothole,12.3,0.3,0.2,TIER_2_MODERATE_HAZARD,SPEED_RESTRICTION_PWD_PATCHING,95.1,NERALIS-EdgeVision-v2.4,True,25.18,92.85
INS-DMG-1590,SEG-13,83.4,Washout / Roadbed Erosion,49.5,11.1,33.9,TIER_3_CRITICAL_EMERGENCY,MANDATORY_CLOSURE_BRO_EARTHMOVER,95.2,NERALIS-EdgeVision-v2.4,True,27.52,88.58
INS-DMG-1591,SEG-12,29.9,Longitudinal / Transverse Crack,5.1,12.5,0.1,TIER_2_MODERATE_HAZARD,SEAL_CRACK_WATERPROOFING,88.0,NERALIS-EdgeVision-v2.4,True,27.1,88.48
INS-DMG-1592,SEG-13,131.5,Debris / Rockfall Deposit,7.3,4.9,157.6,TIER_3_CRITICAL_EMERGENCY,MANDATORY_CLOSURE_BRO_EARTHMOVER,97.2,NERALIS-EdgeVision-v2.4,True,27.52,88.58
INS-DMG-1593,SEG-06,98.1,Longitudinal / Transverse Crack,6.7,12.6,0.0,TIER_2_MODERATE_HAZARD,SEAL_CRACK_WATERPROOFING,86.7,NERALIS-EdgeVision-v2.4,True,25.8,93.95
INS-DMG-1594,SEG-05,4.3,Longitudinal / Transverse Crack,6.8,8.8,0.0,TIER_2_MODERATE_HAZARD,SEAL_CRACK_WATERPROOFING,93.0,NERALIS-EdgeVision-v2.4,True,27.51,92.1
INS-DMG-1595,SEG-05,131.1,Debris / Rockfall Deposit,8.2,36.3,8.4,TIER_3_CRITICAL_EMERGENCY,MANDATORY_CLOSURE_BRO_EARTHMOVER,93.3,NERALIS-EdgeVision-v2.4,True,27.51,92.1
INS-DMG-1596,SEG-06,60.9,Longitudinal / Transverse Crack,5.1,12.5,0.1,TIER_2_MODERATE_HAZARD,SEAL_CRACK_WATERPROOFING,93.1,NERALIS-EdgeVision-v2.4,True,25.8,93.95
INS-DMG-1597,SEG-08,53.8,Pothole,21.4,0.7,0.3,TIER_2_MODERATE_HAZARD,SPEED_RESTRICTION_PWD_PATCHING,90.0,NERALIS-EdgeVision-v2.4,True,25.72,93.88
INS-DMG-1598,SEG-11,58.7,Pothole,12.9,1.3,0.2,TIER_2_MODERATE_HAZARD,SPEED_RESTRICTION_PWD_PATCHING,92.0,NERALIS-EdgeVision-v2.4,True,23.45,92.74
INS-DMG-1599,SEG-02,55.9,Longitudinal / Transverse Crack,7.8,10.2,0.1,TIER_2_MODERATE_HAZARD,SEAL_CRACK_WATERPROOFING,92.8,NERALIS-EdgeVision-v2.4,True,25.75,91.88
INS-DMG-1600,SEG-07,23.2,Debris / Rockfall Deposit,6.1,21.9,157.8,TIER_3_CRITICAL_EMERGENCY,MANDATORY_CLOSURE_BRO_EARTHMOVER,95.7,NERALIS-EdgeVision-v2.4,True,25.15,94.02
INS-DMG-1601,SEG-07,44.5,Longitudinal / Transverse Crack,1.2,16.6,0.2,TIER_2_MODERATE_HAZARD,SEAL_CRACK_WATERPROOFING,94.6,NERALIS-EdgeVision-v2.4,True,25.15,94.02
INS-DMG-1602,SEG-12,51.1,Pothole,14.2,1.1,0.4,TIER_2_MODERATE_HAZARD,SPEED_RESTRICTION_PWD_PATCHING,89.6,NERALIS-EdgeVision-v2.4,True,27.1,88.48
INS-DMG-1603,SEG-02,22.1,Intact / Minor Surface Wear,0.1,0.5,0.0,TIER_1_ROUTINE_MONITORING,CONTINUE_NORMAL_OPERATION,90.2,NERALIS-EdgeVision-v2.4,False,25.75,91.88
INS-DMG-1604,SEG-15,32.2,Washout / Roadbed Erosion,44.6,23.5,21.9,TIER_3_CRITICAL_EMERGENCY,MANDATORY_CLOSURE_BRO_EARTHMOVER,93.7,NERALIS-EdgeVision-v2.4,True,26.75,94.95
INS-DMG-1605,SEG-06,75.5,Washout / Roadbed Erosion,89.3,25.7,6.9,TIER_3_CRITICAL_EMERGENCY,MANDATORY_CLOSURE_BRO_EARTHMOVER,99.1,NERALIS-EdgeVision-v2.4,True,25.8,93.95
INS-DMG-1606,SEG-06,15.9,Pothole,11.3,0.8,0.5,TIER_1_ROUTINE_MONITORING,CONTINUE_NORMAL_OPERATION,90.5,NERALIS-EdgeVision-v2.4,False,25.8,93.95
INS-DMG-1607,SEG-09,98.2,Pothole,21.5,1.2,0.4,TIER_2_MODERATE_HAZARD,SPEED_RESTRICTION_PWD_PATCHING,96.1,NERALIS-EdgeVision-v2.4,True,24.8,93.45
INS-DMG-1608,SEG-01,112.9,Longitudinal / Transverse Crack,7.7,13.8,0.0,TIER_2_MODERATE_HAZARD,SEAL_CRACK_WATERPROOFING,87.3,NERALIS-EdgeVision-v2.4,True,26.18,92.12
INS-DMG-1609,SEG-16,126.8,Longitudinal / Transverse Crack,7.6,1.6,0.1,TIER_2_MODERATE_HAZARD,SEAL_CRACK_WATERPROOFING,93.0,NERALIS-EdgeVision-v2.4,True,25.18,92.85
INS-DMG-1610,SEG-16,29.1,Longitudinal / Transverse Crack,4.6,10.7,0.1,TIER_2_MODERATE_HAZARD,SEAL_CRACK_WATERPROOFING,87.1,NERALIS-EdgeVision-v2.4,True,25.18,92.85
INS-DMG-1611,SEG-03,43.2,Pothole,6.1,0.5,0.3,TIER_1_ROUTINE_MONITORING,CONTINUE_NORMAL_OPERATION,93.8,NERALIS-EdgeVision-v2.4,False,25.12,92.36
INS-DMG-1612,SEG-14,99.4,Washout / Roadbed Erosion,112.1,50.8,36.6,TIER_3_CRITICAL_EMERGENCY,MANDATORY_CLOSURE_BRO_EARTHMOVER,93.2,NERALIS-EdgeVision-v2.4,True,26.6,93.4
INS-DMG-1613,SEG-03,30.3,Washout / Roadbed Erosion,105.4,50.6,34.0,TIER_3_CRITICAL_EMERGENCY,MANDATORY_CLOSURE_BRO_EARTHMOVER,93.9,NERALIS-EdgeVision-v2.4,True,25.12,92.36
INS-DMG-1614,SEG-02,96.0,Pothole,13.3,0.5,0.2,TIER_2_MODERATE_HAZARD,SPEED_RESTRICTION_PWD_PATCHING,90.5,NERALIS-EdgeVision-v2.4,True,25.75,91.88
INS-DMG-1615,SEG-03,65.8,Pothole,6.4,0.4,0.1,TIER_1_ROUTINE_MONITORING,CONTINUE_NORMAL_OPERATION,93.8,NERALIS-EdgeVision-v2.4,False,25.12,92.36
INS-DMG-1616,SEG-16,26.3,Pothole,10.4,0.6,0.2,TIER_1_ROUTINE_MONITORING,CONTINUE_NORMAL_OPERATION,94.1,NERALIS-EdgeVision-v2.4,False,25.18,92.85
INS-DMG-1617,SEG-07,16.0,Debris / Rockfall Deposit,6.0,18.6,19.2,TIER_3_CRITICAL_EMERGENCY,MANDATORY_CLOSURE_BRO_EARTHMOVER,99.0,NERALIS-EdgeVision-v2.4,True,25.15,94.02
INS-DMG-1618,SEG-04,122.3,Longitudinal / Transverse Crack,4.7,5.5,0.1,TIER_2_MODERATE_HAZARD,SEAL_CRACK_WATERPROOFING,89.6,NERALIS-EdgeVision-v2.4,True,27.26,92.42
INS-DMG-1619,SEG-06,9.8,Washout / Roadbed Erosion,27.5,32.7,11.5,TIER_3_CRITICAL_EMERGENCY,MANDATORY_CLOSURE_BRO_EARTHMOVER,96.0,NERALIS-EdgeVision-v2.4,True,25.8,93.95
INS-DMG-1620,SEG-03,97.0,Longitudinal / Transverse Crack,5.2,13.7,0.0,TIER_2_MODERATE_HAZARD,SEAL_CRACK_WATERPROOFING,89.7,NERALIS-EdgeVision-v2.4,True,25.12,92.36
INS-DMG-1621,SEG-02,69.2,Pothole,12.1,0.9,0.0,TIER_2_MODERATE_HAZARD,SPEED_RESTRICTION_PWD_PATCHING,92.0,NERALIS-EdgeVision-v2.4,True,25.75,91.88
INS-DMG-1622,SEG-04,42.7,Longitudinal / Transverse Crack,7.7,8.1,0.1,TIER_2_MODERATE_HAZARD,SEAL_CRACK_WATERPROOFING,91.2,NERALIS-EdgeVision-v2.4,True,27.26,92.42
INS-DMG-1623,SEG-05,27.5,Longitudinal / Transverse Crack,6.4,3.2,0.1,TIER_2_MODERATE_HAZARD,SEAL_CRACK_WATERPROOFING,89.4,NERALIS-EdgeVision-v2.4,True,27.51,92.1
INS-DMG-1624,SEG-01,64.5,Longitudinal / Transverse Crack,6.6,8.0,0.0,TIER_2_MODERATE_HAZARD,SEAL_CRACK_WATERPROOFING,93.4,NERALIS-EdgeVision-v2.4,True,26.18,92.12
INS-DMG-1625,SEG-08,102.2,Intact / Minor Surface Wear,0.6,0.3,0.0,TIER_1_ROUTINE_MONITORING,CONTINUE_NORMAL_OPERATION,90.2,NERALIS-EdgeVision-v2.4,False,25.72,93.88
INS-DMG-1626,SEG-16,55.1,Longitudinal / Transverse Crack,5.8,11.9,0.1,TIER_2_MODERATE_HAZARD,SEAL_CRACK_WATERPROOFING,86.9,NERALIS-EdgeVision-v2.4,True,25.18,92.85
INS-DMG-1627,SEG-08,92.8,Intact / Minor Surface Wear,0.5,0.1,0.0,TIER_1_ROUTINE_MONITORING,CONTINUE_NORMAL_OPERATION,93.0,NERALIS-EdgeVision-v2.4,False,25.72,93.88
INS-DMG-1628,SEG-06,69.2,Intact / Minor Surface Wear,0.6,0.2,0.0,TIER_1_ROUTINE_MONITORING,CONTINUE_NORMAL_OPERATION,90.7,NERALIS-EdgeVision-v2.4,False,25.8,93.95
INS-DMG-1629,SEG-11,15.4,Debris / Rockfall Deposit,2.0,3.1,47.8,TIER_3_CRITICAL_EMERGENCY,MANDATORY_CLOSURE_BRO_EARTHMOVER,98.9,NERALIS-EdgeVision-v2.4,True,23.45,92.74
INS-DMG-1630,SEG-06,73.7,Longitudinal / Transverse Crack,4.3,3.7,0.2,TIER_2_MODERATE_HAZARD,SEAL_CRACK_WATERPROOFING,91.5,NERALIS-EdgeVision-v2.4,True,25.8,93.95
INS-DMG-1631,SEG-01,59.1,Pothole,15.2,1.1,0.0,TIER_2_MODERATE_HAZARD,SPEED_RESTRICTION_PWD_PATCHING,91.1,NERALIS-EdgeVision-v2.4,True,26.18,92.12
INS-DMG-1632,SEG-04,139.6,Debris / Rockfall Deposit,4.7,17.1,76.3,TIER_3_CRITICAL_EMERGENCY,MANDATORY_CLOSURE_BRO_EARTHMOVER,98.8,NERALIS-EdgeVision-v2.4,True,27.26,92.42
INS-DMG-1633,SEG-08,3.3,Pothole,19.0,1.4,0.4,TIER_2_MODERATE_HAZARD,SPEED_RESTRICTION_PWD_PATCHING,88.4,NERALIS-EdgeVision-v2.4,True,25.72,93.88
INS-DMG-1634,SEG-06,121.0,Intact / Minor Surface Wear,0.5,0.1,0.0,TIER_1_ROUTINE_MONITORING,CONTINUE_NORMAL_OPERATION,90.3,NERALIS-EdgeVision-v2.4,False,25.8,93.95
INS-DMG-1635,SEG-05,134.1,Debris / Rockfall Deposit,6.1,33.9,14.0,TIER_3_CRITICAL_EMERGENCY,MANDATORY_CLOSURE_BRO_EARTHMOVER,96.5,NERALIS-EdgeVision-v2.4,True,27.51,92.1
INS-DMG-1636,SEG-07,48.3,Intact / Minor Surface Wear,0.6,0.0,0.0,TIER_1_ROUTINE_MONITORING,CONTINUE_NORMAL_OPERATION,90.7,NERALIS-EdgeVision-v2.4,False,25.15,94.02
INS-DMG-1637,SEG-12,132.2,Intact / Minor Surface Wear,0.6,0.1,0.0,TIER_1_ROUTINE_MONITORING,CONTINUE_NORMAL_OPERATION,94.2,NERALIS-EdgeVision-v2.4,False,27.1,88.48
INS-DMG-1638,SEG-16,36.9,Pothole,12.1,1.7,0.3,TIER_2_MODERATE_HAZARD,SPEED_RESTRICTION_PWD_PATCHING,91.2,NERALIS-EdgeVision-v2.4,True,25.18,92.85
INS-DMG-1639,SEG-13,74.1,Longitudinal / Transverse Crack,2.2,17.0,0.0,TIER_2_MODERATE_HAZARD,SEAL_CRACK_WATERPROOFING,86.7,NERALIS-EdgeVision-v2.4,True,27.52,88.58
INS-DMG-1640,SEG-15,52.9,Pothole,13.4,1.0,0.5,TIER_2_MODERATE_HAZARD,SPEED_RESTRICTION_PWD_PATCHING,94.8,NERALIS-EdgeVision-v2.4,True,26.75,94.95
INS-DMG-1641,SEG-12,15.4,Pothole,14.9,1.5,0.5,TIER_2_MODERATE_HAZARD,SPEED_RESTRICTION_PWD_PATCHING,91.2,NERALIS-EdgeVision-v2.4,True,27.1,88.48
INS-DMG-1642,SEG-08,87.4,Intact / Minor Surface Wear,0.5,0.4,0.0,TIER_1_ROUTINE_MONITORING,CONTINUE_NORMAL_OPERATION,92.8,NERALIS-EdgeVision-v2.4,False,25.72,93.88
INS-DMG-1643,SEG-08,106.4,Pothole,16.7,1.1,0.0,TIER_2_MODERATE_HAZARD,SPEED_RESTRICTION_PWD_PATCHING,95.8,NERALIS-EdgeVision-v2.4,True,25.72,93.88
INS-DMG-1644,SEG-04,78.5,Pothole,21.4,0.7,0.3,TIER_2_MODERATE_HAZARD,SPEED_RESTRICTION_PWD_PATCHING,91.8,NERALIS-EdgeVision-v2.4,True,27.26,92.42
INS-DMG-1645,SEG-03,62.6,Pothole,18.6,0.7,0.2,TIER_2_MODERATE_HAZARD,SPEED_RESTRICTION_PWD_PATCHING,88.3,NERALIS-EdgeVision-v2.4,True,25.12,92.36
INS-DMG-1646,SEG-01,61.8,Pothole,9.6,0.6,0.2,TIER_1_ROUTINE_MONITORING,CONTINUE_NORMAL_OPERATION,94.6,NERALIS-EdgeVision-v2.4,False,26.18,92.12
INS-DMG-1647,SEG-02,55.4,Longitudinal / Transverse Crack,2.7,14.4,0.1,TIER_2_MODERATE_HAZARD,SEAL_CRACK_WATERPROOFING,92.7,NERALIS-EdgeVision-v2.4,True,25.75,91.88
INS-DMG-1648,SEG-11,131.0,Pothole,19.8,1.5,0.2,TIER_2_MODERATE_HAZARD,SPEED_RESTRICTION_PWD_PATCHING,94.8,NERALIS-EdgeVision-v2.4,True,23.45,92.74
INS-DMG-1649,SEG-14,33.3,Pothole,21.3,1.6,0.4,TIER_2_MODERATE_HAZARD,SPEED_RESTRICTION_PWD_PATCHING,96.2,NERALIS-EdgeVision-v2.4,True,26.6,93.4
INS-DMG-1650,SEG-10,133.4,Intact / Minor Surface Wear,0.3,0.1,0.0,TIER_1_ROUTINE_MONITORING,CONTINUE_NORMAL_OPERATION,94.8,NERALIS-EdgeVision-v2.4,False,24.2,92.15
INS-DMG-1651,SEG-15,48.2,Longitudinal / Transverse Crack,6.2,4.3,0.1,TIER_2_MODERATE_HAZARD,SEAL_CRACK_WATERPROOFING,87.6,NERALIS-EdgeVision-v2.4,True,26.75,94.95
INS-DMG-1652,SEG-10,2.7,Longitudinal / Transverse Crack,5.5,11.8,0.0,TIER_2_MODERATE_HAZARD,SEAL_CRACK_WATERPROOFING,88.6,NERALIS-EdgeVision-v2.4,True,24.2,92.15
INS-DMG-1653,SEG-01,18.5,Intact / Minor Surface Wear,1.4,0.4,0.0,TIER_1_ROUTINE_MONITORING,CONTINUE_NORMAL_OPERATION,92.7,NERALIS-EdgeVision-v2.4,False,26.18,92.12
INS-DMG-1654,SEG-01,89.7,Longitudinal / Transverse Crack,3.6,13.1,0.2,TIER_2_MODERATE_HAZARD,SEAL_CRACK_WATERPROOFING,88.2,NERALIS-EdgeVision-v2.4,True,26.18,92.12
INS-DMG-1655,SEG-03,138.6,Washout / Roadbed Erosion,112.7,38.9,38.5,TIER_3_CRITICAL_EMERGENCY,MANDATORY_CLOSURE_BRO_EARTHMOVER,97.3,NERALIS-EdgeVision-v2.4,True,25.12,92.36
INS-DMG-1656,SEG-04,117.4,Pothole,20.9,1.7,0.2,TIER_2_MODERATE_HAZARD,SPEED_RESTRICTION_PWD_PATCHING,91.1,NERALIS-EdgeVision-v2.4,True,27.26,92.42
INS-DMG-1657,SEG-07,53.9,Longitudinal / Transverse Crack,1.0,3.7,0.0,TIER_2_MODERATE_HAZARD,SEAL_CRACK_WATERPROOFING,89.6,NERALIS-EdgeVision-v2.4,True,25.15,94.02
INS-DMG-1658,SEG-07,90.1,Longitudinal / Transverse Crack,4.0,10.2,0.2,TIER_2_MODERATE_HAZARD,SEAL_CRACK_WATERPROOFING,89.1,NERALIS-EdgeVision-v2.4,True,25.15,94.02
INS-DMG-1659,SEG-10,55.4,Washout / Roadbed Erosion,38.8,16.0,32.8,TIER_3_CRITICAL_EMERGENCY,MANDATORY_CLOSURE_BRO_EARTHMOVER,98.8,NERALIS-EdgeVision-v2.4,True,24.2,92.15
INS-DMG-1660,SEG-16,96.5,Pothole,20.0,0.4,0.4,TIER_2_MODERATE_HAZARD,SPEED_RESTRICTION_PWD_PATCHING,90.8,NERALIS-EdgeVision-v2.4,True,25.18,92.85
INS-DMG-1661,SEG-09,139.5,Pothole,18.7,1.8,0.5,TIER_2_MODERATE_HAZARD,SPEED_RESTRICTION_PWD_PATCHING,93.8,NERALIS-EdgeVision-v2.4,True,24.8,93.45
INS-DMG-1662,SEG-06,24.3,Longitudinal / Transverse Crack,3.1,15.7,0.2,TIER_2_MODERATE_HAZARD,SEAL_CRACK_WATERPROOFING,93.9,NERALIS-EdgeVision-v2.4,True,25.8,93.95
INS-DMG-1663,SEG-04,93.5,Pothole,16.6,1.5,0.5,TIER_2_MODERATE_HAZARD,SPEED_RESTRICTION_PWD_PATCHING,92.8,NERALIS-EdgeVision-v2.4,True,27.26,92.42
INS-DMG-1664,SEG-07,4.5,Pothole,4.4,1.1,0.3,TIER_1_ROUTINE_MONITORING,CONTINUE_NORMAL_OPERATION,94.0,NERALIS-EdgeVision-v2.4,False,25.15,94.02
INS-DMG-1665,SEG-12,90.6,Longitudinal / Transverse Crack,5.9,3.7,0.2,TIER_2_MODERATE_HAZARD,SEAL_CRACK_WATERPROOFING,88.7,NERALIS-EdgeVision-v2.4,True,27.1,88.48
INS-DMG-1666,SEG-10,94.6,Longitudinal / Transverse Crack,5.8,16.2,0.2,TIER_2_MODERATE_HAZARD,SEAL_CRACK_WATERPROOFING,94.2,NERALIS-EdgeVision-v2.4,True,24.2,92.15
INS-DMG-1667,SEG-09,82.9,Pothole,6.3,1.7,0.1,TIER_1_ROUTINE_MONITORING,CONTINUE_NORMAL_OPERATION,95.2,NERALIS-EdgeVision-v2.4,False,24.8,93.45
INS-DMG-1668,SEG-11,42.3,Debris / Rockfall Deposit,9.3,13.2,172.5,TIER_3_CRITICAL_EMERGENCY,MANDATORY_CLOSURE_BRO_EARTHMOVER,97.9,NERALIS-EdgeVision-v2.4,True,23.45,92.74
INS-DMG-1669,SEG-07,67.9,Debris / Rockfall Deposit,1.4,4.3,75.9,TIER_3_CRITICAL_EMERGENCY,MANDATORY_CLOSURE_BRO_EARTHMOVER,95.0,NERALIS-EdgeVision-v2.4,True,25.15,94.02
INS-DMG-1670,SEG-05,35.3,Intact / Minor Surface Wear,0.7,0.1,0.0,TIER_1_ROUTINE_MONITORING,CONTINUE_NORMAL_OPERATION,93.0,NERALIS-EdgeVision-v2.4,False,27.51,92.1
INS-DMG-1671,SEG-06,136.7,Pothole,11.2,1.0,0.2,TIER_1_ROUTINE_MONITORING,CONTINUE_NORMAL_OPERATION,91.8,NERALIS-EdgeVision-v2.4,False,25.8,93.95
INS-DMG-1672,SEG-07,75.2,Pothole,14.6,1.5,0.5,TIER_2_MODERATE_HAZARD,SPEED_RESTRICTION_PWD_PATCHING,92.6,NERALIS-EdgeVision-v2.4,True,25.15,94.02
INS-DMG-1673,SEG-06,34.0,Longitudinal / Transverse Crack,8.0,2.7,0.1,TIER_2_MODERATE_HAZARD,SEAL_CRACK_WATERPROOFING,85.9,NERALIS-EdgeVision-v2.4,True,25.8,93.95
INS-DMG-1674,SEG-03,110.3,Washout / Roadbed Erosion,40.8,32.7,36.9,TIER_3_CRITICAL_EMERGENCY,MANDATORY_CLOSURE_BRO_EARTHMOVER,98.1,NERALIS-EdgeVision-v2.4,True,25.12,92.36
INS-DMG-1675,SEG-02,21.0,Longitudinal / Transverse Crack,3.4,17.8,0.1,TIER_2_MODERATE_HAZARD,SEAL_CRACK_WATERPROOFING,94.6,NERALIS-EdgeVision-v2.4,True,25.75,91.88
INS-DMG-1676,SEG-12,98.9,Longitudinal / Transverse Crack,5.4,12.6,0.1,TIER_2_MODERATE_HAZARD,SEAL_CRACK_WATERPROOFING,92.5,NERALIS-EdgeVision-v2.4,True,27.1,88.48
INS-DMG-1677,SEG-04,115.1,Pothole,4.4,0.5,0.0,TIER_1_ROUTINE_MONITORING,CONTINUE_NORMAL_OPERATION,92.6,NERALIS-EdgeVision-v2.4,False,27.26,92.42
INS-DMG-1678,SEG-06,134.0,Longitudinal / Transverse Crack,3.9,2.6,0.0,TIER_2_MODERATE_HAZARD,SEAL_CRACK_WATERPROOFING,86.4,NERALIS-EdgeVision-v2.4,True,25.8,93.95
INS-DMG-1679,SEG-09,10.8,Debris / Rockfall Deposit,3.1,11.6,12.5,TIER_3_CRITICAL_EMERGENCY,MANDATORY_CLOSURE_BRO_EARTHMOVER,99.3,NERALIS-EdgeVision-v2.4,True,24.8,93.45
INS-DMG-1680,SEG-09,106.9,Longitudinal / Transverse Crack,7.8,15.0,0.2,TIER_2_MODERATE_HAZARD,SEAL_CRACK_WATERPROOFING,94.9,NERALIS-EdgeVision-v2.4,True,24.8,93.45
INS-DMG-1681,SEG-09,83.9,Washout / Roadbed Erosion,30.3,56.1,22.4,TIER_3_CRITICAL_EMERGENCY,MANDATORY_CLOSURE_BRO_EARTHMOVER,97.2,NERALIS-EdgeVision-v2.4,True,24.8,93.45
INS-DMG-1682,SEG-02,61.4,Debris / Rockfall Deposit,3.7,39.0,150.8,TIER_3_CRITICAL_EMERGENCY,MANDATORY_CLOSURE_BRO_EARTHMOVER,95.3,NERALIS-EdgeVision-v2.4,True,25.75,91.88
INS-DMG-1683,SEG-03,25.6,Pothole,11.6,1.0,0.0,TIER_1_ROUTINE_MONITORING,CONTINUE_NORMAL_OPERATION,93.9,NERALIS-EdgeVision-v2.4,False,25.12,92.36
INS-DMG-1684,SEG-10,14.6,Intact / Minor Surface Wear,0.7,0.4,0.0,TIER_1_ROUTINE_MONITORING,CONTINUE_NORMAL_OPERATION,91.7,NERALIS-EdgeVision-v2.4,False,24.2,92.15
INS-DMG-1685,SEG-09,92.8,Longitudinal / Transverse Crack,2.5,5.0,0.1,TIER_2_MODERATE_HAZARD,SEAL_CRACK_WATERPROOFING,88.6,NERALIS-EdgeVision-v2.4,True,24.8,93.45
INS-DMG-1686,SEG-12,118.1,Longitudinal / Transverse Crack,6.7,8.3,0.2,TIER_2_MODERATE_HAZARD,SEAL_CRACK_WATERPROOFING,88.4,NERALIS-EdgeVision-v2.4,True,27.1,88.48
INS-DMG-1687,SEG-09,111.8,Debris / Rockfall Deposit,9.8,44.3,22.4,TIER_3_CRITICAL_EMERGENCY,MANDATORY_CLOSURE_BRO_EARTHMOVER,94.7,NERALIS-EdgeVision-v2.4,True,24.8,93.45
INS-DMG-1688,SEG-07,77.3,Pothole,16.8,0.8,0.2,TIER_2_MODERATE_HAZARD,SPEED_RESTRICTION_PWD_PATCHING,88.3,NERALIS-EdgeVision-v2.4,True,25.15,94.02
INS-DMG-1689,SEG-08,121.8,Debris / Rockfall Deposit,5.0,41.2,63.2,TIER_3_CRITICAL_EMERGENCY,MANDATORY_CLOSURE_BRO_EARTHMOVER,93.9,NERALIS-EdgeVision-v2.4,True,25.72,93.88
INS-DMG-1690,SEG-02,73.1,Longitudinal / Transverse Crack,1.8,9.8,0.1,TIER_2_MODERATE_HAZARD,SEAL_CRACK_WATERPROOFING,86.5,NERALIS-EdgeVision-v2.4,True,25.75,91.88
INS-DMG-1691,SEG-01,67.7,Intact / Minor Surface Wear,0.9,0.2,0.0,TIER_1_ROUTINE_MONITORING,CONTINUE_NORMAL_OPERATION,90.1,NERALIS-EdgeVision-v2.4,False,26.18,92.12
INS-DMG-1692,SEG-03,57.7,Debris / Rockfall Deposit,0.5,19.0,31.5,TIER_3_CRITICAL_EMERGENCY,MANDATORY_CLOSURE_BRO_EARTHMOVER,95.8,NERALIS-EdgeVision-v2.4,True,25.12,92.36
INS-DMG-1693,SEG-01,50.4,Pothole,11.5,1.3,0.4,TIER_1_ROUTINE_MONITORING,CONTINUE_NORMAL_OPERATION,92.7,NERALIS-EdgeVision-v2.4,False,26.18,92.12
INS-DMG-1694,SEG-03,115.8,Pothole,19.6,1.4,0.1,TIER_2_MODERATE_HAZARD,SPEED_RESTRICTION_PWD_PATCHING,90.3,NERALIS-EdgeVision-v2.4,True,25.12,92.36
INS-DMG-1695,SEG-11,54.2,Washout / Roadbed Erosion,64.4,59.8,7.1,TIER_3_CRITICAL_EMERGENCY,MANDATORY_CLOSURE_BRO_EARTHMOVER,98.4,NERALIS-EdgeVision-v2.4,True,23.45,92.74
INS-DMG-1696,SEG-09,12.5,Longitudinal / Transverse Crack,5.3,6.0,0.1,TIER_2_MODERATE_HAZARD,SEAL_CRACK_WATERPROOFING,91.9,NERALIS-EdgeVision-v2.4,True,24.8,93.45
INS-DMG-1697,SEG-01,106.2,Longitudinal / Transverse Crack,3.9,6.2,0.0,TIER_2_MODERATE_HAZARD,SEAL_CRACK_WATERPROOFING,89.7,NERALIS-EdgeVision-v2.4,True,26.18,92.12
INS-DMG-1698,SEG-07,30.1,Intact / Minor Surface Wear,1.6,0.2,0.0,TIER_1_ROUTINE_MONITORING,CONTINUE_NORMAL_OPERATION,97.1,NERALIS-EdgeVision-v2.4,False,25.15,94.02
INS-DMG-1699,SEG-13,19.2,Pothole,14.7,0.6,0.5,TIER_2_MODERATE_HAZARD,SPEED_RESTRICTION_PWD_PATCHING,95.4,NERALIS-EdgeVision-v2.4,True,27.52,88.58
INS-DMG-1700,SEG-15,125.9,Pothole,17.6,1.0,0.4,TIER_2_MODERATE_HAZARD,SPEED_RESTRICTION_PWD_PATCHING,96.2,NERALIS-EdgeVision-v2.4,True,26.75,94.95
INS-DMG-1701,SEG-02,106.9,Longitudinal / Transverse Crack,5.7,5.4,0.0,TIER_2_MODERATE_HAZARD,SEAL_CRACK_WATERPROOFING,88.9,NERALIS-EdgeVision-v2.4,True,25.75,91.88
INS-DMG-1702,SEG-14,26.9,Longitudinal / Transverse Crack,2.2,9.8,0.0,TIER_2_MODERATE_HAZARD,SEAL_CRACK_WATERPROOFING,93.8,NERALIS-EdgeVision-v2.4,True,26.6,93.4
INS-DMG-1703,SEG-08,40.3,Longitudinal / Transverse Crack,1.7,12.3,0.2,TIER_2_MODERATE_HAZARD,SEAL_CRACK_WATERPROOFING,88.1,NERALIS-EdgeVision-v2.4,True,25.72,93.88
INS-DMG-1704,SEG-01,58.8,Longitudinal / Transverse Crack,5.2,14.1,0.2,TIER_2_MODERATE_HAZARD,SEAL_CRACK_WATERPROOFING,86.9,NERALIS-EdgeVision-v2.4,True,26.18,92.12
INS-DMG-1705,SEG-01,13.1,Debris / Rockfall Deposit,9.8,19.1,41.8,TIER_3_CRITICAL_EMERGENCY,MANDATORY_CLOSURE_BRO_EARTHMOVER,96.3,NERALIS-EdgeVision-v2.4,True,26.18,92.12
INS-DMG-1706,SEG-08,18.7,Pothole,9.0,1.4,0.3,TIER_1_ROUTINE_MONITORING,CONTINUE_NORMAL_OPERATION,93.8,NERALIS-EdgeVision-v2.4,False,25.72,93.88
INS-DMG-1707,SEG-09,132.1,Pothole,8.6,1.0,0.0,TIER_1_ROUTINE_MONITORING,CONTINUE_NORMAL_OPERATION,97.0,NERALIS-EdgeVision-v2.4,False,24.8,93.45
INS-DMG-1708,SEG-13,56.0,Pothole,10.0,1.8,0.4,TIER_1_ROUTINE_MONITORING,CONTINUE_NORMAL_OPERATION,92.0,NERALIS-EdgeVision-v2.4,False,27.52,88.58
INS-DMG-1709,SEG-15,115.4,Longitudinal / Transverse Crack,8.0,6.5,0.1,TIER_2_MODERATE_HAZARD,SEAL_CRACK_WATERPROOFING,85.4,NERALIS-EdgeVision-v2.4,True,26.75,94.95
INS-DMG-1710,SEG-07,97.4,Pothole,10.7,0.9,0.3,TIER_1_ROUTINE_MONITORING,CONTINUE_NORMAL_OPERATION,93.4,NERALIS-EdgeVision-v2.4,False,25.15,94.02
INS-DMG-1711,SEG-03,10.8,Debris / Rockfall Deposit,2.8,6.4,175.1,TIER_3_CRITICAL_EMERGENCY,MANDATORY_CLOSURE_BRO_EARTHMOVER,93.4,NERALIS-EdgeVision-v2.4,True,25.12,92.36
INS-DMG-1712,SEG-01,59.9,Washout / Roadbed Erosion,73.2,10.3,8.8,TIER_3_CRITICAL_EMERGENCY,MANDATORY_CLOSURE_BRO_EARTHMOVER,94.2,NERALIS-EdgeVision-v2.4,True,26.18,92.12
INS-DMG-1713,SEG-11,117.0,Intact / Minor Surface Wear,0.0,0.3,0.0,TIER_1_ROUTINE_MONITORING,CONTINUE_NORMAL_OPERATION,90.9,NERALIS-EdgeVision-v2.4,False,23.45,92.74
INS-DMG-1714,SEG-08,64.5,Longitudinal / Transverse Crack,6.5,9.2,0.0,TIER_2_MODERATE_HAZARD,SEAL_CRACK_WATERPROOFING,93.4,NERALIS-EdgeVision-v2.4,True,25.72,93.88
INS-DMG-1715,SEG-03,46.0,Pothole,11.8,1.5,0.1,TIER_1_ROUTINE_MONITORING,CONTINUE_NORMAL_OPERATION,93.8,NERALIS-EdgeVision-v2.4,False,25.12,92.36
INS-DMG-1716,SEG-04,23.4,Pothole,8.5,0.5,0.3,TIER_1_ROUTINE_MONITORING,CONTINUE_NORMAL_OPERATION,97.5,NERALIS-EdgeVision-v2.4,False,27.26,92.42
INS-DMG-1717,SEG-11,50.8,Intact / Minor Surface Wear,0.8,0.3,0.0,TIER_1_ROUTINE_MONITORING,CONTINUE_NORMAL_OPERATION,96.7,NERALIS-EdgeVision-v2.4,False,23.45,92.74
INS-DMG-1718,SEG-10,62.4,Longitudinal / Transverse Crack,5.5,17.7,0.2,TIER_2_MODERATE_HAZARD,SEAL_CRACK_WATERPROOFING,86.6,NERALIS-EdgeVision-v2.4,True,24.2,92.15
INS-DMG-1719,SEG-08,25.0,Longitudinal / Transverse Crack,6.5,6.1,0.2,TIER_2_MODERATE_HAZARD,SEAL_CRACK_WATERPROOFING,87.7,NERALIS-EdgeVision-v2.4,True,25.72,93.88
INS-DMG-1720,SEG-16,52.1,Pothole,10.9,0.7,0.1,TIER_1_ROUTINE_MONITORING,CONTINUE_NORMAL_OPERATION,95.7,NERALIS-EdgeVision-v2.4,False,25.18,92.85
INS-DMG-1721,SEG-03,78.2,Pothole,20.9,0.7,0.0,TIER_2_MODERATE_HAZARD,SPEED_RESTRICTION_PWD_PATCHING,94.8,NERALIS-EdgeVision-v2.4,True,25.12,92.36
INS-DMG-1722,SEG-06,132.4,Longitudinal / Transverse Crack,7.3,6.9,0.1,TIER_2_MODERATE_HAZARD,SEAL_CRACK_WATERPROOFING,88.4,NERALIS-EdgeVision-v2.4,True,25.8,93.95
INS-DMG-1723,SEG-14,33.6,Pothole,8.4,1.4,0.3,TIER_1_ROUTINE_MONITORING,CONTINUE_NORMAL_OPERATION,93.4,NERALIS-EdgeVision-v2.4,False,26.6,93.4
INS-DMG-1724,SEG-08,41.2,Washout / Roadbed Erosion,50.3,3.8,21.9,TIER_3_CRITICAL_EMERGENCY,MANDATORY_CLOSURE_BRO_EARTHMOVER,96.6,NERALIS-EdgeVision-v2.4,True,25.72,93.88
INS-DMG-1725,SEG-12,40.5,Longitudinal / Transverse Crack,1.2,13.5,0.1,TIER_2_MODERATE_HAZARD,SEAL_CRACK_WATERPROOFING,88.8,NERALIS-EdgeVision-v2.4,True,27.1,88.48
INS-DMG-1726,SEG-07,101.9,Pothole,5.9,1.0,0.0,TIER_1_ROUTINE_MONITORING,CONTINUE_NORMAL_OPERATION,94.7,NERALIS-EdgeVision-v2.4,False,25.15,94.02
INS-DMG-1727,SEG-05,134.7,Longitudinal / Transverse Crack,6.2,12.7,0.1,TIER_2_MODERATE_HAZARD,SEAL_CRACK_WATERPROOFING,92.6,NERALIS-EdgeVision-v2.4,True,27.51,92.1
INS-DMG-1728,SEG-11,55.3,Longitudinal / Transverse Crack,2.7,16.6,0.1,TIER_2_MODERATE_HAZARD,SEAL_CRACK_WATERPROOFING,94.0,NERALIS-EdgeVision-v2.4,True,23.45,92.74
INS-DMG-1729,SEG-02,32.8,Longitudinal / Transverse Crack,1.7,13.9,0.1,TIER_2_MODERATE_HAZARD,SEAL_CRACK_WATERPROOFING,88.5,NERALIS-EdgeVision-v2.4,True,25.75,91.88
INS-DMG-1730,SEG-04,138.7,Debris / Rockfall Deposit,4.9,36.2,82.0,TIER_3_CRITICAL_EMERGENCY,MANDATORY_CLOSURE_BRO_EARTHMOVER,98.8,NERALIS-EdgeVision-v2.4,True,27.26,92.42
INS-DMG-1731,SEG-04,6.0,Longitudinal / Transverse Crack,7.1,16.7,0.1,TIER_2_MODERATE_HAZARD,SEAL_CRACK_WATERPROOFING,85.7,NERALIS-EdgeVision-v2.4,True,27.26,92.42
INS-DMG-1732,SEG-14,35.6,Pothole,6.5,1.5,0.2,TIER_1_ROUTINE_MONITORING,CONTINUE_NORMAL_OPERATION,92.1,NERALIS-EdgeVision-v2.4,False,26.6,93.4
INS-DMG-1733,SEG-07,32.1,Longitudinal / Transverse Crack,6.7,5.4,0.0,TIER_2_MODERATE_HAZARD,SEAL_CRACK_WATERPROOFING,85.7,NERALIS-EdgeVision-v2.4,True,25.15,94.02
INS-DMG-1734,SEG-12,76.8,Longitudinal / Transverse Crack,2.2,8.4,0.0,TIER_2_MODERATE_HAZARD,SEAL_CRACK_WATERPROOFING,88.5,NERALIS-EdgeVision-v2.4,True,27.1,88.48
INS-DMG-1735,SEG-15,36.9,Debris / Rockfall Deposit,7.2,20.5,120.7,TIER_3_CRITICAL_EMERGENCY,MANDATORY_CLOSURE_BRO_EARTHMOVER,93.3,NERALIS-EdgeVision-v2.4,True,26.75,94.95
INS-DMG-1736,SEG-12,57.4,Pothole,4.5,0.3,0.3,TIER_1_ROUTINE_MONITORING,CONTINUE_NORMAL_OPERATION,93.1,NERALIS-EdgeVision-v2.4,False,27.1,88.48
INS-DMG-1737,SEG-03,37.8,Longitudinal / Transverse Crack,4.5,7.9,0.1,TIER_2_MODERATE_HAZARD,SEAL_CRACK_WATERPROOFING,87.1,NERALIS-EdgeVision-v2.4,True,25.12,92.36
INS-DMG-1738,SEG-11,121.3,Longitudinal / Transverse Crack,6.7,12.6,0.0,TIER_2_MODERATE_HAZARD,SEAL_CRACK_WATERPROOFING,89.9,NERALIS-EdgeVision-v2.4,True,23.45,92.74
INS-DMG-1739,SEG-08,109.4,Debris / Rockfall Deposit,9.8,31.7,151.3,TIER_3_CRITICAL_EMERGENCY,MANDATORY_CLOSURE_BRO_EARTHMOVER,95.8,NERALIS-EdgeVision-v2.4,True,25.72,93.88
INS-DMG-1740,SEG-07,17.9,Debris / Rockfall Deposit,1.6,22.3,134.9,TIER_3_CRITICAL_EMERGENCY,MANDATORY_CLOSURE_BRO_EARTHMOVER,98.4,NERALIS-EdgeVision-v2.4,True,25.15,94.02
INS-DMG-1741,SEG-16,21.7,Pothole,12.7,0.9,0.4,TIER_2_MODERATE_HAZARD,SPEED_RESTRICTION_PWD_PATCHING,96.3,NERALIS-EdgeVision-v2.4,True,25.18,92.85
INS-DMG-1742,SEG-16,114.8,Intact / Minor Surface Wear,1.4,0.2,0.0,TIER_1_ROUTINE_MONITORING,CONTINUE_NORMAL_OPERATION,94.0,NERALIS-EdgeVision-v2.4,False,25.18,92.85
INS-DMG-1743,SEG-15,51.5,Longitudinal / Transverse Crack,6.3,12.8,0.0,TIER_2_MODERATE_HAZARD,SEAL_CRACK_WATERPROOFING,85.7,NERALIS-EdgeVision-v2.4,True,26.75,94.95
INS-DMG-1744,SEG-04,41.2,Longitudinal / Transverse Crack,2.7,14.4,0.2,TIER_2_MODERATE_HAZARD,SEAL_CRACK_WATERPROOFING,90.3,NERALIS-EdgeVision-v2.4,True,27.26,92.42
INS-DMG-1745,SEG-10,60.5,Intact / Minor Surface Wear,0.1,0.3,0.0,TIER_1_ROUTINE_MONITORING,CONTINUE_NORMAL_OPERATION,96.0,NERALIS-EdgeVision-v2.4,False,24.2,92.15
INS-DMG-1746,SEG-07,44.9,Pothole,16.3,1.0,0.2,TIER_2_MODERATE_HAZARD,SPEED_RESTRICTION_PWD_PATCHING,95.4,NERALIS-EdgeVision-v2.4,True,25.15,94.02
INS-DMG-1747,SEG-16,57.8,Intact / Minor Surface Wear,0.7,0.2,0.0,TIER_1_ROUTINE_MONITORING,CONTINUE_NORMAL_OPERATION,97.1,NERALIS-EdgeVision-v2.4,False,25.18,92.85
INS-DMG-1748,SEG-10,112.1,Longitudinal / Transverse Crack,2.9,14.6,0.1,TIER_2_MODERATE_HAZARD,SEAL_CRACK_WATERPROOFING,92.3,NERALIS-EdgeVision-v2.4,True,24.2,92.15
INS-DMG-1749,SEG-02,88.1,Pothole,6.4,0.8,0.1,TIER_1_ROUTINE_MONITORING,CONTINUE_NORMAL_OPERATION,97.1,NERALIS-EdgeVision-v2.4,False,25.75,91.88
INS-DMG-1750,SEG-15,98.5,Intact / Minor Surface Wear,0.6,0.2,0.0,TIER_1_ROUTINE_MONITORING,CONTINUE_NORMAL_OPERATION,96.2,NERALIS-EdgeVision-v2.4,False,26.75,94.95
INS-DMG-1751,SEG-14,13.0,Pothole,11.5,1.5,0.1,TIER_1_ROUTINE_MONITORING,CONTINUE_NORMAL_OPERATION,93.9,NERALIS-EdgeVision-v2.4,False,26.6,93.4
INS-DMG-1752,SEG-14,76.3,Longitudinal / Transverse Crack,1.0,9.3,0.0,TIER_2_MODERATE_HAZARD,SEAL_CRACK_WATERPROOFING,86.5,NERALIS-EdgeVision-v2.4,True,26.6,93.4
INS-DMG-1753,SEG-14,95.4,Longitudinal / Transverse Crack,4.9,7.7,0.0,TIER_2_MODERATE_HAZARD,SEAL_CRACK_WATERPROOFING,85.7,NERALIS-EdgeVision-v2.4,True,26.6,93.4
INS-DMG-1754,SEG-09,64.6,Longitudinal / Transverse Crack,4.0,11.0,0.1,TIER_2_MODERATE_HAZARD,SEAL_CRACK_WATERPROOFING,93.1,NERALIS-EdgeVision-v2.4,True,24.8,93.45
INS-DMG-1755,SEG-06,107.6,Debris / Rockfall Deposit,9.6,35.8,123.8,TIER_3_CRITICAL_EMERGENCY,MANDATORY_CLOSURE_BRO_EARTHMOVER,97.1,NERALIS-EdgeVision-v2.4,True,25.8,93.95
INS-DMG-1756,SEG-06,138.0,Pothole,20.6,1.1,0.0,TIER_2_MODERATE_HAZARD,SPEED_RESTRICTION_PWD_PATCHING,89.8,NERALIS-EdgeVision-v2.4,True,25.8,93.95
INS-DMG-1757,SEG-07,96.6,Intact / Minor Surface Wear,0.7,0.2,0.0,TIER_1_ROUTINE_MONITORING,CONTINUE_NORMAL_OPERATION,91.3,NERALIS-EdgeVision-v2.4,False,25.15,94.02
INS-DMG-1758,SEG-01,99.3,Debris / Rockfall Deposit,3.7,5.4,72.8,TIER_3_CRITICAL_EMERGENCY,MANDATORY_CLOSURE_BRO_EARTHMOVER,93.6,NERALIS-EdgeVision-v2.4,True,26.18,92.12
INS-DMG-1759,SEG-10,17.0,Longitudinal / Transverse Crack,7.1,6.0,0.1,TIER_2_MODERATE_HAZARD,SEAL_CRACK_WATERPROOFING,87.5,NERALIS-EdgeVision-v2.4,True,24.2,92.15
INS-DMG-1760,SEG-02,75.9,Intact / Minor Surface Wear,1.0,0.1,0.0,TIER_1_ROUTINE_MONITORING,CONTINUE_NORMAL_OPERATION,94.8,NERALIS-EdgeVision-v2.4,False,25.75,91.88
INS-DMG-1761,SEG-09,7.6,Longitudinal / Transverse Crack,5.4,7.2,0.0,TIER_2_MODERATE_HAZARD,SEAL_CRACK_WATERPROOFING,90.9,NERALIS-EdgeVision-v2.4,True,24.8,93.45
INS-DMG-1762,SEG-16,73.0,Debris / Rockfall Deposit,5.8,15.6,21.3,TIER_3_CRITICAL_EMERGENCY,MANDATORY_CLOSURE_BRO_EARTHMOVER,95.5,NERALIS-EdgeVision-v2.4,True,25.18,92.85
INS-DMG-1763,SEG-08,82.8,Pothole,11.9,0.8,0.4,TIER_1_ROUTINE_MONITORING,CONTINUE_NORMAL_OPERATION,91.0,NERALIS-EdgeVision-v2.4,False,25.72,93.88
INS-DMG-1764,SEG-04,34.2,Intact / Minor Surface Wear,0.5,0.3,0.0,TIER_1_ROUTINE_MONITORING,CONTINUE_NORMAL_OPERATION,96.8,NERALIS-EdgeVision-v2.4,False,27.26,92.42
INS-DMG-1765,SEG-09,51.5,Pothole,20.3,0.9,0.3,TIER_2_MODERATE_HAZARD,SPEED_RESTRICTION_PWD_PATCHING,90.4,NERALIS-EdgeVision-v2.4,True,24.8,93.45
INS-DMG-1766,SEG-09,52.5,Debris / Rockfall Deposit,6.0,3.9,123.9,TIER_3_CRITICAL_EMERGENCY,MANDATORY_CLOSURE_BRO_EARTHMOVER,98.2,NERALIS-EdgeVision-v2.4,True,24.8,93.45
INS-DMG-1767,SEG-13,5.2,Longitudinal / Transverse Crack,7.0,13.4,0.2,TIER_2_MODERATE_HAZARD,SEAL_CRACK_WATERPROOFING,88.1,NERALIS-EdgeVision-v2.4,True,27.52,88.58
INS-DMG-1768,SEG-02,123.8,Washout / Roadbed Erosion,74.0,29.0,29.6,TIER_3_CRITICAL_EMERGENCY,MANDATORY_CLOSURE_BRO_EARTHMOVER,95.2,NERALIS-EdgeVision-v2.4,True,25.75,91.88
INS-DMG-1769,SEG-02,11.6,Longitudinal / Transverse Crack,4.7,11.5,0.1,TIER_2_MODERATE_HAZARD,SEAL_CRACK_WATERPROOFING,94.3,NERALIS-EdgeVision-v2.4,True,25.75,91.88
INS-DMG-1770,SEG-09,43.3,Longitudinal / Transverse Crack,3.8,16.7,0.1,TIER_2_MODERATE_HAZARD,SEAL_CRACK_WATERPROOFING,91.3,NERALIS-EdgeVision-v2.4,True,24.8,93.45
INS-DMG-1771,SEG-06,74.0,Debris / Rockfall Deposit,4.1,33.9,125.2,TIER_3_CRITICAL_EMERGENCY,MANDATORY_CLOSURE_BRO_EARTHMOVER,99.0,NERALIS-EdgeVision-v2.4,True,25.8,93.95
INS-DMG-1772,SEG-03,44.9,Intact / Minor Surface Wear,0.8,0.1,0.0,TIER_1_ROUTINE_MONITORING,CONTINUE_NORMAL_OPERATION,91.6,NERALIS-EdgeVision-v2.4,False,25.12,92.36
INS-DMG-1773,SEG-02,133.1,Pothole,17.6,1.7,0.5,TIER_2_MODERATE_HAZARD,SPEED_RESTRICTION_PWD_PATCHING,92.8,NERALIS-EdgeVision-v2.4,True,25.75,91.88
INS-DMG-1774,SEG-12,116.8,Longitudinal / Transverse Crack,3.4,3.1,0.0,TIER_2_MODERATE_HAZARD,SEAL_CRACK_WATERPROOFING,90.6,NERALIS-EdgeVision-v2.4,True,27.1,88.48
INS-DMG-1775,SEG-07,74.4,Longitudinal / Transverse Crack,3.0,6.1,0.1,TIER_2_MODERATE_HAZARD,SEAL_CRACK_WATERPROOFING,95.0,NERALIS-EdgeVision-v2.4,True,25.15,94.02
INS-DMG-1776,SEG-14,67.4,Debris / Rockfall Deposit,6.3,44.1,131.2,TIER_3_CRITICAL_EMERGENCY,MANDATORY_CLOSURE_BRO_EARTHMOVER,97.8,NERALIS-EdgeVision-v2.4,True,26.6,93.4
INS-DMG-1777,SEG-09,54.4,Debris / Rockfall Deposit,1.5,30.9,139.8,TIER_3_CRITICAL_EMERGENCY,MANDATORY_CLOSURE_BRO_EARTHMOVER,96.2,NERALIS-EdgeVision-v2.4,True,24.8,93.45
INS-DMG-1778,SEG-11,3.4,Pothole,17.1,0.8,0.0,TIER_2_MODERATE_HAZARD,SPEED_RESTRICTION_PWD_PATCHING,93.4,NERALIS-EdgeVision-v2.4,True,23.45,92.74
INS-DMG-1779,SEG-07,60.2,Pothole,10.1,1.4,0.3,TIER_1_ROUTINE_MONITORING,CONTINUE_NORMAL_OPERATION,96.0,NERALIS-EdgeVision-v2.4,False,25.15,94.02
INS-DMG-1780,SEG-06,128.1,Washout / Roadbed Erosion,22.9,57.5,26.1,TIER_3_CRITICAL_EMERGENCY,MANDATORY_CLOSURE_BRO_EARTHMOVER,95.0,NERALIS-EdgeVision-v2.4,True,25.8,93.95
INS-DMG-1781,SEG-02,110.2,Debris / Rockfall Deposit,5.3,29.4,85.7,TIER_3_CRITICAL_EMERGENCY,MANDATORY_CLOSURE_BRO_EARTHMOVER,96.6,NERALIS-EdgeVision-v2.4,True,25.75,91.88
INS-DMG-1782,SEG-10,73.9,Intact / Minor Surface Wear,1.6,0.3,0.0,TIER_1_ROUTINE_MONITORING,CONTINUE_NORMAL_OPERATION,95.1,NERALIS-EdgeVision-v2.4,False,24.2,92.15
INS-DMG-1783,SEG-16,64.0,Pothole,7.7,1.8,0.2,TIER_1_ROUTINE_MONITORING,CONTINUE_NORMAL_OPERATION,92.6,NERALIS-EdgeVision-v2.4,False,25.18,92.85
INS-DMG-1784,SEG-01,50.5,Washout / Roadbed Erosion,51.6,57.9,23.9,TIER_3_CRITICAL_EMERGENCY,MANDATORY_CLOSURE_BRO_EARTHMOVER,93.5,NERALIS-EdgeVision-v2.4,True,26.18,92.12
INS-DMG-1785,SEG-06,48.8,Longitudinal / Transverse Crack,3.4,12.0,0.1,TIER_2_MODERATE_HAZARD,SEAL_CRACK_WATERPROOFING,92.3,NERALIS-EdgeVision-v2.4,True,25.8,93.95
INS-DMG-1786,SEG-01,93.6,Pothole,19.4,0.4,0.3,TIER_2_MODERATE_HAZARD,SPEED_RESTRICTION_PWD_PATCHING,94.2,NERALIS-EdgeVision-v2.4,True,26.18,92.12
INS-DMG-1787,SEG-12,10.5,Debris / Rockfall Deposit,8.6,22.5,16.8,TIER_3_CRITICAL_EMERGENCY,MANDATORY_CLOSURE_BRO_EARTHMOVER,96.5,NERALIS-EdgeVision-v2.4,True,27.1,88.48
INS-DMG-1788,SEG-12,119.0,Intact / Minor Surface Wear,1.3,0.5,0.0,TIER_1_ROUTINE_MONITORING,CONTINUE_NORMAL_OPERATION,96.3,NERALIS-EdgeVision-v2.4,False,27.1,88.48
INS-DMG-1789,SEG-11,73.0,Pothole,20.5,0.8,0.4,TIER_2_MODERATE_HAZARD,SPEED_RESTRICTION_PWD_PATCHING,93.5,NERALIS-EdgeVision-v2.4,True,23.45,92.74
INS-DMG-1790,SEG-09,52.9,Pothole,19.2,1.3,0.0,TIER_2_MODERATE_HAZARD,SPEED_RESTRICTION_PWD_PATCHING,90.3,NERALIS-EdgeVision-v2.4,True,24.8,93.45
INS-DMG-1791,SEG-09,18.4,Washout / Roadbed Erosion,51.8,13.3,9.8,TIER_3_CRITICAL_EMERGENCY,MANDATORY_CLOSURE_BRO_EARTHMOVER,94.8,NERALIS-EdgeVision-v2.4,True,24.8,93.45
INS-DMG-1792,SEG-04,76.4,Intact / Minor Surface Wear,0.6,0.4,0.0,TIER_1_ROUTINE_MONITORING,CONTINUE_NORMAL_OPERATION,97.1,NERALIS-EdgeVision-v2.4,False,27.26,92.42
INS-DMG-1793,SEG-15,62.3,Longitudinal / Transverse Crack,1.5,8.2,0.1,TIER_2_MODERATE_HAZARD,SEAL_CRACK_WATERPROOFING,93.0,NERALIS-EdgeVision-v2.4,True,26.75,94.95
INS-DMG-1794,SEG-10,96.8,Debris / Rockfall Deposit,6.6,38.5,133.2,TIER_3_CRITICAL_EMERGENCY,MANDATORY_CLOSURE_BRO_EARTHMOVER,92.6,NERALIS-EdgeVision-v2.4,True,24.2,92.15
INS-DMG-1795,SEG-13,72.4,Longitudinal / Transverse Crack,5.5,2.5,0.1,TIER_2_MODERATE_HAZARD,SEAL_CRACK_WATERPROOFING,86.1,NERALIS-EdgeVision-v2.4,True,27.52,88.58
INS-DMG-1796,SEG-11,32.8,Pothole,9.8,1.1,0.1,TIER_1_ROUTINE_MONITORING,CONTINUE_NORMAL_OPERATION,96.0,NERALIS-EdgeVision-v2.4,False,23.45,92.74
INS-DMG-1797,SEG-05,44.9,Intact / Minor Surface Wear,1.1,0.1,0.0,TIER_1_ROUTINE_MONITORING,CONTINUE_NORMAL_OPERATION,93.4,NERALIS-EdgeVision-v2.4,False,27.51,92.1
INS-DMG-1798,SEG-05,38.2,Debris / Rockfall Deposit,1.1,15.1,33.8,TIER_3_CRITICAL_EMERGENCY,MANDATORY_CLOSURE_BRO_EARTHMOVER,97.2,NERALIS-EdgeVision-v2.4,True,27.51,92.1
INS-DMG-1799,SEG-15,105.3,Longitudinal / Transverse Crack,1.4,11.7,0.1,TIER_2_MODERATE_HAZARD,SEAL_CRACK_WATERPROOFING,92.7,NERALIS-EdgeVision-v2.4,True,26.75,94.95
INS-DMG-1800,SEG-01,23.8,Pothole,10.5,0.5,0.5,TIER_1_ROUTINE_MONITORING,CONTINUE_NORMAL_OPERATION,95.3,NERALIS-EdgeVision-v2.4,False,26.18,92.12
INS-DMG-1801,SEG-08,8.4,Longitudinal / Transverse Crack,2.7,9.2,0.2,TIER_2_MODERATE_HAZARD,SEAL_CRACK_WATERPROOFING,88.8,NERALIS-EdgeVision-v2.4,True,25.72,93.88
INS-DMG-1802,SEG-02,29.7,Pothole,19.5,1.5,0.3,TIER_2_MODERATE_HAZARD,SPEED_RESTRICTION_PWD_PATCHING,90.0,NERALIS-EdgeVision-v2.4,True,25.75,91.88
INS-DMG-1803,SEG-08,132.3,Washout / Roadbed Erosion,79.0,5.4,16.3,TIER_3_CRITICAL_EMERGENCY,MANDATORY_CLOSURE_BRO_EARTHMOVER,96.7,NERALIS-EdgeVision-v2.4,True,25.72,93.88
INS-DMG-1804,SEG-04,93.5,Pothole,16.3,1.0,0.1,TIER_2_MODERATE_HAZARD,SPEED_RESTRICTION_PWD_PATCHING,95.5,NERALIS-EdgeVision-v2.4,True,27.26,92.42
INS-DMG-1805,SEG-14,98.2,Longitudinal / Transverse Crack,6.8,17.4,0.2,TIER_2_MODERATE_HAZARD,SEAL_CRACK_WATERPROOFING,86.3,NERALIS-EdgeVision-v2.4,True,26.6,93.4
INS-DMG-1806,SEG-11,74.6,Intact / Minor Surface Wear,1.6,0.1,0.0,TIER_1_ROUTINE_MONITORING,CONTINUE_NORMAL_OPERATION,91.1,NERALIS-EdgeVision-v2.4,False,23.45,92.74
INS-DMG-1807,SEG-07,120.9,Pothole,15.5,0.9,0.1,TIER_2_MODERATE_HAZARD,SPEED_RESTRICTION_PWD_PATCHING,96.3,NERALIS-EdgeVision-v2.4,True,25.15,94.02
INS-DMG-1808,SEG-09,52.6,Longitudinal / Transverse Crack,6.7,15.5,0.1,TIER_2_MODERATE_HAZARD,SEAL_CRACK_WATERPROOFING,92.8,NERALIS-EdgeVision-v2.4,True,24.8,93.45
INS-DMG-1809,SEG-13,133.0,Longitudinal / Transverse Crack,6.0,17.9,0.2,TIER_2_MODERATE_HAZARD,SEAL_CRACK_WATERPROOFING,85.2,NERALIS-EdgeVision-v2.4,True,27.52,88.58
INS-DMG-1810,SEG-07,57.1,Longitudinal / Transverse Crack,3.1,5.1,0.0,TIER_2_MODERATE_HAZARD,SEAL_CRACK_WATERPROOFING,92.1,NERALIS-EdgeVision-v2.4,True,25.15,94.02
INS-DMG-1811,SEG-08,119.7,Debris / Rockfall Deposit,9.2,43.9,18.7,TIER_3_CRITICAL_EMERGENCY,MANDATORY_CLOSURE_BRO_EARTHMOVER,97.4,NERALIS-EdgeVision-v2.4,True,25.72,93.88
INS-DMG-1812,SEG-05,114.7,Debris / Rockfall Deposit,8.5,16.3,158.4,TIER_3_CRITICAL_EMERGENCY,MANDATORY_CLOSURE_BRO_EARTHMOVER,95.5,NERALIS-EdgeVision-v2.4,True,27.51,92.1
INS-DMG-1813,SEG-05,53.1,Pothole,11.7,1.4,0.4,TIER_1_ROUTINE_MONITORING,CONTINUE_NORMAL_OPERATION,94.8,NERALIS-EdgeVision-v2.4,False,27.51,92.1
INS-DMG-1814,SEG-13,30.8,Longitudinal / Transverse Crack,5.2,15.6,0.0,TIER_2_MODERATE_HAZARD,SEAL_CRACK_WATERPROOFING,85.8,NERALIS-EdgeVision-v2.4,True,27.52,88.58
INS-DMG-1815,SEG-01,99.4,Washout / Roadbed Erosion,107.4,59.0,21.3,TIER_3_CRITICAL_EMERGENCY,MANDATORY_CLOSURE_BRO_EARTHMOVER,97.0,NERALIS-EdgeVision-v2.4,True,26.18,92.12
INS-DMG-1816,SEG-02,42.5,Longitudinal / Transverse Crack,6.9,2.0,0.2,TIER_2_MODERATE_HAZARD,SEAL_CRACK_WATERPROOFING,87.2,NERALIS-EdgeVision-v2.4,True,25.75,91.88
INS-DMG-1817,SEG-02,42.2,Longitudinal / Transverse Crack,7.8,15.7,0.1,TIER_2_MODERATE_HAZARD,SEAL_CRACK_WATERPROOFING,85.6,NERALIS-EdgeVision-v2.4,True,25.75,91.88
INS-DMG-1818,SEG-11,64.1,Longitudinal / Transverse Crack,7.3,12.4,0.1,TIER_2_MODERATE_HAZARD,SEAL_CRACK_WATERPROOFING,89.0,NERALIS-EdgeVision-v2.4,True,23.45,92.74
INS-DMG-1819,SEG-07,77.4,Washout / Roadbed Erosion,79.4,23.1,19.2,TIER_3_CRITICAL_EMERGENCY,MANDATORY_CLOSURE_BRO_EARTHMOVER,92.5,NERALIS-EdgeVision-v2.4,True,25.15,94.02
INS-DMG-1820,SEG-01,80.6,Pothole,10.0,0.7,0.2,TIER_1_ROUTINE_MONITORING,CONTINUE_NORMAL_OPERATION,96.7,NERALIS-EdgeVision-v2.4,False,26.18,92.12
INS-DMG-1821,SEG-12,99.3,Debris / Rockfall Deposit,3.8,11.2,112.5,TIER_3_CRITICAL_EMERGENCY,MANDATORY_CLOSURE_BRO_EARTHMOVER,92.9,NERALIS-EdgeVision-v2.4,True,27.1,88.48
INS-DMG-1822,SEG-01,129.4,Intact / Minor Surface Wear,1.0,0.4,0.0,TIER_1_ROUTINE_MONITORING,CONTINUE_NORMAL_OPERATION,95.1,NERALIS-EdgeVision-v2.4,False,26.18,92.12
INS-DMG-1823,SEG-16,138.6,Intact / Minor Surface Wear,1.7,0.3,0.0,TIER_1_ROUTINE_MONITORING,CONTINUE_NORMAL_OPERATION,90.2,NERALIS-EdgeVision-v2.4,False,25.18,92.85
INS-DMG-1824,SEG-14,47.1,Pothole,14.0,1.3,0.3,TIER_2_MODERATE_HAZARD,SPEED_RESTRICTION_PWD_PATCHING,95.5,NERALIS-EdgeVision-v2.4,True,26.6,93.4
INS-DMG-1825,SEG-14,131.4,Pothole,8.8,1.7,0.5,TIER_1_ROUTINE_MONITORING,CONTINUE_NORMAL_OPERATION,95.8,NERALIS-EdgeVision-v2.4,False,26.6,93.4
INS-DMG-1826,SEG-16,117.3,Pothole,19.7,1.1,0.4,TIER_2_MODERATE_HAZARD,SPEED_RESTRICTION_PWD_PATCHING,88.8,NERALIS-EdgeVision-v2.4,True,25.18,92.85
INS-DMG-1827,SEG-10,122.4,Pothole,6.2,0.5,0.2,TIER_1_ROUTINE_MONITORING,CONTINUE_NORMAL_OPERATION,95.7,NERALIS-EdgeVision-v2.4,False,24.2,92.15
INS-DMG-1828,SEG-01,85.9,Washout / Roadbed Erosion,39.7,54.3,32.9,TIER_3_CRITICAL_EMERGENCY,MANDATORY_CLOSURE_BRO_EARTHMOVER,95.3,NERALIS-EdgeVision-v2.4,True,26.18,92.12
INS-DMG-1829,SEG-09,59.0,Pothole,10.5,1.3,0.2,TIER_1_ROUTINE_MONITORING,CONTINUE_NORMAL_OPERATION,96.9,NERALIS-EdgeVision-v2.4,False,24.8,93.45
INS-DMG-1830,SEG-05,72.4,Pothole,13.0,1.7,0.1,TIER_2_MODERATE_HAZARD,SPEED_RESTRICTION_PWD_PATCHING,95.1,NERALIS-EdgeVision-v2.4,True,27.51,92.1
INS-DMG-1831,SEG-01,71.5,Pothole,7.2,1.8,0.1,TIER_1_ROUTINE_MONITORING,CONTINUE_NORMAL_OPERATION,97.0,NERALIS-EdgeVision-v2.4,False,26.18,92.12
INS-DMG-1832,SEG-09,114.6,Debris / Rockfall Deposit,6.0,18.8,175.7,TIER_3_CRITICAL_EMERGENCY,MANDATORY_CLOSURE_BRO_EARTHMOVER,92.4,NERALIS-EdgeVision-v2.4,True,24.8,93.45
INS-DMG-1833,SEG-07,130.4,Longitudinal / Transverse Crack,3.8,12.2,0.1,TIER_2_MODERATE_HAZARD,SEAL_CRACK_WATERPROOFING,85.5,NERALIS-EdgeVision-v2.4,True,25.15,94.02
INS-DMG-1834,SEG-15,31.3,Longitudinal / Transverse Crack,3.9,7.0,0.0,TIER_2_MODERATE_HAZARD,SEAL_CRACK_WATERPROOFING,92.4,NERALIS-EdgeVision-v2.4,True,26.75,94.95
INS-DMG-1835,SEG-13,81.4,Longitudinal / Transverse Crack,5.5,1.5,0.1,TIER_2_MODERATE_HAZARD,SEAL_CRACK_WATERPROOFING,85.3,NERALIS-EdgeVision-v2.4,True,27.52,88.58
INS-DMG-1836,SEG-02,62.9,Longitudinal / Transverse Crack,7.0,4.6,0.2,TIER_2_MODERATE_HAZARD,SEAL_CRACK_WATERPROOFING,92.6,NERALIS-EdgeVision-v2.4,True,25.75,91.88
INS-DMG-1837,SEG-12,87.5,Washout / Roadbed Erosion,41.3,25.4,21.7,TIER_3_CRITICAL_EMERGENCY,MANDATORY_CLOSURE_BRO_EARTHMOVER,97.0,NERALIS-EdgeVision-v2.4,True,27.1,88.48
INS-DMG-1838,SEG-16,138.6,Longitudinal / Transverse Crack,5.9,5.0,0.1,TIER_2_MODERATE_HAZARD,SEAL_CRACK_WATERPROOFING,90.4,NERALIS-EdgeVision-v2.4,True,25.18,92.85
INS-DMG-1839,SEG-07,71.1,Washout / Roadbed Erosion,72.1,25.7,39.2,TIER_3_CRITICAL_EMERGENCY,MANDATORY_CLOSURE_BRO_EARTHMOVER,92.9,NERALIS-EdgeVision-v2.4,True,25.15,94.02
INS-DMG-1840,SEG-01,88.1,Debris / Rockfall Deposit,0.7,2.9,67.1,TIER_3_CRITICAL_EMERGENCY,MANDATORY_CLOSURE_BRO_EARTHMOVER,92.8,NERALIS-EdgeVision-v2.4,True,26.18,92.12
INS-DMG-1841,SEG-16,12.1,Longitudinal / Transverse Crack,6.7,4.7,0.0,TIER_2_MODERATE_HAZARD,SEAL_CRACK_WATERPROOFING,86.5,NERALIS-EdgeVision-v2.4,True,25.18,92.85
INS-DMG-1842,SEG-10,70.6,Pothole,18.9,0.7,0.4,TIER_2_MODERATE_HAZARD,SPEED_RESTRICTION_PWD_PATCHING,91.4,NERALIS-EdgeVision-v2.4,True,24.2,92.15
INS-DMG-1843,SEG-05,83.2,Pothole,20.7,1.1,0.1,TIER_2_MODERATE_HAZARD,SPEED_RESTRICTION_PWD_PATCHING,90.2,NERALIS-EdgeVision-v2.4,True,27.51,92.1
INS-DMG-1844,SEG-01,59.7,Debris / Rockfall Deposit,2.7,41.9,106.4,TIER_3_CRITICAL_EMERGENCY,MANDATORY_CLOSURE_BRO_EARTHMOVER,95.5,NERALIS-EdgeVision-v2.4,True,26.18,92.12
INS-DMG-1845,SEG-10,110.3,Debris / Rockfall Deposit,8.9,41.0,102.5,TIER_3_CRITICAL_EMERGENCY,MANDATORY_CLOSURE_BRO_EARTHMOVER,98.0,NERALIS-EdgeVision-v2.4,True,24.2,92.15
INS-DMG-1846,SEG-14,118.6,Pothole,16.2,1.6,0.1,TIER_2_MODERATE_HAZARD,SPEED_RESTRICTION_PWD_PATCHING,96.6,NERALIS-EdgeVision-v2.4,True,26.6,93.4
INS-DMG-1847,SEG-12,102.6,Pothole,10.8,1.2,0.0,TIER_1_ROUTINE_MONITORING,CONTINUE_NORMAL_OPERATION,97.7,NERALIS-EdgeVision-v2.4,False,27.1,88.48
INS-DMG-1848,SEG-15,77.6,Intact / Minor Surface Wear,0.4,0.0,0.0,TIER_1_ROUTINE_MONITORING,CONTINUE_NORMAL_OPERATION,96.2,NERALIS-EdgeVision-v2.4,False,26.75,94.95
INS-DMG-1849,SEG-07,106.3,Longitudinal / Transverse Crack,3.1,16.4,0.0,TIER_2_MODERATE_HAZARD,SEAL_CRACK_WATERPROOFING,89.0,NERALIS-EdgeVision-v2.4,True,25.15,94.02
INS-DMG-1850,SEG-02,81.7,Pothole,15.4,1.4,0.2,TIER_2_MODERATE_HAZARD,SPEED_RESTRICTION_PWD_PATCHING,96.0,NERALIS-EdgeVision-v2.4,True,25.75,91.88
INS-DMG-1851,SEG-14,111.4,Longitudinal / Transverse Crack,4.0,15.4,0.1,TIER_2_MODERATE_HAZARD,SEAL_CRACK_WATERPROOFING,93.6,NERALIS-EdgeVision-v2.4,True,26.6,93.4
INS-DMG-1852,SEG-16,130.4,Debris / Rockfall Deposit,9.6,42.5,7.5,TIER_3_CRITICAL_EMERGENCY,MANDATORY_CLOSURE_BRO_EARTHMOVER,93.9,NERALIS-EdgeVision-v2.4,True,25.18,92.85
INS-DMG-1853,SEG-04,85.7,Longitudinal / Transverse Crack,4.4,5.1,0.0,TIER_2_MODERATE_HAZARD,SEAL_CRACK_WATERPROOFING,88.4,NERALIS-EdgeVision-v2.4,True,27.26,92.42
INS-DMG-1854,SEG-14,24.5,Pothole,17.3,0.8,0.0,TIER_2_MODERATE_HAZARD,SPEED_RESTRICTION_PWD_PATCHING,89.9,NERALIS-EdgeVision-v2.4,True,26.6,93.4
INS-DMG-1855,SEG-03,33.9,Debris / Rockfall Deposit,0.3,13.5,34.7,TIER_3_CRITICAL_EMERGENCY,MANDATORY_CLOSURE_BRO_EARTHMOVER,98.6,NERALIS-EdgeVision-v2.4,True,25.12,92.36
INS-DMG-1856,SEG-02,20.6,Longitudinal / Transverse Crack,7.2,12.1,0.1,TIER_2_MODERATE_HAZARD,SEAL_CRACK_WATERPROOFING,92.9,NERALIS-EdgeVision-v2.4,True,25.75,91.88
INS-DMG-1857,SEG-10,70.3,Pothole,9.2,1.3,0.4,TIER_1_ROUTINE_MONITORING,CONTINUE_NORMAL_OPERATION,93.4,NERALIS-EdgeVision-v2.4,False,24.2,92.15
INS-DMG-1858,SEG-08,18.2,Washout / Roadbed Erosion,61.8,35.8,9.4,TIER_3_CRITICAL_EMERGENCY,MANDATORY_CLOSURE_BRO_EARTHMOVER,98.8,NERALIS-EdgeVision-v2.4,True,25.72,93.88
INS-DMG-1859,SEG-10,118.6,Longitudinal / Transverse Crack,3.2,2.8,0.1,TIER_2_MODERATE_HAZARD,SEAL_CRACK_WATERPROOFING,87.0,NERALIS-EdgeVision-v2.4,True,24.2,92.15
INS-DMG-1860,SEG-03,34.6,Washout / Roadbed Erosion,62.3,23.6,25.3,TIER_3_CRITICAL_EMERGENCY,MANDATORY_CLOSURE_BRO_EARTHMOVER,97.5,NERALIS-EdgeVision-v2.4,True,25.12,92.36
INS-DMG-1861,SEG-11,29.4,Longitudinal / Transverse Crack,5.6,4.6,0.2,TIER_2_MODERATE_HAZARD,SEAL_CRACK_WATERPROOFING,90.5,NERALIS-EdgeVision-v2.4,True,23.45,92.74
INS-DMG-1862,SEG-12,6.5,Pothole,13.8,0.5,0.1,TIER_2_MODERATE_HAZARD,SPEED_RESTRICTION_PWD_PATCHING,90.7,NERALIS-EdgeVision-v2.4,True,27.1,88.48
INS-DMG-1863,SEG-08,106.6,Washout / Roadbed Erosion,86.4,9.2,29.0,TIER_3_CRITICAL_EMERGENCY,MANDATORY_CLOSURE_BRO_EARTHMOVER,95.3,NERALIS-EdgeVision-v2.4,True,25.72,93.88
INS-DMG-1864,SEG-08,21.6,Longitudinal / Transverse Crack,7.3,2.9,0.1,TIER_2_MODERATE_HAZARD,SEAL_CRACK_WATERPROOFING,93.3,NERALIS-EdgeVision-v2.4,True,25.72,93.88
INS-DMG-1865,SEG-04,103.0,Longitudinal / Transverse Crack,7.2,7.6,0.1,TIER_2_MODERATE_HAZARD,SEAL_CRACK_WATERPROOFING,94.4,NERALIS-EdgeVision-v2.4,True,27.26,92.42
INS-DMG-1866,SEG-08,9.7,Pothole,8.2,1.1,0.4,TIER_1_ROUTINE_MONITORING,CONTINUE_NORMAL_OPERATION,95.4,NERALIS-EdgeVision-v2.4,False,25.72,93.88
INS-DMG-1867,SEG-10,27.1,Intact / Minor Surface Wear,2.0,0.0,0.0,TIER_1_ROUTINE_MONITORING,CONTINUE_NORMAL_OPERATION,96.3,NERALIS-EdgeVision-v2.4,False,24.2,92.15
INS-DMG-1868,SEG-06,98.2,Washout / Roadbed Erosion,30.8,40.2,26.3,TIER_3_CRITICAL_EMERGENCY,MANDATORY_CLOSURE_BRO_EARTHMOVER,96.6,NERALIS-EdgeVision-v2.4,True,25.8,93.95
INS-DMG-1869,SEG-09,86.2,Pothole,13.3,1.2,0.4,TIER_2_MODERATE_HAZARD,SPEED_RESTRICTION_PWD_PATCHING,93.8,NERALIS-EdgeVision-v2.4,True,24.8,93.45
INS-DMG-1870,SEG-10,7.5,Washout / Roadbed Erosion,27.8,8.3,34.9,TIER_3_CRITICAL_EMERGENCY,MANDATORY_CLOSURE_BRO_EARTHMOVER,94.2,NERALIS-EdgeVision-v2.4,True,24.2,92.15
INS-DMG-1871,SEG-05,138.2,Intact / Minor Surface Wear,1.7,0.0,0.0,TIER_1_ROUTINE_MONITORING,CONTINUE_NORMAL_OPERATION,97.1,NERALIS-EdgeVision-v2.4,False,27.51,92.1
INS-DMG-1872,SEG-04,50.3,Longitudinal / Transverse Crack,2.0,15.9,0.0,TIER_2_MODERATE_HAZARD,SEAL_CRACK_WATERPROOFING,91.6,NERALIS-EdgeVision-v2.4,True,27.26,92.42
INS-DMG-1873,SEG-10,52.8,Debris / Rockfall Deposit,6.0,25.5,13.7,TIER_3_CRITICAL_EMERGENCY,MANDATORY_CLOSURE_BRO_EARTHMOVER,94.2,NERALIS-EdgeVision-v2.4,True,24.2,92.15
INS-DMG-1874,SEG-09,129.9,Pothole,19.5,1.0,0.1,TIER_2_MODERATE_HAZARD,SPEED_RESTRICTION_PWD_PATCHING,96.4,NERALIS-EdgeVision-v2.4,True,24.8,93.45
INS-DMG-1875,SEG-04,75.6,Pothole,13.6,1.1,0.4,TIER_2_MODERATE_HAZARD,SPEED_RESTRICTION_PWD_PATCHING,90.0,NERALIS-EdgeVision-v2.4,True,27.26,92.42
INS-DMG-1876,SEG-16,51.8,Longitudinal / Transverse Crack,2.0,13.1,0.1,TIER_2_MODERATE_HAZARD,SEAL_CRACK_WATERPROOFING,88.6,NERALIS-EdgeVision-v2.4,True,25.18,92.85
INS-DMG-1877,SEG-02,15.3,Pothole,18.6,1.5,0.5,TIER_2_MODERATE_HAZARD,SPEED_RESTRICTION_PWD_PATCHING,95.9,NERALIS-EdgeVision-v2.4,True,25.75,91.88
INS-DMG-1878,SEG-07,58.0,Pothole,8.2,1.8,0.1,TIER_1_ROUTINE_MONITORING,CONTINUE_NORMAL_OPERATION,92.7,NERALIS-EdgeVision-v2.4,False,25.15,94.02
INS-DMG-1879,SEG-03,45.7,Debris / Rockfall Deposit,2.9,27.2,47.6,TIER_3_CRITICAL_EMERGENCY,MANDATORY_CLOSURE_BRO_EARTHMOVER,98.2,NERALIS-EdgeVision-v2.4,True,25.12,92.36
INS-DMG-1880,SEG-06,132.7,Intact / Minor Surface Wear,0.4,0.0,0.0,TIER_1_ROUTINE_MONITORING,CONTINUE_NORMAL_OPERATION,97.3,NERALIS-EdgeVision-v2.4,False,25.8,93.95
INS-DMG-1881,SEG-14,9.5,Washout / Roadbed Erosion,93.4,19.7,14.4,TIER_3_CRITICAL_EMERGENCY,MANDATORY_CLOSURE_BRO_EARTHMOVER,97.9,NERALIS-EdgeVision-v2.4,True,26.6,93.4
INS-DMG-1882,SEG-16,56.8,Washout / Roadbed Erosion,41.4,50.5,5.3,TIER_3_CRITICAL_EMERGENCY,MANDATORY_CLOSURE_BRO_EARTHMOVER,97.8,NERALIS-EdgeVision-v2.4,True,25.18,92.85
INS-DMG-1883,SEG-16,45.4,Washout / Roadbed Erosion,112.6,53.3,9.2,TIER_3_CRITICAL_EMERGENCY,MANDATORY_CLOSURE_BRO_EARTHMOVER,97.2,NERALIS-EdgeVision-v2.4,True,25.18,92.85
INS-DMG-1884,SEG-07,71.9,Pothole,20.5,1.4,0.2,TIER_2_MODERATE_HAZARD,SPEED_RESTRICTION_PWD_PATCHING,89.1,NERALIS-EdgeVision-v2.4,True,25.15,94.02
INS-DMG-1885,SEG-08,62.4,Intact / Minor Surface Wear,0.5,0.3,0.0,TIER_1_ROUTINE_MONITORING,CONTINUE_NORMAL_OPERATION,95.7,NERALIS-EdgeVision-v2.4,False,25.72,93.88
INS-DMG-1886,SEG-03,3.2,Longitudinal / Transverse Crack,7.7,4.2,0.1,TIER_2_MODERATE_HAZARD,SEAL_CRACK_WATERPROOFING,89.4,NERALIS-EdgeVision-v2.4,True,25.12,92.36
INS-DMG-1887,SEG-11,106.0,Intact / Minor Surface Wear,0.0,0.3,0.0,TIER_1_ROUTINE_MONITORING,CONTINUE_NORMAL_OPERATION,97.7,NERALIS-EdgeVision-v2.4,False,23.45,92.74
INS-DMG-1888,SEG-07,63.1,Debris / Rockfall Deposit,8.7,36.0,68.1,TIER_3_CRITICAL_EMERGENCY,MANDATORY_CLOSURE_BRO_EARTHMOVER,95.9,NERALIS-EdgeVision-v2.4,True,25.15,94.02
INS-DMG-1889,SEG-02,38.9,Debris / Rockfall Deposit,6.4,6.5,80.6,TIER_3_CRITICAL_EMERGENCY,MANDATORY_CLOSURE_BRO_EARTHMOVER,93.1,NERALIS-EdgeVision-v2.4,True,25.75,91.88
INS-DMG-1890,SEG-02,127.5,Longitudinal / Transverse Crack,1.6,15.3,0.2,TIER_2_MODERATE_HAZARD,SEAL_CRACK_WATERPROOFING,90.2,NERALIS-EdgeVision-v2.4,True,25.75,91.88
INS-DMG-1891,SEG-06,44.2,Longitudinal / Transverse Crack,5.1,8.5,0.2,TIER_2_MODERATE_HAZARD,SEAL_CRACK_WATERPROOFING,88.4,NERALIS-EdgeVision-v2.4,True,25.8,93.95
INS-DMG-1892,SEG-05,127.0,Washout / Roadbed Erosion,98.3,21.1,14.2,TIER_3_CRITICAL_EMERGENCY,MANDATORY_CLOSURE_BRO_EARTHMOVER,98.9,NERALIS-EdgeVision-v2.4,True,27.51,92.1
INS-DMG-1893,SEG-14,81.5,Debris / Rockfall Deposit,3.5,41.4,44.4,TIER_3_CRITICAL_EMERGENCY,MANDATORY_CLOSURE_BRO_EARTHMOVER,97.7,NERALIS-EdgeVision-v2.4,True,26.6,93.4
INS-DMG-1894,SEG-05,63.7,Intact / Minor Surface Wear,0.3,0.0,0.0,TIER_1_ROUTINE_MONITORING,CONTINUE_NORMAL_OPERATION,91.3,NERALIS-EdgeVision-v2.4,False,27.51,92.1
INS-DMG-1895,SEG-04,76.5,Intact / Minor Surface Wear,0.3,0.5,0.0,TIER_1_ROUTINE_MONITORING,CONTINUE_NORMAL_OPERATION,95.4,NERALIS-EdgeVision-v2.4,False,27.26,92.42
INS-DMG-1896,SEG-06,16.3,Longitudinal / Transverse Crack,5.7,12.0,0.1,TIER_2_MODERATE_HAZARD,SEAL_CRACK_WATERPROOFING,88.2,NERALIS-EdgeVision-v2.4,True,25.8,93.95
INS-DMG-1897,SEG-02,7.7,Longitudinal / Transverse Crack,7.7,12.7,0.2,TIER_2_MODERATE_HAZARD,SEAL_CRACK_WATERPROOFING,91.1,NERALIS-EdgeVision-v2.4,True,25.75,91.88
INS-DMG-1898,SEG-13,95.3,Longitudinal / Transverse Crack,6.7,15.6,0.1,TIER_2_MODERATE_HAZARD,SEAL_CRACK_WATERPROOFING,86.9,NERALIS-EdgeVision-v2.4,True,27.52,88.58
INS-DMG-1899,SEG-07,104.6,Longitudinal / Transverse Crack,2.4,6.3,0.0,TIER_2_MODERATE_HAZARD,SEAL_CRACK_WATERPROOFING,86.2,NERALIS-EdgeVision-v2.4,True,25.15,94.02
INS-DMG-1900,SEG-11,26.8,Pothole,17.7,1.7,0.5,TIER_2_MODERATE_HAZARD,SPEED_RESTRICTION_PWD_PATCHING,91.8,NERALIS-EdgeVision-v2.4,True,23.45,92.74
INS-DMG-1901,SEG-07,43.0,Pothole,19.1,0.4,0.0,TIER_2_MODERATE_HAZARD,SPEED_RESTRICTION_PWD_PATCHING,92.4,NERALIS-EdgeVision-v2.4,True,25.15,94.02
INS-DMG-1902,SEG-07,94.9,Pothole,4.3,1.0,0.2,TIER_1_ROUTINE_MONITORING,CONTINUE_NORMAL_OPERATION,90.6,NERALIS-EdgeVision-v2.4,False,25.15,94.02
INS-DMG-1903,SEG-02,28.9,Pothole,6.0,1.7,0.4,TIER_1_ROUTINE_MONITORING,CONTINUE_NORMAL_OPERATION,96.1,NERALIS-EdgeVision-v2.4,False,25.75,91.88
INS-DMG-1904,SEG-08,47.3,Pothole,4.1,1.2,0.1,TIER_1_ROUTINE_MONITORING,CONTINUE_NORMAL_OPERATION,97.2,NERALIS-EdgeVision-v2.4,False,25.72,93.88
INS-DMG-1905,SEG-08,32.8,Longitudinal / Transverse Crack,7.9,15.5,0.2,TIER_2_MODERATE_HAZARD,SEAL_CRACK_WATERPROOFING,91.4,NERALIS-EdgeVision-v2.4,True,25.72,93.88
INS-DMG-1906,SEG-02,17.4,Intact / Minor Surface Wear,0.9,0.2,0.0,TIER_1_ROUTINE_MONITORING,CONTINUE_NORMAL_OPERATION,96.6,NERALIS-EdgeVision-v2.4,False,25.75,91.88
INS-DMG-1907,SEG-06,25.1,Pothole,16.5,1.7,0.5,TIER_2_MODERATE_HAZARD,SPEED_RESTRICTION_PWD_PATCHING,93.0,NERALIS-EdgeVision-v2.4,True,25.8,93.95
INS-DMG-1908,SEG-12,94.0,Longitudinal / Transverse Crack,1.7,1.9,0.2,TIER_2_MODERATE_HAZARD,SEAL_CRACK_WATERPROOFING,85.1,NERALIS-EdgeVision-v2.4,True,27.1,88.48
INS-DMG-1909,SEG-13,45.0,Debris / Rockfall Deposit,8.7,31.6,73.6,TIER_3_CRITICAL_EMERGENCY,MANDATORY_CLOSURE_BRO_EARTHMOVER,97.5,NERALIS-EdgeVision-v2.4,True,27.52,88.58
INS-DMG-1910,SEG-15,82.4,Debris / Rockfall Deposit,5.5,12.1,80.0,TIER_3_CRITICAL_EMERGENCY,MANDATORY_CLOSURE_BRO_EARTHMOVER,94.0,NERALIS-EdgeVision-v2.4,True,26.75,94.95
INS-DMG-1911,SEG-05,117.2,Pothole,14.9,0.8,0.0,TIER_2_MODERATE_HAZARD,SPEED_RESTRICTION_PWD_PATCHING,93.0,NERALIS-EdgeVision-v2.4,True,27.51,92.1
INS-DMG-1912,SEG-02,101.1,Washout / Roadbed Erosion,60.7,30.3,33.8,TIER_3_CRITICAL_EMERGENCY,MANDATORY_CLOSURE_BRO_EARTHMOVER,96.3,NERALIS-EdgeVision-v2.4,True,25.75,91.88
INS-DMG-1913,SEG-11,116.1,Debris / Rockfall Deposit,2.3,29.1,157.3,TIER_3_CRITICAL_EMERGENCY,MANDATORY_CLOSURE_BRO_EARTHMOVER,99.4,NERALIS-EdgeVision-v2.4,True,23.45,92.74
INS-DMG-1914,SEG-07,7.1,Debris / Rockfall Deposit,2.8,18.0,66.4,TIER_3_CRITICAL_EMERGENCY,MANDATORY_CLOSURE_BRO_EARTHMOVER,92.9,NERALIS-EdgeVision-v2.4,True,25.15,94.02
INS-DMG-1915,SEG-09,136.8,Pothole,21.1,0.6,0.2,TIER_2_MODERATE_HAZARD,SPEED_RESTRICTION_PWD_PATCHING,89.1,NERALIS-EdgeVision-v2.4,True,24.8,93.45
INS-DMG-1916,SEG-06,95.6,Washout / Roadbed Erosion,61.0,34.4,34.9,TIER_3_CRITICAL_EMERGENCY,MANDATORY_CLOSURE_BRO_EARTHMOVER,92.9,NERALIS-EdgeVision-v2.4,True,25.8,93.95
INS-DMG-1917,SEG-16,122.6,Debris / Rockfall Deposit,2.3,20.3,69.2,TIER_3_CRITICAL_EMERGENCY,MANDATORY_CLOSURE_BRO_EARTHMOVER,94.1,NERALIS-EdgeVision-v2.4,True,25.18,92.85
INS-DMG-1918,SEG-07,112.2,Longitudinal / Transverse Crack,7.5,14.1,0.0,TIER_2_MODERATE_HAZARD,SEAL_CRACK_WATERPROOFING,93.7,NERALIS-EdgeVision-v2.4,True,25.15,94.02
INS-DMG-1919,SEG-11,102.0,Longitudinal / Transverse Crack,3.9,12.1,0.1,TIER_2_MODERATE_HAZARD,SEAL_CRACK_WATERPROOFING,90.7,NERALIS-EdgeVision-v2.4,True,23.45,92.74
INS-DMG-1920,SEG-07,94.9,Intact / Minor Surface Wear,1.1,0.4,0.0,TIER_1_ROUTINE_MONITORING,CONTINUE_NORMAL_OPERATION,94.3,NERALIS-EdgeVision-v2.4,False,25.15,94.02
INS-DMG-1921,SEG-01,23.0,Debris / Rockfall Deposit,9.0,39.6,144.7,TIER_3_CRITICAL_EMERGENCY,MANDATORY_CLOSURE_BRO_EARTHMOVER,94.8,NERALIS-EdgeVision-v2.4,True,26.18,92.12
INS-DMG-1922,SEG-04,60.3,Debris / Rockfall Deposit,6.3,17.5,125.1,TIER_3_CRITICAL_EMERGENCY,MANDATORY_CLOSURE_BRO_EARTHMOVER,94.6,NERALIS-EdgeVision-v2.4,True,27.26,92.42
INS-DMG-1923,SEG-03,63.4,Intact / Minor Surface Wear,0.8,0.0,0.0,TIER_1_ROUTINE_MONITORING,CONTINUE_NORMAL_OPERATION,92.4,NERALIS-EdgeVision-v2.4,False,25.12,92.36
INS-DMG-1924,SEG-12,124.0,Debris / Rockfall Deposit,0.0,21.3,77.3,TIER_3_CRITICAL_EMERGENCY,MANDATORY_CLOSURE_BRO_EARTHMOVER,96.2,NERALIS-EdgeVision-v2.4,True,27.1,88.48
INS-DMG-1925,SEG-01,92.8,Pothole,19.2,1.7,0.2,TIER_2_MODERATE_HAZARD,SPEED_RESTRICTION_PWD_PATCHING,94.2,NERALIS-EdgeVision-v2.4,True,26.18,92.12
INS-DMG-1926,SEG-01,93.0,Intact / Minor Surface Wear,1.6,0.2,0.0,TIER_1_ROUTINE_MONITORING,CONTINUE_NORMAL_OPERATION,96.8,NERALIS-EdgeVision-v2.4,False,26.18,92.12
INS-DMG-1927,SEG-05,52.1,Debris / Rockfall Deposit,8.6,9.9,38.2,TIER_3_CRITICAL_EMERGENCY,MANDATORY_CLOSURE_BRO_EARTHMOVER,99.3,NERALIS-EdgeVision-v2.4,True,27.51,92.1
INS-DMG-1928,SEG-16,8.6,Washout / Roadbed Erosion,58.8,50.2,7.5,TIER_3_CRITICAL_EMERGENCY,MANDATORY_CLOSURE_BRO_EARTHMOVER,94.4,NERALIS-EdgeVision-v2.4,True,25.18,92.85
INS-DMG-1929,SEG-13,40.0,Longitudinal / Transverse Crack,7.1,3.0,0.1,TIER_2_MODERATE_HAZARD,SEAL_CRACK_WATERPROOFING,93.2,NERALIS-EdgeVision-v2.4,True,27.52,88.58
INS-DMG-1930,SEG-16,37.8,Debris / Rockfall Deposit,0.6,3.5,102.4,TIER_3_CRITICAL_EMERGENCY,MANDATORY_CLOSURE_BRO_EARTHMOVER,97.7,NERALIS-EdgeVision-v2.4,True,25.18,92.85
INS-DMG-1931,SEG-15,45.7,Washout / Roadbed Erosion,110.4,27.6,19.6,TIER_3_CRITICAL_EMERGENCY,MANDATORY_CLOSURE_BRO_EARTHMOVER,93.8,NERALIS-EdgeVision-v2.4,True,26.75,94.95
INS-DMG-1932,SEG-11,124.7,Debris / Rockfall Deposit,4.6,37.8,89.1,TIER_3_CRITICAL_EMERGENCY,MANDATORY_CLOSURE_BRO_EARTHMOVER,98.9,NERALIS-EdgeVision-v2.4,True,23.45,92.74
INS-DMG-1933,SEG-10,136.7,Intact / Minor Surface Wear,1.6,0.2,0.0,TIER_1_ROUTINE_MONITORING,CONTINUE_NORMAL_OPERATION,93.2,NERALIS-EdgeVision-v2.4,False,24.2,92.15
INS-DMG-1934,SEG-11,20.8,Pothole,20.7,1.4,0.5,TIER_2_MODERATE_HAZARD,SPEED_RESTRICTION_PWD_PATCHING,90.6,NERALIS-EdgeVision-v2.4,True,23.45,92.74
INS-DMG-1935,SEG-16,49.5,Pothole,10.8,1.1,0.2,TIER_1_ROUTINE_MONITORING,CONTINUE_NORMAL_OPERATION,93.7,NERALIS-EdgeVision-v2.4,False,25.18,92.85
INS-DMG-1936,SEG-10,68.5,Pothole,12.9,1.6,0.1,TIER_2_MODERATE_HAZARD,SPEED_RESTRICTION_PWD_PATCHING,96.4,NERALIS-EdgeVision-v2.4,True,24.2,92.15
INS-DMG-1937,SEG-14,138.1,Debris / Rockfall Deposit,7.7,19.3,76.7,TIER_3_CRITICAL_EMERGENCY,MANDATORY_CLOSURE_BRO_EARTHMOVER,97.0,NERALIS-EdgeVision-v2.4,True,26.6,93.4
INS-DMG-1938,SEG-08,110.3,Pothole,21.3,0.8,0.3,TIER_2_MODERATE_HAZARD,SPEED_RESTRICTION_PWD_PATCHING,90.5,NERALIS-EdgeVision-v2.4,True,25.72,93.88
INS-DMG-1939,SEG-08,18.4,Pothole,17.9,0.4,0.5,TIER_2_MODERATE_HAZARD,SPEED_RESTRICTION_PWD_PATCHING,94.6,NERALIS-EdgeVision-v2.4,True,25.72,93.88
INS-DMG-1940,SEG-15,39.2,Pothole,9.7,0.5,0.5,TIER_1_ROUTINE_MONITORING,CONTINUE_NORMAL_OPERATION,96.3,NERALIS-EdgeVision-v2.4,False,26.75,94.95
INS-DMG-1941,SEG-08,76.2,Washout / Roadbed Erosion,27.6,7.7,11.0,TIER_3_CRITICAL_EMERGENCY,MANDATORY_CLOSURE_BRO_EARTHMOVER,94.4,NERALIS-EdgeVision-v2.4,True,25.72,93.88
INS-DMG-1942,SEG-04,59.3,Pothole,21.7,1.6,0.1,TIER_2_MODERATE_HAZARD,SPEED_RESTRICTION_PWD_PATCHING,96.9,NERALIS-EdgeVision-v2.4,True,27.26,92.42
INS-DMG-1943,SEG-13,75.9,Longitudinal / Transverse Crack,4.0,5.5,0.1,TIER_2_MODERATE_HAZARD,SEAL_CRACK_WATERPROOFING,86.5,NERALIS-EdgeVision-v2.4,True,27.52,88.58
INS-DMG-1944,SEG-07,19.7,Longitudinal / Transverse Crack,6.2,14.7,0.1,TIER_2_MODERATE_HAZARD,SEAL_CRACK_WATERPROOFING,93.8,NERALIS-EdgeVision-v2.4,True,25.15,94.02
INS-DMG-1945,SEG-09,68.1,Pothole,13.7,1.5,0.4,TIER_2_MODERATE_HAZARD,SPEED_RESTRICTION_PWD_PATCHING,90.0,NERALIS-EdgeVision-v2.4,True,24.8,93.45
INS-DMG-1946,SEG-05,13.9,Debris / Rockfall Deposit,0.5,16.0,123.2,TIER_3_CRITICAL_EMERGENCY,MANDATORY_CLOSURE_BRO_EARTHMOVER,94.0,NERALIS-EdgeVision-v2.4,True,27.51,92.1
INS-DMG-1947,SEG-12,26.5,Pothole,5.1,1.1,0.3,TIER_1_ROUTINE_MONITORING,CONTINUE_NORMAL_OPERATION,97.4,NERALIS-EdgeVision-v2.4,False,27.1,88.48
INS-DMG-1948,SEG-16,133.8,Washout / Roadbed Erosion,65.2,48.0,37.7,TIER_3_CRITICAL_EMERGENCY,MANDATORY_CLOSURE_BRO_EARTHMOVER,97.2,NERALIS-EdgeVision-v2.4,True,25.18,92.85
INS-DMG-1949,SEG-03,18.4,Pothole,6.9,1.0,0.5,TIER_1_ROUTINE_MONITORING,CONTINUE_NORMAL_OPERATION,94.1,NERALIS-EdgeVision-v2.4,False,25.12,92.36
INS-DMG-1950,SEG-08,12.6,Pothole,6.2,0.9,0.5,TIER_1_ROUTINE_MONITORING,CONTINUE_NORMAL_OPERATION,90.5,NERALIS-EdgeVision-v2.4,False,25.72,93.88
INS-DMG-1951,SEG-11,11.2,Longitudinal / Transverse Crack,7.1,7.6,0.1,TIER_2_MODERATE_HAZARD,SEAL_CRACK_WATERPROOFING,85.3,NERALIS-EdgeVision-v2.4,True,23.45,92.74
INS-DMG-1952,SEG-08,42.8,Intact / Minor Surface Wear,1.0,0.1,0.0,TIER_1_ROUTINE_MONITORING,CONTINUE_NORMAL_OPERATION,93.3,NERALIS-EdgeVision-v2.4,False,25.72,93.88
INS-DMG-1953,SEG-01,118.9,Washout / Roadbed Erosion,90.3,18.7,7.8,TIER_3_CRITICAL_EMERGENCY,MANDATORY_CLOSURE_BRO_EARTHMOVER,93.4,NERALIS-EdgeVision-v2.4,True,26.18,92.12
INS-DMG-1954,SEG-03,92.2,Longitudinal / Transverse Crack,3.4,3.9,0.1,TIER_2_MODERATE_HAZARD,SEAL_CRACK_WATERPROOFING,93.8,NERALIS-EdgeVision-v2.4,True,25.12,92.36
INS-DMG-1955,SEG-10,38.2,Intact / Minor Surface Wear,0.8,0.0,0.0,TIER_1_ROUTINE_MONITORING,CONTINUE_NORMAL_OPERATION,90.3,NERALIS-EdgeVision-v2.4,False,24.2,92.15
INS-DMG-1956,SEG-01,74.2,Debris / Rockfall Deposit,2.6,2.7,79.0,TIER_3_CRITICAL_EMERGENCY,MANDATORY_CLOSURE_BRO_EARTHMOVER,93.7,NERALIS-EdgeVision-v2.4,True,26.18,92.12
INS-DMG-1957,SEG-02,71.7,Intact / Minor Surface Wear,1.8,0.3,0.0,TIER_1_ROUTINE_MONITORING,CONTINUE_NORMAL_OPERATION,95.0,NERALIS-EdgeVision-v2.4,False,25.75,91.88
INS-DMG-1958,SEG-10,40.8,Pothole,5.6,0.8,0.3,TIER_1_ROUTINE_MONITORING,CONTINUE_NORMAL_OPERATION,91.0,NERALIS-EdgeVision-v2.4,False,24.2,92.15
INS-DMG-1959,SEG-08,111.4,Debris / Rockfall Deposit,8.6,44.5,170.8,TIER_3_CRITICAL_EMERGENCY,MANDATORY_CLOSURE_BRO_EARTHMOVER,93.5,NERALIS-EdgeVision-v2.4,True,25.72,93.88
INS-DMG-1960,SEG-06,90.6,Longitudinal / Transverse Crack,2.6,7.3,0.2,TIER_2_MODERATE_HAZARD,SEAL_CRACK_WATERPROOFING,86.6,NERALIS-EdgeVision-v2.4,True,25.8,93.95
INS-DMG-1961,SEG-10,92.8,Pothole,20.9,0.7,0.1,TIER_2_MODERATE_HAZARD,SPEED_RESTRICTION_PWD_PATCHING,95.8,NERALIS-EdgeVision-v2.4,True,24.2,92.15
INS-DMG-1962,SEG-05,17.5,Washout / Roadbed Erosion,27.4,55.2,33.0,TIER_3_CRITICAL_EMERGENCY,MANDATORY_CLOSURE_BRO_EARTHMOVER,94.1,NERALIS-EdgeVision-v2.4,True,27.51,92.1
INS-DMG-1963,SEG-10,121.5,Pothole,16.0,0.3,0.0,TIER_2_MODERATE_HAZARD,SPEED_RESTRICTION_PWD_PATCHING,93.2,NERALIS-EdgeVision-v2.4,True,24.2,92.15
INS-DMG-1964,SEG-11,135.2,Longitudinal / Transverse Crack,5.0,14.2,0.2,TIER_2_MODERATE_HAZARD,SEAL_CRACK_WATERPROOFING,89.3,NERALIS-EdgeVision-v2.4,True,23.45,92.74
INS-DMG-1965,SEG-12,97.6,Pothole,20.6,0.8,0.0,TIER_2_MODERATE_HAZARD,SPEED_RESTRICTION_PWD_PATCHING,91.8,NERALIS-EdgeVision-v2.4,True,27.1,88.48
INS-DMG-1966,SEG-07,82.0,Debris / Rockfall Deposit,9.7,6.4,112.7,TIER_3_CRITICAL_EMERGENCY,MANDATORY_CLOSURE_BRO_EARTHMOVER,96.2,NERALIS-EdgeVision-v2.4,True,25.15,94.02
INS-DMG-1967,SEG-08,15.0,Debris / Rockfall Deposit,7.1,32.5,103.2,TIER_3_CRITICAL_EMERGENCY,MANDATORY_CLOSURE_BRO_EARTHMOVER,97.0,NERALIS-EdgeVision-v2.4,True,25.72,93.88
INS-DMG-1968,SEG-03,58.4,Pothole,19.5,1.5,0.3,TIER_2_MODERATE_HAZARD,SPEED_RESTRICTION_PWD_PATCHING,90.1,NERALIS-EdgeVision-v2.4,True,25.12,92.36
INS-DMG-1969,SEG-06,108.3,Pothole,17.1,0.5,0.3,TIER_2_MODERATE_HAZARD,SPEED_RESTRICTION_PWD_PATCHING,93.8,NERALIS-EdgeVision-v2.4,True,25.8,93.95
INS-DMG-1970,SEG-08,85.7,Debris / Rockfall Deposit,4.2,8.5,23.9,TIER_3_CRITICAL_EMERGENCY,MANDATORY_CLOSURE_BRO_EARTHMOVER,95.2,NERALIS-EdgeVision-v2.4,True,25.72,93.88
INS-DMG-1971,SEG-10,102.0,Pothole,9.2,0.9,0.4,TIER_1_ROUTINE_MONITORING,CONTINUE_NORMAL_OPERATION,97.7,NERALIS-EdgeVision-v2.4,False,24.2,92.15
INS-DMG-1972,SEG-07,83.5,Pothole,11.4,1.0,0.1,TIER_1_ROUTINE_MONITORING,CONTINUE_NORMAL_OPERATION,90.6,NERALIS-EdgeVision-v2.4,False,25.15,94.02
INS-DMG-1973,SEG-06,9.7,Longitudinal / Transverse Crack,4.0,5.3,0.2,TIER_2_MODERATE_HAZARD,SEAL_CRACK_WATERPROOFING,87.1,NERALIS-EdgeVision-v2.4,True,25.8,93.95
INS-DMG-1974,SEG-08,29.2,Intact / Minor Surface Wear,0.3,0.4,0.0,TIER_1_ROUTINE_MONITORING,CONTINUE_NORMAL_OPERATION,93.8,NERALIS-EdgeVision-v2.4,False,25.72,93.88
INS-DMG-1975,SEG-06,4.3,Pothole,16.1,0.4,0.5,TIER_2_MODERATE_HAZARD,SPEED_RESTRICTION_PWD_PATCHING,89.7,NERALIS-EdgeVision-v2.4,True,25.8,93.95
INS-DMG-1976,SEG-05,127.2,Washout / Roadbed Erosion,96.8,23.1,27.9,TIER_3_CRITICAL_EMERGENCY,MANDATORY_CLOSURE_BRO_EARTHMOVER,97.8,NERALIS-EdgeVision-v2.4,True,27.51,92.1
INS-DMG-1977,SEG-01,20.0,Longitudinal / Transverse Crack,1.7,3.3,0.2,TIER_2_MODERATE_HAZARD,SEAL_CRACK_WATERPROOFING,89.7,NERALIS-EdgeVision-v2.4,True,26.18,92.12
INS-DMG-1978,SEG-07,65.0,Debris / Rockfall Deposit,5.6,32.5,140.0,TIER_3_CRITICAL_EMERGENCY,MANDATORY_CLOSURE_BRO_EARTHMOVER,99.2,NERALIS-EdgeVision-v2.4,True,25.15,94.02
INS-DMG-1979,SEG-03,109.7,Intact / Minor Surface Wear,1.7,0.5,0.0,TIER_1_ROUTINE_MONITORING,CONTINUE_NORMAL_OPERATION,94.7,NERALIS-EdgeVision-v2.4,False,25.12,92.36
INS-DMG-1980,SEG-01,134.7,Longitudinal / Transverse Crack,7.8,3.9,0.1,TIER_2_MODERATE_HAZARD,SEAL_CRACK_WATERPROOFING,92.7,NERALIS-EdgeVision-v2.4,True,26.18,92.12
INS-DMG-1981,SEG-14,6.3,Longitudinal / Transverse Crack,6.2,16.9,0.2,TIER_2_MODERATE_HAZARD,SEAL_CRACK_WATERPROOFING,89.0,NERALIS-EdgeVision-v2.4,True,26.6,93.4
INS-DMG-1982,SEG-01,54.3,Debris / Rockfall Deposit,1.8,15.8,66.2,TIER_3_CRITICAL_EMERGENCY,MANDATORY_CLOSURE_BRO_EARTHMOVER,95.8,NERALIS-EdgeVision-v2.4,True,26.18,92.12
INS-DMG-1983,SEG-06,92.9,Pothole,4.8,1.5,0.0,TIER_1_ROUTINE_MONITORING,CONTINUE_NORMAL_OPERATION,91.5,NERALIS-EdgeVision-v2.4,False,25.8,93.95
INS-DMG-1984,SEG-05,20.1,Pothole,19.4,0.5,0.4,TIER_2_MODERATE_HAZARD,SPEED_RESTRICTION_PWD_PATCHING,90.5,NERALIS-EdgeVision-v2.4,True,27.51,92.1
INS-DMG-1985,SEG-01,89.2,Longitudinal / Transverse Crack,8.0,16.7,0.1,TIER_2_MODERATE_HAZARD,SEAL_CRACK_WATERPROOFING,92.6,NERALIS-EdgeVision-v2.4,True,26.18,92.12
INS-DMG-1986,SEG-16,22.6,Longitudinal / Transverse Crack,3.0,8.8,0.1,TIER_2_MODERATE_HAZARD,SEAL_CRACK_WATERPROOFING,87.5,NERALIS-EdgeVision-v2.4,True,25.18,92.85
INS-DMG-1987,SEG-05,121.5,Pothole,5.5,0.3,0.1,TIER_1_ROUTINE_MONITORING,CONTINUE_NORMAL_OPERATION,92.2,NERALIS-EdgeVision-v2.4,False,27.51,92.1
INS-DMG-1988,SEG-06,111.7,Longitudinal / Transverse Crack,4.8,14.6,0.0,TIER_2_MODERATE_HAZARD,SEAL_CRACK_WATERPROOFING,93.3,NERALIS-EdgeVision-v2.4,True,25.8,93.95
INS-DMG-1989,SEG-06,41.8,Longitudinal / Transverse Crack,7.5,9.9,0.1,TIER_2_MODERATE_HAZARD,SEAL_CRACK_WATERPROOFING,90.7,NERALIS-EdgeVision-v2.4,True,25.8,93.95
INS-DMG-1990,SEG-04,78.6,Pothole,14.7,1.0,0.4,TIER_2_MODERATE_HAZARD,SPEED_RESTRICTION_PWD_PATCHING,93.6,NERALIS-EdgeVision-v2.4,True,27.26,92.42
INS-DMG-1991,SEG-13,40.9,Intact / Minor Surface Wear,0.2,0.0,0.0,TIER_1_ROUTINE_MONITORING,CONTINUE_NORMAL_OPERATION,91.2,NERALIS-EdgeVision-v2.4,False,27.52,88.58
INS-DMG-1992,SEG-10,40.4,Intact / Minor Surface Wear,1.3,0.1,0.0,TIER_1_ROUTINE_MONITORING,CONTINUE_NORMAL_OPERATION,94.2,NERALIS-EdgeVision-v2.4,False,24.2,92.15
INS-DMG-1993,SEG-05,81.1,Intact / Minor Surface Wear,2.0,0.4,0.0,TIER_1_ROUTINE_MONITORING,CONTINUE_NORMAL_OPERATION,92.2,NERALIS-EdgeVision-v2.4,False,27.51,92.1
INS-DMG-1994,SEG-09,64.0,Longitudinal / Transverse Crack,7.6,16.6,0.1,TIER_2_MODERATE_HAZARD,SEAL_CRACK_WATERPROOFING,88.6,NERALIS-EdgeVision-v2.4,True,24.8,93.45
INS-DMG-1995,SEG-06,13.3,Pothole,15.2,1.1,0.0,TIER_2_MODERATE_HAZARD,SPEED_RESTRICTION_PWD_PATCHING,94.2,NERALIS-EdgeVision-v2.4,True,25.8,93.95
INS-DMG-1996,SEG-09,87.6,Longitudinal / Transverse Crack,4.6,7.3,0.0,TIER_2_MODERATE_HAZARD,SEAL_CRACK_WATERPROOFING,94.4,NERALIS-EdgeVision-v2.4,True,24.8,93.45
INS-DMG-1997,SEG-04,72.7,Longitudinal / Transverse Crack,5.7,5.1,0.1,TIER_2_MODERATE_HAZARD,SEAL_CRACK_WATERPROOFING,85.4,NERALIS-EdgeVision-v2.4,True,27.26,92.42
INS-DMG-1998,SEG-12,66.2,Washout / Roadbed Erosion,112.1,47.3,38.4,TIER_3_CRITICAL_EMERGENCY,MANDATORY_CLOSURE_BRO_EARTHMOVER,95.8,NERALIS-EdgeVision-v2.4,True,27.1,88.48
INS-DMG-1999,SEG-15,126.1,Pothole,20.6,1.3,0.4,TIER_2_MODERATE_HAZARD,SPEED_RESTRICTION_PWD_PATCHING,95.5,NERALIS-EdgeVision-v2.4,True,26.75,94.95
INS-DMG-2000,SEG-03,10.7,Intact / Minor Surface Wear,1.3,0.4,0.0,TIER_1_ROUTINE_MONITORING,CONTINUE_NORMAL_OPERATION,94.4,NERALIS-EdgeVision-v2.4,False,25.12,92.36
INS-DMG-2001,SEG-01,85.9,Intact / Minor Surface Wear,2.0,0.1,0.0,TIER_1_ROUTINE_MONITORING,CONTINUE_NORMAL_OPERATION,93.5,NERALIS-EdgeVision-v2.4,False,26.18,92.12
INS-DMG-2002,SEG-09,96.2,Washout / Roadbed Erosion,45.2,39.4,18.8,TIER_3_CRITICAL_EMERGENCY,MANDATORY_CLOSURE_BRO_EARTHMOVER,95.9,NERALIS-EdgeVision-v2.4,True,24.8,93.45
INS-DMG-2003,SEG-15,101.9,Debris / Rockfall Deposit,7.4,40.9,144.9,TIER_3_CRITICAL_EMERGENCY,MANDATORY_CLOSURE_BRO_EARTHMOVER,99.0,NERALIS-EdgeVision-v2.4,True,26.75,94.95
INS-DMG-2004,SEG-10,93.6,Debris / Rockfall Deposit,5.3,26.4,17.1,TIER_3_CRITICAL_EMERGENCY,MANDATORY_CLOSURE_BRO_EARTHMOVER,93.3,NERALIS-EdgeVision-v2.4,True,24.2,92.15
INS-DMG-2005,SEG-08,123.1,Intact / Minor Surface Wear,1.9,0.1,0.0,TIER_1_ROUTINE_MONITORING,CONTINUE_NORMAL_OPERATION,96.3,NERALIS-EdgeVision-v2.4,False,25.72,93.88
INS-DMG-2006,SEG-12,70.2,Longitudinal / Transverse Crack,2.7,12.8,0.1,TIER_2_MODERATE_HAZARD,SEAL_CRACK_WATERPROOFING,88.1,NERALIS-EdgeVision-v2.4,True,27.1,88.48
INS-DMG-2007,SEG-10,80.9,Washout / Roadbed Erosion,35.4,12.5,19.0,TIER_3_CRITICAL_EMERGENCY,MANDATORY_CLOSURE_BRO_EARTHMOVER,95.9,NERALIS-EdgeVision-v2.4,True,24.2,92.15
INS-DMG-2008,SEG-13,9.0,Pothole,15.1,1.3,0.5,TIER_2_MODERATE_HAZARD,SPEED_RESTRICTION_PWD_PATCHING,94.3,NERALIS-EdgeVision-v2.4,True,27.52,88.58
INS-DMG-2009,SEG-08,130.7,Debris / Rockfall Deposit,1.4,21.4,108.7,TIER_3_CRITICAL_EMERGENCY,MANDATORY_CLOSURE_BRO_EARTHMOVER,92.5,NERALIS-EdgeVision-v2.4,True,25.72,93.88
INS-DMG-2010,SEG-13,10.5,Debris / Rockfall Deposit,5.8,17.2,46.0,TIER_3_CRITICAL_EMERGENCY,MANDATORY_CLOSURE_BRO_EARTHMOVER,94.2,NERALIS-EdgeVision-v2.4,True,27.52,88.58
INS-DMG-2011,SEG-01,113.8,Pothole,21.8,1.1,0.3,TIER_2_MODERATE_HAZARD,SPEED_RESTRICTION_PWD_PATCHING,95.4,NERALIS-EdgeVision-v2.4,True,26.18,92.12
INS-DMG-2012,SEG-06,81.7,Pothole,20.8,0.9,0.4,TIER_2_MODERATE_HAZARD,SPEED_RESTRICTION_PWD_PATCHING,93.9,NERALIS-EdgeVision-v2.4,True,25.8,93.95
INS-DMG-2013,SEG-11,29.2,Debris / Rockfall Deposit,0.9,6.9,5.9,TIER_3_CRITICAL_EMERGENCY,MANDATORY_CLOSURE_BRO_EARTHMOVER,99.1,NERALIS-EdgeVision-v2.4,True,23.45,92.74
INS-DMG-2014,SEG-15,8.9,Longitudinal / Transverse Crack,1.4,18.0,0.1,TIER_2_MODERATE_HAZARD,SEAL_CRACK_WATERPROOFING,92.0,NERALIS-EdgeVision-v2.4,True,26.75,94.95
INS-DMG-2015,SEG-10,79.8,Washout / Roadbed Erosion,16.2,26.7,13.1,TIER_3_CRITICAL_EMERGENCY,MANDATORY_CLOSURE_BRO_EARTHMOVER,94.5,NERALIS-EdgeVision-v2.4,True,24.2,92.15
INS-DMG-2016,SEG-01,16.5,Longitudinal / Transverse Crack,7.3,9.4,0.2,TIER_2_MODERATE_HAZARD,SEAL_CRACK_WATERPROOFING,87.0,NERALIS-EdgeVision-v2.4,True,26.18,92.12
INS-DMG-2017,SEG-13,76.5,Longitudinal / Transverse Crack,1.6,10.4,0.2,TIER_2_MODERATE_HAZARD,SEAL_CRACK_WATERPROOFING,90.4,NERALIS-EdgeVision-v2.4,True,27.52,88.58
INS-DMG-2018,SEG-12,54.2,Intact / Minor Surface Wear,1.1,0.2,0.0,TIER_1_ROUTINE_MONITORING,CONTINUE_NORMAL_OPERATION,90.3,NERALIS-EdgeVision-v2.4,False,27.1,88.48
INS-DMG-2019,SEG-01,92.9,Debris / Rockfall Deposit,4.3,30.5,98.0,TIER_3_CRITICAL_EMERGENCY,MANDATORY_CLOSURE_BRO_EARTHMOVER,93.4,NERALIS-EdgeVision-v2.4,True,26.18,92.12
INS-DMG-2020,SEG-06,71.0,Longitudinal / Transverse Crack,1.5,15.1,0.1,TIER_2_MODERATE_HAZARD,SEAL_CRACK_WATERPROOFING,90.4,NERALIS-EdgeVision-v2.4,True,25.8,93.95
INS-DMG-2021,SEG-04,66.0,Pothole,11.9,0.6,0.3,TIER_1_ROUTINE_MONITORING,CONTINUE_NORMAL_OPERATION,94.1,NERALIS-EdgeVision-v2.4,False,27.26,92.42
INS-DMG-2022,SEG-07,42.2,Longitudinal / Transverse Crack,5.6,4.2,0.1,TIER_2_MODERATE_HAZARD,SEAL_CRACK_WATERPROOFING,94.7,NERALIS-EdgeVision-v2.4,True,25.15,94.02
INS-DMG-2023,SEG-03,110.9,Pothole,5.9,1.7,0.5,TIER_1_ROUTINE_MONITORING,CONTINUE_NORMAL_OPERATION,91.7,NERALIS-EdgeVision-v2.4,False,25.12,92.36
INS-DMG-2024,SEG-04,108.9,Longitudinal / Transverse Crack,4.1,6.4,0.0,TIER_2_MODERATE_HAZARD,SEAL_CRACK_WATERPROOFING,88.2,NERALIS-EdgeVision-v2.4,True,27.26,92.42
INS-DMG-2025,SEG-04,136.4,Pothole,21.5,0.6,0.3,TIER_2_MODERATE_HAZARD,SPEED_RESTRICTION_PWD_PATCHING,90.5,NERALIS-EdgeVision-v2.4,True,27.26,92.42
INS-DMG-2026,SEG-02,119.2,Debris / Rockfall Deposit,4.3,28.4,73.2,TIER_3_CRITICAL_EMERGENCY,MANDATORY_CLOSURE_BRO_EARTHMOVER,94.4,NERALIS-EdgeVision-v2.4,True,25.75,91.88
INS-DMG-2027,SEG-06,48.4,Pothole,15.6,1.3,0.3,TIER_2_MODERATE_HAZARD,SPEED_RESTRICTION_PWD_PATCHING,92.8,NERALIS-EdgeVision-v2.4,True,25.8,93.95
INS-DMG-2028,SEG-02,25.7,Pothole,18.5,0.4,0.1,TIER_2_MODERATE_HAZARD,SPEED_RESTRICTION_PWD_PATCHING,95.3,NERALIS-EdgeVision-v2.4,True,25.75,91.88
INS-DMG-2029,SEG-08,36.9,Debris / Rockfall Deposit,0.4,5.2,11.3,TIER_3_CRITICAL_EMERGENCY,MANDATORY_CLOSURE_BRO_EARTHMOVER,95.9,NERALIS-EdgeVision-v2.4,True,25.72,93.88
INS-DMG-2030,SEG-07,115.6,Longitudinal / Transverse Crack,5.4,15.4,0.0,TIER_2_MODERATE_HAZARD,SEAL_CRACK_WATERPROOFING,85.7,NERALIS-EdgeVision-v2.4,True,25.15,94.02
INS-DMG-2031,SEG-16,139.0,Intact / Minor Surface Wear,0.9,0.2,0.0,TIER_1_ROUTINE_MONITORING,CONTINUE_NORMAL_OPERATION,96.3,NERALIS-EdgeVision-v2.4,False,25.18,92.85
INS-DMG-2032,SEG-01,129.0,Pothole,11.8,1.0,0.2,TIER_1_ROUTINE_MONITORING,CONTINUE_NORMAL_OPERATION,96.7,NERALIS-EdgeVision-v2.4,False,26.18,92.12
INS-DMG-2033,SEG-09,25.5,Pothole,14.0,0.8,0.2,TIER_2_MODERATE_HAZARD,SPEED_RESTRICTION_PWD_PATCHING,96.4,NERALIS-EdgeVision-v2.4,True,24.8,93.45
INS-DMG-2034,SEG-15,51.6,Longitudinal / Transverse Crack,2.3,11.1,0.1,TIER_2_MODERATE_HAZARD,SEAL_CRACK_WATERPROOFING,94.9,NERALIS-EdgeVision-v2.4,True,26.75,94.95
INS-DMG-2035,SEG-07,92.2,Washout / Roadbed Erosion,46.5,14.0,38.1,TIER_3_CRITICAL_EMERGENCY,MANDATORY_CLOSURE_BRO_EARTHMOVER,98.9,NERALIS-EdgeVision-v2.4,True,25.15,94.02
INS-DMG-2036,SEG-02,86.3,Debris / Rockfall Deposit,0.9,7.1,166.2,TIER_3_CRITICAL_EMERGENCY,MANDATORY_CLOSURE_BRO_EARTHMOVER,94.1,NERALIS-EdgeVision-v2.4,True,25.75,91.88
INS-DMG-2037,SEG-05,24.6,Debris / Rockfall Deposit,2.3,22.3,118.7,TIER_3_CRITICAL_EMERGENCY,MANDATORY_CLOSURE_BRO_EARTHMOVER,94.0,NERALIS-EdgeVision-v2.4,True,27.51,92.1
INS-DMG-2038,SEG-16,101.3,Intact / Minor Surface Wear,1.2,0.1,0.0,TIER_1_ROUTINE_MONITORING,CONTINUE_NORMAL_OPERATION,94.0,NERALIS-EdgeVision-v2.4,False,25.18,92.85
INS-DMG-2039,SEG-02,11.8,Longitudinal / Transverse Crack,5.3,7.6,0.0,TIER_2_MODERATE_HAZARD,SEAL_CRACK_WATERPROOFING,86.0,NERALIS-EdgeVision-v2.4,True,25.75,91.88
INS-DMG-2040,SEG-13,42.6,Pothole,6.5,0.4,0.3,TIER_1_ROUTINE_MONITORING,CONTINUE_NORMAL_OPERATION,97.5,NERALIS-EdgeVision-v2.4,False,27.52,88.58
INS-DMG-2041,SEG-05,116.3,Debris / Rockfall Deposit,5.0,12.1,94.7,TIER_3_CRITICAL_EMERGENCY,MANDATORY_CLOSURE_BRO_EARTHMOVER,95.1,NERALIS-EdgeVision-v2.4,True,27.51,92.1
INS-DMG-2042,SEG-03,138.9,Pothole,6.3,0.4,0.5,TIER_1_ROUTINE_MONITORING,CONTINUE_NORMAL_OPERATION,93.1,NERALIS-EdgeVision-v2.4,False,25.12,92.36
INS-DMG-2043,SEG-02,126.7,Pothole,18.7,1.8,0.3,TIER_2_MODERATE_HAZARD,SPEED_RESTRICTION_PWD_PATCHING,94.9,NERALIS-EdgeVision-v2.4,True,25.75,91.88
INS-DMG-2044,SEG-06,60.9,Longitudinal / Transverse Crack,1.7,8.9,0.2,TIER_2_MODERATE_HAZARD,SEAL_CRACK_WATERPROOFING,94.5,NERALIS-EdgeVision-v2.4,True,25.8,93.95
INS-DMG-2045,SEG-13,59.0,Longitudinal / Transverse Crack,7.6,5.7,0.1,TIER_2_MODERATE_HAZARD,SEAL_CRACK_WATERPROOFING,88.9,NERALIS-EdgeVision-v2.4,True,27.52,88.58
INS-DMG-2046,SEG-09,26.3,Washout / Roadbed Erosion,115.3,58.3,25.0,TIER_3_CRITICAL_EMERGENCY,MANDATORY_CLOSURE_BRO_EARTHMOVER,93.1,NERALIS-EdgeVision-v2.4,True,24.8,93.45
INS-DMG-2047,SEG-05,66.1,Pothole,20.4,1.0,0.1,TIER_2_MODERATE_HAZARD,SPEED_RESTRICTION_PWD_PATCHING,95.3,NERALIS-EdgeVision-v2.4,True,27.51,92.1
INS-DMG-2048,SEG-15,124.7,Debris / Rockfall Deposit,9.8,34.5,55.9,TIER_3_CRITICAL_EMERGENCY,MANDATORY_CLOSURE_BRO_EARTHMOVER,98.3,NERALIS-EdgeVision-v2.4,True,26.75,94.95
INS-DMG-2049,SEG-14,42.9,Washout / Roadbed Erosion,27.2,56.8,37.8,TIER_3_CRITICAL_EMERGENCY,MANDATORY_CLOSURE_BRO_EARTHMOVER,96.9,NERALIS-EdgeVision-v2.4,True,26.6,93.4
INS-DMG-2050,SEG-09,29.1,Longitudinal / Transverse Crack,1.7,7.2,0.2,TIER_2_MODERATE_HAZARD,SEAL_CRACK_WATERPROOFING,90.0,NERALIS-EdgeVision-v2.4,True,24.8,93.45
INS-DMG-2051,SEG-16,13.8,Washout / Roadbed Erosion,38.0,37.5,32.5,TIER_3_CRITICAL_EMERGENCY,MANDATORY_CLOSURE_BRO_EARTHMOVER,96.7,NERALIS-EdgeVision-v2.4,True,25.18,92.85
INS-DMG-2052,SEG-07,105.2,Intact / Minor Surface Wear,1.1,0.4,0.0,TIER_1_ROUTINE_MONITORING,CONTINUE_NORMAL_OPERATION,94.2,NERALIS-EdgeVision-v2.4,False,25.15,94.02
INS-DMG-2053,SEG-15,66.7,Longitudinal / Transverse Crack,3.9,16.2,0.1,TIER_2_MODERATE_HAZARD,SEAL_CRACK_WATERPROOFING,88.2,NERALIS-EdgeVision-v2.4,True,26.75,94.95
INS-DMG-2054,SEG-03,27.8,Pothole,14.7,0.6,0.1,TIER_2_MODERATE_HAZARD,SPEED_RESTRICTION_PWD_PATCHING,93.4,NERALIS-EdgeVision-v2.4,True,25.12,92.36
INS-DMG-2055,SEG-11,92.5,Intact / Minor Surface Wear,1.0,0.1,0.0,TIER_1_ROUTINE_MONITORING,CONTINUE_NORMAL_OPERATION,95.7,NERALIS-EdgeVision-v2.4,False,23.45,92.74
INS-DMG-2056,SEG-06,130.7,Debris / Rockfall Deposit,2.3,5.2,107.2,TIER_3_CRITICAL_EMERGENCY,MANDATORY_CLOSURE_BRO_EARTHMOVER,93.1,NERALIS-EdgeVision-v2.4,True,25.8,93.95
INS-DMG-2057,SEG-12,70.8,Pothole,14.9,0.5,0.4,TIER_2_MODERATE_HAZARD,SPEED_RESTRICTION_PWD_PATCHING,95.3,NERALIS-EdgeVision-v2.4,True,27.1,88.48
INS-DMG-2058,SEG-15,34.2,Washout / Roadbed Erosion,30.6,19.8,17.4,TIER_3_CRITICAL_EMERGENCY,MANDATORY_CLOSURE_BRO_EARTHMOVER,98.8,NERALIS-EdgeVision-v2.4,True,26.75,94.95
INS-DMG-2059,SEG-03,131.5,Pothole,8.1,0.8,0.0,TIER_1_ROUTINE_MONITORING,CONTINUE_NORMAL_OPERATION,96.4,NERALIS-EdgeVision-v2.4,False,25.12,92.36
INS-DMG-2060,SEG-06,42.3,Pothole,17.2,0.9,0.2,TIER_2_MODERATE_HAZARD,SPEED_RESTRICTION_PWD_PATCHING,93.6,NERALIS-EdgeVision-v2.4,True,25.8,93.95
INS-DMG-2061,SEG-15,72.1,Debris / Rockfall Deposit,4.1,44.6,36.2,TIER_3_CRITICAL_EMERGENCY,MANDATORY_CLOSURE_BRO_EARTHMOVER,96.5,NERALIS-EdgeVision-v2.4,True,26.75,94.95
INS-DMG-2062,SEG-07,76.2,Pothole,10.8,0.6,0.2,TIER_1_ROUTINE_MONITORING,CONTINUE_NORMAL_OPERATION,92.3,NERALIS-EdgeVision-v2.4,False,25.15,94.02
INS-DMG-2063,SEG-08,108.6,Pothole,4.5,0.5,0.2,TIER_1_ROUTINE_MONITORING,CONTINUE_NORMAL_OPERATION,95.4,NERALIS-EdgeVision-v2.4,False,25.72,93.88
INS-DMG-2064,SEG-03,115.2,Intact / Minor Surface Wear,1.5,0.0,0.0,TIER_1_ROUTINE_MONITORING,CONTINUE_NORMAL_OPERATION,92.8,NERALIS-EdgeVision-v2.4,False,25.12,92.36
INS-DMG-2065,SEG-08,130.4,Pothole,8.0,1.8,0.5,TIER_1_ROUTINE_MONITORING,CONTINUE_NORMAL_OPERATION,92.9,NERALIS-EdgeVision-v2.4,False,25.72,93.88
INS-DMG-2066,SEG-14,89.9,Debris / Rockfall Deposit,7.6,43.7,145.9,TIER_3_CRITICAL_EMERGENCY,MANDATORY_CLOSURE_BRO_EARTHMOVER,92.2,NERALIS-EdgeVision-v2.4,True,26.6,93.4
INS-DMG-2067,SEG-14,52.7,Washout / Roadbed Erosion,47.0,17.2,2.1,TIER_3_CRITICAL_EMERGENCY,MANDATORY_CLOSURE_BRO_EARTHMOVER,92.6,NERALIS-EdgeVision-v2.4,True,26.6,93.4
INS-DMG-2068,SEG-07,133.9,Debris / Rockfall Deposit,5.3,27.2,104.1,TIER_3_CRITICAL_EMERGENCY,MANDATORY_CLOSURE_BRO_EARTHMOVER,93.3,NERALIS-EdgeVision-v2.4,True,25.15,94.02
INS-DMG-2069,SEG-04,135.4,Washout / Roadbed Erosion,76.1,43.1,9.0,TIER_3_CRITICAL_EMERGENCY,MANDATORY_CLOSURE_BRO_EARTHMOVER,95.5,NERALIS-EdgeVision-v2.4,True,27.26,92.42
INS-DMG-2070,SEG-14,135.4,Washout / Roadbed Erosion,93.5,8.3,24.7,TIER_3_CRITICAL_EMERGENCY,MANDATORY_CLOSURE_BRO_EARTHMOVER,92.5,NERALIS-EdgeVision-v2.4,True,26.6,93.4
INS-DMG-2071,SEG-01,91.2,Pothole,7.4,1.6,0.5,TIER_1_ROUTINE_MONITORING,CONTINUE_NORMAL_OPERATION,93.1,NERALIS-EdgeVision-v2.4,False,26.18,92.12
INS-DMG-2072,SEG-12,97.9,Pothole,9.9,1.3,0.3,TIER_1_ROUTINE_MONITORING,CONTINUE_NORMAL_OPERATION,90.6,NERALIS-EdgeVision-v2.4,False,27.1,88.48
INS-DMG-2073,SEG-02,96.8,Pothole,21.8,0.9,0.3,TIER_2_MODERATE_HAZARD,SPEED_RESTRICTION_PWD_PATCHING,89.0,NERALIS-EdgeVision-v2.4,True,25.75,91.88
INS-DMG-2074,SEG-10,71.6,Debris / Rockfall Deposit,0.3,31.2,72.1,TIER_3_CRITICAL_EMERGENCY,MANDATORY_CLOSURE_BRO_EARTHMOVER,97.7,NERALIS-EdgeVision-v2.4,True,24.2,92.15
INS-DMG-2075,SEG-09,42.2,Debris / Rockfall Deposit,5.9,14.4,95.0,TIER_3_CRITICAL_EMERGENCY,MANDATORY_CLOSURE_BRO_EARTHMOVER,96.3,NERALIS-EdgeVision-v2.4,True,24.8,93.45
INS-DMG-2076,SEG-09,78.8,Pothole,19.6,0.7,0.0,TIER_2_MODERATE_HAZARD,SPEED_RESTRICTION_PWD_PATCHING,89.8,NERALIS-EdgeVision-v2.4,True,24.8,93.45
INS-DMG-2077,SEG-15,136.2,Pothole,11.6,0.8,0.1,TIER_1_ROUTINE_MONITORING,CONTINUE_NORMAL_OPERATION,92.3,NERALIS-EdgeVision-v2.4,False,26.75,94.95
INS-DMG-2078,SEG-04,81.4,Pothole,11.5,0.3,0.2,TIER_1_ROUTINE_MONITORING,CONTINUE_NORMAL_OPERATION,91.3,NERALIS-EdgeVision-v2.4,False,27.26,92.42
INS-DMG-2079,SEG-10,104.2,Pothole,5.1,0.7,0.0,TIER_1_ROUTINE_MONITORING,CONTINUE_NORMAL_OPERATION,92.3,NERALIS-EdgeVision-v2.4,False,24.2,92.15
INS-DMG-2080,SEG-02,114.7,Longitudinal / Transverse Crack,3.6,10.0,0.0,TIER_2_MODERATE_HAZARD,SEAL_CRACK_WATERPROOFING,93.0,NERALIS-EdgeVision-v2.4,True,25.75,91.88
INS-DMG-2081,SEG-16,133.1,Longitudinal / Transverse Crack,1.5,12.9,0.2,TIER_2_MODERATE_HAZARD,SEAL_CRACK_WATERPROOFING,88.7,NERALIS-EdgeVision-v2.4,True,25.18,92.85
INS-DMG-2082,SEG-15,85.4,Pothole,12.4,0.5,0.4,TIER_2_MODERATE_HAZARD,SPEED_RESTRICTION_PWD_PATCHING,88.4,NERALIS-EdgeVision-v2.4,True,26.75,94.95
INS-DMG-2083,SEG-15,40.0,Longitudinal / Transverse Crack,5.0,11.0,0.1,TIER_2_MODERATE_HAZARD,SEAL_CRACK_WATERPROOFING,86.6,NERALIS-EdgeVision-v2.4,True,26.75,94.95
INS-DMG-2084,SEG-05,42.7,Debris / Rockfall Deposit,4.8,31.5,17.0,TIER_3_CRITICAL_EMERGENCY,MANDATORY_CLOSURE_BRO_EARTHMOVER,95.7,NERALIS-EdgeVision-v2.4,True,27.51,92.1
INS-DMG-2085,SEG-12,17.9,Pothole,4.2,1.5,0.2,TIER_1_ROUTINE_MONITORING,CONTINUE_NORMAL_OPERATION,93.7,NERALIS-EdgeVision-v2.4,False,27.1,88.48
INS-DMG-2086,SEG-06,62.1,Debris / Rockfall Deposit,9.8,19.9,154.9,TIER_3_CRITICAL_EMERGENCY,MANDATORY_CLOSURE_BRO_EARTHMOVER,93.3,NERALIS-EdgeVision-v2.4,True,25.8,93.95
INS-DMG-2087,SEG-09,108.9,Longitudinal / Transverse Crack,2.6,17.0,0.2,TIER_2_MODERATE_HAZARD,SEAL_CRACK_WATERPROOFING,91.4,NERALIS-EdgeVision-v2.4,True,24.8,93.45
INS-DMG-2088,SEG-16,10.9,Longitudinal / Transverse Crack,2.8,10.9,0.2,TIER_2_MODERATE_HAZARD,SEAL_CRACK_WATERPROOFING,85.8,NERALIS-EdgeVision-v2.4,True,25.18,92.85
INS-DMG-2089,SEG-08,102.1,Washout / Roadbed Erosion,115.8,52.1,11.7,TIER_3_CRITICAL_EMERGENCY,MANDATORY_CLOSURE_BRO_EARTHMOVER,96.2,NERALIS-EdgeVision-v2.4,True,25.72,93.88
INS-DMG-2090,SEG-16,111.2,Longitudinal / Transverse Crack,1.7,14.9,0.1,TIER_2_MODERATE_HAZARD,SEAL_CRACK_WATERPROOFING,93.0,NERALIS-EdgeVision-v2.4,True,25.18,92.85
INS-DMG-2091,SEG-11,17.1,Debris / Rockfall Deposit,7.7,2.7,169.3,TIER_3_CRITICAL_EMERGENCY,MANDATORY_CLOSURE_BRO_EARTHMOVER,93.6,NERALIS-EdgeVision-v2.4,True,23.45,92.74
INS-DMG-2092,SEG-07,113.5,Debris / Rockfall Deposit,8.8,14.5,43.3,TIER_3_CRITICAL_EMERGENCY,MANDATORY_CLOSURE_BRO_EARTHMOVER,92.4,NERALIS-EdgeVision-v2.4,True,25.15,94.02
INS-DMG-2093,SEG-13,10.7,Longitudinal / Transverse Crack,3.3,5.8,0.2,TIER_2_MODERATE_HAZARD,SEAL_CRACK_WATERPROOFING,85.1,NERALIS-EdgeVision-v2.4,True,27.52,88.58
INS-DMG-2094,SEG-05,94.7,Pothole,14.4,1.6,0.1,TIER_2_MODERATE_HAZARD,SPEED_RESTRICTION_PWD_PATCHING,94.8,NERALIS-EdgeVision-v2.4,True,27.51,92.1
INS-DMG-2095,SEG-13,41.3,Pothole,22.0,1.2,0.5,TIER_2_MODERATE_HAZARD,SPEED_RESTRICTION_PWD_PATCHING,91.2,NERALIS-EdgeVision-v2.4,True,27.52,88.58
INS-DMG-2096,SEG-12,58.5,Debris / Rockfall Deposit,6.5,29.9,163.6,TIER_3_CRITICAL_EMERGENCY,MANDATORY_CLOSURE_BRO_EARTHMOVER,99.4,NERALIS-EdgeVision-v2.4,True,27.1,88.48
INS-DMG-2097,SEG-11,114.6,Pothole,21.1,1.0,0.4,TIER_2_MODERATE_HAZARD,SPEED_RESTRICTION_PWD_PATCHING,90.6,NERALIS-EdgeVision-v2.4,True,23.45,92.74
INS-DMG-2098,SEG-01,95.0,Pothole,6.7,1.3,0.4,TIER_1_ROUTINE_MONITORING,CONTINUE_NORMAL_OPERATION,92.9,NERALIS-EdgeVision-v2.4,False,26.18,92.12
INS-DMG-2099,SEG-07,137.5,Debris / Rockfall Deposit,0.0,35.2,132.4,TIER_3_CRITICAL_EMERGENCY,MANDATORY_CLOSURE_BRO_EARTHMOVER,92.1,NERALIS-EdgeVision-v2.4,True,25.15,94.02
INS-DMG-2100,SEG-04,84.7,Debris / Rockfall Deposit,3.4,12.3,166.2,TIER_3_CRITICAL_EMERGENCY,MANDATORY_CLOSURE_BRO_EARTHMOVER,97.0,NERALIS-EdgeVision-v2.4,True,27.26,92.42
INS-DMG-2101,SEG-02,111.5,Debris / Rockfall Deposit,8.8,11.2,121.0,TIER_3_CRITICAL_EMERGENCY,MANDATORY_CLOSURE_BRO_EARTHMOVER,95.9,NERALIS-EdgeVision-v2.4,True,25.75,91.88
INS-DMG-2102,SEG-16,23.7,Longitudinal / Transverse Crack,3.7,7.7,0.1,TIER_2_MODERATE_HAZARD,SEAL_CRACK_WATERPROOFING,86.9,NERALIS-EdgeVision-v2.4,True,25.18,92.85
INS-DMG-2103,SEG-07,18.9,Pothole,19.3,0.5,0.5,TIER_2_MODERATE_HAZARD,SPEED_RESTRICTION_PWD_PATCHING,88.6,NERALIS-EdgeVision-v2.4,True,25.15,94.02
INS-DMG-2104,SEG-04,100.6,Longitudinal / Transverse Crack,2.3,15.0,0.0,TIER_2_MODERATE_HAZARD,SEAL_CRACK_WATERPROOFING,91.8,NERALIS-EdgeVision-v2.4,True,27.26,92.42
INS-DMG-2105,SEG-07,12.0,Debris / Rockfall Deposit,5.7,31.1,95.5,TIER_3_CRITICAL_EMERGENCY,MANDATORY_CLOSURE_BRO_EARTHMOVER,99.0,NERALIS-EdgeVision-v2.4,True,25.15,94.02
INS-DMG-2106,SEG-03,139.7,Washout / Roadbed Erosion,76.9,32.2,7.5,TIER_3_CRITICAL_EMERGENCY,MANDATORY_CLOSURE_BRO_EARTHMOVER,93.3,NERALIS-EdgeVision-v2.4,True,25.12,92.36
INS-DMG-2107,SEG-10,75.0,Pothole,4.2,1.0,0.1,TIER_1_ROUTINE_MONITORING,CONTINUE_NORMAL_OPERATION,93.8,NERALIS-EdgeVision-v2.4,False,24.2,92.15
INS-DMG-2108,SEG-06,12.6,Pothole,12.8,0.9,0.0,TIER_2_MODERATE_HAZARD,SPEED_RESTRICTION_PWD_PATCHING,94.9,NERALIS-EdgeVision-v2.4,True,25.8,93.95
INS-DMG-2109,SEG-09,83.1,Longitudinal / Transverse Crack,5.1,17.1,0.1,TIER_2_MODERATE_HAZARD,SEAL_CRACK_WATERPROOFING,88.2,NERALIS-EdgeVision-v2.4,True,24.8,93.45
INS-DMG-2110,SEG-15,16.5,Pothole,11.8,0.5,0.1,TIER_1_ROUTINE_MONITORING,CONTINUE_NORMAL_OPERATION,98.0,NERALIS-EdgeVision-v2.4,False,26.75,94.95
INS-DMG-2111,SEG-10,117.2,Pothole,5.8,1.2,0.3,TIER_1_ROUTINE_MONITORING,CONTINUE_NORMAL_OPERATION,92.2,NERALIS-EdgeVision-v2.4,False,24.2,92.15
INS-DMG-2112,SEG-04,52.1,Debris / Rockfall Deposit,1.9,5.9,82.9,TIER_3_CRITICAL_EMERGENCY,MANDATORY_CLOSURE_BRO_EARTHMOVER,94.3,NERALIS-EdgeVision-v2.4,True,27.26,92.42
INS-DMG-2113,SEG-16,16.2,Debris / Rockfall Deposit,3.0,39.1,54.7,TIER_3_CRITICAL_EMERGENCY,MANDATORY_CLOSURE_BRO_EARTHMOVER,95.5,NERALIS-EdgeVision-v2.4,True,25.18,92.85
INS-DMG-2114,SEG-05,4.5,Pothole,21.4,0.6,0.5,TIER_2_MODERATE_HAZARD,SPEED_RESTRICTION_PWD_PATCHING,91.7,NERALIS-EdgeVision-v2.4,True,27.51,92.1
INS-DMG-2115,SEG-16,10.5,Debris / Rockfall Deposit,3.2,28.0,51.4,TIER_3_CRITICAL_EMERGENCY,MANDATORY_CLOSURE_BRO_EARTHMOVER,98.7,NERALIS-EdgeVision-v2.4,True,25.18,92.85
INS-DMG-2116,SEG-15,114.3,Longitudinal / Transverse Crack,2.7,10.3,0.0,TIER_2_MODERATE_HAZARD,SEAL_CRACK_WATERPROOFING,94.2,NERALIS-EdgeVision-v2.4,True,26.75,94.95
INS-DMG-2117,SEG-04,51.1,Washout / Roadbed Erosion,56.6,14.5,11.3,TIER_3_CRITICAL_EMERGENCY,MANDATORY_CLOSURE_BRO_EARTHMOVER,95.9,NERALIS-EdgeVision-v2.4,True,27.26,92.42
INS-DMG-2118,SEG-10,132.9,Longitudinal / Transverse Crack,2.1,17.9,0.2,TIER_2_MODERATE_HAZARD,SEAL_CRACK_WATERPROOFING,94.0,NERALIS-EdgeVision-v2.4,True,24.2,92.15
INS-DMG-2119,SEG-15,43.4,Longitudinal / Transverse Crack,2.7,3.5,0.0,TIER_2_MODERATE_HAZARD,SEAL_CRACK_WATERPROOFING,86.3,NERALIS-EdgeVision-v2.4,True,26.75,94.95
INS-DMG-2120,SEG-05,66.6,Longitudinal / Transverse Crack,3.1,1.8,0.2,TIER_2_MODERATE_HAZARD,SEAL_CRACK_WATERPROOFING,90.4,NERALIS-EdgeVision-v2.4,True,27.51,92.1
INS-DMG-2121,SEG-06,14.5,Pothole,4.5,0.5,0.0,TIER_1_ROUTINE_MONITORING,CONTINUE_NORMAL_OPERATION,95.4,NERALIS-EdgeVision-v2.4,False,25.8,93.95
INS-DMG-2122,SEG-16,124.3,Pothole,5.2,1.2,0.4,TIER_1_ROUTINE_MONITORING,CONTINUE_NORMAL_OPERATION,91.3,NERALIS-EdgeVision-v2.4,False,25.18,92.85
INS-DMG-2123,SEG-11,15.0,Pothole,21.5,1.3,0.3,TIER_2_MODERATE_HAZARD,SPEED_RESTRICTION_PWD_PATCHING,92.9,NERALIS-EdgeVision-v2.4,True,23.45,92.74
INS-DMG-2124,SEG-13,119.0,Pothole,9.8,0.6,0.4,TIER_1_ROUTINE_MONITORING,CONTINUE_NORMAL_OPERATION,96.6,NERALIS-EdgeVision-v2.4,False,27.52,88.58
INS-DMG-2125,SEG-14,8.3,Intact / Minor Surface Wear,1.3,0.4,0.0,TIER_1_ROUTINE_MONITORING,CONTINUE_NORMAL_OPERATION,91.4,NERALIS-EdgeVision-v2.4,False,26.6,93.4
INS-DMG-2126,SEG-06,41.5,Pothole,7.5,1.5,0.3,TIER_1_ROUTINE_MONITORING,CONTINUE_NORMAL_OPERATION,96.7,NERALIS-EdgeVision-v2.4,False,25.8,93.95
INS-DMG-2127,SEG-01,64.5,Pothole,20.3,0.6,0.4,TIER_2_MODERATE_HAZARD,SPEED_RESTRICTION_PWD_PATCHING,91.3,NERALIS-EdgeVision-v2.4,True,26.18,92.12
INS-DMG-2128,SEG-11,96.6,Longitudinal / Transverse Crack,7.1,17.4,0.1,TIER_2_MODERATE_HAZARD,SEAL_CRACK_WATERPROOFING,94.6,NERALIS-EdgeVision-v2.4,True,23.45,92.74
INS-DMG-2129,SEG-01,118.9,Pothole,9.7,0.4,0.4,TIER_1_ROUTINE_MONITORING,CONTINUE_NORMAL_OPERATION,93.9,NERALIS-EdgeVision-v2.4,False,26.18,92.12
INS-DMG-2130,SEG-04,92.3,Longitudinal / Transverse Crack,2.1,3.2,0.2,TIER_2_MODERATE_HAZARD,SEAL_CRACK_WATERPROOFING,85.8,NERALIS-EdgeVision-v2.4,True,27.26,92.42
INS-DMG-2131,SEG-06,138.1,Longitudinal / Transverse Crack,5.8,12.9,0.2,TIER_2_MODERATE_HAZARD,SEAL_CRACK_WATERPROOFING,90.2,NERALIS-EdgeVision-v2.4,True,25.8,93.95
INS-DMG-2132,SEG-13,134.6,Pothole,9.3,1.2,0.4,TIER_1_ROUTINE_MONITORING,CONTINUE_NORMAL_OPERATION,91.0,NERALIS-EdgeVision-v2.4,False,27.52,88.58
INS-DMG-2133,SEG-04,27.6,Pothole,7.3,1.0,0.2,TIER_1_ROUTINE_MONITORING,CONTINUE_NORMAL_OPERATION,90.4,NERALIS-EdgeVision-v2.4,False,27.26,92.42
INS-DMG-2134,SEG-11,23.6,Pothole,19.6,1.2,0.2,TIER_2_MODERATE_HAZARD,SPEED_RESTRICTION_PWD_PATCHING,91.8,NERALIS-EdgeVision-v2.4,True,23.45,92.74
INS-DMG-2135,SEG-16,70.6,Longitudinal / Transverse Crack,2.9,13.6,0.0,TIER_2_MODERATE_HAZARD,SEAL_CRACK_WATERPROOFING,94.8,NERALIS-EdgeVision-v2.4,True,25.18,92.85
INS-DMG-2136,SEG-09,62.2,Longitudinal / Transverse Crack,7.2,4.7,0.1,TIER_2_MODERATE_HAZARD,SEAL_CRACK_WATERPROOFING,89.3,NERALIS-EdgeVision-v2.4,True,24.8,93.45
INS-DMG-2137,SEG-05,11.6,Longitudinal / Transverse Crack,6.3,4.7,0.1,TIER_2_MODERATE_HAZARD,SEAL_CRACK_WATERPROOFING,91.5,NERALIS-EdgeVision-v2.4,True,27.51,92.1
INS-DMG-2138,SEG-11,14.5,Pothole,19.4,0.4,0.3,TIER_2_MODERATE_HAZARD,SPEED_RESTRICTION_PWD_PATCHING,91.6,NERALIS-EdgeVision-v2.4,True,23.45,92.74
INS-DMG-2139,SEG-09,89.9,Longitudinal / Transverse Crack,5.3,3.7,0.1,TIER_2_MODERATE_HAZARD,SEAL_CRACK_WATERPROOFING,85.3,NERALIS-EdgeVision-v2.4,True,24.8,93.45
INS-DMG-2140,SEG-07,110.7,Debris / Rockfall Deposit,9.3,11.4,116.6,TIER_3_CRITICAL_EMERGENCY,MANDATORY_CLOSURE_BRO_EARTHMOVER,96.2,NERALIS-EdgeVision-v2.4,True,25.15,94.02
INS-DMG-2141,SEG-16,37.1,Washout / Roadbed Erosion,49.8,58.6,2.3,TIER_3_CRITICAL_EMERGENCY,MANDATORY_CLOSURE_BRO_EARTHMOVER,96.1,NERALIS-EdgeVision-v2.4,True,25.18,92.85
INS-DMG-2142,SEG-02,92.6,Intact / Minor Surface Wear,0.9,0.3,0.0,TIER_1_ROUTINE_MONITORING,CONTINUE_NORMAL_OPERATION,94.4,NERALIS-EdgeVision-v2.4,False,25.75,91.88
INS-DMG-2143,SEG-12,113.5,Washout / Roadbed Erosion,26.9,55.2,13.1,TIER_3_CRITICAL_EMERGENCY,MANDATORY_CLOSURE_BRO_EARTHMOVER,96.4,NERALIS-EdgeVision-v2.4,True,27.1,88.48
INS-DMG-2144,SEG-02,114.7,Longitudinal / Transverse Crack,5.0,14.2,0.2,TIER_2_MODERATE_HAZARD,SEAL_CRACK_WATERPROOFING,88.5,NERALIS-EdgeVision-v2.4,True,25.75,91.88
INS-DMG-2145,SEG-09,102.8,Debris / Rockfall Deposit,7.2,25.4,106.0,TIER_3_CRITICAL_EMERGENCY,MANDATORY_CLOSURE_BRO_EARTHMOVER,92.7,NERALIS-EdgeVision-v2.4,True,24.8,93.45
INS-DMG-2146,SEG-06,79.4,Pothole,13.2,0.6,0.4,TIER_2_MODERATE_HAZARD,SPEED_RESTRICTION_PWD_PATCHING,96.7,NERALIS-EdgeVision-v2.4,True,25.8,93.95
INS-DMG-2147,SEG-07,30.8,Intact / Minor Surface Wear,1.2,0.4,0.0,TIER_1_ROUTINE_MONITORING,CONTINUE_NORMAL_OPERATION,90.1,NERALIS-EdgeVision-v2.4,False,25.15,94.02
INS-DMG-2148,SEG-02,118.5,Longitudinal / Transverse Crack,7.6,6.3,0.1,TIER_2_MODERATE_HAZARD,SEAL_CRACK_WATERPROOFING,89.5,NERALIS-EdgeVision-v2.4,True,25.75,91.88
INS-DMG-2149,SEG-03,98.0,Debris / Rockfall Deposit,6.0,14.0,11.8,TIER_3_CRITICAL_EMERGENCY,MANDATORY_CLOSURE_BRO_EARTHMOVER,95.2,NERALIS-EdgeVision-v2.4,True,25.12,92.36
INS-DMG-2150,SEG-15,6.6,Pothole,11.6,0.5,0.5,TIER_1_ROUTINE_MONITORING,CONTINUE_NORMAL_OPERATION,93.4,NERALIS-EdgeVision-v2.4,False,26.75,94.95
INS-DMG-2151,SEG-15,74.6,Debris / Rockfall Deposit,2.5,24.1,169.0,TIER_3_CRITICAL_EMERGENCY,MANDATORY_CLOSURE_BRO_EARTHMOVER,94.7,NERALIS-EdgeVision-v2.4,True,26.75,94.95
INS-DMG-2152,SEG-16,112.5,Debris / Rockfall Deposit,4.7,25.7,18.7,TIER_3_CRITICAL_EMERGENCY,MANDATORY_CLOSURE_BRO_EARTHMOVER,94.8,NERALIS-EdgeVision-v2.4,True,25.18,92.85
INS-DMG-2153,SEG-10,66.5,Pothole,18.5,0.9,0.1,TIER_2_MODERATE_HAZARD,SPEED_RESTRICTION_PWD_PATCHING,89.2,NERALIS-EdgeVision-v2.4,True,24.2,92.15
INS-DMG-2154,SEG-11,68.3,Debris / Rockfall Deposit,0.4,27.8,71.6,TIER_3_CRITICAL_EMERGENCY,MANDATORY_CLOSURE_BRO_EARTHMOVER,97.5,NERALIS-EdgeVision-v2.4,True,23.45,92.74
INS-DMG-2155,SEG-02,8.3,Pothole,9.6,1.1,0.4,TIER_1_ROUTINE_MONITORING,CONTINUE_NORMAL_OPERATION,90.8,NERALIS-EdgeVision-v2.4,False,25.75,91.88
INS-DMG-2156,SEG-10,33.6,Pothole,9.5,1.0,0.2,TIER_1_ROUTINE_MONITORING,CONTINUE_NORMAL_OPERATION,97.2,NERALIS-EdgeVision-v2.4,False,24.2,92.15
INS-DMG-2157,SEG-01,37.8,Debris / Rockfall Deposit,2.0,28.9,21.6,TIER_3_CRITICAL_EMERGENCY,MANDATORY_CLOSURE_BRO_EARTHMOVER,98.9,NERALIS-EdgeVision-v2.4,True,26.18,92.12
INS-DMG-2158,SEG-13,107.0,Pothole,6.9,1.0,0.1,TIER_1_ROUTINE_MONITORING,CONTINUE_NORMAL_OPERATION,97.2,NERALIS-EdgeVision-v2.4,False,27.52,88.58
INS-DMG-2159,SEG-11,120.6,Pothole,8.1,0.5,0.2,TIER_1_ROUTINE_MONITORING,CONTINUE_NORMAL_OPERATION,96.7,NERALIS-EdgeVision-v2.4,False,23.45,92.74
INS-DMG-2160,SEG-13,107.8,Longitudinal / Transverse Crack,2.3,14.0,0.1,TIER_2_MODERATE_HAZARD,SEAL_CRACK_WATERPROOFING,87.4,NERALIS-EdgeVision-v2.4,True,27.52,88.58
INS-DMG-2161,SEG-04,136.9,Debris / Rockfall Deposit,3.6,39.1,39.4,TIER_3_CRITICAL_EMERGENCY,MANDATORY_CLOSURE_BRO_EARTHMOVER,98.4,NERALIS-EdgeVision-v2.4,True,27.26,92.42
INS-DMG-2162,SEG-15,20.1,Pothole,7.3,0.8,0.2,TIER_1_ROUTINE_MONITORING,CONTINUE_NORMAL_OPERATION,96.3,NERALIS-EdgeVision-v2.4,False,26.75,94.95
INS-DMG-2163,SEG-08,79.5,Longitudinal / Transverse Crack,5.4,13.2,0.1,TIER_2_MODERATE_HAZARD,SEAL_CRACK_WATERPROOFING,85.2,NERALIS-EdgeVision-v2.4,True,25.72,93.88
INS-DMG-2164,SEG-04,47.5,Intact / Minor Surface Wear,0.1,0.3,0.0,TIER_1_ROUTINE_MONITORING,CONTINUE_NORMAL_OPERATION,93.4,NERALIS-EdgeVision-v2.4,False,27.26,92.42
INS-DMG-2165,SEG-05,52.4,Intact / Minor Surface Wear,0.7,0.3,0.0,TIER_1_ROUTINE_MONITORING,CONTINUE_NORMAL_OPERATION,94.7,NERALIS-EdgeVision-v2.4,False,27.51,92.1
INS-DMG-2166,SEG-16,9.0,Washout / Roadbed Erosion,47.2,50.8,32.8,TIER_3_CRITICAL_EMERGENCY,MANDATORY_CLOSURE_BRO_EARTHMOVER,95.8,NERALIS-EdgeVision-v2.4,True,25.18,92.85
INS-DMG-2167,SEG-10,71.2,Pothole,16.8,1.7,0.1,TIER_2_MODERATE_HAZARD,SPEED_RESTRICTION_PWD_PATCHING,93.7,NERALIS-EdgeVision-v2.4,True,24.2,92.15
INS-DMG-2168,SEG-12,87.9,Washout / Roadbed Erosion,109.1,36.4,20.3,TIER_3_CRITICAL_EMERGENCY,MANDATORY_CLOSURE_BRO_EARTHMOVER,94.1,NERALIS-EdgeVision-v2.4,True,27.1,88.48
INS-DMG-2169,SEG-16,131.7,Pothole,21.3,1.4,0.2,TIER_2_MODERATE_HAZARD,SPEED_RESTRICTION_PWD_PATCHING,96.8,NERALIS-EdgeVision-v2.4,True,25.18,92.85
INS-DMG-2170,SEG-01,46.1,Pothole,21.4,0.5,0.5,TIER_2_MODERATE_HAZARD,SPEED_RESTRICTION_PWD_PATCHING,90.6,NERALIS-EdgeVision-v2.4,True,26.18,92.12
INS-DMG-2171,SEG-16,94.3,Washout / Roadbed Erosion,35.9,42.2,16.5,TIER_3_CRITICAL_EMERGENCY,MANDATORY_CLOSURE_BRO_EARTHMOVER,97.6,NERALIS-EdgeVision-v2.4,True,25.18,92.85
INS-DMG-2172,SEG-12,41.6,Pothole,11.5,1.0,0.1,TIER_1_ROUTINE_MONITORING,CONTINUE_NORMAL_OPERATION,90.3,NERALIS-EdgeVision-v2.4,False,27.1,88.48
INS-DMG-2173,SEG-04,41.1,Debris / Rockfall Deposit,7.1,32.3,96.9,TIER_3_CRITICAL_EMERGENCY,MANDATORY_CLOSURE_BRO_EARTHMOVER,96.3,NERALIS-EdgeVision-v2.4,True,27.26,92.42
INS-DMG-2174,SEG-11,24.6,Longitudinal / Transverse Crack,1.5,4.7,0.1,TIER_2_MODERATE_HAZARD,SEAL_CRACK_WATERPROOFING,86.9,NERALIS-EdgeVision-v2.4,True,23.45,92.74
INS-DMG-2175,SEG-01,6.5,Washout / Roadbed Erosion,30.5,9.7,6.4,TIER_3_CRITICAL_EMERGENCY,MANDATORY_CLOSURE_BRO_EARTHMOVER,97.9,NERALIS-EdgeVision-v2.4,True,26.18,92.12
INS-DMG-2176,SEG-06,22.5,Pothole,8.4,0.3,0.5,TIER_1_ROUTINE_MONITORING,CONTINUE_NORMAL_OPERATION,97.2,NERALIS-EdgeVision-v2.4,False,25.8,93.95
INS-DMG-2177,SEG-01,118.0,Debris / Rockfall Deposit,2.8,21.3,118.3,TIER_3_CRITICAL_EMERGENCY,MANDATORY_CLOSURE_BRO_EARTHMOVER,98.8,NERALIS-EdgeVision-v2.4,True,26.18,92.12
INS-DMG-2178,SEG-10,128.9,Pothole,15.3,0.9,0.1,TIER_2_MODERATE_HAZARD,SPEED_RESTRICTION_PWD_PATCHING,93.0,NERALIS-EdgeVision-v2.4,True,24.2,92.15
INS-DMG-2179,SEG-07,98.3,Longitudinal / Transverse Crack,2.5,8.6,0.1,TIER_2_MODERATE_HAZARD,SEAL_CRACK_WATERPROOFING,91.9,NERALIS-EdgeVision-v2.4,True,25.15,94.02
INS-DMG-2180,SEG-08,111.6,Debris / Rockfall Deposit,3.3,35.0,97.3,TIER_3_CRITICAL_EMERGENCY,MANDATORY_CLOSURE_BRO_EARTHMOVER,97.4,NERALIS-EdgeVision-v2.4,True,25.72,93.88
INS-DMG-2181,SEG-07,50.9,Longitudinal / Transverse Crack,2.9,3.7,0.1,TIER_2_MODERATE_HAZARD,SEAL_CRACK_WATERPROOFING,90.9,NERALIS-EdgeVision-v2.4,True,25.15,94.02
INS-DMG-2182,SEG-03,102.1,Longitudinal / Transverse Crack,4.7,15.3,0.0,TIER_2_MODERATE_HAZARD,SEAL_CRACK_WATERPROOFING,90.5,NERALIS-EdgeVision-v2.4,True,25.12,92.36
INS-DMG-2183,SEG-02,125.3,Longitudinal / Transverse Crack,7.7,12.2,0.1,TIER_2_MODERATE_HAZARD,SEAL_CRACK_WATERPROOFING,86.6,NERALIS-EdgeVision-v2.4,True,25.75,91.88
INS-DMG-2184,SEG-02,66.7,Intact / Minor Surface Wear,0.3,0.0,0.0,TIER_1_ROUTINE_MONITORING,CONTINUE_NORMAL_OPERATION,96.4,NERALIS-EdgeVision-v2.4,False,25.75,91.88
INS-DMG-2185,SEG-10,90.7,Debris / Rockfall Deposit,2.3,13.4,23.0,TIER_3_CRITICAL_EMERGENCY,MANDATORY_CLOSURE_BRO_EARTHMOVER,95.5,NERALIS-EdgeVision-v2.4,True,24.2,92.15
INS-DMG-2186,SEG-10,57.4,Pothole,21.6,1.7,0.4,TIER_2_MODERATE_HAZARD,SPEED_RESTRICTION_PWD_PATCHING,90.8,NERALIS-EdgeVision-v2.4,True,24.2,92.15
INS-DMG-2187,SEG-13,134.5,Longitudinal / Transverse Crack,5.7,13.9,0.0,TIER_2_MODERATE_HAZARD,SEAL_CRACK_WATERPROOFING,92.3,NERALIS-EdgeVision-v2.4,True,27.52,88.58
INS-DMG-2188,SEG-10,60.1,Pothole,12.5,1.8,0.2,TIER_2_MODERATE_HAZARD,SPEED_RESTRICTION_PWD_PATCHING,88.8,NERALIS-EdgeVision-v2.4,True,24.2,92.15
INS-DMG-2189,SEG-05,110.2,Pothole,17.5,0.8,0.4,TIER_2_MODERATE_HAZARD,SPEED_RESTRICTION_PWD_PATCHING,89.3,NERALIS-EdgeVision-v2.4,True,27.51,92.1
INS-DMG-2190,SEG-01,88.6,Pothole,21.9,1.4,0.2,TIER_2_MODERATE_HAZARD,SPEED_RESTRICTION_PWD_PATCHING,89.2,NERALIS-EdgeVision-v2.4,True,26.18,92.12
INS-DMG-2191,SEG-05,13.5,Pothole,10.3,1.0,0.2,TIER_1_ROUTINE_MONITORING,CONTINUE_NORMAL_OPERATION,93.5,NERALIS-EdgeVision-v2.4,False,27.51,92.1
INS-DMG-2192,SEG-09,77.7,Pothole,12.8,0.8,0.4,TIER_2_MODERATE_HAZARD,SPEED_RESTRICTION_PWD_PATCHING,96.6,NERALIS-EdgeVision-v2.4,True,24.8,93.45
INS-DMG-2193,SEG-08,98.6,Washout / Roadbed Erosion,44.0,33.5,28.8,TIER_3_CRITICAL_EMERGENCY,MANDATORY_CLOSURE_BRO_EARTHMOVER,94.9,NERALIS-EdgeVision-v2.4,True,25.72,93.88
INS-DMG-2194,SEG-16,105.4,Debris / Rockfall Deposit,6.5,40.0,165.8,TIER_3_CRITICAL_EMERGENCY,MANDATORY_CLOSURE_BRO_EARTHMOVER,96.9,NERALIS-EdgeVision-v2.4,True,25.18,92.85
INS-DMG-2195,SEG-05,121.7,Longitudinal / Transverse Crack,7.3,17.3,0.2,TIER_2_MODERATE_HAZARD,SEAL_CRACK_WATERPROOFING,88.6,NERALIS-EdgeVision-v2.4,True,27.51,92.1
INS-DMG-2196,SEG-16,38.8,Pothole,14.6,1.0,0.0,TIER_2_MODERATE_HAZARD,SPEED_RESTRICTION_PWD_PATCHING,88.0,NERALIS-EdgeVision-v2.4,True,25.18,92.85
INS-DMG-2197,SEG-12,21.1,Intact / Minor Surface Wear,1.3,0.3,0.0,TIER_1_ROUTINE_MONITORING,CONTINUE_NORMAL_OPERATION,94.3,NERALIS-EdgeVision-v2.4,False,27.1,88.48
INS-DMG-2198,SEG-04,34.4,Intact / Minor Surface Wear,0.9,0.3,0.0,TIER_1_ROUTINE_MONITORING,CONTINUE_NORMAL_OPERATION,96.1,NERALIS-EdgeVision-v2.4,False,27.26,92.42
INS-DMG-2199,SEG-13,116.0,Longitudinal / Transverse Crack,6.9,3.7,0.1,TIER_2_MODERATE_HAZARD,SEAL_CRACK_WATERPROOFING,88.3,NERALIS-EdgeVision-v2.4,True,27.52,88.58
INS-DMG-2200,SEG-04,25.0,Pothole,6.1,1.7,0.1,TIER_1_ROUTINE_MONITORING,CONTINUE_NORMAL_OPERATION,90.3,NERALIS-EdgeVision-v2.4,False,27.26,92.42
INS-DMG-2201,SEG-07,71.1,Debris / Rockfall Deposit,6.6,15.1,145.8,TIER_3_CRITICAL_EMERGENCY,MANDATORY_CLOSURE_BRO_EARTHMOVER,94.1,NERALIS-EdgeVision-v2.4,True,25.15,94.02
INS-DMG-2202,SEG-07,132.2,Debris / Rockfall Deposit,8.2,10.9,160.9,TIER_3_CRITICAL_EMERGENCY,MANDATORY_CLOSURE_BRO_EARTHMOVER,95.3,NERALIS-EdgeVision-v2.4,True,25.15,94.02
INS-DMG-2203,SEG-02,102.5,Washout / Roadbed Erosion,76.3,47.1,5.2,TIER_3_CRITICAL_EMERGENCY,MANDATORY_CLOSURE_BRO_EARTHMOVER,96.3,NERALIS-EdgeVision-v2.4,True,25.75,91.88
INS-DMG-2204,SEG-05,14.1,Longitudinal / Transverse Crack,4.2,15.1,0.1,TIER_2_MODERATE_HAZARD,SEAL_CRACK_WATERPROOFING,90.0,NERALIS-EdgeVision-v2.4,True,27.51,92.1
INS-DMG-2205,SEG-10,43.3,Longitudinal / Transverse Crack,3.5,11.6,0.1,TIER_2_MODERATE_HAZARD,SEAL_CRACK_WATERPROOFING,89.3,NERALIS-EdgeVision-v2.4,True,24.2,92.15
INS-DMG-2206,SEG-03,114.5,Longitudinal / Transverse Crack,2.3,8.3,0.1,TIER_2_MODERATE_HAZARD,SEAL_CRACK_WATERPROOFING,90.8,NERALIS-EdgeVision-v2.4,True,25.12,92.36
INS-DMG-2207,SEG-16,40.6,Intact / Minor Surface Wear,0.2,0.5,0.0,TIER_1_ROUTINE_MONITORING,CONTINUE_NORMAL_OPERATION,96.8,NERALIS-EdgeVision-v2.4,False,25.18,92.85
INS-DMG-2208,SEG-16,102.0,Debris / Rockfall Deposit,4.0,26.0,176.1,TIER_3_CRITICAL_EMERGENCY,MANDATORY_CLOSURE_BRO_EARTHMOVER,95.4,NERALIS-EdgeVision-v2.4,True,25.18,92.85
INS-DMG-2209,SEG-11,5.8,Longitudinal / Transverse Crack,2.9,2.6,0.1,TIER_2_MODERATE_HAZARD,SEAL_CRACK_WATERPROOFING,88.2,NERALIS-EdgeVision-v2.4,True,23.45,92.74
INS-DMG-2210,SEG-15,28.4,Pothole,14.6,1.2,0.2,TIER_2_MODERATE_HAZARD,SPEED_RESTRICTION_PWD_PATCHING,95.9,NERALIS-EdgeVision-v2.4,True,26.75,94.95
INS-DMG-2211,SEG-02,83.0,Intact / Minor Surface Wear,0.0,0.2,0.0,TIER_1_ROUTINE_MONITORING,CONTINUE_NORMAL_OPERATION,92.6,NERALIS-EdgeVision-v2.4,False,25.75,91.88
INS-DMG-2212,SEG-05,94.8,Intact / Minor Surface Wear,1.9,0.3,0.0,TIER_1_ROUTINE_MONITORING,CONTINUE_NORMAL_OPERATION,94.8,NERALIS-EdgeVision-v2.4,False,27.51,92.1
INS-DMG-2213,SEG-10,55.0,Pothole,20.6,1.1,0.5,TIER_2_MODERATE_HAZARD,SPEED_RESTRICTION_PWD_PATCHING,91.6,NERALIS-EdgeVision-v2.4,True,24.2,92.15
INS-DMG-2214,SEG-03,110.9,Debris / Rockfall Deposit,4.7,22.8,11.6,TIER_3_CRITICAL_EMERGENCY,MANDATORY_CLOSURE_BRO_EARTHMOVER,93.4,NERALIS-EdgeVision-v2.4,True,25.12,92.36
INS-DMG-2215,SEG-01,34.9,Debris / Rockfall Deposit,6.1,4.4,49.3,TIER_3_CRITICAL_EMERGENCY,MANDATORY_CLOSURE_BRO_EARTHMOVER,97.4,NERALIS-EdgeVision-v2.4,True,26.18,92.12
INS-DMG-2216,SEG-05,86.2,Debris / Rockfall Deposit,4.7,39.4,74.3,TIER_3_CRITICAL_EMERGENCY,MANDATORY_CLOSURE_BRO_EARTHMOVER,92.3,NERALIS-EdgeVision-v2.4,True,27.51,92.1
INS-DMG-2217,SEG-06,105.3,Washout / Roadbed Erosion,74.3,13.7,25.3,TIER_3_CRITICAL_EMERGENCY,MANDATORY_CLOSURE_BRO_EARTHMOVER,96.3,NERALIS-EdgeVision-v2.4,True,25.8,93.95
INS-DMG-2218,SEG-09,68.3,Pothole,9.9,1.6,0.4,TIER_1_ROUTINE_MONITORING,CONTINUE_NORMAL_OPERATION,95.2,NERALIS-EdgeVision-v2.4,False,24.8,93.45
INS-DMG-2219,SEG-09,103.3,Intact / Minor Surface Wear,0.2,0.4,0.0,TIER_1_ROUTINE_MONITORING,CONTINUE_NORMAL_OPERATION,92.2,NERALIS-EdgeVision-v2.4,False,24.8,93.45
INS-DMG-2220,SEG-16,114.3,Pothole,17.7,1.8,0.1,TIER_2_MODERATE_HAZARD,SPEED_RESTRICTION_PWD_PATCHING,94.0,NERALIS-EdgeVision-v2.4,True,25.18,92.85
INS-DMG-2221,SEG-04,78.8,Longitudinal / Transverse Crack,3.6,16.0,0.1,TIER_2_MODERATE_HAZARD,SEAL_CRACK_WATERPROOFING,86.4,NERALIS-EdgeVision-v2.4,True,27.26,92.42
INS-DMG-2222,SEG-01,82.8,Pothole,11.3,1.3,0.4,TIER_1_ROUTINE_MONITORING,CONTINUE_NORMAL_OPERATION,96.7,NERALIS-EdgeVision-v2.4,False,26.18,92.12
INS-DMG-2223,SEG-05,76.7,Pothole,19.4,1.1,0.2,TIER_2_MODERATE_HAZARD,SPEED_RESTRICTION_PWD_PATCHING,92.8,NERALIS-EdgeVision-v2.4,True,27.51,92.1
INS-DMG-2224,SEG-15,94.1,Intact / Minor Surface Wear,0.3,0.1,0.0,TIER_1_ROUTINE_MONITORING,CONTINUE_NORMAL_OPERATION,94.5,NERALIS-EdgeVision-v2.4,False,26.75,94.95
INS-DMG-2225,SEG-14,51.6,Debris / Rockfall Deposit,2.7,14.1,32.2,TIER_3_CRITICAL_EMERGENCY,MANDATORY_CLOSURE_BRO_EARTHMOVER,92.6,NERALIS-EdgeVision-v2.4,True,26.6,93.4
INS-DMG-2226,SEG-02,20.5,Pothole,5.8,0.8,0.4,TIER_1_ROUTINE_MONITORING,CONTINUE_NORMAL_OPERATION,91.3,NERALIS-EdgeVision-v2.4,False,25.75,91.88
INS-DMG-2227,SEG-07,94.7,Pothole,15.9,0.4,0.3,TIER_2_MODERATE_HAZARD,SPEED_RESTRICTION_PWD_PATCHING,93.9,NERALIS-EdgeVision-v2.4,True,25.15,94.02
INS-DMG-2228,SEG-12,64.0,Washout / Roadbed Erosion,83.1,44.4,13.7,TIER_3_CRITICAL_EMERGENCY,MANDATORY_CLOSURE_BRO_EARTHMOVER,92.8,NERALIS-EdgeVision-v2.4,True,27.1,88.48
INS-DMG-2229,SEG-14,85.2,Pothole,9.3,0.8,0.4,TIER_1_ROUTINE_MONITORING,CONTINUE_NORMAL_OPERATION,93.9,NERALIS-EdgeVision-v2.4,False,26.6,93.4
INS-DMG-2230,SEG-15,130.7,Longitudinal / Transverse Crack,2.8,5.8,0.1,TIER_2_MODERATE_HAZARD,SEAL_CRACK_WATERPROOFING,85.4,NERALIS-EdgeVision-v2.4,True,26.75,94.95
INS-DMG-2231,SEG-14,101.9,Debris / Rockfall Deposit,2.3,11.2,108.2,TIER_3_CRITICAL_EMERGENCY,MANDATORY_CLOSURE_BRO_EARTHMOVER,97.9,NERALIS-EdgeVision-v2.4,True,26.6,93.4
INS-DMG-2232,SEG-13,68.0,Longitudinal / Transverse Crack,3.1,11.7,0.0,TIER_2_MODERATE_HAZARD,SEAL_CRACK_WATERPROOFING,85.0,NERALIS-EdgeVision-v2.4,True,27.52,88.58
INS-DMG-2233,SEG-05,91.3,Longitudinal / Transverse Crack,1.5,7.3,0.0,TIER_2_MODERATE_HAZARD,SEAL_CRACK_WATERPROOFING,90.6,NERALIS-EdgeVision-v2.4,True,27.51,92.1
INS-DMG-2234,SEG-02,64.3,Pothole,10.2,0.5,0.2,TIER_1_ROUTINE_MONITORING,CONTINUE_NORMAL_OPERATION,95.7,NERALIS-EdgeVision-v2.4,False,25.75,91.88
INS-DMG-2235,SEG-12,22.6,Pothole,18.5,1.7,0.2,TIER_2_MODERATE_HAZARD,SPEED_RESTRICTION_PWD_PATCHING,95.9,NERALIS-EdgeVision-v2.4,True,27.1,88.48
INS-DMG-2236,SEG-04,74.5,Pothole,7.0,0.6,0.1,TIER_1_ROUTINE_MONITORING,CONTINUE_NORMAL_OPERATION,94.1,NERALIS-EdgeVision-v2.4,False,27.26,92.42
INS-DMG-2237,SEG-01,91.3,Pothole,5.6,0.9,0.3,TIER_1_ROUTINE_MONITORING,CONTINUE_NORMAL_OPERATION,91.4,NERALIS-EdgeVision-v2.4,False,26.18,92.12
INS-DMG-2238,SEG-16,44.8,Pothole,4.4,0.8,0.0,TIER_1_ROUTINE_MONITORING,CONTINUE_NORMAL_OPERATION,96.3,NERALIS-EdgeVision-v2.4,False,25.18,92.85
INS-DMG-2239,SEG-12,64.5,Pothole,8.2,1.5,0.3,TIER_1_ROUTINE_MONITORING,CONTINUE_NORMAL_OPERATION,94.6,NERALIS-EdgeVision-v2.4,False,27.1,88.48
INS-DMG-2240,SEG-01,134.3,Intact / Minor Surface Wear,0.8,0.3,0.0,TIER_1_ROUTINE_MONITORING,CONTINUE_NORMAL_OPERATION,92.8,NERALIS-EdgeVision-v2.4,False,26.18,92.12
INS-DMG-2241,SEG-10,3.3,Pothole,10.0,0.8,0.1,TIER_1_ROUTINE_MONITORING,CONTINUE_NORMAL_OPERATION,93.1,NERALIS-EdgeVision-v2.4,False,24.2,92.15
INS-DMG-2242,SEG-12,20.1,Pothole,11.7,1.1,0.2,TIER_1_ROUTINE_MONITORING,CONTINUE_NORMAL_OPERATION,91.6,NERALIS-EdgeVision-v2.4,False,27.1,88.48
INS-DMG-2243,SEG-01,62.2,Pothole,7.3,1.5,0.1,TIER_1_ROUTINE_MONITORING,CONTINUE_NORMAL_OPERATION,96.6,NERALIS-EdgeVision-v2.4,False,26.18,92.12
INS-DMG-2244,SEG-05,42.9,Longitudinal / Transverse Crack,7.8,2.4,0.1,TIER_2_MODERATE_HAZARD,SEAL_CRACK_WATERPROOFING,85.9,NERALIS-EdgeVision-v2.4,True,27.51,92.1
INS-DMG-2245,SEG-16,119.8,Pothole,14.9,1.6,0.4,TIER_2_MODERATE_HAZARD,SPEED_RESTRICTION_PWD_PATCHING,89.5,NERALIS-EdgeVision-v2.4,True,25.18,92.85
INS-DMG-2246,SEG-10,116.0,Pothole,16.9,1.5,0.1,TIER_2_MODERATE_HAZARD,SPEED_RESTRICTION_PWD_PATCHING,88.5,NERALIS-EdgeVision-v2.4,True,24.2,92.15
INS-DMG-2247,SEG-13,77.0,Pothole,19.0,1.8,0.3,TIER_2_MODERATE_HAZARD,SPEED_RESTRICTION_PWD_PATCHING,89.6,NERALIS-EdgeVision-v2.4,True,27.52,88.58
INS-DMG-2248,SEG-15,107.9,Debris / Rockfall Deposit,1.5,37.8,179.5,TIER_3_CRITICAL_EMERGENCY,MANDATORY_CLOSURE_BRO_EARTHMOVER,94.8,NERALIS-EdgeVision-v2.4,True,26.75,94.95
INS-DMG-2249,SEG-12,90.4,Longitudinal / Transverse Crack,6.9,5.6,0.2,TIER_2_MODERATE_HAZARD,SEAL_CRACK_WATERPROOFING,89.4,NERALIS-EdgeVision-v2.4,True,27.1,88.48
INS-DMG-2250,SEG-05,76.5,Intact / Minor Surface Wear,0.2,0.3,0.0,TIER_1_ROUTINE_MONITORING,CONTINUE_NORMAL_OPERATION,92.3,NERALIS-EdgeVision-v2.4,False,27.51,92.1
INS-DMG-2251,SEG-04,114.3,Debris / Rockfall Deposit,2.7,34.8,65.5,TIER_3_CRITICAL_EMERGENCY,MANDATORY_CLOSURE_BRO_EARTHMOVER,93.8,NERALIS-EdgeVision-v2.4,True,27.26,92.42
INS-DMG-2252,SEG-12,88.8,Pothole,4.1,0.5,0.3,TIER_1_ROUTINE_MONITORING,CONTINUE_NORMAL_OPERATION,98.0,NERALIS-EdgeVision-v2.4,False,27.1,88.48
INS-DMG-2253,SEG-14,15.5,Longitudinal / Transverse Crack,1.4,7.5,0.1,TIER_2_MODERATE_HAZARD,SEAL_CRACK_WATERPROOFING,90.4,NERALIS-EdgeVision-v2.4,True,26.6,93.4
INS-DMG-2254,SEG-10,2.9,Pothole,8.7,0.4,0.4,TIER_1_ROUTINE_MONITORING,CONTINUE_NORMAL_OPERATION,91.3,NERALIS-EdgeVision-v2.4,False,24.2,92.15
INS-DMG-2255,SEG-13,106.3,Intact / Minor Surface Wear,0.3,0.4,0.0,TIER_1_ROUTINE_MONITORING,CONTINUE_NORMAL_OPERATION,96.1,NERALIS-EdgeVision-v2.4,False,27.52,88.58
INS-DMG-2256,SEG-09,14.8,Pothole,11.2,0.8,0.2,TIER_1_ROUTINE_MONITORING,CONTINUE_NORMAL_OPERATION,91.9,NERALIS-EdgeVision-v2.4,False,24.8,93.45
INS-DMG-2257,SEG-16,83.2,Intact / Minor Surface Wear,1.8,0.2,0.0,TIER_1_ROUTINE_MONITORING,CONTINUE_NORMAL_OPERATION,96.5,NERALIS-EdgeVision-v2.4,False,25.18,92.85
INS-DMG-2258,SEG-02,20.5,Pothole,20.7,0.9,0.3,TIER_2_MODERATE_HAZARD,SPEED_RESTRICTION_PWD_PATCHING,88.0,NERALIS-EdgeVision-v2.4,True,25.75,91.88
INS-DMG-2259,SEG-13,89.6,Debris / Rockfall Deposit,3.7,7.1,86.4,TIER_3_CRITICAL_EMERGENCY,MANDATORY_CLOSURE_BRO_EARTHMOVER,93.3,NERALIS-EdgeVision-v2.4,True,27.52,88.58
INS-DMG-2260,SEG-11,27.1,Debris / Rockfall Deposit,6.3,39.7,30.6,TIER_3_CRITICAL_EMERGENCY,MANDATORY_CLOSURE_BRO_EARTHMOVER,93.3,NERALIS-EdgeVision-v2.4,True,23.45,92.74
INS-DMG-2261,SEG-01,61.2,Intact / Minor Surface Wear,1.8,0.4,0.0,TIER_1_ROUTINE_MONITORING,CONTINUE_NORMAL_OPERATION,94.8,NERALIS-EdgeVision-v2.4,False,26.18,92.12
INS-DMG-2262,SEG-06,108.4,Pothole,15.3,1.1,0.3,TIER_2_MODERATE_HAZARD,SPEED_RESTRICTION_PWD_PATCHING,92.5,NERALIS-EdgeVision-v2.4,True,25.8,93.95
INS-DMG-2263,SEG-16,82.2,Pothole,21.3,1.2,0.4,TIER_2_MODERATE_HAZARD,SPEED_RESTRICTION_PWD_PATCHING,90.0,NERALIS-EdgeVision-v2.4,True,25.18,92.85
INS-DMG-2264,SEG-15,66.8,Longitudinal / Transverse Crack,2.6,7.2,0.2,TIER_2_MODERATE_HAZARD,SEAL_CRACK_WATERPROOFING,87.5,NERALIS-EdgeVision-v2.4,True,26.75,94.95
INS-DMG-2265,SEG-11,59.1,Intact / Minor Surface Wear,1.1,0.1,0.0,TIER_1_ROUTINE_MONITORING,CONTINUE_NORMAL_OPERATION,95.9,NERALIS-EdgeVision-v2.4,False,23.45,92.74
INS-DMG-2266,SEG-12,18.2,Washout / Roadbed Erosion,65.0,52.8,15.6,TIER_3_CRITICAL_EMERGENCY,MANDATORY_CLOSURE_BRO_EARTHMOVER,99.3,NERALIS-EdgeVision-v2.4,True,27.1,88.48
INS-DMG-2267,SEG-14,47.4,Longitudinal / Transverse Crack,5.8,10.7,0.2,TIER_2_MODERATE_HAZARD,SEAL_CRACK_WATERPROOFING,95.0,NERALIS-EdgeVision-v2.4,True,26.6,93.4
INS-DMG-2268,SEG-05,18.9,Intact / Minor Surface Wear,1.3,0.0,0.0,TIER_1_ROUTINE_MONITORING,CONTINUE_NORMAL_OPERATION,92.9,NERALIS-EdgeVision-v2.4,False,27.51,92.1
INS-DMG-2269,SEG-16,64.8,Debris / Rockfall Deposit,3.2,12.9,5.9,TIER_3_CRITICAL_EMERGENCY,MANDATORY_CLOSURE_BRO_EARTHMOVER,98.1,NERALIS-EdgeVision-v2.4,True,25.18,92.85
INS-DMG-2270,SEG-14,15.3,Pothole,19.4,0.5,0.3,TIER_2_MODERATE_HAZARD,SPEED_RESTRICTION_PWD_PATCHING,91.2,NERALIS-EdgeVision-v2.4,True,26.6,93.4
INS-DMG-2271,SEG-05,80.2,Pothole,18.7,1.2,0.2,TIER_2_MODERATE_HAZARD,SPEED_RESTRICTION_PWD_PATCHING,88.4,NERALIS-EdgeVision-v2.4,True,27.51,92.1
INS-DMG-2272,SEG-04,113.4,Debris / Rockfall Deposit,8.5,20.5,45.4,TIER_3_CRITICAL_EMERGENCY,MANDATORY_CLOSURE_BRO_EARTHMOVER,97.5,NERALIS-EdgeVision-v2.4,True,27.26,92.42
INS-DMG-2273,SEG-08,45.0,Pothole,10.3,1.0,0.4,TIER_1_ROUTINE_MONITORING,CONTINUE_NORMAL_OPERATION,95.7,NERALIS-EdgeVision-v2.4,False,25.72,93.88
INS-DMG-2274,SEG-15,102.1,Pothole,19.2,0.6,0.3,TIER_2_MODERATE_HAZARD,SPEED_RESTRICTION_PWD_PATCHING,89.8,NERALIS-EdgeVision-v2.4,True,26.75,94.95
INS-DMG-2275,SEG-03,62.7,Pothole,16.6,1.5,0.4,TIER_2_MODERATE_HAZARD,SPEED_RESTRICTION_PWD_PATCHING,96.5,NERALIS-EdgeVision-v2.4,True,25.12,92.36
INS-DMG-2276,SEG-13,26.1,Longitudinal / Transverse Crack,1.4,4.0,0.2,TIER_2_MODERATE_HAZARD,SEAL_CRACK_WATERPROOFING,90.1,NERALIS-EdgeVision-v2.4,True,27.52,88.58
INS-DMG-2277,SEG-13,95.3,Washout / Roadbed Erosion,85.6,56.9,31.7,TIER_3_CRITICAL_EMERGENCY,MANDATORY_CLOSURE_BRO_EARTHMOVER,97.7,NERALIS-EdgeVision-v2.4,True,27.52,88.58
INS-DMG-2278,SEG-11,70.7,Washout / Roadbed Erosion,21.8,26.2,28.7,TIER_3_CRITICAL_EMERGENCY,MANDATORY_CLOSURE_BRO_EARTHMOVER,95.8,NERALIS-EdgeVision-v2.4,True,23.45,92.74
INS-DMG-2279,SEG-08,12.6,Pothole,18.9,1.1,0.2,TIER_2_MODERATE_HAZARD,SPEED_RESTRICTION_PWD_PATCHING,92.5,NERALIS-EdgeVision-v2.4,True,25.72,93.88
INS-DMG-2280,SEG-04,81.3,Debris / Rockfall Deposit,0.1,32.2,81.4,TIER_3_CRITICAL_EMERGENCY,MANDATORY_CLOSURE_BRO_EARTHMOVER,99.1,NERALIS-EdgeVision-v2.4,True,27.26,92.42
INS-DMG-2281,SEG-10,63.9,Longitudinal / Transverse Crack,2.7,13.5,0.1,TIER_2_MODERATE_HAZARD,SEAL_CRACK_WATERPROOFING,93.8,NERALIS-EdgeVision-v2.4,True,24.2,92.15
INS-DMG-2282,SEG-06,39.7,Longitudinal / Transverse Crack,1.3,13.4,0.0,TIER_2_MODERATE_HAZARD,SEAL_CRACK_WATERPROOFING,87.6,NERALIS-EdgeVision-v2.4,True,25.8,93.95
INS-DMG-2283,SEG-13,92.1,Longitudinal / Transverse Crack,5.1,11.1,0.0,TIER_2_MODERATE_HAZARD,SEAL_CRACK_WATERPROOFING,85.7,NERALIS-EdgeVision-v2.4,True,27.52,88.58
INS-DMG-2284,SEG-10,118.6,Debris / Rockfall Deposit,9.0,4.9,32.0,TIER_3_CRITICAL_EMERGENCY,MANDATORY_CLOSURE_BRO_EARTHMOVER,94.7,NERALIS-EdgeVision-v2.4,True,24.2,92.15
INS-DMG-2285,SEG-10,16.5,Washout / Roadbed Erosion,53.3,45.1,6.7,TIER_3_CRITICAL_EMERGENCY,MANDATORY_CLOSURE_BRO_EARTHMOVER,97.1,NERALIS-EdgeVision-v2.4,True,24.2,92.15
INS-DMG-2286,SEG-03,133.3,Pothole,16.8,1.4,0.1,TIER_2_MODERATE_HAZARD,SPEED_RESTRICTION_PWD_PATCHING,90.0,NERALIS-EdgeVision-v2.4,True,25.12,92.36
INS-DMG-2287,SEG-05,18.4,Debris / Rockfall Deposit,4.5,27.7,108.2,TIER_3_CRITICAL_EMERGENCY,MANDATORY_CLOSURE_BRO_EARTHMOVER,96.9,NERALIS-EdgeVision-v2.4,True,27.51,92.1
INS-DMG-2288,SEG-11,11.0,Debris / Rockfall Deposit,9.4,22.4,26.1,TIER_3_CRITICAL_EMERGENCY,MANDATORY_CLOSURE_BRO_EARTHMOVER,93.1,NERALIS-EdgeVision-v2.4,True,23.45,92.74
INS-DMG-2289,SEG-05,127.3,Longitudinal / Transverse Crack,5.7,4.0,0.1,TIER_2_MODERATE_HAZARD,SEAL_CRACK_WATERPROOFING,93.2,NERALIS-EdgeVision-v2.4,True,27.51,92.1
INS-DMG-2290,SEG-16,65.8,Washout / Roadbed Erosion,19.9,5.7,27.2,TIER_3_CRITICAL_EMERGENCY,MANDATORY_CLOSURE_BRO_EARTHMOVER,98.9,NERALIS-EdgeVision-v2.4,True,25.18,92.85
INS-DMG-2291,SEG-01,88.4,Longitudinal / Transverse Crack,7.2,15.6,0.0,TIER_2_MODERATE_HAZARD,SEAL_CRACK_WATERPROOFING,91.3,NERALIS-EdgeVision-v2.4,True,26.18,92.12
INS-DMG-2292,SEG-05,18.2,Longitudinal / Transverse Crack,7.0,4.6,0.0,TIER_2_MODERATE_HAZARD,SEAL_CRACK_WATERPROOFING,86.9,NERALIS-EdgeVision-v2.4,True,27.51,92.1
INS-DMG-2293,SEG-05,85.0,Pothole,12.8,1.7,0.1,TIER_2_MODERATE_HAZARD,SPEED_RESTRICTION_PWD_PATCHING,93.5,NERALIS-EdgeVision-v2.4,True,27.51,92.1
INS-DMG-2294,SEG-03,126.0,Longitudinal / Transverse Crack,3.2,9.3,0.1,TIER_2_MODERATE_HAZARD,SEAL_CRACK_WATERPROOFING,88.1,NERALIS-EdgeVision-v2.4,True,25.12,92.36
INS-DMG-2295,SEG-08,110.1,Pothole,13.5,1.0,0.4,TIER_2_MODERATE_HAZARD,SPEED_RESTRICTION_PWD_PATCHING,88.4,NERALIS-EdgeVision-v2.4,True,25.72,93.88
INS-DMG-2296,SEG-13,69.7,Pothole,7.1,1.2,0.3,TIER_1_ROUTINE_MONITORING,CONTINUE_NORMAL_OPERATION,97.1,NERALIS-EdgeVision-v2.4,False,27.52,88.58
INS-DMG-2297,SEG-01,94.6,Intact / Minor Surface Wear,0.1,0.2,0.0,TIER_1_ROUTINE_MONITORING,CONTINUE_NORMAL_OPERATION,97.4,NERALIS-EdgeVision-v2.4,False,26.18,92.12
INS-DMG-2298,SEG-07,117.9,Washout / Roadbed Erosion,109.0,5.1,29.3,TIER_3_CRITICAL_EMERGENCY,MANDATORY_CLOSURE_BRO_EARTHMOVER,95.4,NERALIS-EdgeVision-v2.4,True,25.15,94.02
INS-DMG-2299,SEG-10,108.5,Washout / Roadbed Erosion,15.6,39.0,3.2,TIER_3_CRITICAL_EMERGENCY,MANDATORY_CLOSURE_BRO_EARTHMOVER,92.3,NERALIS-EdgeVision-v2.4,True,24.2,92.15
INS-DMG-2300,SEG-12,52.1,Pothole,9.4,0.8,0.1,TIER_1_ROUTINE_MONITORING,CONTINUE_NORMAL_OPERATION,92.3,NERALIS-EdgeVision-v2.4,False,27.1,88.48
INS-DMG-2301,SEG-10,130.1,Longitudinal / Transverse Crack,5.7,7.9,0.1,TIER_2_MODERATE_HAZARD,SEAL_CRACK_WATERPROOFING,85.7,NERALIS-EdgeVision-v2.4,True,24.2,92.15
INS-DMG-2302,SEG-13,4.7,Pothole,4.8,0.5,0.2,TIER_1_ROUTINE_MONITORING,CONTINUE_NORMAL_OPERATION,92.4,NERALIS-EdgeVision-v2.4,False,27.52,88.58
INS-DMG-2303,SEG-04,45.3,Longitudinal / Transverse Crack,2.2,4.2,0.2,TIER_2_MODERATE_HAZARD,SEAL_CRACK_WATERPROOFING,89.8,NERALIS-EdgeVision-v2.4,True,27.26,92.42
INS-DMG-2304,SEG-14,89.1,Washout / Roadbed Erosion,74.3,42.6,23.8,TIER_3_CRITICAL_EMERGENCY,MANDATORY_CLOSURE_BRO_EARTHMOVER,99.3,NERALIS-EdgeVision-v2.4,True,26.6,93.4
INS-DMG-2305,SEG-01,66.4,Washout / Roadbed Erosion,101.9,8.9,6.9,TIER_3_CRITICAL_EMERGENCY,MANDATORY_CLOSURE_BRO_EARTHMOVER,98.6,NERALIS-EdgeVision-v2.4,True,26.18,92.12
INS-DMG-2306,SEG-07,29.1,Pothole,11.3,1.7,0.1,TIER_1_ROUTINE_MONITORING,CONTINUE_NORMAL_OPERATION,95.9,NERALIS-EdgeVision-v2.4,False,25.15,94.02
INS-DMG-2307,SEG-04,58.2,Pothole,10.5,1.1,0.3,TIER_1_ROUTINE_MONITORING,CONTINUE_NORMAL_OPERATION,94.6,NERALIS-EdgeVision-v2.4,False,27.26,92.42
INS-DMG-2308,SEG-04,30.8,Intact / Minor Surface Wear,0.2,0.3,0.0,TIER_1_ROUTINE_MONITORING,CONTINUE_NORMAL_OPERATION,92.3,NERALIS-EdgeVision-v2.4,False,27.26,92.42
INS-DMG-2309,SEG-12,36.8,Longitudinal / Transverse Crack,2.8,14.1,0.1,TIER_2_MODERATE_HAZARD,SEAL_CRACK_WATERPROOFING,94.7,NERALIS-EdgeVision-v2.4,True,27.1,88.48
INS-DMG-2310,SEG-09,5.4,Longitudinal / Transverse Crack,5.3,14.0,0.1,TIER_2_MODERATE_HAZARD,SEAL_CRACK_WATERPROOFING,91.8,NERALIS-EdgeVision-v2.4,True,24.8,93.45
INS-DMG-2311,SEG-15,26.0,Pothole,17.1,0.9,0.4,TIER_2_MODERATE_HAZARD,SPEED_RESTRICTION_PWD_PATCHING,96.9,NERALIS-EdgeVision-v2.4,True,26.75,94.95
INS-DMG-2312,SEG-01,122.3,Longitudinal / Transverse Crack,6.3,9.0,0.1,TIER_2_MODERATE_HAZARD,SEAL_CRACK_WATERPROOFING,85.1,NERALIS-EdgeVision-v2.4,True,26.18,92.12
INS-DMG-2313,SEG-16,61.1,Washout / Roadbed Erosion,37.0,36.3,35.3,TIER_3_CRITICAL_EMERGENCY,MANDATORY_CLOSURE_BRO_EARTHMOVER,93.9,NERALIS-EdgeVision-v2.4,True,25.18,92.85
INS-DMG-2314,SEG-13,30.5,Pothole,8.7,0.8,0.3,TIER_1_ROUTINE_MONITORING,CONTINUE_NORMAL_OPERATION,95.3,NERALIS-EdgeVision-v2.4,False,27.52,88.58
INS-DMG-2315,SEG-06,24.4,Pothole,16.6,1.5,0.3,TIER_2_MODERATE_HAZARD,SPEED_RESTRICTION_PWD_PATCHING,91.1,NERALIS-EdgeVision-v2.4,True,25.8,93.95
INS-DMG-2316,SEG-03,128.9,Debris / Rockfall Deposit,7.9,36.3,19.7,TIER_3_CRITICAL_EMERGENCY,MANDATORY_CLOSURE_BRO_EARTHMOVER,93.0,NERALIS-EdgeVision-v2.4,True,25.12,92.36
INS-DMG-2317,SEG-03,138.8,Pothole,4.6,0.7,0.1,TIER_1_ROUTINE_MONITORING,CONTINUE_NORMAL_OPERATION,90.8,NERALIS-EdgeVision-v2.4,False,25.12,92.36
INS-DMG-2318,SEG-10,76.2,Longitudinal / Transverse Crack,7.9,3.5,0.1,TIER_2_MODERATE_HAZARD,SEAL_CRACK_WATERPROOFING,90.7,NERALIS-EdgeVision-v2.4,True,24.2,92.15
INS-DMG-2319,SEG-02,66.8,Longitudinal / Transverse Crack,3.3,7.0,0.0,TIER_2_MODERATE_HAZARD,SEAL_CRACK_WATERPROOFING,94.2,NERALIS-EdgeVision-v2.4,True,25.75,91.88
INS-DMG-2320,SEG-04,40.0,Longitudinal / Transverse Crack,3.4,17.0,0.0,TIER_2_MODERATE_HAZARD,SEAL_CRACK_WATERPROOFING,85.7,NERALIS-EdgeVision-v2.4,True,27.26,92.42
INS-DMG-2321,SEG-16,37.4,Pothole,20.8,1.5,0.2,TIER_2_MODERATE_HAZARD,SPEED_RESTRICTION_PWD_PATCHING,90.0,NERALIS-EdgeVision-v2.4,True,25.18,92.85
INS-DMG-2322,SEG-08,138.6,Pothole,4.9,1.6,0.3,TIER_1_ROUTINE_MONITORING,CONTINUE_NORMAL_OPERATION,92.2,NERALIS-EdgeVision-v2.4,False,25.72,93.88
INS-DMG-2323,SEG-01,74.8,Longitudinal / Transverse Crack,1.1,14.1,0.2,TIER_2_MODERATE_HAZARD,SEAL_CRACK_WATERPROOFING,90.4,NERALIS-EdgeVision-v2.4,True,26.18,92.12
INS-DMG-2324,SEG-08,124.9,Longitudinal / Transverse Crack,7.9,8.4,0.0,TIER_2_MODERATE_HAZARD,SEAL_CRACK_WATERPROOFING,93.5,NERALIS-EdgeVision-v2.4,True,25.72,93.88
INS-DMG-2325,SEG-13,126.1,Pothole,12.9,1.3,0.3,TIER_2_MODERATE_HAZARD,SPEED_RESTRICTION_PWD_PATCHING,90.8,NERALIS-EdgeVision-v2.4,True,27.52,88.58
INS-DMG-2326,SEG-04,18.7,Longitudinal / Transverse Crack,6.1,12.4,0.1,TIER_2_MODERATE_HAZARD,SEAL_CRACK_WATERPROOFING,91.1,NERALIS-EdgeVision-v2.4,True,27.26,92.42
INS-DMG-2327,SEG-15,112.2,Intact / Minor Surface Wear,1.8,0.1,0.0,TIER_1_ROUTINE_MONITORING,CONTINUE_NORMAL_OPERATION,97.0,NERALIS-EdgeVision-v2.4,False,26.75,94.95
INS-DMG-2328,SEG-15,47.2,Pothole,4.9,1.2,0.3,TIER_1_ROUTINE_MONITORING,CONTINUE_NORMAL_OPERATION,96.4,NERALIS-EdgeVision-v2.4,False,26.75,94.95
INS-DMG-2329,SEG-06,110.4,Pothole,13.8,1.6,0.4,TIER_2_MODERATE_HAZARD,SPEED_RESTRICTION_PWD_PATCHING,94.5,NERALIS-EdgeVision-v2.4,True,25.8,93.95
INS-DMG-2330,SEG-05,51.7,Pothole,4.9,1.2,0.0,TIER_1_ROUTINE_MONITORING,CONTINUE_NORMAL_OPERATION,94.3,NERALIS-EdgeVision-v2.4,False,27.51,92.1
INS-DMG-2331,SEG-15,112.3,Longitudinal / Transverse Crack,5.8,4.9,0.1,TIER_2_MODERATE_HAZARD,SEAL_CRACK_WATERPROOFING,90.1,NERALIS-EdgeVision-v2.4,True,26.75,94.95
INS-DMG-2332,SEG-02,65.6,Longitudinal / Transverse Crack,1.9,17.4,0.1,TIER_2_MODERATE_HAZARD,SEAL_CRACK_WATERPROOFING,87.8,NERALIS-EdgeVision-v2.4,True,25.75,91.88
INS-DMG-2333,SEG-07,9.3,Longitudinal / Transverse Crack,5.1,17.5,0.1,TIER_2_MODERATE_HAZARD,SEAL_CRACK_WATERPROOFING,85.0,NERALIS-EdgeVision-v2.4,True,25.15,94.02
INS-DMG-2334,SEG-16,8.0,Longitudinal / Transverse Crack,3.8,5.0,0.2,TIER_2_MODERATE_HAZARD,SEAL_CRACK_WATERPROOFING,87.1,NERALIS-EdgeVision-v2.4,True,25.18,92.85
INS-DMG-2335,SEG-09,53.3,Pothole,21.1,0.9,0.4,TIER_2_MODERATE_HAZARD,SPEED_RESTRICTION_PWD_PATCHING,90.7,NERALIS-EdgeVision-v2.4,True,24.8,93.45
INS-DMG-2336,SEG-05,139.6,Pothole,6.5,0.6,0.4,TIER_1_ROUTINE_MONITORING,CONTINUE_NORMAL_OPERATION,90.8,NERALIS-EdgeVision-v2.4,False,27.51,92.1
INS-DMG-2337,SEG-10,43.2,Pothole,10.7,1.8,0.1,TIER_1_ROUTINE_MONITORING,CONTINUE_NORMAL_OPERATION,93.2,NERALIS-EdgeVision-v2.4,False,24.2,92.15
INS-DMG-2338,SEG-15,23.2,Pothole,5.0,0.7,0.5,TIER_1_ROUTINE_MONITORING,CONTINUE_NORMAL_OPERATION,95.6,NERALIS-EdgeVision-v2.4,False,26.75,94.95
INS-DMG-2339,SEG-01,54.4,Longitudinal / Transverse Crack,5.0,7.1,0.2,TIER_2_MODERATE_HAZARD,SEAL_CRACK_WATERPROOFING,86.9,NERALIS-EdgeVision-v2.4,True,26.18,92.12
INS-DMG-2340,SEG-01,11.6,Debris / Rockfall Deposit,7.7,32.6,153.8,TIER_3_CRITICAL_EMERGENCY,MANDATORY_CLOSURE_BRO_EARTHMOVER,93.9,NERALIS-EdgeVision-v2.4,True,26.18,92.12
INS-DMG-2341,SEG-03,114.7,Pothole,11.3,0.4,0.3,TIER_1_ROUTINE_MONITORING,CONTINUE_NORMAL_OPERATION,91.1,NERALIS-EdgeVision-v2.4,False,25.12,92.36
INS-DMG-2342,SEG-13,135.7,Longitudinal / Transverse Crack,4.0,6.5,0.1,TIER_2_MODERATE_HAZARD,SEAL_CRACK_WATERPROOFING,89.3,NERALIS-EdgeVision-v2.4,True,27.52,88.58
INS-DMG-2343,SEG-03,129.9,Debris / Rockfall Deposit,5.1,11.3,79.3,TIER_3_CRITICAL_EMERGENCY,MANDATORY_CLOSURE_BRO_EARTHMOVER,99.5,NERALIS-EdgeVision-v2.4,True,25.12,92.36
INS-DMG-2344,SEG-06,29.6,Debris / Rockfall Deposit,5.9,25.0,14.9,TIER_3_CRITICAL_EMERGENCY,MANDATORY_CLOSURE_BRO_EARTHMOVER,98.1,NERALIS-EdgeVision-v2.4,True,25.8,93.95
INS-DMG-2345,SEG-16,48.6,Longitudinal / Transverse Crack,5.1,2.1,0.0,TIER_2_MODERATE_HAZARD,SEAL_CRACK_WATERPROOFING,85.5,NERALIS-EdgeVision-v2.4,True,25.18,92.85
INS-DMG-2346,SEG-09,33.5,Intact / Minor Surface Wear,1.1,0.3,0.0,TIER_1_ROUTINE_MONITORING,CONTINUE_NORMAL_OPERATION,90.9,NERALIS-EdgeVision-v2.4,False,24.8,93.45
INS-DMG-2347,SEG-16,121.0,Intact / Minor Surface Wear,2.0,0.1,0.0,TIER_1_ROUTINE_MONITORING,CONTINUE_NORMAL_OPERATION,93.4,NERALIS-EdgeVision-v2.4,False,25.18,92.85
INS-DMG-2348,SEG-08,3.6,Pothole,8.7,1.0,0.1,TIER_1_ROUTINE_MONITORING,CONTINUE_NORMAL_OPERATION,97.6,NERALIS-EdgeVision-v2.4,False,25.72,93.88
INS-DMG-2349,SEG-10,100.6,Pothole,6.7,1.0,0.4,TIER_1_ROUTINE_MONITORING,CONTINUE_NORMAL_OPERATION,92.3,NERALIS-EdgeVision-v2.4,False,24.2,92.15
INS-DMG-2350,SEG-08,132.8,Debris / Rockfall Deposit,2.6,43.1,109.6,TIER_3_CRITICAL_EMERGENCY,MANDATORY_CLOSURE_BRO_EARTHMOVER,95.1,NERALIS-EdgeVision-v2.4,True,25.72,93.88
INS-DMG-2351,SEG-06,132.1,Longitudinal / Transverse Crack,2.4,10.8,0.2,TIER_2_MODERATE_HAZARD,SEAL_CRACK_WATERPROOFING,89.2,NERALIS-EdgeVision-v2.4,True,25.8,93.95
INS-DMG-2352,SEG-13,98.4,Intact / Minor Surface Wear,0.7,0.3,0.0,TIER_1_ROUTINE_MONITORING,CONTINUE_NORMAL_OPERATION,96.6,NERALIS-EdgeVision-v2.4,False,27.52,88.58
INS-DMG-2353,SEG-01,63.5,Longitudinal / Transverse Crack,3.9,9.6,0.1,TIER_2_MODERATE_HAZARD,SEAL_CRACK_WATERPROOFING,86.9,NERALIS-EdgeVision-v2.4,True,26.18,92.12
INS-DMG-2354,SEG-07,49.9,Longitudinal / Transverse Crack,3.6,16.9,0.1,TIER_2_MODERATE_HAZARD,SEAL_CRACK_WATERPROOFING,87.9,NERALIS-EdgeVision-v2.4,True,25.15,94.02
INS-DMG-2355,SEG-09,93.3,Washout / Roadbed Erosion,54.3,35.3,18.7,TIER_3_CRITICAL_EMERGENCY,MANDATORY_CLOSURE_BRO_EARTHMOVER,92.6,NERALIS-EdgeVision-v2.4,True,24.8,93.45
INS-DMG-2356,SEG-08,116.9,Longitudinal / Transverse Crack,6.8,14.8,0.1,TIER_2_MODERATE_HAZARD,SEAL_CRACK_WATERPROOFING,86.1,NERALIS-EdgeVision-v2.4,True,25.72,93.88
INS-DMG-2357,SEG-04,67.3,Longitudinal / Transverse Crack,6.3,6.3,0.2,TIER_2_MODERATE_HAZARD,SEAL_CRACK_WATERPROOFING,87.8,NERALIS-EdgeVision-v2.4,True,27.26,92.42
INS-DMG-2358,SEG-07,26.9,Intact / Minor Surface Wear,1.0,0.2,0.0,TIER_1_ROUTINE_MONITORING,CONTINUE_NORMAL_OPERATION,94.0,NERALIS-EdgeVision-v2.4,False,25.15,94.02
INS-DMG-2359,SEG-11,137.6,Pothole,19.0,1.0,0.5,TIER_2_MODERATE_HAZARD,SPEED_RESTRICTION_PWD_PATCHING,89.4,NERALIS-EdgeVision-v2.4,True,23.45,92.74
INS-DMG-2360,SEG-05,13.4,Pothole,19.3,1.6,0.5,TIER_2_MODERATE_HAZARD,SPEED_RESTRICTION_PWD_PATCHING,91.1,NERALIS-EdgeVision-v2.4,True,27.51,92.1
INS-DMG-2361,SEG-02,47.1,Pothole,5.2,0.7,0.3,TIER_1_ROUTINE_MONITORING,CONTINUE_NORMAL_OPERATION,94.7,NERALIS-EdgeVision-v2.4,False,25.75,91.88
INS-DMG-2362,SEG-07,48.5,Pothole,10.4,1.0,0.0,TIER_1_ROUTINE_MONITORING,CONTINUE_NORMAL_OPERATION,96.4,NERALIS-EdgeVision-v2.4,False,25.15,94.02
INS-DMG-2363,SEG-12,122.1,Debris / Rockfall Deposit,8.1,6.1,7.3,TIER_3_CRITICAL_EMERGENCY,MANDATORY_CLOSURE_BRO_EARTHMOVER,96.1,NERALIS-EdgeVision-v2.4,True,27.1,88.48
INS-DMG-2364,SEG-02,124.7,Debris / Rockfall Deposit,5.9,19.5,112.5,TIER_3_CRITICAL_EMERGENCY,MANDATORY_CLOSURE_BRO_EARTHMOVER,97.8,NERALIS-EdgeVision-v2.4,True,25.75,91.88
INS-DMG-2365,SEG-13,2.5,Debris / Rockfall Deposit,0.9,9.1,91.6,TIER_3_CRITICAL_EMERGENCY,MANDATORY_CLOSURE_BRO_EARTHMOVER,93.1,NERALIS-EdgeVision-v2.4,True,27.52,88.58
INS-DMG-2366,SEG-05,17.9,Debris / Rockfall Deposit,7.8,31.6,115.9,TIER_3_CRITICAL_EMERGENCY,MANDATORY_CLOSURE_BRO_EARTHMOVER,93.9,NERALIS-EdgeVision-v2.4,True,27.51,92.1
INS-DMG-2367,SEG-03,89.6,Washout / Roadbed Erosion,108.3,21.8,6.5,TIER_3_CRITICAL_EMERGENCY,MANDATORY_CLOSURE_BRO_EARTHMOVER,97.7,NERALIS-EdgeVision-v2.4,True,25.12,92.36
INS-DMG-2368,SEG-08,35.2,Pothole,7.6,1.3,0.1,TIER_1_ROUTINE_MONITORING,CONTINUE_NORMAL_OPERATION,90.2,NERALIS-EdgeVision-v2.4,False,25.72,93.88
INS-DMG-2369,SEG-03,37.3,Washout / Roadbed Erosion,102.9,3.6,35.7,TIER_3_CRITICAL_EMERGENCY,MANDATORY_CLOSURE_BRO_EARTHMOVER,98.6,NERALIS-EdgeVision-v2.4,True,25.12,92.36
INS-DMG-2370,SEG-03,117.3,Pothole,14.4,0.5,0.0,TIER_2_MODERATE_HAZARD,SPEED_RESTRICTION_PWD_PATCHING,91.5,NERALIS-EdgeVision-v2.4,True,25.12,92.36
INS-DMG-2371,SEG-15,34.2,Washout / Roadbed Erosion,36.6,31.9,26.5,TIER_3_CRITICAL_EMERGENCY,MANDATORY_CLOSURE_BRO_EARTHMOVER,95.2,NERALIS-EdgeVision-v2.4,True,26.75,94.95
INS-DMG-2372,SEG-01,130.6,Pothole,18.2,0.5,0.1,TIER_2_MODERATE_HAZARD,SPEED_RESTRICTION_PWD_PATCHING,95.3,NERALIS-EdgeVision-v2.4,True,26.18,92.12
INS-DMG-2373,SEG-05,57.2,Longitudinal / Transverse Crack,5.5,13.2,0.0,TIER_2_MODERATE_HAZARD,SEAL_CRACK_WATERPROOFING,88.2,NERALIS-EdgeVision-v2.4,True,27.51,92.1
INS-DMG-2374,SEG-01,67.9,Washout / Roadbed Erosion,23.8,11.2,12.0,TIER_3_CRITICAL_EMERGENCY,MANDATORY_CLOSURE_BRO_EARTHMOVER,94.0,NERALIS-EdgeVision-v2.4,True,26.18,92.12
INS-DMG-2375,SEG-07,82.6,Washout / Roadbed Erosion,91.4,22.7,29.2,TIER_3_CRITICAL_EMERGENCY,MANDATORY_CLOSURE_BRO_EARTHMOVER,96.3,NERALIS-EdgeVision-v2.4,True,25.15,94.02
INS-DMG-2376,SEG-05,92.5,Intact / Minor Surface Wear,1.7,0.2,0.0,TIER_1_ROUTINE_MONITORING,CONTINUE_NORMAL_OPERATION,95.5,NERALIS-EdgeVision-v2.4,False,27.51,92.1
INS-DMG-2377,SEG-16,13.4,Debris / Rockfall Deposit,9.7,8.2,23.1,TIER_3_CRITICAL_EMERGENCY,MANDATORY_CLOSURE_BRO_EARTHMOVER,94.3,NERALIS-EdgeVision-v2.4,True,25.18,92.85
INS-DMG-2378,SEG-04,36.2,Pothole,13.4,1.3,0.1,TIER_2_MODERATE_HAZARD,SPEED_RESTRICTION_PWD_PATCHING,93.9,NERALIS-EdgeVision-v2.4,True,27.26,92.42
INS-DMG-2379,SEG-13,139.7,Pothole,15.9,0.7,0.2,TIER_2_MODERATE_HAZARD,SPEED_RESTRICTION_PWD_PATCHING,89.0,NERALIS-EdgeVision-v2.4,True,27.52,88.58
INS-DMG-2380,SEG-02,34.8,Longitudinal / Transverse Crack,7.0,4.7,0.1,TIER_2_MODERATE_HAZARD,SEAL_CRACK_WATERPROOFING,90.5,NERALIS-EdgeVision-v2.4,True,25.75,91.88
INS-DMG-2381,SEG-12,61.2,Longitudinal / Transverse Crack,6.3,7.2,0.1,TIER_2_MODERATE_HAZARD,SEAL_CRACK_WATERPROOFING,94.6,NERALIS-EdgeVision-v2.4,True,27.1,88.48
INS-DMG-2382,SEG-03,110.4,Pothole,20.0,1.0,0.4,TIER_2_MODERATE_HAZARD,SPEED_RESTRICTION_PWD_PATCHING,95.6,NERALIS-EdgeVision-v2.4,True,25.12,92.36
INS-DMG-2383,SEG-05,79.5,Intact / Minor Surface Wear,1.0,0.3,0.0,TIER_1_ROUTINE_MONITORING,CONTINUE_NORMAL_OPERATION,97.5,NERALIS-EdgeVision-v2.4,False,27.51,92.1
INS-DMG-2384,SEG-09,59.6,Washout / Roadbed Erosion,45.1,30.7,29.0,TIER_3_CRITICAL_EMERGENCY,MANDATORY_CLOSURE_BRO_EARTHMOVER,93.6,NERALIS-EdgeVision-v2.4,True,24.8,93.45
INS-DMG-2385,SEG-13,55.9,Longitudinal / Transverse Crack,1.5,3.7,0.0,TIER_2_MODERATE_HAZARD,SEAL_CRACK_WATERPROOFING,94.0,NERALIS-EdgeVision-v2.4,True,27.52,88.58
INS-DMG-2386,SEG-13,99.6,Longitudinal / Transverse Crack,2.2,14.1,0.1,TIER_2_MODERATE_HAZARD,SEAL_CRACK_WATERPROOFING,85.7,NERALIS-EdgeVision-v2.4,True,27.52,88.58
INS-DMG-2387,SEG-09,99.7,Pothole,9.3,1.1,0.4,TIER_1_ROUTINE_MONITORING,CONTINUE_NORMAL_OPERATION,92.2,NERALIS-EdgeVision-v2.4,False,24.8,93.45
INS-DMG-2388,SEG-08,34.7,Washout / Roadbed Erosion,116.0,27.1,20.7,TIER_3_CRITICAL_EMERGENCY,MANDATORY_CLOSURE_BRO_EARTHMOVER,98.6,NERALIS-EdgeVision-v2.4,True,25.72,93.88
INS-DMG-2389,SEG-16,11.1,Longitudinal / Transverse Crack,1.5,5.7,0.0,TIER_2_MODERATE_HAZARD,SEAL_CRACK_WATERPROOFING,86.5,NERALIS-EdgeVision-v2.4,True,25.18,92.85
INS-DMG-2390,SEG-14,7.5,Longitudinal / Transverse Crack,6.4,6.1,0.0,TIER_2_MODERATE_HAZARD,SEAL_CRACK_WATERPROOFING,94.2,NERALIS-EdgeVision-v2.4,True,26.6,93.4
INS-DMG-2391,SEG-12,106.2,Longitudinal / Transverse Crack,1.2,11.7,0.1,TIER_2_MODERATE_HAZARD,SEAL_CRACK_WATERPROOFING,91.2,NERALIS-EdgeVision-v2.4,True,27.1,88.48
INS-DMG-2392,SEG-04,40.7,Pothole,16.8,0.7,0.1,TIER_2_MODERATE_HAZARD,SPEED_RESTRICTION_PWD_PATCHING,92.0,NERALIS-EdgeVision-v2.4,True,27.26,92.42
INS-DMG-2393,SEG-09,64.2,Longitudinal / Transverse Crack,7.7,8.8,0.0,TIER_2_MODERATE_HAZARD,SEAL_CRACK_WATERPROOFING,93.3,NERALIS-EdgeVision-v2.4,True,24.8,93.45
INS-DMG-2394,SEG-10,104.8,Debris / Rockfall Deposit,0.1,21.4,90.6,TIER_3_CRITICAL_EMERGENCY,MANDATORY_CLOSURE_BRO_EARTHMOVER,96.1,NERALIS-EdgeVision-v2.4,True,24.2,92.15
INS-DMG-2395,SEG-06,91.0,Intact / Minor Surface Wear,1.1,0.5,0.0,TIER_1_ROUTINE_MONITORING,CONTINUE_NORMAL_OPERATION,97.3,NERALIS-EdgeVision-v2.4,False,25.8,93.95
INS-DMG-2396,SEG-10,54.1,Longitudinal / Transverse Crack,1.6,3.6,0.0,TIER_2_MODERATE_HAZARD,SEAL_CRACK_WATERPROOFING,86.5,NERALIS-EdgeVision-v2.4,True,24.2,92.15
INS-DMG-2397,SEG-03,77.3,Debris / Rockfall Deposit,5.2,6.1,175.1,TIER_3_CRITICAL_EMERGENCY,MANDATORY_CLOSURE_BRO_EARTHMOVER,95.7,NERALIS-EdgeVision-v2.4,True,25.12,92.36
INS-DMG-2398,SEG-15,5.2,Debris / Rockfall Deposit,1.1,36.1,101.6,TIER_3_CRITICAL_EMERGENCY,MANDATORY_CLOSURE_BRO_EARTHMOVER,98.1,NERALIS-EdgeVision-v2.4,True,26.75,94.95
INS-DMG-2399,SEG-13,6.5,Longitudinal / Transverse Crack,4.3,14.3,0.1,TIER_2_MODERATE_HAZARD,SEAL_CRACK_WATERPROOFING,86.1,NERALIS-EdgeVision-v2.4,True,27.52,88.58
INS-DMG-2400,SEG-07,51.1,Pothole,14.6,0.6,0.1,TIER_2_MODERATE_HAZARD,SPEED_RESTRICTION_PWD_PATCHING,94.8,NERALIS-EdgeVision-v2.4,True,25.15,94.02
INS-DMG-2401,SEG-09,130.6,Pothole,6.2,1.0,0.3,TIER_1_ROUTINE_MONITORING,CONTINUE_NORMAL_OPERATION,97.5,NERALIS-EdgeVision-v2.4,False,24.8,93.45
INS-DMG-2402,SEG-01,107.3,Longitudinal / Transverse Crack,2.9,12.9,0.2,TIER_2_MODERATE_HAZARD,SEAL_CRACK_WATERPROOFING,88.7,NERALIS-EdgeVision-v2.4,True,26.18,92.12
INS-DMG-2403,SEG-12,139.4,Longitudinal / Transverse Crack,4.2,6.8,0.1,TIER_2_MODERATE_HAZARD,SEAL_CRACK_WATERPROOFING,90.0,NERALIS-EdgeVision-v2.4,True,27.1,88.48
INS-DMG-2404,SEG-10,124.0,Longitudinal / Transverse Crack,3.3,1.8,0.1,TIER_2_MODERATE_HAZARD,SEAL_CRACK_WATERPROOFING,91.2,NERALIS-EdgeVision-v2.4,True,24.2,92.15
INS-DMG-2405,SEG-13,99.2,Pothole,20.7,1.4,0.3,TIER_2_MODERATE_HAZARD,SPEED_RESTRICTION_PWD_PATCHING,90.4,NERALIS-EdgeVision-v2.4,True,27.52,88.58
INS-DMG-2406,SEG-05,51.6,Pothole,21.0,0.6,0.4,TIER_2_MODERATE_HAZARD,SPEED_RESTRICTION_PWD_PATCHING,93.9,NERALIS-EdgeVision-v2.4,True,27.51,92.1
INS-DMG-2407,SEG-01,23.7,Pothole,20.9,1.6,0.5,TIER_2_MODERATE_HAZARD,SPEED_RESTRICTION_PWD_PATCHING,94.9,NERALIS-EdgeVision-v2.4,True,26.18,92.12
INS-DMG-2408,SEG-10,111.7,Pothole,5.4,0.6,0.5,TIER_1_ROUTINE_MONITORING,CONTINUE_NORMAL_OPERATION,95.6,NERALIS-EdgeVision-v2.4,False,24.2,92.15
INS-DMG-2409,SEG-07,100.4,Intact / Minor Surface Wear,0.0,0.0,0.0,TIER_1_ROUTINE_MONITORING,CONTINUE_NORMAL_OPERATION,97.7,NERALIS-EdgeVision-v2.4,False,25.15,94.02
INS-DMG-2410,SEG-05,89.2,Intact / Minor Surface Wear,0.9,0.1,0.0,TIER_1_ROUTINE_MONITORING,CONTINUE_NORMAL_OPERATION,91.1,NERALIS-EdgeVision-v2.4,False,27.51,92.1
INS-DMG-2411,SEG-15,35.2,Pothole,21.1,0.9,0.4,TIER_2_MODERATE_HAZARD,SPEED_RESTRICTION_PWD_PATCHING,89.9,NERALIS-EdgeVision-v2.4,True,26.75,94.95
INS-DMG-2412,SEG-12,85.0,Pothole,7.0,1.6,0.4,TIER_1_ROUTINE_MONITORING,CONTINUE_NORMAL_OPERATION,96.5,NERALIS-EdgeVision-v2.4,False,27.1,88.48
INS-DMG-2413,SEG-07,87.5,Intact / Minor Surface Wear,1.5,0.3,0.0,TIER_1_ROUTINE_MONITORING,CONTINUE_NORMAL_OPERATION,93.5,NERALIS-EdgeVision-v2.4,False,25.15,94.02
INS-DMG-2414,SEG-05,27.5,Intact / Minor Surface Wear,0.1,0.4,0.0,TIER_1_ROUTINE_MONITORING,CONTINUE_NORMAL_OPERATION,95.3,NERALIS-EdgeVision-v2.4,False,27.51,92.1
INS-DMG-2415,SEG-08,110.4,Longitudinal / Transverse Crack,4.7,13.0,0.1,TIER_2_MODERATE_HAZARD,SEAL_CRACK_WATERPROOFING,90.8,NERALIS-EdgeVision-v2.4,True,25.72,93.88
INS-DMG-2416,SEG-04,103.0,Washout / Roadbed Erosion,23.4,30.3,35.5,TIER_3_CRITICAL_EMERGENCY,MANDATORY_CLOSURE_BRO_EARTHMOVER,94.0,NERALIS-EdgeVision-v2.4,True,27.26,92.42
INS-DMG-2417,SEG-11,18.0,Debris / Rockfall Deposit,5.0,34.4,35.9,TIER_3_CRITICAL_EMERGENCY,MANDATORY_CLOSURE_BRO_EARTHMOVER,94.8,NERALIS-EdgeVision-v2.4,True,23.45,92.74
INS-DMG-2418,SEG-10,80.3,Debris / Rockfall Deposit,9.1,30.1,173.0,TIER_3_CRITICAL_EMERGENCY,MANDATORY_CLOSURE_BRO_EARTHMOVER,98.9,NERALIS-EdgeVision-v2.4,True,24.2,92.15
INS-DMG-2419,SEG-12,55.4,Pothole,16.6,0.3,0.2,TIER_2_MODERATE_HAZARD,SPEED_RESTRICTION_PWD_PATCHING,95.3,NERALIS-EdgeVision-v2.4,True,27.1,88.48
INS-DMG-2420,SEG-03,114.5,Washout / Roadbed Erosion,53.3,6.5,18.2,TIER_3_CRITICAL_EMERGENCY,MANDATORY_CLOSURE_BRO_EARTHMOVER,95.0,NERALIS-EdgeVision-v2.4,True,25.12,92.36
INS-DMG-2421,SEG-01,96.8,Washout / Roadbed Erosion,102.2,57.5,25.6,TIER_3_CRITICAL_EMERGENCY,MANDATORY_CLOSURE_BRO_EARTHMOVER,94.6,NERALIS-EdgeVision-v2.4,True,26.18,92.12
INS-DMG-2422,SEG-09,78.2,Debris / Rockfall Deposit,6.3,10.7,47.9,TIER_3_CRITICAL_EMERGENCY,MANDATORY_CLOSURE_BRO_EARTHMOVER,96.1,NERALIS-EdgeVision-v2.4,True,24.8,93.45
INS-DMG-2423,SEG-12,133.0,Longitudinal / Transverse Crack,1.9,5.8,0.1,TIER_2_MODERATE_HAZARD,SEAL_CRACK_WATERPROOFING,86.2,NERALIS-EdgeVision-v2.4,True,27.1,88.48
INS-DMG-2424,SEG-01,39.4,Debris / Rockfall Deposit,8.6,14.9,106.3,TIER_3_CRITICAL_EMERGENCY,MANDATORY_CLOSURE_BRO_EARTHMOVER,93.2,NERALIS-EdgeVision-v2.4,True,26.18,92.12
INS-DMG-2425,SEG-15,50.5,Longitudinal / Transverse Crack,2.3,10.2,0.1,TIER_2_MODERATE_HAZARD,SEAL_CRACK_WATERPROOFING,88.3,NERALIS-EdgeVision-v2.4,True,26.75,94.95
INS-DMG-2426,SEG-06,91.0,Longitudinal / Transverse Crack,5.8,16.5,0.0,TIER_2_MODERATE_HAZARD,SEAL_CRACK_WATERPROOFING,92.9,NERALIS-EdgeVision-v2.4,True,25.8,93.95
INS-DMG-2427,SEG-05,50.2,Debris / Rockfall Deposit,3.6,10.9,103.5,TIER_3_CRITICAL_EMERGENCY,MANDATORY_CLOSURE_BRO_EARTHMOVER,92.1,NERALIS-EdgeVision-v2.4,True,27.51,92.1
INS-DMG-2428,SEG-10,76.5,Washout / Roadbed Erosion,53.5,45.0,20.2,TIER_3_CRITICAL_EMERGENCY,MANDATORY_CLOSURE_BRO_EARTHMOVER,94.9,NERALIS-EdgeVision-v2.4,True,24.2,92.15
INS-DMG-2429,SEG-04,117.2,Washout / Roadbed Erosion,33.5,37.5,8.9,TIER_3_CRITICAL_EMERGENCY,MANDATORY_CLOSURE_BRO_EARTHMOVER,92.4,NERALIS-EdgeVision-v2.4,True,27.26,92.42
INS-DMG-2430,SEG-13,51.0,Debris / Rockfall Deposit,8.5,10.0,72.9,TIER_3_CRITICAL_EMERGENCY,MANDATORY_CLOSURE_BRO_EARTHMOVER,95.0,NERALIS-EdgeVision-v2.4,True,27.52,88.58
INS-DMG-2431,SEG-05,6.8,Pothole,16.6,1.3,0.0,TIER_2_MODERATE_HAZARD,SPEED_RESTRICTION_PWD_PATCHING,90.3,NERALIS-EdgeVision-v2.4,True,27.51,92.1
INS-DMG-2432,SEG-16,6.6,Longitudinal / Transverse Crack,1.1,2.9,0.1,TIER_2_MODERATE_HAZARD,SEAL_CRACK_WATERPROOFING,86.7,NERALIS-EdgeVision-v2.4,True,25.18,92.85
INS-DMG-2433,SEG-04,96.1,Pothole,19.2,0.3,0.4,TIER_2_MODERATE_HAZARD,SPEED_RESTRICTION_PWD_PATCHING,91.8,NERALIS-EdgeVision-v2.4,True,27.26,92.42
INS-DMG-2434,SEG-10,102.5,Washout / Roadbed Erosion,65.7,54.9,17.3,TIER_3_CRITICAL_EMERGENCY,MANDATORY_CLOSURE_BRO_EARTHMOVER,94.9,NERALIS-EdgeVision-v2.4,True,24.2,92.15
INS-DMG-2435,SEG-09,105.7,Intact / Minor Surface Wear,1.8,0.1,0.0,TIER_1_ROUTINE_MONITORING,CONTINUE_NORMAL_OPERATION,96.1,NERALIS-EdgeVision-v2.4,False,24.8,93.45
INS-DMG-2436,SEG-16,28.8,Pothole,5.1,0.4,0.1,TIER_1_ROUTINE_MONITORING,CONTINUE_NORMAL_OPERATION,93.5,NERALIS-EdgeVision-v2.4,False,25.18,92.85
INS-DMG-2437,SEG-01,76.1,Pothole,8.5,1.7,0.4,TIER_1_ROUTINE_MONITORING,CONTINUE_NORMAL_OPERATION,94.1,NERALIS-EdgeVision-v2.4,False,26.18,92.12
INS-DMG-2438,SEG-09,17.9,Longitudinal / Transverse Crack,6.2,17.5,0.2,TIER_2_MODERATE_HAZARD,SEAL_CRACK_WATERPROOFING,92.5,NERALIS-EdgeVision-v2.4,True,24.8,93.45
INS-DMG-2439,SEG-09,79.9,Debris / Rockfall Deposit,6.4,9.5,148.4,TIER_3_CRITICAL_EMERGENCY,MANDATORY_CLOSURE_BRO_EARTHMOVER,94.9,NERALIS-EdgeVision-v2.4,True,24.8,93.45
INS-DMG-2440,SEG-02,68.2,Intact / Minor Surface Wear,1.0,0.4,0.0,TIER_1_ROUTINE_MONITORING,CONTINUE_NORMAL_OPERATION,93.3,NERALIS-EdgeVision-v2.4,False,25.75,91.88
INS-DMG-2441,SEG-01,4.8,Longitudinal / Transverse Crack,3.8,7.9,0.1,TIER_2_MODERATE_HAZARD,SEAL_CRACK_WATERPROOFING,92.3,NERALIS-EdgeVision-v2.4,True,26.18,92.12
INS-DMG-2442,SEG-09,91.9,Pothole,4.9,0.4,0.1,TIER_1_ROUTINE_MONITORING,CONTINUE_NORMAL_OPERATION,92.3,NERALIS-EdgeVision-v2.4,False,24.8,93.45
INS-DMG-2443,SEG-09,127.4,Debris / Rockfall Deposit,1.9,36.2,50.3,TIER_3_CRITICAL_EMERGENCY,MANDATORY_CLOSURE_BRO_EARTHMOVER,95.0,NERALIS-EdgeVision-v2.4,True,24.8,93.45
INS-DMG-2444,SEG-03,108.5,Intact / Minor Surface Wear,1.0,0.2,0.0,TIER_1_ROUTINE_MONITORING,CONTINUE_NORMAL_OPERATION,90.5,NERALIS-EdgeVision-v2.4,False,25.12,92.36
INS-DMG-2445,SEG-04,83.8,Pothole,16.4,1.2,0.3,TIER_2_MODERATE_HAZARD,SPEED_RESTRICTION_PWD_PATCHING,96.6,NERALIS-EdgeVision-v2.4,True,27.26,92.42
INS-DMG-2446,SEG-04,39.3,Intact / Minor Surface Wear,2.0,0.4,0.0,TIER_1_ROUTINE_MONITORING,CONTINUE_NORMAL_OPERATION,96.9,NERALIS-EdgeVision-v2.4,False,27.26,92.42
INS-DMG-2447,SEG-15,41.3,Intact / Minor Surface Wear,1.6,0.4,0.0,TIER_1_ROUTINE_MONITORING,CONTINUE_NORMAL_OPERATION,95.6,NERALIS-EdgeVision-v2.4,False,26.75,94.95
INS-DMG-2448,SEG-02,77.2,Debris / Rockfall Deposit,8.9,2.5,103.1,TIER_3_CRITICAL_EMERGENCY,MANDATORY_CLOSURE_BRO_EARTHMOVER,99.0,NERALIS-EdgeVision-v2.4,True,25.75,91.88
INS-DMG-2449,SEG-12,18.6,Washout / Roadbed Erosion,22.1,13.3,30.5,TIER_3_CRITICAL_EMERGENCY,MANDATORY_CLOSURE_BRO_EARTHMOVER,93.6,NERALIS-EdgeVision-v2.4,True,27.1,88.48
INS-DMG-2450,SEG-08,78.0,Pothole,8.9,1.0,0.1,TIER_1_ROUTINE_MONITORING,CONTINUE_NORMAL_OPERATION,90.6,NERALIS-EdgeVision-v2.4,False,25.72,93.88
INS-DMG-2451,SEG-03,113.6,Debris / Rockfall Deposit,6.9,28.0,79.6,TIER_3_CRITICAL_EMERGENCY,MANDATORY_CLOSURE_BRO_EARTHMOVER,97.9,NERALIS-EdgeVision-v2.4,True,25.12,92.36
INS-DMG-2452,SEG-02,92.3,Pothole,18.7,0.8,0.3,TIER_2_MODERATE_HAZARD,SPEED_RESTRICTION_PWD_PATCHING,95.2,NERALIS-EdgeVision-v2.4,True,25.75,91.88
INS-DMG-2453,SEG-04,29.2,Debris / Rockfall Deposit,2.1,29.5,7.9,TIER_3_CRITICAL_EMERGENCY,MANDATORY_CLOSURE_BRO_EARTHMOVER,97.2,NERALIS-EdgeVision-v2.4,True,27.26,92.42
INS-DMG-2454,SEG-01,26.3,Debris / Rockfall Deposit,3.5,4.3,74.8,TIER_3_CRITICAL_EMERGENCY,MANDATORY_CLOSURE_BRO_EARTHMOVER,92.5,NERALIS-EdgeVision-v2.4,True,26.18,92.12
INS-DMG-2455,SEG-13,136.9,Washout / Roadbed Erosion,78.4,4.1,31.8,TIER_3_CRITICAL_EMERGENCY,MANDATORY_CLOSURE_BRO_EARTHMOVER,98.4,NERALIS-EdgeVision-v2.4,True,27.52,88.58
INS-DMG-2456,SEG-05,63.9,Pothole,13.6,0.5,0.4,TIER_2_MODERATE_HAZARD,SPEED_RESTRICTION_PWD_PATCHING,96.3,NERALIS-EdgeVision-v2.4,True,27.51,92.1
INS-DMG-2457,SEG-10,89.7,Pothole,12.3,1.3,0.1,TIER_2_MODERATE_HAZARD,SPEED_RESTRICTION_PWD_PATCHING,90.2,NERALIS-EdgeVision-v2.4,True,24.2,92.15
INS-DMG-2458,SEG-14,109.7,Washout / Roadbed Erosion,77.2,31.5,30.4,TIER_3_CRITICAL_EMERGENCY,MANDATORY_CLOSURE_BRO_EARTHMOVER,95.9,NERALIS-EdgeVision-v2.4,True,26.6,93.4
INS-DMG-2459,SEG-04,107.6,Intact / Minor Surface Wear,1.4,0.1,0.0,TIER_1_ROUTINE_MONITORING,CONTINUE_NORMAL_OPERATION,97.0,NERALIS-EdgeVision-v2.4,False,27.26,92.42
INS-DMG-2460,SEG-06,13.5,Pothole,21.1,1.5,0.3,TIER_2_MODERATE_HAZARD,SPEED_RESTRICTION_PWD_PATCHING,96.8,NERALIS-EdgeVision-v2.4,True,25.8,93.95
INS-DMG-2461,SEG-16,78.8,Debris / Rockfall Deposit,0.9,42.5,109.8,TIER_3_CRITICAL_EMERGENCY,MANDATORY_CLOSURE_BRO_EARTHMOVER,94.8,NERALIS-EdgeVision-v2.4,True,25.18,92.85
INS-DMG-2462,SEG-13,29.0,Pothole,15.1,0.7,0.3,TIER_2_MODERATE_HAZARD,SPEED_RESTRICTION_PWD_PATCHING,88.5,NERALIS-EdgeVision-v2.4,True,27.52,88.58
INS-DMG-2463,SEG-10,108.3,Intact / Minor Surface Wear,1.0,0.5,0.0,TIER_1_ROUTINE_MONITORING,CONTINUE_NORMAL_OPERATION,95.3,NERALIS-EdgeVision-v2.4,False,24.2,92.15
INS-DMG-2464,SEG-01,92.7,Washout / Roadbed Erosion,115.0,42.5,10.9,TIER_3_CRITICAL_EMERGENCY,MANDATORY_CLOSURE_BRO_EARTHMOVER,92.4,NERALIS-EdgeVision-v2.4,True,26.18,92.12
INS-DMG-2465,SEG-14,34.4,Pothole,9.2,1.2,0.4,TIER_1_ROUTINE_MONITORING,CONTINUE_NORMAL_OPERATION,94.3,NERALIS-EdgeVision-v2.4,False,26.6,93.4
INS-DMG-2466,SEG-07,70.8,Longitudinal / Transverse Crack,6.4,14.9,0.2,TIER_2_MODERATE_HAZARD,SEAL_CRACK_WATERPROOFING,92.3,NERALIS-EdgeVision-v2.4,True,25.15,94.02
INS-DMG-2467,SEG-13,118.2,Pothole,21.7,1.5,0.1,TIER_2_MODERATE_HAZARD,SPEED_RESTRICTION_PWD_PATCHING,94.3,NERALIS-EdgeVision-v2.4,True,27.52,88.58
INS-DMG-2468,SEG-15,35.1,Debris / Rockfall Deposit,1.7,12.6,116.1,TIER_3_CRITICAL_EMERGENCY,MANDATORY_CLOSURE_BRO_EARTHMOVER,96.7,NERALIS-EdgeVision-v2.4,True,26.75,94.95
INS-DMG-2469,SEG-11,28.1,Intact / Minor Surface Wear,1.5,0.4,0.0,TIER_1_ROUTINE_MONITORING,CONTINUE_NORMAL_OPERATION,97.2,NERALIS-EdgeVision-v2.4,False,23.45,92.74
INS-DMG-2470,SEG-07,93.8,Debris / Rockfall Deposit,8.7,4.1,168.9,TIER_3_CRITICAL_EMERGENCY,MANDATORY_CLOSURE_BRO_EARTHMOVER,97.5,NERALIS-EdgeVision-v2.4,True,25.15,94.02
INS-DMG-2471,SEG-06,89.6,Pothole,8.9,1.7,0.4,TIER_1_ROUTINE_MONITORING,CONTINUE_NORMAL_OPERATION,92.9,NERALIS-EdgeVision-v2.4,False,25.8,93.95
INS-DMG-2472,SEG-10,56.8,Pothole,11.6,0.8,0.4,TIER_1_ROUTINE_MONITORING,CONTINUE_NORMAL_OPERATION,94.9,NERALIS-EdgeVision-v2.4,False,24.2,92.15
INS-DMG-2473,SEG-09,64.6,Longitudinal / Transverse Crack,7.9,6.6,0.1,TIER_2_MODERATE_HAZARD,SEAL_CRACK_WATERPROOFING,92.7,NERALIS-EdgeVision-v2.4,True,24.8,93.45
INS-DMG-2474,SEG-03,55.1,Washout / Roadbed Erosion,61.8,53.7,36.8,TIER_3_CRITICAL_EMERGENCY,MANDATORY_CLOSURE_BRO_EARTHMOVER,92.2,NERALIS-EdgeVision-v2.4,True,25.12,92.36
INS-DMG-2475,SEG-02,69.5,Longitudinal / Transverse Crack,7.7,16.2,0.2,TIER_2_MODERATE_HAZARD,SEAL_CRACK_WATERPROOFING,89.1,NERALIS-EdgeVision-v2.4,True,25.75,91.88
INS-DMG-2476,SEG-02,106.7,Pothole,7.2,0.3,0.3,TIER_1_ROUTINE_MONITORING,CONTINUE_NORMAL_OPERATION,97.5,NERALIS-EdgeVision-v2.4,False,25.75,91.88
INS-DMG-2477,SEG-04,74.2,Washout / Roadbed Erosion,32.6,3.1,28.9,TIER_3_CRITICAL_EMERGENCY,MANDATORY_CLOSURE_BRO_EARTHMOVER,99.3,NERALIS-EdgeVision-v2.4,True,27.26,92.42
INS-DMG-2478,SEG-13,89.9,Pothole,5.4,0.5,0.4,TIER_1_ROUTINE_MONITORING,CONTINUE_NORMAL_OPERATION,97.0,NERALIS-EdgeVision-v2.4,False,27.52,88.58
INS-DMG-2479,SEG-04,43.1,Debris / Rockfall Deposit,9.6,24.5,101.1,TIER_3_CRITICAL_EMERGENCY,MANDATORY_CLOSURE_BRO_EARTHMOVER,93.8,NERALIS-EdgeVision-v2.4,True,27.26,92.42
INS-DMG-2480,SEG-15,61.7,Washout / Roadbed Erosion,116.2,56.3,25.4,TIER_3_CRITICAL_EMERGENCY,MANDATORY_CLOSURE_BRO_EARTHMOVER,93.0,NERALIS-EdgeVision-v2.4,True,26.75,94.95
INS-DMG-2481,SEG-10,132.0,Longitudinal / Transverse Crack,1.9,4.7,0.0,TIER_2_MODERATE_HAZARD,SEAL_CRACK_WATERPROOFING,85.9,NERALIS-EdgeVision-v2.4,True,24.2,92.15
INS-DMG-2482,SEG-11,5.0,Intact / Minor Surface Wear,1.1,0.1,0.0,TIER_1_ROUTINE_MONITORING,CONTINUE_NORMAL_OPERATION,92.2,NERALIS-EdgeVision-v2.4,False,23.45,92.74
INS-DMG-2483,SEG-09,32.3,Pothole,17.0,1.3,0.3,TIER_2_MODERATE_HAZARD,SPEED_RESTRICTION_PWD_PATCHING,88.3,NERALIS-EdgeVision-v2.4,True,24.8,93.45
INS-DMG-2484,SEG-04,113.3,Debris / Rockfall Deposit,5.6,39.3,132.3,TIER_3_CRITICAL_EMERGENCY,MANDATORY_CLOSURE_BRO_EARTHMOVER,95.0,NERALIS-EdgeVision-v2.4,True,27.26,92.42
INS-DMG-2485,SEG-11,103.0,Debris / Rockfall Deposit,5.1,13.9,127.8,TIER_3_CRITICAL_EMERGENCY,MANDATORY_CLOSURE_BRO_EARTHMOVER,92.7,NERALIS-EdgeVision-v2.4,True,23.45,92.74
INS-DMG-2486,SEG-01,77.2,Pothole,10.0,1.2,0.2,TIER_1_ROUTINE_MONITORING,CONTINUE_NORMAL_OPERATION,93.3,NERALIS-EdgeVision-v2.4,False,26.18,92.12
INS-DMG-2487,SEG-10,91.1,Intact / Minor Surface Wear,1.5,0.4,0.0,TIER_1_ROUTINE_MONITORING,CONTINUE_NORMAL_OPERATION,90.2,NERALIS-EdgeVision-v2.4,False,24.2,92.15
INS-DMG-2488,SEG-08,46.7,Washout / Roadbed Erosion,38.0,38.7,38.6,TIER_3_CRITICAL_EMERGENCY,MANDATORY_CLOSURE_BRO_EARTHMOVER,93.1,NERALIS-EdgeVision-v2.4,True,25.72,93.88
INS-DMG-2489,SEG-10,44.6,Longitudinal / Transverse Crack,2.9,10.7,0.0,TIER_2_MODERATE_HAZARD,SEAL_CRACK_WATERPROOFING,90.9,NERALIS-EdgeVision-v2.4,True,24.2,92.15
INS-DMG-2490,SEG-10,98.6,Washout / Roadbed Erosion,23.0,49.2,39.5,TIER_3_CRITICAL_EMERGENCY,MANDATORY_CLOSURE_BRO_EARTHMOVER,98.1,NERALIS-EdgeVision-v2.4,True,24.2,92.15
INS-DMG-2491,SEG-07,106.4,Longitudinal / Transverse Crack,4.5,7.2,0.1,TIER_2_MODERATE_HAZARD,SEAL_CRACK_WATERPROOFING,87.0,NERALIS-EdgeVision-v2.4,True,25.15,94.02
INS-DMG-2492,SEG-12,45.4,Pothole,20.3,1.5,0.5,TIER_2_MODERATE_HAZARD,SPEED_RESTRICTION_PWD_PATCHING,93.3,NERALIS-EdgeVision-v2.4,True,27.1,88.48
INS-DMG-2493,SEG-04,12.0,Intact / Minor Surface Wear,0.8,0.2,0.0,TIER_1_ROUTINE_MONITORING,CONTINUE_NORMAL_OPERATION,95.7,NERALIS-EdgeVision-v2.4,False,27.26,92.42
INS-DMG-2494,SEG-06,108.7,Longitudinal / Transverse Crack,6.7,18.0,0.1,TIER_2_MODERATE_HAZARD,SEAL_CRACK_WATERPROOFING,90.5,NERALIS-EdgeVision-v2.4,True,25.8,93.95
INS-DMG-2495,SEG-10,58.5,Pothole,13.5,0.8,0.3,TIER_2_MODERATE_HAZARD,SPEED_RESTRICTION_PWD_PATCHING,90.0,NERALIS-EdgeVision-v2.4,True,24.2,92.15
INS-DMG-2496,SEG-09,121.8,Debris / Rockfall Deposit,1.4,31.5,158.5,TIER_3_CRITICAL_EMERGENCY,MANDATORY_CLOSURE_BRO_EARTHMOVER,95.6,NERALIS-EdgeVision-v2.4,True,24.8,93.45
INS-DMG-2497,SEG-04,58.1,Longitudinal / Transverse Crack,2.5,2.1,0.1,TIER_2_MODERATE_HAZARD,SEAL_CRACK_WATERPROOFING,88.2,NERALIS-EdgeVision-v2.4,True,27.26,92.42
INS-DMG-2498,SEG-02,9.9,Longitudinal / Transverse Crack,5.1,7.8,0.2,TIER_2_MODERATE_HAZARD,SEAL_CRACK_WATERPROOFING,87.7,NERALIS-EdgeVision-v2.4,True,25.75,91.88
INS-DMG-2499,SEG-12,94.2,Pothole,15.5,0.6,0.3,TIER_2_MODERATE_HAZARD,SPEED_RESTRICTION_PWD_PATCHING,92.4,NERALIS-EdgeVision-v2.4,True,27.1,88.48
