reading_id,bridge_id,bridge_name,river_basin,state,timestamp,water_level_m,warning_level_m,danger_level_m,discharge_cusecs,flow_velocity_ms,pier_scour_depth_m,critical_scour_threshold_m,vibration_frequency_hz,structural_health_status,operational_restriction
HYD-BR-01-20250601,BR-01,Saraighat Double-Deck Rail-Road Bridge,Brahmaputra,Assam,2025-06-01T00:00:00,49.44,48.68,49.68,38154.0,3.43,4.36,4.2,11.15,CRITICAL_PIER_EROSION,CLOSED_EMERGENCY_DIVERSION
HYD-BR-01-20250602,BR-01,Saraighat Double-Deck Rail-Road Bridge,Brahmaputra,Assam,2025-06-02T00:00:00,49.13,48.68,49.68,62426.0,4.67,2.8,4.2,11.82,HIGH_STRESS_MONITORING,SPEED_LIMIT_15KMH_SINGLE_CONVOY
HYD-BR-01-20250603,BR-01,Saraighat Double-Deck Rail-Road Bridge,Brahmaputra,Assam,2025-06-03T00:00:00,48.94,48.68,49.68,58151.0,5.03,2.44,4.2,7.53,HIGH_STRESS_MONITORING,SPEED_LIMIT_15KMH_SINGLE_CONVOY
HYD-BR-01-20250604,BR-01,Saraighat Double-Deck Rail-Road Bridge,Brahmaputra,Assam,2025-06-04T00:00:00,48.49,48.68,49.68,17411.0,3.9,4.29,4.2,8.0,CRITICAL_PIER_EROSION,CLOSED_EMERGENCY_DIVERSION
HYD-BR-01-20250605,BR-01,Saraighat Double-Deck Rail-Road Bridge,Brahmaputra,Assam,2025-06-05T00:00:00,48.76,48.68,49.68,47195.0,2.96,2.06,4.2,5.53,HIGH_STRESS_MONITORING,SPEED_LIMIT_15KMH_SINGLE_CONVOY
HYD-BR-01-20250606,BR-01,Saraighat Double-Deck Rail-Road Bridge,Brahmaputra,Assam,2025-06-06T00:00:00,48.99,48.68,49.68,39843.0,5.72,1.21,4.2,8.4,HIGH_STRESS_MONITORING,SPEED_LIMIT_15KMH_SINGLE_CONVOY
HYD-BR-01-20250607,BR-01,Saraighat Double-Deck Rail-Road Bridge,Brahmaputra,Assam,2025-06-07T00:00:00,49.69,48.68,49.68,28779.0,4.29,2.83,4.2,7.03,CRITICAL_PIER_EROSION,CLOSED_EMERGENCY_DIVERSION
HYD-BR-01-20250608,BR-01,Saraighat Double-Deck Rail-Road Bridge,Brahmaputra,Assam,2025-06-08T00:00:00,50.02,48.68,49.68,17878.0,4.34,2.12,4.2,12.34,CRITICAL_PIER_EROSION,CLOSED_EMERGENCY_DIVERSION
HYD-BR-01-20250609,BR-01,Saraighat Double-Deck Rail-Road Bridge,Brahmaputra,Assam,2025-06-09T00:00:00,50.78,48.68,49.68,42056.0,2.53,1.74,4.2,4.87,CRITICAL_PIER_EROSION,CLOSED_EMERGENCY_DIVERSION
HYD-BR-01-20250610,BR-01,Saraighat Double-Deck Rail-Road Bridge,Brahmaputra,Assam,2025-06-10T00:00:00,48.97,48.68,49.68,54849.0,4.39,2.86,4.2,8.93,HIGH_STRESS_MONITORING,SPEED_LIMIT_15KMH_SINGLE_CONVOY
HYD-BR-01-20250611,BR-01,Saraighat Double-Deck Rail-Road Bridge,Brahmaputra,Assam,2025-06-11T00:00:00,49.31,48.68,49.68,19649.0,6.09,4.56,4.2,11.25,CRITICAL_PIER_EROSION,CLOSED_EMERGENCY_DIVERSION
HYD-BR-01-20250612,BR-01,Saraighat Double-Deck Rail-Road Bridge,Brahmaputra,Assam,2025-06-12T00:00:00,47.91,48.68,49.68,62619.0,5.62,1.33,4.2,5.49,NORMAL_STABLE,UNRESTRICTED_TRANSIT
HYD-BR-01-20250613,BR-01,Saraighat Double-Deck Rail-Road Bridge,Brahmaputra,Assam,2025-06-13T00:00:00,48.99,48.68,49.68,19381.0,2.64,1.81,4.2,6.24,HIGH_STRESS_MONITORING,SPEED_LIMIT_15KMH_SINGLE_CONVOY
HYD-BR-01-20250614,BR-01,Saraighat Double-Deck Rail-Road Bridge,Brahmaputra,Assam,2025-06-14T00:00:00,48.27,48.68,49.68,62602.0,4.52,3.11,4.2,5.74,HIGH_STRESS_MONITORING,SPEED_LIMIT_15KMH_SINGLE_CONVOY
HYD-BR-01-20250615,BR-01,Saraighat Double-Deck Rail-Road Bridge,Brahmaputra,Assam,2025-06-15T00:00:00,50.04,48.68,49.68,48215.0,5.41,2.53,4.2,10.35,CRITICAL_PIER_EROSION,CLOSED_EMERGENCY_DIVERSION
HYD-BR-01-20250616,BR-01,Saraighat Double-Deck Rail-Road Bridge,Brahmaputra,Assam,2025-06-16T00:00:00,49.94,48.68,49.68,46642.0,4.5,3.09,4.2,6.2,CRITICAL_PIER_EROSION,CLOSED_EMERGENCY_DIVERSION
HYD-BR-01-20250617,BR-01,Saraighat Double-Deck Rail-Road Bridge,Brahmaputra,Assam,2025-06-17T00:00:00,48.74,48.68,49.68,28481.0,3.2,1.37,4.2,5.65,HIGH_STRESS_MONITORING,SPEED_LIMIT_15KMH_SINGLE_CONVOY
HYD-BR-01-20250618,BR-01,Saraighat Double-Deck Rail-Road Bridge,Brahmaputra,Assam,2025-06-18T00:00:00,48.08,48.68,49.68,54514.0,3.8,2.84,4.2,11.11,MODERATE_SCOUR,CAUTION_NO_OVERWEIGHT_FREIGHT
HYD-BR-01-20250619,BR-01,Saraighat Double-Deck Rail-Road Bridge,Brahmaputra,Assam,2025-06-19T00:00:00,48.81,48.68,49.68,24179.0,5.04,2.46,4.2,12.65,HIGH_STRESS_MONITORING,SPEED_LIMIT_15KMH_SINGLE_CONVOY
HYD-BR-01-20250620,BR-01,Saraighat Double-Deck Rail-Road Bridge,Brahmaputra,Assam,2025-06-20T00:00:00,49.31,48.68,49.68,18979.0,5.94,3.37,4.2,5.37,HIGH_STRESS_MONITORING,SPEED_LIMIT_15KMH_SINGLE_CONVOY
HYD-BR-01-20250621,BR-01,Saraighat Double-Deck Rail-Road Bridge,Brahmaputra,Assam,2025-06-21T00:00:00,48.09,48.68,49.68,61620.0,3.33,3.11,4.2,5.52,HIGH_STRESS_MONITORING,SPEED_LIMIT_15KMH_SINGLE_CONVOY
HYD-BR-01-20250622,BR-01,Saraighat Double-Deck Rail-Road Bridge,Brahmaputra,Assam,2025-06-22T00:00:00,50.32,48.68,49.68,63814.0,2.57,3.72,4.2,7.48,CRITICAL_PIER_EROSION,CLOSED_EMERGENCY_DIVERSION
HYD-BR-01-20250623,BR-01,Saraighat Double-Deck Rail-Road Bridge,Brahmaputra,Assam,2025-06-23T00:00:00,49.14,48.68,49.68,19370.0,5.99,1.74,4.2,11.28,HIGH_STRESS_MONITORING,SPEED_LIMIT_15KMH_SINGLE_CONVOY
HYD-BR-01-20250624,BR-01,Saraighat Double-Deck Rail-Road Bridge,Brahmaputra,Assam,2025-06-24T00:00:00,50.44,48.68,49.68,44585.0,2.76,2.54,4.2,8.79,CRITICAL_PIER_EROSION,CLOSED_EMERGENCY_DIVERSION
HYD-BR-01-20250625,BR-01,Saraighat Double-Deck Rail-Road Bridge,Brahmaputra,Assam,2025-06-25T00:00:00,49.94,48.68,49.68,58809.0,6.06,2.56,4.2,10.8,CRITICAL_PIER_EROSION,CLOSED_EMERGENCY_DIVERSION
HYD-BR-01-20250626,BR-01,Saraighat Double-Deck Rail-Road Bridge,Brahmaputra,Assam,2025-06-26T00:00:00,48.03,48.68,49.68,67468.0,4.43,4.69,4.2,11.48,CRITICAL_PIER_EROSION,CLOSED_EMERGENCY_DIVERSION
HYD-BR-01-20250627,BR-01,Saraighat Double-Deck Rail-Road Bridge,Brahmaputra,Assam,2025-06-27T00:00:00,49.46,48.68,49.68,45035.0,3.78,2.07,4.2,11.42,HIGH_STRESS_MONITORING,SPEED_LIMIT_15KMH_SINGLE_CONVOY
HYD-BR-01-20250628,BR-01,Saraighat Double-Deck Rail-Road Bridge,Brahmaputra,Assam,2025-06-28T00:00:00,49.05,48.68,49.68,33494.0,6.06,4.37,4.2,10.82,CRITICAL_PIER_EROSION,CLOSED_EMERGENCY_DIVERSION
HYD-BR-01-20250629,BR-01,Saraighat Double-Deck Rail-Road Bridge,Brahmaputra,Assam,2025-06-29T00:00:00,48.16,48.68,49.68,38276.0,4.11,4.21,4.2,11.97,CRITICAL_PIER_EROSION,CLOSED_EMERGENCY_DIVERSION
HYD-BR-01-20250630,BR-01,Saraighat Double-Deck Rail-Road Bridge,Brahmaputra,Assam,2025-06-30T00:00:00,50.35,48.68,49.68,62852.0,5.46,2.16,4.2,9.62,CRITICAL_PIER_EROSION,CLOSED_EMERGENCY_DIVERSION
HYD-BR-01-20250701,BR-01,Saraighat Double-Deck Rail-Road Bridge,Brahmaputra,Assam,2025-07-01T00:00:00,50.07,48.68,49.68,42531.0,4.14,3.94,4.2,6.28,CRITICAL_PIER_EROSION,CLOSED_EMERGENCY_DIVERSION
HYD-BR-01-20250702,BR-01,Saraighat Double-Deck Rail-Road Bridge,Brahmaputra,Assam,2025-07-02T00:00:00,49.72,48.68,49.68,58384.0,5.26,2.08,4.2,12.29,CRITICAL_PIER_EROSION,CLOSED_EMERGENCY_DIVERSION
HYD-BR-01-20250703,BR-01,Saraighat Double-Deck Rail-Road Bridge,Brahmaputra,Assam,2025-07-03T00:00:00,50.24,48.68,49.68,52184.0,5.65,2.08,4.2,6.33,CRITICAL_PIER_EROSION,CLOSED_EMERGENCY_DIVERSION
HYD-BR-01-20250704,BR-01,Saraighat Double-Deck Rail-Road Bridge,Brahmaputra,Assam,2025-07-04T00:00:00,50.81,48.68,49.68,24911.0,2.66,2.35,4.2,12.04,CRITICAL_PIER_EROSION,CLOSED_EMERGENCY_DIVERSION
HYD-BR-01-20250705,BR-01,Saraighat Double-Deck Rail-Road Bridge,Brahmaputra,Assam,2025-07-05T00:00:00,48.66,48.68,49.68,21172.0,5.32,3.88,4.2,6.79,HIGH_STRESS_MONITORING,SPEED_LIMIT_15KMH_SINGLE_CONVOY
HYD-BR-01-20250706,BR-01,Saraighat Double-Deck Rail-Road Bridge,Brahmaputra,Assam,2025-07-06T00:00:00,49.73,48.68,49.68,34126.0,4.39,1.61,4.2,11.93,CRITICAL_PIER_EROSION,CLOSED_EMERGENCY_DIVERSION
HYD-BR-01-20250707,BR-01,Saraighat Double-Deck Rail-Road Bridge,Brahmaputra,Assam,2025-07-07T00:00:00,47.77,48.68,49.68,33879.0,5.33,2.89,4.2,12.3,MODERATE_SCOUR,CAUTION_NO_OVERWEIGHT_FREIGHT
HYD-BR-01-20250708,BR-01,Saraighat Double-Deck Rail-Road Bridge,Brahmaputra,Assam,2025-07-08T00:00:00,47.2,48.68,49.68,19141.0,4.95,1.28,4.2,6.21,NORMAL_STABLE,UNRESTRICTED_TRANSIT
HYD-BR-01-20250709,BR-01,Saraighat Double-Deck Rail-Road Bridge,Brahmaputra,Assam,2025-07-09T00:00:00,50.87,48.68,49.68,30507.0,2.8,2.62,4.2,11.21,CRITICAL_PIER_EROSION,CLOSED_EMERGENCY_DIVERSION
HYD-BR-01-20250710,BR-01,Saraighat Double-Deck Rail-Road Bridge,Brahmaputra,Assam,2025-07-10T00:00:00,48.89,48.68,49.68,30330.0,4.48,2.02,4.2,9.88,HIGH_STRESS_MONITORING,SPEED_LIMIT_15KMH_SINGLE_CONVOY
HYD-BR-01-20250711,BR-01,Saraighat Double-Deck Rail-Road Bridge,Brahmaputra,Assam,2025-07-11T00:00:00,49.69,48.68,49.68,61636.0,3.5,2.02,4.2,6.37,CRITICAL_PIER_EROSION,CLOSED_EMERGENCY_DIVERSION
HYD-BR-01-20250712,BR-01,Saraighat Double-Deck Rail-Road Bridge,Brahmaputra,Assam,2025-07-12T00:00:00,47.67,48.68,49.68,33242.0,4.99,1.7,4.2,6.29,NORMAL_STABLE,UNRESTRICTED_TRANSIT
HYD-BR-01-20250713,BR-01,Saraighat Double-Deck Rail-Road Bridge,Brahmaputra,Assam,2025-07-13T00:00:00,49.83,48.68,49.68,67850.0,6.11,2.48,4.2,5.84,CRITICAL_PIER_EROSION,CLOSED_EMERGENCY_DIVERSION
HYD-BR-01-20250714,BR-01,Saraighat Double-Deck Rail-Road Bridge,Brahmaputra,Assam,2025-07-14T00:00:00,47.39,48.68,49.68,25996.0,3.55,2.54,4.2,11.24,MODERATE_SCOUR,CAUTION_NO_OVERWEIGHT_FREIGHT
HYD-BR-01-20250715,BR-01,Saraighat Double-Deck Rail-Road Bridge,Brahmaputra,Assam,2025-07-15T00:00:00,47.48,48.68,49.68,63907.0,2.72,1.28,4.2,11.65,NORMAL_STABLE,UNRESTRICTED_TRANSIT
HYD-BR-01-20250716,BR-01,Saraighat Double-Deck Rail-Road Bridge,Brahmaputra,Assam,2025-07-16T00:00:00,50.14,48.68,49.68,30371.0,4.76,1.21,4.2,6.85,CRITICAL_PIER_EROSION,CLOSED_EMERGENCY_DIVERSION
HYD-BR-01-20250717,BR-01,Saraighat Double-Deck Rail-Road Bridge,Brahmaputra,Assam,2025-07-17T00:00:00,48.2,48.68,49.68,52540.0,4.19,4.22,4.2,7.33,CRITICAL_PIER_EROSION,CLOSED_EMERGENCY_DIVERSION
HYD-BR-01-20250718,BR-01,Saraighat Double-Deck Rail-Road Bridge,Brahmaputra,Assam,2025-07-18T00:00:00,48.92,48.68,49.68,24295.0,4.65,3.88,4.2,11.03,HIGH_STRESS_MONITORING,SPEED_LIMIT_15KMH_SINGLE_CONVOY
HYD-BR-01-20250719,BR-01,Saraighat Double-Deck Rail-Road Bridge,Brahmaputra,Assam,2025-07-19T00:00:00,50.84,48.68,49.68,20167.0,5.74,3.71,4.2,8.98,CRITICAL_PIER_EROSION,CLOSED_EMERGENCY_DIVERSION
HYD-BR-01-20250720,BR-01,Saraighat Double-Deck Rail-Road Bridge,Brahmaputra,Assam,2025-07-20T00:00:00,50.03,48.68,49.68,33246.0,4.32,4.17,4.2,10.11,CRITICAL_PIER_EROSION,CLOSED_EMERGENCY_DIVERSION
HYD-BR-01-20250721,BR-01,Saraighat Double-Deck Rail-Road Bridge,Brahmaputra,Assam,2025-07-21T00:00:00,47.78,48.68,49.68,53753.0,5.16,1.9,4.2,6.48,NORMAL_STABLE,UNRESTRICTED_TRANSIT
HYD-BR-01-20250722,BR-01,Saraighat Double-Deck Rail-Road Bridge,Brahmaputra,Assam,2025-07-22T00:00:00,47.52,48.68,49.68,42698.0,3.84,4.17,4.2,12.08,HIGH_STRESS_MONITORING,SPEED_LIMIT_15KMH_SINGLE_CONVOY
HYD-BR-01-20250723,BR-01,Saraighat Double-Deck Rail-Road Bridge,Brahmaputra,Assam,2025-07-23T00:00:00,48.08,48.68,49.68,48768.0,5.69,3.16,4.2,10.98,HIGH_STRESS_MONITORING,SPEED_LIMIT_15KMH_SINGLE_CONVOY
HYD-BR-01-20250724,BR-01,Saraighat Double-Deck Rail-Road Bridge,Brahmaputra,Assam,2025-07-24T00:00:00,49.37,48.68,49.68,64397.0,4.71,3.83,4.2,12.61,HIGH_STRESS_MONITORING,SPEED_LIMIT_15KMH_SINGLE_CONVOY
HYD-BR-01-20250725,BR-01,Saraighat Double-Deck Rail-Road Bridge,Brahmaputra,Assam,2025-07-25T00:00:00,50.02,48.68,49.68,59521.0,4.6,3.81,4.2,6.78,CRITICAL_PIER_EROSION,CLOSED_EMERGENCY_DIVERSION
HYD-BR-01-20250726,BR-01,Saraighat Double-Deck Rail-Road Bridge,Brahmaputra,Assam,2025-07-26T00:00:00,50.55,48.68,49.68,19398.0,5.37,3.97,4.2,12.7,CRITICAL_PIER_EROSION,CLOSED_EMERGENCY_DIVERSION
HYD-BR-01-20250727,BR-01,Saraighat Double-Deck Rail-Road Bridge,Brahmaputra,Assam,2025-07-27T00:00:00,48.27,48.68,49.68,18055.0,5.72,2.05,4.2,6.06,MODERATE_SCOUR,CAUTION_NO_OVERWEIGHT_FREIGHT
HYD-BR-01-20250728,BR-01,Saraighat Double-Deck Rail-Road Bridge,Brahmaputra,Assam,2025-07-28T00:00:00,48.31,48.68,49.68,32425.0,2.74,2.45,4.2,12.68,MODERATE_SCOUR,CAUTION_NO_OVERWEIGHT_FREIGHT
HYD-BR-01-20250729,BR-01,Saraighat Double-Deck Rail-Road Bridge,Brahmaputra,Assam,2025-07-29T00:00:00,50.51,48.68,49.68,50582.0,4.08,3.86,4.2,11.46,CRITICAL_PIER_EROSION,CLOSED_EMERGENCY_DIVERSION
HYD-BR-01-20250730,BR-01,Saraighat Double-Deck Rail-Road Bridge,Brahmaputra,Assam,2025-07-30T00:00:00,48.7,48.68,49.68,48039.0,5.07,4.32,4.2,11.45,CRITICAL_PIER_EROSION,CLOSED_EMERGENCY_DIVERSION
HYD-BR-01-20250731,BR-01,Saraighat Double-Deck Rail-Road Bridge,Brahmaputra,Assam,2025-07-31T00:00:00,49.04,48.68,49.68,21446.0,4.94,3.58,4.2,6.98,HIGH_STRESS_MONITORING,SPEED_LIMIT_15KMH_SINGLE_CONVOY
HYD-BR-01-20250801,BR-01,Saraighat Double-Deck Rail-Road Bridge,Brahmaputra,Assam,2025-08-01T00:00:00,49.66,48.68,49.68,25189.0,2.64,2.56,4.2,5.25,HIGH_STRESS_MONITORING,SPEED_LIMIT_15KMH_SINGLE_CONVOY
HYD-BR-01-20250802,BR-01,Saraighat Double-Deck Rail-Road Bridge,Brahmaputra,Assam,2025-08-02T00:00:00,50.05,48.68,49.68,49426.0,4.97,2.63,4.2,11.2,CRITICAL_PIER_EROSION,CLOSED_EMERGENCY_DIVERSION
HYD-BR-01-20250803,BR-01,Saraighat Double-Deck Rail-Road Bridge,Brahmaputra,Assam,2025-08-03T00:00:00,49.54,48.68,49.68,17136.0,5.58,2.78,4.2,7.56,HIGH_STRESS_MONITORING,SPEED_LIMIT_15KMH_SINGLE_CONVOY
HYD-BR-01-20250804,BR-01,Saraighat Double-Deck Rail-Road Bridge,Brahmaputra,Assam,2025-08-04T00:00:00,47.4,48.68,49.68,18005.0,2.58,4.37,4.2,5.87,CRITICAL_PIER_EROSION,CLOSED_EMERGENCY_DIVERSION
HYD-BR-01-20250805,BR-01,Saraighat Double-Deck Rail-Road Bridge,Brahmaputra,Assam,2025-08-05T00:00:00,49.53,48.68,49.68,29051.0,4.68,3.26,4.2,9.35,HIGH_STRESS_MONITORING,SPEED_LIMIT_15KMH_SINGLE_CONVOY
HYD-BR-01-20250806,BR-01,Saraighat Double-Deck Rail-Road Bridge,Brahmaputra,Assam,2025-08-06T00:00:00,49.18,48.68,49.68,65145.0,3.75,1.93,4.2,5.68,HIGH_STRESS_MONITORING,SPEED_LIMIT_15KMH_SINGLE_CONVOY
HYD-BR-01-20250807,BR-01,Saraighat Double-Deck Rail-Road Bridge,Brahmaputra,Assam,2025-08-07T00:00:00,47.44,48.68,49.68,35654.0,5.8,3.65,4.2,6.51,HIGH_STRESS_MONITORING,SPEED_LIMIT_15KMH_SINGLE_CONVOY
HYD-BR-01-20250808,BR-01,Saraighat Double-Deck Rail-Road Bridge,Brahmaputra,Assam,2025-08-08T00:00:00,50.7,48.68,49.68,28485.0,4.89,4.19,4.2,12.01,CRITICAL_PIER_EROSION,CLOSED_EMERGENCY_DIVERSION
HYD-BR-01-20250809,BR-01,Saraighat Double-Deck Rail-Road Bridge,Brahmaputra,Assam,2025-08-09T00:00:00,48.49,48.68,49.68,37022.0,3.59,3.96,4.2,12.42,HIGH_STRESS_MONITORING,SPEED_LIMIT_15KMH_SINGLE_CONVOY
HYD-BR-01-20250810,BR-01,Saraighat Double-Deck Rail-Road Bridge,Brahmaputra,Assam,2025-08-10T00:00:00,49.34,48.68,49.68,56539.0,5.17,4.73,4.2,10.24,CRITICAL_PIER_EROSION,CLOSED_EMERGENCY_DIVERSION
HYD-BR-01-20250811,BR-01,Saraighat Double-Deck Rail-Road Bridge,Brahmaputra,Assam,2025-08-11T00:00:00,47.88,48.68,49.68,51279.0,5.07,3.74,4.2,10.71,HIGH_STRESS_MONITORING,SPEED_LIMIT_15KMH_SINGLE_CONVOY
HYD-BR-01-20250812,BR-01,Saraighat Double-Deck Rail-Road Bridge,Brahmaputra,Assam,2025-08-12T00:00:00,49.35,48.68,49.68,61410.0,5.95,3.67,4.2,6.57,HIGH_STRESS_MONITORING,SPEED_LIMIT_15KMH_SINGLE_CONVOY
HYD-BR-01-20250813,BR-01,Saraighat Double-Deck Rail-Road Bridge,Brahmaputra,Assam,2025-08-13T00:00:00,48.36,48.68,49.68,20395.0,5.13,1.46,4.2,10.48,NORMAL_STABLE,UNRESTRICTED_TRANSIT
HYD-BR-01-20250814,BR-01,Saraighat Double-Deck Rail-Road Bridge,Brahmaputra,Assam,2025-08-14T00:00:00,47.29,48.68,49.68,15115.0,4.87,2.24,4.2,7.7,MODERATE_SCOUR,CAUTION_NO_OVERWEIGHT_FREIGHT
HYD-BR-01-20250815,BR-01,Saraighat Double-Deck Rail-Road Bridge,Brahmaputra,Assam,2025-08-15T00:00:00,48.87,48.68,49.68,38838.0,5.32,2.3,4.2,11.96,HIGH_STRESS_MONITORING,SPEED_LIMIT_15KMH_SINGLE_CONVOY
HYD-BR-01-20250816,BR-01,Saraighat Double-Deck Rail-Road Bridge,Brahmaputra,Assam,2025-08-16T00:00:00,49.32,48.68,49.68,19160.0,4.83,1.3,4.2,7.94,HIGH_STRESS_MONITORING,SPEED_LIMIT_15KMH_SINGLE_CONVOY
HYD-BR-01-20250817,BR-01,Saraighat Double-Deck Rail-Road Bridge,Brahmaputra,Assam,2025-08-17T00:00:00,47.87,48.68,49.68,63968.0,2.62,3.05,4.2,12.79,HIGH_STRESS_MONITORING,SPEED_LIMIT_15KMH_SINGLE_CONVOY
HYD-BR-01-20250818,BR-01,Saraighat Double-Deck Rail-Road Bridge,Brahmaputra,Assam,2025-08-18T00:00:00,50.29,48.68,49.68,18484.0,3.56,3.2,4.2,6.87,CRITICAL_PIER_EROSION,CLOSED_EMERGENCY_DIVERSION
HYD-BR-01-20250819,BR-01,Saraighat Double-Deck Rail-Road Bridge,Brahmaputra,Assam,2025-08-19T00:00:00,47.68,48.68,49.68,33938.0,5.92,3.38,4.2,9.56,HIGH_STRESS_MONITORING,SPEED_LIMIT_15KMH_SINGLE_CONVOY
HYD-BR-01-20250820,BR-01,Saraighat Double-Deck Rail-Road Bridge,Brahmaputra,Assam,2025-08-20T00:00:00,48.67,48.68,49.68,48721.0,3.74,3.41,4.2,10.94,HIGH_STRESS_MONITORING,SPEED_LIMIT_15KMH_SINGLE_CONVOY
HYD-BR-01-20250821,BR-01,Saraighat Double-Deck Rail-Road Bridge,Brahmaputra,Assam,2025-08-21T00:00:00,50.72,48.68,49.68,48724.0,5.15,4.16,4.2,12.17,CRITICAL_PIER_EROSION,CLOSED_EMERGENCY_DIVERSION
HYD-BR-01-20250822,BR-01,Saraighat Double-Deck Rail-Road Bridge,Brahmaputra,Assam,2025-08-22T00:00:00,47.46,48.68,49.68,18441.0,3.47,1.49,4.2,5.28,NORMAL_STABLE,UNRESTRICTED_TRANSIT
HYD-BR-01-20250823,BR-01,Saraighat Double-Deck Rail-Road Bridge,Brahmaputra,Assam,2025-08-23T00:00:00,49.79,48.68,49.68,38007.0,6.03,2.88,4.2,5.6,CRITICAL_PIER_EROSION,CLOSED_EMERGENCY_DIVERSION
HYD-BR-01-20250824,BR-01,Saraighat Double-Deck Rail-Road Bridge,Brahmaputra,Assam,2025-08-24T00:00:00,48.55,48.68,49.68,18143.0,4.07,2.75,4.2,10.01,MODERATE_SCOUR,CAUTION_NO_OVERWEIGHT_FREIGHT
HYD-BR-01-20250825,BR-01,Saraighat Double-Deck Rail-Road Bridge,Brahmaputra,Assam,2025-08-25T00:00:00,47.68,48.68,49.68,25839.0,4.96,3.55,4.2,9.24,HIGH_STRESS_MONITORING,SPEED_LIMIT_15KMH_SINGLE_CONVOY
HYD-BR-01-20250826,BR-01,Saraighat Double-Deck Rail-Road Bridge,Brahmaputra,Assam,2025-08-26T00:00:00,49.4,48.68,49.68,17641.0,2.58,3.74,4.2,6.02,HIGH_STRESS_MONITORING,SPEED_LIMIT_15KMH_SINGLE_CONVOY
HYD-BR-01-20250827,BR-01,Saraighat Double-Deck Rail-Road Bridge,Brahmaputra,Assam,2025-08-27T00:00:00,49.59,48.68,49.68,37261.0,5.09,3.83,4.2,8.17,HIGH_STRESS_MONITORING,SPEED_LIMIT_15KMH_SINGLE_CONVOY
HYD-BR-01-20250828,BR-01,Saraighat Double-Deck Rail-Road Bridge,Brahmaputra,Assam,2025-08-28T00:00:00,48.2,48.68,49.68,36634.0,2.98,3.42,4.2,9.98,HIGH_STRESS_MONITORING,SPEED_LIMIT_15KMH_SINGLE_CONVOY
HYD-BR-01-20250829,BR-01,Saraighat Double-Deck Rail-Road Bridge,Brahmaputra,Assam,2025-08-29T00:00:00,48.39,48.68,49.68,26178.0,4.9,2.08,4.2,12.19,MODERATE_SCOUR,CAUTION_NO_OVERWEIGHT_FREIGHT
HYD-BR-01-20250830,BR-01,Saraighat Double-Deck Rail-Road Bridge,Brahmaputra,Assam,2025-08-30T00:00:00,47.57,48.68,49.68,49328.0,4.23,3.81,4.2,7.21,HIGH_STRESS_MONITORING,SPEED_LIMIT_15KMH_SINGLE_CONVOY
HYD-BR-01-20250831,BR-01,Saraighat Double-Deck Rail-Road Bridge,Brahmaputra,Assam,2025-08-31T00:00:00,48.91,48.68,49.68,20261.0,4.56,1.99,4.2,6.4,HIGH_STRESS_MONITORING,SPEED_LIMIT_15KMH_SINGLE_CONVOY
HYD-BR-01-20250901,BR-01,Saraighat Double-Deck Rail-Road Bridge,Brahmaputra,Assam,2025-09-01T00:00:00,48.72,48.68,49.68,39773.0,5.18,4.02,4.2,10.12,HIGH_STRESS_MONITORING,SPEED_LIMIT_15KMH_SINGLE_CONVOY
HYD-BR-01-20250902,BR-01,Saraighat Double-Deck Rail-Road Bridge,Brahmaputra,Assam,2025-09-02T00:00:00,50.13,48.68,49.68,39604.0,3.38,1.86,4.2,4.99,CRITICAL_PIER_EROSION,CLOSED_EMERGENCY_DIVERSION
HYD-BR-01-20250903,BR-01,Saraighat Double-Deck Rail-Road Bridge,Brahmaputra,Assam,2025-09-03T00:00:00,48.66,48.68,49.68,38245.0,3.02,3.84,4.2,10.68,HIGH_STRESS_MONITORING,SPEED_LIMIT_15KMH_SINGLE_CONVOY
HYD-BR-01-20250904,BR-01,Saraighat Double-Deck Rail-Road Bridge,Brahmaputra,Assam,2025-09-04T00:00:00,49.18,48.68,49.68,62049.0,4.71,2.53,4.2,9.69,HIGH_STRESS_MONITORING,SPEED_LIMIT_15KMH_SINGLE_CONVOY
HYD-BR-01-20250905,BR-01,Saraighat Double-Deck Rail-Road Bridge,Brahmaputra,Assam,2025-09-05T00:00:00,47.34,48.68,49.68,62963.0,4.47,3.44,4.2,12.39,HIGH_STRESS_MONITORING,SPEED_LIMIT_15KMH_SINGLE_CONVOY
HYD-BR-01-20250906,BR-01,Saraighat Double-Deck Rail-Road Bridge,Brahmaputra,Assam,2025-09-06T00:00:00,47.64,48.68,49.68,33406.0,3.3,1.28,4.2,7.47,NORMAL_STABLE,UNRESTRICTED_TRANSIT
HYD-BR-01-20250907,BR-01,Saraighat Double-Deck Rail-Road Bridge,Brahmaputra,Assam,2025-09-07T00:00:00,49.77,48.68,49.68,62267.0,5.63,4.77,4.2,10.02,CRITICAL_PIER_EROSION,CLOSED_EMERGENCY_DIVERSION
HYD-BR-01-20250908,BR-01,Saraighat Double-Deck Rail-Road Bridge,Brahmaputra,Assam,2025-09-08T00:00:00,50.76,48.68,49.68,30985.0,4.99,4.59,4.2,6.01,CRITICAL_PIER_EROSION,CLOSED_EMERGENCY_DIVERSION
HYD-BR-01-20250909,BR-01,Saraighat Double-Deck Rail-Road Bridge,Brahmaputra,Assam,2025-09-09T00:00:00,50.24,48.68,49.68,45030.0,2.98,4.36,4.2,12.25,CRITICAL_PIER_EROSION,CLOSED_EMERGENCY_DIVERSION
HYD-BR-01-20250910,BR-01,Saraighat Double-Deck Rail-Road Bridge,Brahmaputra,Assam,2025-09-10T00:00:00,48.23,48.68,49.68,47182.0,4.26,4.62,4.2,11.38,CRITICAL_PIER_EROSION,CLOSED_EMERGENCY_DIVERSION
HYD-BR-01-20250911,BR-01,Saraighat Double-Deck Rail-Road Bridge,Brahmaputra,Assam,2025-09-11T00:00:00,49.19,48.68,49.68,41314.0,3.9,3.33,4.2,12.45,HIGH_STRESS_MONITORING,SPEED_LIMIT_15KMH_SINGLE_CONVOY
HYD-BR-01-20250912,BR-01,Saraighat Double-Deck Rail-Road Bridge,Brahmaputra,Assam,2025-09-12T00:00:00,50.59,48.68,49.68,26814.0,4.8,4.64,4.2,5.93,CRITICAL_PIER_EROSION,CLOSED_EMERGENCY_DIVERSION
HYD-BR-01-20250913,BR-01,Saraighat Double-Deck Rail-Road Bridge,Brahmaputra,Assam,2025-09-13T00:00:00,50.09,48.68,49.68,36160.0,5.74,4.48,4.2,7.53,CRITICAL_PIER_EROSION,CLOSED_EMERGENCY_DIVERSION
HYD-BR-01-20250914,BR-01,Saraighat Double-Deck Rail-Road Bridge,Brahmaputra,Assam,2025-09-14T00:00:00,48.52,48.68,49.68,22762.0,5.77,4.09,4.2,6.23,HIGH_STRESS_MONITORING,SPEED_LIMIT_15KMH_SINGLE_CONVOY
HYD-BR-01-20250915,BR-01,Saraighat Double-Deck Rail-Road Bridge,Brahmaputra,Assam,2025-09-15T00:00:00,47.94,48.68,49.68,54263.0,2.83,4.48,4.2,11.73,CRITICAL_PIER_EROSION,CLOSED_EMERGENCY_DIVERSION
HYD-BR-01-20250916,BR-01,Saraighat Double-Deck Rail-Road Bridge,Brahmaputra,Assam,2025-09-16T00:00:00,47.33,48.68,49.68,62871.0,5.05,4.15,4.2,5.92,HIGH_STRESS_MONITORING,SPEED_LIMIT_15KMH_SINGLE_CONVOY
HYD-BR-01-20250917,BR-01,Saraighat Double-Deck Rail-Road Bridge,Brahmaputra,Assam,2025-09-17T00:00:00,49.57,48.68,49.68,21289.0,2.55,4.16,4.2,4.86,HIGH_STRESS_MONITORING,SPEED_LIMIT_15KMH_SINGLE_CONVOY
HYD-BR-01-20250918,BR-01,Saraighat Double-Deck Rail-Road Bridge,Brahmaputra,Assam,2025-09-18T00:00:00,48.24,48.68,49.68,30917.0,4.25,2.72,4.2,8.12,MODERATE_SCOUR,CAUTION_NO_OVERWEIGHT_FREIGHT
HYD-BR-01-20250919,BR-01,Saraighat Double-Deck Rail-Road Bridge,Brahmaputra,Assam,2025-09-19T00:00:00,49.8,48.68,49.68,17845.0,3.66,3.97,4.2,9.15,CRITICAL_PIER_EROSION,CLOSED_EMERGENCY_DIVERSION
HYD-BR-01-20250920,BR-01,Saraighat Double-Deck Rail-Road Bridge,Brahmaputra,Assam,2025-09-20T00:00:00,50.32,48.68,49.68,31824.0,6.02,3.92,4.2,12.55,CRITICAL_PIER_EROSION,CLOSED_EMERGENCY_DIVERSION
HYD-BR-01-20250921,BR-01,Saraighat Double-Deck Rail-Road Bridge,Brahmaputra,Assam,2025-09-21T00:00:00,50.61,48.68,49.68,19123.0,4.57,1.32,4.2,11.31,CRITICAL_PIER_EROSION,CLOSED_EMERGENCY_DIVERSION
HYD-BR-01-20250922,BR-01,Saraighat Double-Deck Rail-Road Bridge,Brahmaputra,Assam,2025-09-22T00:00:00,49.85,48.68,49.68,64024.0,2.52,4.57,4.2,10.55,CRITICAL_PIER_EROSION,CLOSED_EMERGENCY_DIVERSION
HYD-BR-01-20250923,BR-01,Saraighat Double-Deck Rail-Road Bridge,Brahmaputra,Assam,2025-09-23T00:00:00,47.75,48.68,49.68,17079.0,5.78,4.61,4.2,7.71,CRITICAL_PIER_EROSION,CLOSED_EMERGENCY_DIVERSION
HYD-BR-01-20250924,BR-01,Saraighat Double-Deck Rail-Road Bridge,Brahmaputra,Assam,2025-09-24T00:00:00,49.62,48.68,49.68,54107.0,5.63,1.43,4.2,6.37,HIGH_STRESS_MONITORING,SPEED_LIMIT_15KMH_SINGLE_CONVOY
HYD-BR-01-20250925,BR-01,Saraighat Double-Deck Rail-Road Bridge,Brahmaputra,Assam,2025-09-25T00:00:00,49.84,48.68,49.68,18481.0,2.6,2.43,4.2,11.51,CRITICAL_PIER_EROSION,CLOSED_EMERGENCY_DIVERSION
HYD-BR-01-20250926,BR-01,Saraighat Double-Deck Rail-Road Bridge,Brahmaputra,Assam,2025-09-26T00:00:00,50.24,48.68,49.68,53498.0,5.54,4.54,4.2,10.99,CRITICAL_PIER_EROSION,CLOSED_EMERGENCY_DIVERSION
HYD-BR-01-20250927,BR-01,Saraighat Double-Deck Rail-Road Bridge,Brahmaputra,Assam,2025-09-27T00:00:00,48.0,48.68,49.68,65902.0,4.71,1.39,4.2,9.56,NORMAL_STABLE,UNRESTRICTED_TRANSIT
HYD-BR-01-20250928,BR-01,Saraighat Double-Deck Rail-Road Bridge,Brahmaputra,Assam,2025-09-28T00:00:00,48.6,48.68,49.68,32183.0,5.06,4.15,4.2,5.67,HIGH_STRESS_MONITORING,SPEED_LIMIT_15KMH_SINGLE_CONVOY
HYD-BR-01-20250929,BR-01,Saraighat Double-Deck Rail-Road Bridge,Brahmaputra,Assam,2025-09-29T00:00:00,49.12,48.68,49.68,57043.0,5.85,4.57,4.2,6.59,CRITICAL_PIER_EROSION,CLOSED_EMERGENCY_DIVERSION
HYD-BR-01-20250930,BR-01,Saraighat Double-Deck Rail-Road Bridge,Brahmaputra,Assam,2025-09-30T00:00:00,49.62,48.68,49.68,31464.0,4.29,1.95,4.2,11.56,HIGH_STRESS_MONITORING,SPEED_LIMIT_15KMH_SINGLE_CONVOY
HYD-BR-01-20251001,BR-01,Saraighat Double-Deck Rail-Road Bridge,Brahmaputra,Assam,2025-10-01T00:00:00,44.4,48.68,49.68,9673.0,1.82,1.41,4.2,1.9,NORMAL_STABLE,UNRESTRICTED_TRANSIT
HYD-BR-01-20251002,BR-01,Saraighat Double-Deck Rail-Road Bridge,Brahmaputra,Assam,2025-10-02T00:00:00,44.19,48.68,49.68,10344.0,1.76,0.85,4.2,2.95,NORMAL_STABLE,UNRESTRICTED_TRANSIT
HYD-BR-01-20251003,BR-01,Saraighat Double-Deck Rail-Road Bridge,Brahmaputra,Assam,2025-10-03T00:00:00,45.62,48.68,49.68,6898.0,1.13,0.92,4.2,2.42,NORMAL_STABLE,UNRESTRICTED_TRANSIT
HYD-BR-01-20251004,BR-01,Saraighat Double-Deck Rail-Road Bridge,Brahmaputra,Assam,2025-10-04T00:00:00,45.17,48.68,49.68,4410.0,2.14,1.39,4.2,1.64,NORMAL_STABLE,UNRESTRICTED_TRANSIT
HYD-BR-01-20251005,BR-01,Saraighat Double-Deck Rail-Road Bridge,Brahmaputra,Assam,2025-10-05T00:00:00,46.17,48.68,49.68,6418.0,1.98,0.32,4.2,1.88,NORMAL_STABLE,UNRESTRICTED_TRANSIT
HYD-BR-01-20251006,BR-01,Saraighat Double-Deck Rail-Road Bridge,Brahmaputra,Assam,2025-10-06T00:00:00,44.65,48.68,49.68,4542.0,1.05,1.18,4.2,2.95,NORMAL_STABLE,UNRESTRICTED_TRANSIT
HYD-BR-01-20251007,BR-01,Saraighat Double-Deck Rail-Road Bridge,Brahmaputra,Assam,2025-10-07T00:00:00,44.13,48.68,49.68,6928.0,2.11,0.61,4.2,3.55,NORMAL_STABLE,UNRESTRICTED_TRANSIT
HYD-BR-01-20251008,BR-01,Saraighat Double-Deck Rail-Road Bridge,Brahmaputra,Assam,2025-10-08T00:00:00,43.23,48.68,49.68,12812.0,2.03,0.89,4.2,3.69,NORMAL_STABLE,UNRESTRICTED_TRANSIT
HYD-BR-01-20251009,BR-01,Saraighat Double-Deck Rail-Road Bridge,Brahmaputra,Assam,2025-10-09T00:00:00,44.52,48.68,49.68,12154.0,1.06,0.64,4.2,2.81,NORMAL_STABLE,UNRESTRICTED_TRANSIT
HYD-BR-01-20251010,BR-01,Saraighat Double-Deck Rail-Road Bridge,Brahmaputra,Assam,2025-10-10T00:00:00,44.85,48.68,49.68,8393.0,1.59,0.82,4.2,3.64,NORMAL_STABLE,UNRESTRICTED_TRANSIT
HYD-BR-01-20251011,BR-01,Saraighat Double-Deck Rail-Road Bridge,Brahmaputra,Assam,2025-10-11T00:00:00,45.05,48.68,49.68,7325.0,1.32,0.88,4.2,2.71,NORMAL_STABLE,UNRESTRICTED_TRANSIT
HYD-BR-01-20251012,BR-01,Saraighat Double-Deck Rail-Road Bridge,Brahmaputra,Assam,2025-10-12T00:00:00,46.14,48.68,49.68,6717.0,2.08,0.97,4.2,3.17,NORMAL_STABLE,UNRESTRICTED_TRANSIT
HYD-BR-01-20251013,BR-01,Saraighat Double-Deck Rail-Road Bridge,Brahmaputra,Assam,2025-10-13T00:00:00,43.92,48.68,49.68,4992.0,2.06,0.59,4.2,2.34,NORMAL_STABLE,UNRESTRICTED_TRANSIT
HYD-BR-01-20251014,BR-01,Saraighat Double-Deck Rail-Road Bridge,Brahmaputra,Assam,2025-10-14T00:00:00,46.02,48.68,49.68,6041.0,1.01,1.38,4.2,2.56,NORMAL_STABLE,UNRESTRICTED_TRANSIT
HYD-BR-01-20251015,BR-01,Saraighat Double-Deck Rail-Road Bridge,Brahmaputra,Assam,2025-10-15T00:00:00,45.26,48.68,49.68,9062.0,1.7,0.34,4.2,1.77,NORMAL_STABLE,UNRESTRICTED_TRANSIT
HYD-BR-01-20251016,BR-01,Saraighat Double-Deck Rail-Road Bridge,Brahmaputra,Assam,2025-10-16T00:00:00,45.11,48.68,49.68,10897.0,1.28,0.56,4.2,4.08,NORMAL_STABLE,UNRESTRICTED_TRANSIT
HYD-BR-01-20251017,BR-01,Saraighat Double-Deck Rail-Road Bridge,Brahmaputra,Assam,2025-10-17T00:00:00,45.62,48.68,49.68,4825.0,1.41,1.07,4.2,3.98,NORMAL_STABLE,UNRESTRICTED_TRANSIT
HYD-BR-01-20251018,BR-01,Saraighat Double-Deck Rail-Road Bridge,Brahmaputra,Assam,2025-10-18T00:00:00,44.5,48.68,49.68,4889.0,1.63,0.43,4.2,2.35,NORMAL_STABLE,UNRESTRICTED_TRANSIT
HYD-BR-01-20251019,BR-01,Saraighat Double-Deck Rail-Road Bridge,Brahmaputra,Assam,2025-10-19T00:00:00,45.03,48.68,49.68,12884.0,0.96,0.92,4.2,1.78,NORMAL_STABLE,UNRESTRICTED_TRANSIT
HYD-BR-01-20251020,BR-01,Saraighat Double-Deck Rail-Road Bridge,Brahmaputra,Assam,2025-10-20T00:00:00,43.48,48.68,49.68,8637.0,1.64,0.33,4.2,1.94,NORMAL_STABLE,UNRESTRICTED_TRANSIT
HYD-BR-01-20251021,BR-01,Saraighat Double-Deck Rail-Road Bridge,Brahmaputra,Assam,2025-10-21T00:00:00,44.72,48.68,49.68,8737.0,1.99,1.01,4.2,3.71,NORMAL_STABLE,UNRESTRICTED_TRANSIT
HYD-BR-01-20251022,BR-01,Saraighat Double-Deck Rail-Road Bridge,Brahmaputra,Assam,2025-10-22T00:00:00,43.42,48.68,49.68,7671.0,1.47,1.17,4.2,3.93,NORMAL_STABLE,UNRESTRICTED_TRANSIT
HYD-BR-01-20251023,BR-01,Saraighat Double-Deck Rail-Road Bridge,Brahmaputra,Assam,2025-10-23T00:00:00,44.9,48.68,49.68,10886.0,1.75,0.72,4.2,3.21,NORMAL_STABLE,UNRESTRICTED_TRANSIT
HYD-BR-01-20251024,BR-01,Saraighat Double-Deck Rail-Road Bridge,Brahmaputra,Assam,2025-10-24T00:00:00,44.05,48.68,49.68,12837.0,1.5,0.96,4.2,2.85,NORMAL_STABLE,UNRESTRICTED_TRANSIT
HYD-BR-01-20251025,BR-01,Saraighat Double-Deck Rail-Road Bridge,Brahmaputra,Assam,2025-10-25T00:00:00,44.35,48.68,49.68,4648.0,1.1,0.33,4.2,3.57,NORMAL_STABLE,UNRESTRICTED_TRANSIT
HYD-BR-01-20251026,BR-01,Saraighat Double-Deck Rail-Road Bridge,Brahmaputra,Assam,2025-10-26T00:00:00,42.99,48.68,49.68,11644.0,1.26,0.99,4.2,3.73,NORMAL_STABLE,UNRESTRICTED_TRANSIT
HYD-BR-01-20251027,BR-01,Saraighat Double-Deck Rail-Road Bridge,Brahmaputra,Assam,2025-10-27T00:00:00,44.02,48.68,49.68,8475.0,1.5,1.04,4.2,3.16,NORMAL_STABLE,UNRESTRICTED_TRANSIT
HYD-BR-01-20251028,BR-01,Saraighat Double-Deck Rail-Road Bridge,Brahmaputra,Assam,2025-10-28T00:00:00,45.9,48.68,49.68,11150.0,1.47,0.33,4.2,4.01,NORMAL_STABLE,UNRESTRICTED_TRANSIT
HYD-BR-01-20251029,BR-01,Saraighat Double-Deck Rail-Road Bridge,Brahmaputra,Assam,2025-10-29T00:00:00,43.42,48.68,49.68,10372.0,1.15,0.66,4.2,2.22,NORMAL_STABLE,UNRESTRICTED_TRANSIT
HYD-BR-01-20251030,BR-01,Saraighat Double-Deck Rail-Road Bridge,Brahmaputra,Assam,2025-10-30T00:00:00,42.87,48.68,49.68,10572.0,1.64,0.54,4.2,3.43,NORMAL_STABLE,UNRESTRICTED_TRANSIT
HYD-BR-01-20251031,BR-01,Saraighat Double-Deck Rail-Road Bridge,Brahmaputra,Assam,2025-10-31T00:00:00,44.37,48.68,49.68,8254.0,0.81,0.42,4.2,2.94,NORMAL_STABLE,UNRESTRICTED_TRANSIT
HYD-BR-01-20251101,BR-01,Saraighat Double-Deck Rail-Road Bridge,Brahmaputra,Assam,2025-11-01T00:00:00,45.07,48.68,49.68,5852.0,1.16,1.18,4.2,3.38,NORMAL_STABLE,UNRESTRICTED_TRANSIT
HYD-BR-01-20251102,BR-01,Saraighat Double-Deck Rail-Road Bridge,Brahmaputra,Assam,2025-11-02T00:00:00,42.93,48.68,49.68,4037.0,1.89,0.4,4.2,1.85,NORMAL_STABLE,UNRESTRICTED_TRANSIT
HYD-BR-01-20251103,BR-01,Saraighat Double-Deck Rail-Road Bridge,Brahmaputra,Assam,2025-11-03T00:00:00,43.81,48.68,49.68,12569.0,1.71,1.14,4.2,2.93,NORMAL_STABLE,UNRESTRICTED_TRANSIT
HYD-BR-01-20251104,BR-01,Saraighat Double-Deck Rail-Road Bridge,Brahmaputra,Assam,2025-11-04T00:00:00,43.89,48.68,49.68,4620.0,1.13,1.06,4.2,4.07,NORMAL_STABLE,UNRESTRICTED_TRANSIT
HYD-BR-01-20251105,BR-01,Saraighat Double-Deck Rail-Road Bridge,Brahmaputra,Assam,2025-11-05T00:00:00,42.96,48.68,49.68,4468.0,1.76,1.3,4.2,2.93,NORMAL_STABLE,UNRESTRICTED_TRANSIT
HYD-BR-01-20251106,BR-01,Saraighat Double-Deck Rail-Road Bridge,Brahmaputra,Assam,2025-11-06T00:00:00,44.81,48.68,49.68,12469.0,1.1,0.97,4.2,3.66,NORMAL_STABLE,UNRESTRICTED_TRANSIT
HYD-BR-01-20251107,BR-01,Saraighat Double-Deck Rail-Road Bridge,Brahmaputra,Assam,2025-11-07T00:00:00,45.05,48.68,49.68,12263.0,1.75,1.13,4.2,3.52,NORMAL_STABLE,UNRESTRICTED_TRANSIT
HYD-BR-01-20251108,BR-01,Saraighat Double-Deck Rail-Road Bridge,Brahmaputra,Assam,2025-11-08T00:00:00,43.77,48.68,49.68,9639.0,2.14,0.59,4.2,3.36,NORMAL_STABLE,UNRESTRICTED_TRANSIT
HYD-BR-01-20251109,BR-01,Saraighat Double-Deck Rail-Road Bridge,Brahmaputra,Assam,2025-11-09T00:00:00,45.99,48.68,49.68,12336.0,1.07,1.29,4.2,2.78,NORMAL_STABLE,UNRESTRICTED_TRANSIT
HYD-BR-01-20251110,BR-01,Saraighat Double-Deck Rail-Road Bridge,Brahmaputra,Assam,2025-11-10T00:00:00,45.26,48.68,49.68,6188.0,1.29,0.81,4.2,3.23,NORMAL_STABLE,UNRESTRICTED_TRANSIT
HYD-BR-01-20251111,BR-01,Saraighat Double-Deck Rail-Road Bridge,Brahmaputra,Assam,2025-11-11T00:00:00,44.73,48.68,49.68,6376.0,1.98,0.88,4.2,2.44,NORMAL_STABLE,UNRESTRICTED_TRANSIT
HYD-BR-01-20251112,BR-01,Saraighat Double-Deck Rail-Road Bridge,Brahmaputra,Assam,2025-11-12T00:00:00,45.44,48.68,49.68,3051.0,1.18,1.29,4.2,1.94,NORMAL_STABLE,UNRESTRICTED_TRANSIT
HYD-BR-01-20251113,BR-01,Saraighat Double-Deck Rail-Road Bridge,Brahmaputra,Assam,2025-11-13T00:00:00,43.58,48.68,49.68,4512.0,1.99,0.92,4.2,3.53,NORMAL_STABLE,UNRESTRICTED_TRANSIT
HYD-BR-01-20251114,BR-01,Saraighat Double-Deck Rail-Road Bridge,Brahmaputra,Assam,2025-11-14T00:00:00,43.28,48.68,49.68,10782.0,1.67,1.08,4.2,2.71,NORMAL_STABLE,UNRESTRICTED_TRANSIT
HYD-BR-01-20251115,BR-01,Saraighat Double-Deck Rail-Road Bridge,Brahmaputra,Assam,2025-11-15T00:00:00,44.58,48.68,49.68,8391.0,1.16,0.43,4.2,2.83,NORMAL_STABLE,UNRESTRICTED_TRANSIT
HYD-BR-01-20251116,BR-01,Saraighat Double-Deck Rail-Road Bridge,Brahmaputra,Assam,2025-11-16T00:00:00,45.32,48.68,49.68,5460.0,2.08,0.8,4.2,2.07,NORMAL_STABLE,UNRESTRICTED_TRANSIT
HYD-BR-01-20251117,BR-01,Saraighat Double-Deck Rail-Road Bridge,Brahmaputra,Assam,2025-11-17T00:00:00,45.82,48.68,49.68,4995.0,1.97,1.06,4.2,1.83,NORMAL_STABLE,UNRESTRICTED_TRANSIT
HYD-BR-01-20251118,BR-01,Saraighat Double-Deck Rail-Road Bridge,Brahmaputra,Assam,2025-11-18T00:00:00,45.32,48.68,49.68,11802.0,1.64,0.7,4.2,1.57,NORMAL_STABLE,UNRESTRICTED_TRANSIT
HYD-BR-01-20251119,BR-01,Saraighat Double-Deck Rail-Road Bridge,Brahmaputra,Assam,2025-11-19T00:00:00,44.07,48.68,49.68,13972.0,1.97,0.83,4.2,1.81,NORMAL_STABLE,UNRESTRICTED_TRANSIT
HYD-BR-01-20251120,BR-01,Saraighat Double-Deck Rail-Road Bridge,Brahmaputra,Assam,2025-11-20T00:00:00,45.46,48.68,49.68,13862.0,1.08,0.88,4.2,2.66,NORMAL_STABLE,UNRESTRICTED_TRANSIT
HYD-BR-01-20251121,BR-01,Saraighat Double-Deck Rail-Road Bridge,Brahmaputra,Assam,2025-11-21T00:00:00,43.34,48.68,49.68,9898.0,1.89,0.36,4.2,3.27,NORMAL_STABLE,UNRESTRICTED_TRANSIT
HYD-BR-01-20251122,BR-01,Saraighat Double-Deck Rail-Road Bridge,Brahmaputra,Assam,2025-11-22T00:00:00,45.87,48.68,49.68,10705.0,1.23,0.82,4.2,2.75,NORMAL_STABLE,UNRESTRICTED_TRANSIT
HYD-BR-01-20251123,BR-01,Saraighat Double-Deck Rail-Road Bridge,Brahmaputra,Assam,2025-11-23T00:00:00,44.89,48.68,49.68,10439.0,1.15,1.38,4.2,3.53,NORMAL_STABLE,UNRESTRICTED_TRANSIT
HYD-BR-01-20251124,BR-01,Saraighat Double-Deck Rail-Road Bridge,Brahmaputra,Assam,2025-11-24T00:00:00,43.33,48.68,49.68,13246.0,1.42,0.68,4.2,3.4,NORMAL_STABLE,UNRESTRICTED_TRANSIT
HYD-BR-01-20251125,BR-01,Saraighat Double-Deck Rail-Road Bridge,Brahmaputra,Assam,2025-11-25T00:00:00,43.95,48.68,49.68,4511.0,2.03,0.97,4.2,1.64,NORMAL_STABLE,UNRESTRICTED_TRANSIT
HYD-BR-01-20251126,BR-01,Saraighat Double-Deck Rail-Road Bridge,Brahmaputra,Assam,2025-11-26T00:00:00,43.36,48.68,49.68,10519.0,1.4,0.89,4.2,1.92,NORMAL_STABLE,UNRESTRICTED_TRANSIT
HYD-BR-01-20251127,BR-01,Saraighat Double-Deck Rail-Road Bridge,Brahmaputra,Assam,2025-11-27T00:00:00,43.14,48.68,49.68,9360.0,1.95,0.43,4.2,3.35,NORMAL_STABLE,UNRESTRICTED_TRANSIT
HYD-BR-01-20251128,BR-01,Saraighat Double-Deck Rail-Road Bridge,Brahmaputra,Assam,2025-11-28T00:00:00,43.6,48.68,49.68,6674.0,1.74,0.88,4.2,3.1,NORMAL_STABLE,UNRESTRICTED_TRANSIT
HYD-BR-01-20251129,BR-01,Saraighat Double-Deck Rail-Road Bridge,Brahmaputra,Assam,2025-11-29T00:00:00,43.03,48.68,49.68,12743.0,0.81,0.52,4.2,1.8,NORMAL_STABLE,UNRESTRICTED_TRANSIT
HYD-BR-01-20251130,BR-01,Saraighat Double-Deck Rail-Road Bridge,Brahmaputra,Assam,2025-11-30T00:00:00,43.9,48.68,49.68,13089.0,1.97,1.01,4.2,3.33,NORMAL_STABLE,UNRESTRICTED_TRANSIT
HYD-BR-01-20251201,BR-01,Saraighat Double-Deck Rail-Road Bridge,Brahmaputra,Assam,2025-12-01T00:00:00,44.82,48.68,49.68,5312.0,2.18,0.68,4.2,1.77,NORMAL_STABLE,UNRESTRICTED_TRANSIT
HYD-BR-01-20251202,BR-01,Saraighat Double-Deck Rail-Road Bridge,Brahmaputra,Assam,2025-12-02T00:00:00,42.89,48.68,49.68,9467.0,1.12,0.74,4.2,2.86,NORMAL_STABLE,UNRESTRICTED_TRANSIT
HYD-BR-01-20251203,BR-01,Saraighat Double-Deck Rail-Road Bridge,Brahmaputra,Assam,2025-12-03T00:00:00,44.86,48.68,49.68,9714.0,1.22,1.44,4.2,1.77,NORMAL_STABLE,UNRESTRICTED_TRANSIT
HYD-BR-01-20251204,BR-01,Saraighat Double-Deck Rail-Road Bridge,Brahmaputra,Assam,2025-12-04T00:00:00,44.56,48.68,49.68,7926.0,1.65,0.74,4.2,2.79,NORMAL_STABLE,UNRESTRICTED_TRANSIT
HYD-BR-01-20251205,BR-01,Saraighat Double-Deck Rail-Road Bridge,Brahmaputra,Assam,2025-12-05T00:00:00,45.01,48.68,49.68,3290.0,0.81,0.64,4.2,3.52,NORMAL_STABLE,UNRESTRICTED_TRANSIT
HYD-BR-01-20251206,BR-01,Saraighat Double-Deck Rail-Road Bridge,Brahmaputra,Assam,2025-12-06T00:00:00,46.02,48.68,49.68,9999.0,1.78,0.87,4.2,1.55,NORMAL_STABLE,UNRESTRICTED_TRANSIT
HYD-BR-01-20251207,BR-01,Saraighat Double-Deck Rail-Road Bridge,Brahmaputra,Assam,2025-12-07T00:00:00,44.45,48.68,49.68,7206.0,1.24,0.31,4.2,1.89,NORMAL_STABLE,UNRESTRICTED_TRANSIT
HYD-BR-01-20251208,BR-01,Saraighat Double-Deck Rail-Road Bridge,Brahmaputra,Assam,2025-12-08T00:00:00,44.3,48.68,49.68,12759.0,0.97,1.05,4.2,2.1,NORMAL_STABLE,UNRESTRICTED_TRANSIT
HYD-BR-01-20251209,BR-01,Saraighat Double-Deck Rail-Road Bridge,Brahmaputra,Assam,2025-12-09T00:00:00,43.94,48.68,49.68,9603.0,1.57,0.81,4.2,3.97,NORMAL_STABLE,UNRESTRICTED_TRANSIT
HYD-BR-01-20251210,BR-01,Saraighat Double-Deck Rail-Road Bridge,Brahmaputra,Assam,2025-12-10T00:00:00,44.46,48.68,49.68,13091.0,1.62,0.32,4.2,3.05,NORMAL_STABLE,UNRESTRICTED_TRANSIT
HYD-BR-01-20251211,BR-01,Saraighat Double-Deck Rail-Road Bridge,Brahmaputra,Assam,2025-12-11T00:00:00,43.52,48.68,49.68,7926.0,0.81,1.17,4.2,2.38,NORMAL_STABLE,UNRESTRICTED_TRANSIT
HYD-BR-01-20251212,BR-01,Saraighat Double-Deck Rail-Road Bridge,Brahmaputra,Assam,2025-12-12T00:00:00,43.82,48.68,49.68,8124.0,1.34,0.82,4.2,2.65,NORMAL_STABLE,UNRESTRICTED_TRANSIT
HYD-BR-01-20251213,BR-01,Saraighat Double-Deck Rail-Road Bridge,Brahmaputra,Assam,2025-12-13T00:00:00,45.18,48.68,49.68,12664.0,1.06,0.94,4.2,2.52,NORMAL_STABLE,UNRESTRICTED_TRANSIT
HYD-BR-01-20251214,BR-01,Saraighat Double-Deck Rail-Road Bridge,Brahmaputra,Assam,2025-12-14T00:00:00,43.01,48.68,49.68,5150.0,2.07,1.22,4.2,3.77,NORMAL_STABLE,UNRESTRICTED_TRANSIT
HYD-BR-01-20251215,BR-01,Saraighat Double-Deck Rail-Road Bridge,Brahmaputra,Assam,2025-12-15T00:00:00,44.6,48.68,49.68,13410.0,0.88,0.66,4.2,1.84,NORMAL_STABLE,UNRESTRICTED_TRANSIT
HYD-BR-01-20251216,BR-01,Saraighat Double-Deck Rail-Road Bridge,Brahmaputra,Assam,2025-12-16T00:00:00,44.85,48.68,49.68,13351.0,1.92,1.48,4.2,2.4,NORMAL_STABLE,UNRESTRICTED_TRANSIT
HYD-BR-01-20251217,BR-01,Saraighat Double-Deck Rail-Road Bridge,Brahmaputra,Assam,2025-12-17T00:00:00,45.31,48.68,49.68,3909.0,1.99,0.8,4.2,3.15,NORMAL_STABLE,UNRESTRICTED_TRANSIT
HYD-BR-01-20251218,BR-01,Saraighat Double-Deck Rail-Road Bridge,Brahmaputra,Assam,2025-12-18T00:00:00,44.94,48.68,49.68,13925.0,2.14,1.25,4.2,3.38,NORMAL_STABLE,UNRESTRICTED_TRANSIT
HYD-BR-01-20251219,BR-01,Saraighat Double-Deck Rail-Road Bridge,Brahmaputra,Assam,2025-12-19T00:00:00,45.44,48.68,49.68,10558.0,1.6,0.77,4.2,2.39,NORMAL_STABLE,UNRESTRICTED_TRANSIT
HYD-BR-01-20251220,BR-01,Saraighat Double-Deck Rail-Road Bridge,Brahmaputra,Assam,2025-12-20T00:00:00,43.9,48.68,49.68,7208.0,1.01,0.36,4.2,2.89,NORMAL_STABLE,UNRESTRICTED_TRANSIT
HYD-BR-01-20251221,BR-01,Saraighat Double-Deck Rail-Road Bridge,Brahmaputra,Assam,2025-12-21T00:00:00,42.96,48.68,49.68,9723.0,1.52,1.18,4.2,2.13,NORMAL_STABLE,UNRESTRICTED_TRANSIT
HYD-BR-01-20251222,BR-01,Saraighat Double-Deck Rail-Road Bridge,Brahmaputra,Assam,2025-12-22T00:00:00,43.34,48.68,49.68,12795.0,1.55,0.44,4.2,3.03,NORMAL_STABLE,UNRESTRICTED_TRANSIT
HYD-BR-01-20251223,BR-01,Saraighat Double-Deck Rail-Road Bridge,Brahmaputra,Assam,2025-12-23T00:00:00,44.75,48.68,49.68,10664.0,2.04,0.53,4.2,3.51,NORMAL_STABLE,UNRESTRICTED_TRANSIT
HYD-BR-01-20251224,BR-01,Saraighat Double-Deck Rail-Road Bridge,Brahmaputra,Assam,2025-12-24T00:00:00,43.06,48.68,49.68,9715.0,0.8,0.43,4.2,2.63,NORMAL_STABLE,UNRESTRICTED_TRANSIT
HYD-BR-01-20251225,BR-01,Saraighat Double-Deck Rail-Road Bridge,Brahmaputra,Assam,2025-12-25T00:00:00,45.69,48.68,49.68,12937.0,1.12,1.2,4.2,2.61,NORMAL_STABLE,UNRESTRICTED_TRANSIT
HYD-BR-01-20251226,BR-01,Saraighat Double-Deck Rail-Road Bridge,Brahmaputra,Assam,2025-12-26T00:00:00,45.87,48.68,49.68,6606.0,1.55,1.2,4.2,3.6,NORMAL_STABLE,UNRESTRICTED_TRANSIT
HYD-BR-01-20251227,BR-01,Saraighat Double-Deck Rail-Road Bridge,Brahmaputra,Assam,2025-12-27T00:00:00,42.9,48.68,49.68,6021.0,1.48,1.48,4.2,2.24,NORMAL_STABLE,UNRESTRICTED_TRANSIT
HYD-BR-01-20251228,BR-01,Saraighat Double-Deck Rail-Road Bridge,Brahmaputra,Assam,2025-12-28T00:00:00,45.79,48.68,49.68,6446.0,1.58,0.86,4.2,3.94,NORMAL_STABLE,UNRESTRICTED_TRANSIT
HYD-BR-01-20251229,BR-01,Saraighat Double-Deck Rail-Road Bridge,Brahmaputra,Assam,2025-12-29T00:00:00,42.79,48.68,49.68,11711.0,1.19,0.99,4.2,3.02,NORMAL_STABLE,UNRESTRICTED_TRANSIT
HYD-BR-01-20251230,BR-01,Saraighat Double-Deck Rail-Road Bridge,Brahmaputra,Assam,2025-12-30T00:00:00,44.4,48.68,49.68,13268.0,0.81,1.47,4.2,2.04,NORMAL_STABLE,UNRESTRICTED_TRANSIT
HYD-BR-01-20251231,BR-01,Saraighat Double-Deck Rail-Road Bridge,Brahmaputra,Assam,2025-12-31T00:00:00,43.74,48.68,49.68,10015.0,1.14,0.59,4.2,3.94,NORMAL_STABLE,UNRESTRICTED_TRANSIT
HYD-BR-01-20260101,BR-01,Saraighat Double-Deck Rail-Road Bridge,Brahmaputra,Assam,2026-01-01T00:00:00,46.0,48.68,49.68,9767.0,1.98,0.87,4.2,2.48,NORMAL_STABLE,UNRESTRICTED_TRANSIT
HYD-BR-01-20260102,BR-01,Saraighat Double-Deck Rail-Road Bridge,Brahmaputra,Assam,2026-01-02T00:00:00,44.57,48.68,49.68,13387.0,1.53,0.46,4.2,3.74,NORMAL_STABLE,UNRESTRICTED_TRANSIT
HYD-BR-01-20260103,BR-01,Saraighat Double-Deck Rail-Road Bridge,Brahmaputra,Assam,2026-01-03T00:00:00,46.12,48.68,49.68,3688.0,2.16,1.03,4.2,4.1,NORMAL_STABLE,UNRESTRICTED_TRANSIT
HYD-BR-01-20260104,BR-01,Saraighat Double-Deck Rail-Road Bridge,Brahmaputra,Assam,2026-01-04T00:00:00,43.84,48.68,49.68,6381.0,0.96,0.52,4.2,2.99,NORMAL_STABLE,UNRESTRICTED_TRANSIT
HYD-BR-01-20260105,BR-01,Saraighat Double-Deck Rail-Road Bridge,Brahmaputra,Assam,2026-01-05T00:00:00,43.15,48.68,49.68,9131.0,1.0,0.54,4.2,3.36,NORMAL_STABLE,UNRESTRICTED_TRANSIT
HYD-BR-01-20260106,BR-01,Saraighat Double-Deck Rail-Road Bridge,Brahmaputra,Assam,2026-01-06T00:00:00,44.68,48.68,49.68,7320.0,2.13,0.7,4.2,2.54,NORMAL_STABLE,UNRESTRICTED_TRANSIT
HYD-BR-01-20260107,BR-01,Saraighat Double-Deck Rail-Road Bridge,Brahmaputra,Assam,2026-01-07T00:00:00,42.8,48.68,49.68,13381.0,1.73,0.48,4.2,3.74,NORMAL_STABLE,UNRESTRICTED_TRANSIT
HYD-BR-01-20260108,BR-01,Saraighat Double-Deck Rail-Road Bridge,Brahmaputra,Assam,2026-01-08T00:00:00,44.19,48.68,49.68,4347.0,1.26,0.87,4.2,2.64,NORMAL_STABLE,UNRESTRICTED_TRANSIT
HYD-BR-01-20260109,BR-01,Saraighat Double-Deck Rail-Road Bridge,Brahmaputra,Assam,2026-01-09T00:00:00,45.8,48.68,49.68,9536.0,2.15,1.2,4.2,3.18,NORMAL_STABLE,UNRESTRICTED_TRANSIT
HYD-BR-01-20260110,BR-01,Saraighat Double-Deck Rail-Road Bridge,Brahmaputra,Assam,2026-01-10T00:00:00,42.98,48.68,49.68,6110.0,1.01,0.43,4.2,3.69,NORMAL_STABLE,UNRESTRICTED_TRANSIT
HYD-BR-01-20260111,BR-01,Saraighat Double-Deck Rail-Road Bridge,Brahmaputra,Assam,2026-01-11T00:00:00,42.79,48.68,49.68,13313.0,1.41,1.24,4.2,3.79,NORMAL_STABLE,UNRESTRICTED_TRANSIT
HYD-BR-01-20260112,BR-01,Saraighat Double-Deck Rail-Road Bridge,Brahmaputra,Assam,2026-01-12T00:00:00,45.8,48.68,49.68,5611.0,1.59,0.44,4.2,2.02,NORMAL_STABLE,UNRESTRICTED_TRANSIT
HYD-BR-01-20260113,BR-01,Saraighat Double-Deck Rail-Road Bridge,Brahmaputra,Assam,2026-01-13T00:00:00,46.15,48.68,49.68,6713.0,1.77,1.42,4.2,2.98,NORMAL_STABLE,UNRESTRICTED_TRANSIT
HYD-BR-01-20260114,BR-01,Saraighat Double-Deck Rail-Road Bridge,Brahmaputra,Assam,2026-01-14T00:00:00,44.72,48.68,49.68,6953.0,0.97,1.37,4.2,2.12,NORMAL_STABLE,UNRESTRICTED_TRANSIT
HYD-BR-01-20260115,BR-01,Saraighat Double-Deck Rail-Road Bridge,Brahmaputra,Assam,2026-01-15T00:00:00,45.58,48.68,49.68,13146.0,0.81,1.07,4.2,3.79,NORMAL_STABLE,UNRESTRICTED_TRANSIT
HYD-BR-01-20260116,BR-01,Saraighat Double-Deck Rail-Road Bridge,Brahmaputra,Assam,2026-01-16T00:00:00,46.05,48.68,49.68,3037.0,1.38,0.41,4.2,3.34,NORMAL_STABLE,UNRESTRICTED_TRANSIT
HYD-BR-01-20260117,BR-01,Saraighat Double-Deck Rail-Road Bridge,Brahmaputra,Assam,2026-01-17T00:00:00,44.37,48.68,49.68,8843.0,0.85,0.4,4.2,2.55,NORMAL_STABLE,UNRESTRICTED_TRANSIT
HYD-BR-01-20260118,BR-01,Saraighat Double-Deck Rail-Road Bridge,Brahmaputra,Assam,2026-01-18T00:00:00,44.27,48.68,49.68,8611.0,1.74,0.76,4.2,3.66,NORMAL_STABLE,UNRESTRICTED_TRANSIT
HYD-BR-01-20260119,BR-01,Saraighat Double-Deck Rail-Road Bridge,Brahmaputra,Assam,2026-01-19T00:00:00,44.58,48.68,49.68,13113.0,2.1,1.36,4.2,2.64,NORMAL_STABLE,UNRESTRICTED_TRANSIT
HYD-BR-01-20260120,BR-01,Saraighat Double-Deck Rail-Road Bridge,Brahmaputra,Assam,2026-01-20T00:00:00,43.18,48.68,49.68,5240.0,1.19,0.98,4.2,2.19,NORMAL_STABLE,UNRESTRICTED_TRANSIT
HYD-BR-01-20260121,BR-01,Saraighat Double-Deck Rail-Road Bridge,Brahmaputra,Assam,2026-01-21T00:00:00,43.34,48.68,49.68,11910.0,2.2,0.82,4.2,3.09,NORMAL_STABLE,UNRESTRICTED_TRANSIT
HYD-BR-01-20260122,BR-01,Saraighat Double-Deck Rail-Road Bridge,Brahmaputra,Assam,2026-01-22T00:00:00,44.77,48.68,49.68,9218.0,1.71,0.73,4.2,4.2,NORMAL_STABLE,UNRESTRICTED_TRANSIT
HYD-BR-01-20260123,BR-01,Saraighat Double-Deck Rail-Road Bridge,Brahmaputra,Assam,2026-01-23T00:00:00,44.23,48.68,49.68,8733.0,1.38,1.01,4.2,3.84,NORMAL_STABLE,UNRESTRICTED_TRANSIT
HYD-BR-01-20260124,BR-01,Saraighat Double-Deck Rail-Road Bridge,Brahmaputra,Assam,2026-01-24T00:00:00,43.15,48.68,49.68,13225.0,0.99,0.71,4.2,3.3,NORMAL_STABLE,UNRESTRICTED_TRANSIT
HYD-BR-01-20260125,BR-01,Saraighat Double-Deck Rail-Road Bridge,Brahmaputra,Assam,2026-01-25T00:00:00,43.55,48.68,49.68,12257.0,1.04,0.83,4.2,4.17,NORMAL_STABLE,UNRESTRICTED_TRANSIT
HYD-BR-01-20260126,BR-01,Saraighat Double-Deck Rail-Road Bridge,Brahmaputra,Assam,2026-01-26T00:00:00,45.75,48.68,49.68,8770.0,1.04,1.28,4.2,3.83,NORMAL_STABLE,UNRESTRICTED_TRANSIT
HYD-BR-01-20260127,BR-01,Saraighat Double-Deck Rail-Road Bridge,Brahmaputra,Assam,2026-01-27T00:00:00,45.07,48.68,49.68,11739.0,2.01,0.81,4.2,1.57,NORMAL_STABLE,UNRESTRICTED_TRANSIT
HYD-BR-01-20260128,BR-01,Saraighat Double-Deck Rail-Road Bridge,Brahmaputra,Assam,2026-01-28T00:00:00,44.01,48.68,49.68,6302.0,1.35,1.3,4.2,2.09,NORMAL_STABLE,UNRESTRICTED_TRANSIT
HYD-BR-01-20260129,BR-01,Saraighat Double-Deck Rail-Road Bridge,Brahmaputra,Assam,2026-01-29T00:00:00,45.83,48.68,49.68,10940.0,2.0,0.8,4.2,2.11,NORMAL_STABLE,UNRESTRICTED_TRANSIT
HYD-BR-01-20260130,BR-01,Saraighat Double-Deck Rail-Road Bridge,Brahmaputra,Assam,2026-01-30T00:00:00,44.35,48.68,49.68,13967.0,1.29,1.46,4.2,4.18,NORMAL_STABLE,UNRESTRICTED_TRANSIT
HYD-BR-01-20260131,BR-01,Saraighat Double-Deck Rail-Road Bridge,Brahmaputra,Assam,2026-01-31T00:00:00,45.65,48.68,49.68,12848.0,0.87,1.43,4.2,4.12,NORMAL_STABLE,UNRESTRICTED_TRANSIT
HYD-BR-01-20260201,BR-01,Saraighat Double-Deck Rail-Road Bridge,Brahmaputra,Assam,2026-02-01T00:00:00,43.29,48.68,49.68,11234.0,2.16,0.34,4.2,2.95,NORMAL_STABLE,UNRESTRICTED_TRANSIT
HYD-BR-01-20260202,BR-01,Saraighat Double-Deck Rail-Road Bridge,Brahmaputra,Assam,2026-02-02T00:00:00,44.6,48.68,49.68,4312.0,2.09,0.54,4.2,3.73,NORMAL_STABLE,UNRESTRICTED_TRANSIT
HYD-BR-01-20260203,BR-01,Saraighat Double-Deck Rail-Road Bridge,Brahmaputra,Assam,2026-02-03T00:00:00,44.87,48.68,49.68,12100.0,1.1,0.55,4.2,1.57,NORMAL_STABLE,UNRESTRICTED_TRANSIT
HYD-BR-01-20260204,BR-01,Saraighat Double-Deck Rail-Road Bridge,Brahmaputra,Assam,2026-02-04T00:00:00,45.24,48.68,49.68,13453.0,1.02,0.79,4.2,2.53,NORMAL_STABLE,UNRESTRICTED_TRANSIT
HYD-BR-01-20260205,BR-01,Saraighat Double-Deck Rail-Road Bridge,Brahmaputra,Assam,2026-02-05T00:00:00,44.17,48.68,49.68,12880.0,1.55,0.84,4.2,3.82,NORMAL_STABLE,UNRESTRICTED_TRANSIT
HYD-BR-01-20260206,BR-01,Saraighat Double-Deck Rail-Road Bridge,Brahmaputra,Assam,2026-02-06T00:00:00,42.81,48.68,49.68,11960.0,1.86,1.07,4.2,3.83,NORMAL_STABLE,UNRESTRICTED_TRANSIT
HYD-BR-01-20260207,BR-01,Saraighat Double-Deck Rail-Road Bridge,Brahmaputra,Assam,2026-02-07T00:00:00,45.65,48.68,49.68,4064.0,1.27,0.5,4.2,2.17,NORMAL_STABLE,UNRESTRICTED_TRANSIT
HYD-BR-01-20260208,BR-01,Saraighat Double-Deck Rail-Road Bridge,Brahmaputra,Assam,2026-02-08T00:00:00,44.06,48.68,49.68,7686.0,1.21,1.5,4.2,3.27,NORMAL_STABLE,UNRESTRICTED_TRANSIT
HYD-BR-01-20260209,BR-01,Saraighat Double-Deck Rail-Road Bridge,Brahmaputra,Assam,2026-02-09T00:00:00,44.92,48.68,49.68,6398.0,1.08,1.36,4.2,4.01,NORMAL_STABLE,UNRESTRICTED_TRANSIT
HYD-BR-01-20260210,BR-01,Saraighat Double-Deck Rail-Road Bridge,Brahmaputra,Assam,2026-02-10T00:00:00,45.9,48.68,49.68,8066.0,1.02,0.65,4.2,3.94,NORMAL_STABLE,UNRESTRICTED_TRANSIT
HYD-BR-01-20260211,BR-01,Saraighat Double-Deck Rail-Road Bridge,Brahmaputra,Assam,2026-02-11T00:00:00,42.86,48.68,49.68,8818.0,1.71,0.87,4.2,2.2,NORMAL_STABLE,UNRESTRICTED_TRANSIT
HYD-BR-01-20260212,BR-01,Saraighat Double-Deck Rail-Road Bridge,Brahmaputra,Assam,2026-02-12T00:00:00,43.98,48.68,49.68,9006.0,1.62,0.55,4.2,3.68,NORMAL_STABLE,UNRESTRICTED_TRANSIT
HYD-BR-01-20260213,BR-01,Saraighat Double-Deck Rail-Road Bridge,Brahmaputra,Assam,2026-02-13T00:00:00,44.35,48.68,49.68,5048.0,1.5,0.62,4.2,2.87,NORMAL_STABLE,UNRESTRICTED_TRANSIT
HYD-BR-01-20260214,BR-01,Saraighat Double-Deck Rail-Road Bridge,Brahmaputra,Assam,2026-02-14T00:00:00,46.18,48.68,49.68,8276.0,1.1,1.25,4.2,2.02,NORMAL_STABLE,UNRESTRICTED_TRANSIT
HYD-BR-01-20260215,BR-01,Saraighat Double-Deck Rail-Road Bridge,Brahmaputra,Assam,2026-02-15T00:00:00,45.63,48.68,49.68,9110.0,1.14,1.21,4.2,3.62,NORMAL_STABLE,UNRESTRICTED_TRANSIT
HYD-BR-01-20260216,BR-01,Saraighat Double-Deck Rail-Road Bridge,Brahmaputra,Assam,2026-02-16T00:00:00,44.19,48.68,49.68,12721.0,1.15,0.38,4.2,2.69,NORMAL_STABLE,UNRESTRICTED_TRANSIT
HYD-BR-01-20260217,BR-01,Saraighat Double-Deck Rail-Road Bridge,Brahmaputra,Assam,2026-02-17T00:00:00,43.58,48.68,49.68,3079.0,1.06,1.46,4.2,1.75,NORMAL_STABLE,UNRESTRICTED_TRANSIT
HYD-BR-01-20260218,BR-01,Saraighat Double-Deck Rail-Road Bridge,Brahmaputra,Assam,2026-02-18T00:00:00,45.94,48.68,49.68,8225.0,0.81,0.81,4.2,1.54,NORMAL_STABLE,UNRESTRICTED_TRANSIT
HYD-BR-01-20260219,BR-01,Saraighat Double-Deck Rail-Road Bridge,Brahmaputra,Assam,2026-02-19T00:00:00,44.92,48.68,49.68,4502.0,0.95,0.58,4.2,1.81,NORMAL_STABLE,UNRESTRICTED_TRANSIT
HYD-BR-01-20260220,BR-01,Saraighat Double-Deck Rail-Road Bridge,Brahmaputra,Assam,2026-02-20T00:00:00,44.47,48.68,49.68,12012.0,1.89,0.35,4.2,2.17,NORMAL_STABLE,UNRESTRICTED_TRANSIT
HYD-BR-01-20260221,BR-01,Saraighat Double-Deck Rail-Road Bridge,Brahmaputra,Assam,2026-02-21T00:00:00,44.33,48.68,49.68,7516.0,0.93,1.26,4.2,3.64,NORMAL_STABLE,UNRESTRICTED_TRANSIT
HYD-BR-01-20260222,BR-01,Saraighat Double-Deck Rail-Road Bridge,Brahmaputra,Assam,2026-02-22T00:00:00,43.94,48.68,49.68,11832.0,1.75,0.83,4.2,3.4,NORMAL_STABLE,UNRESTRICTED_TRANSIT
HYD-BR-01-20260223,BR-01,Saraighat Double-Deck Rail-Road Bridge,Brahmaputra,Assam,2026-02-23T00:00:00,42.7,48.68,49.68,4836.0,1.38,1.19,4.2,3.49,NORMAL_STABLE,UNRESTRICTED_TRANSIT
HYD-BR-01-20260224,BR-01,Saraighat Double-Deck Rail-Road Bridge,Brahmaputra,Assam,2026-02-24T00:00:00,43.05,48.68,49.68,3564.0,1.18,0.92,4.2,2.27,NORMAL_STABLE,UNRESTRICTED_TRANSIT
HYD-BR-01-20260225,BR-01,Saraighat Double-Deck Rail-Road Bridge,Brahmaputra,Assam,2026-02-25T00:00:00,45.31,48.68,49.68,4810.0,1.52,1.04,4.2,1.66,NORMAL_STABLE,UNRESTRICTED_TRANSIT
HYD-BR-01-20260226,BR-01,Saraighat Double-Deck Rail-Road Bridge,Brahmaputra,Assam,2026-02-26T00:00:00,44.08,48.68,49.68,11731.0,2.11,0.45,4.2,3.46,NORMAL_STABLE,UNRESTRICTED_TRANSIT
HYD-BR-01-20260227,BR-01,Saraighat Double-Deck Rail-Road Bridge,Brahmaputra,Assam,2026-02-27T00:00:00,43.32,48.68,49.68,11213.0,1.31,1.32,4.2,2.07,NORMAL_STABLE,UNRESTRICTED_TRANSIT
HYD-BR-01-20260228,BR-01,Saraighat Double-Deck Rail-Road Bridge,Brahmaputra,Assam,2026-02-28T00:00:00,42.73,48.68,49.68,10358.0,1.22,1.39,4.2,3.63,NORMAL_STABLE,UNRESTRICTED_TRANSIT
HYD-BR-01-20260301,BR-01,Saraighat Double-Deck Rail-Road Bridge,Brahmaputra,Assam,2026-03-01T00:00:00,44.5,48.68,49.68,13583.0,1.64,0.68,4.2,1.56,NORMAL_STABLE,UNRESTRICTED_TRANSIT
HYD-BR-01-20260302,BR-01,Saraighat Double-Deck Rail-Road Bridge,Brahmaputra,Assam,2026-03-02T00:00:00,44.38,48.68,49.68,7979.0,1.03,1.24,4.2,2.67,NORMAL_STABLE,UNRESTRICTED_TRANSIT
HYD-BR-01-20260303,BR-01,Saraighat Double-Deck Rail-Road Bridge,Brahmaputra,Assam,2026-03-03T00:00:00,44.16,48.68,49.68,12259.0,1.82,0.5,4.2,2.46,NORMAL_STABLE,UNRESTRICTED_TRANSIT
HYD-BR-01-20260304,BR-01,Saraighat Double-Deck Rail-Road Bridge,Brahmaputra,Assam,2026-03-04T00:00:00,43.39,48.68,49.68,5449.0,1.12,0.45,4.2,1.81,NORMAL_STABLE,UNRESTRICTED_TRANSIT
HYD-BR-01-20260305,BR-01,Saraighat Double-Deck Rail-Road Bridge,Brahmaputra,Assam,2026-03-05T00:00:00,44.4,48.68,49.68,8889.0,1.28,0.67,4.2,1.66,NORMAL_STABLE,UNRESTRICTED_TRANSIT
HYD-BR-01-20260306,BR-01,Saraighat Double-Deck Rail-Road Bridge,Brahmaputra,Assam,2026-03-06T00:00:00,44.62,48.68,49.68,6714.0,2.03,0.41,4.2,3.1,NORMAL_STABLE,UNRESTRICTED_TRANSIT
HYD-BR-01-20260307,BR-01,Saraighat Double-Deck Rail-Road Bridge,Brahmaputra,Assam,2026-03-07T00:00:00,44.12,48.68,49.68,6999.0,0.97,0.36,4.2,3.67,NORMAL_STABLE,UNRESTRICTED_TRANSIT
HYD-BR-01-20260308,BR-01,Saraighat Double-Deck Rail-Road Bridge,Brahmaputra,Assam,2026-03-08T00:00:00,45.79,48.68,49.68,11692.0,1.56,1.04,4.2,1.79,NORMAL_STABLE,UNRESTRICTED_TRANSIT
HYD-BR-01-20260309,BR-01,Saraighat Double-Deck Rail-Road Bridge,Brahmaputra,Assam,2026-03-09T00:00:00,43.29,48.68,49.68,7794.0,2.2,1.38,4.2,2.64,NORMAL_STABLE,UNRESTRICTED_TRANSIT
HYD-BR-01-20260310,BR-01,Saraighat Double-Deck Rail-Road Bridge,Brahmaputra,Assam,2026-03-10T00:00:00,43.07,48.68,49.68,4733.0,1.75,0.56,4.2,3.66,NORMAL_STABLE,UNRESTRICTED_TRANSIT
HYD-BR-01-20260311,BR-01,Saraighat Double-Deck Rail-Road Bridge,Brahmaputra,Assam,2026-03-11T00:00:00,42.84,48.68,49.68,7278.0,1.08,1.07,4.2,2.41,NORMAL_STABLE,UNRESTRICTED_TRANSIT
HYD-BR-01-20260312,BR-01,Saraighat Double-Deck Rail-Road Bridge,Brahmaputra,Assam,2026-03-12T00:00:00,43.7,48.68,49.68,4322.0,1.39,0.54,4.2,3.76,NORMAL_STABLE,UNRESTRICTED_TRANSIT
HYD-BR-01-20260313,BR-01,Saraighat Double-Deck Rail-Road Bridge,Brahmaputra,Assam,2026-03-13T00:00:00,45.94,48.68,49.68,4234.0,1.03,0.68,4.2,3.92,NORMAL_STABLE,UNRESTRICTED_TRANSIT
HYD-BR-01-20260314,BR-01,Saraighat Double-Deck Rail-Road Bridge,Brahmaputra,Assam,2026-03-14T00:00:00,44.32,48.68,49.68,12284.0,1.02,1.02,4.2,2.25,NORMAL_STABLE,UNRESTRICTED_TRANSIT
HYD-BR-01-20260315,BR-01,Saraighat Double-Deck Rail-Road Bridge,Brahmaputra,Assam,2026-03-15T00:00:00,45.02,48.68,49.68,6630.0,1.17,0.58,4.2,1.65,NORMAL_STABLE,UNRESTRICTED_TRANSIT
HYD-BR-01-20260316,BR-01,Saraighat Double-Deck Rail-Road Bridge,Brahmaputra,Assam,2026-03-16T00:00:00,44.34,48.68,49.68,13942.0,2.14,1.16,4.2,3.68,NORMAL_STABLE,UNRESTRICTED_TRANSIT
HYD-BR-01-20260317,BR-01,Saraighat Double-Deck Rail-Road Bridge,Brahmaputra,Assam,2026-03-17T00:00:00,44.43,48.68,49.68,11478.0,2.1,0.98,4.2,3.34,NORMAL_STABLE,UNRESTRICTED_TRANSIT
HYD-BR-01-20260318,BR-01,Saraighat Double-Deck Rail-Road Bridge,Brahmaputra,Assam,2026-03-18T00:00:00,44.88,48.68,49.68,3995.0,1.51,1.36,4.2,2.94,NORMAL_STABLE,UNRESTRICTED_TRANSIT
HYD-BR-01-20260319,BR-01,Saraighat Double-Deck Rail-Road Bridge,Brahmaputra,Assam,2026-03-19T00:00:00,45.6,48.68,49.68,6843.0,1.15,1.43,4.2,3.34,NORMAL_STABLE,UNRESTRICTED_TRANSIT
HYD-BR-01-20260320,BR-01,Saraighat Double-Deck Rail-Road Bridge,Brahmaputra,Assam,2026-03-20T00:00:00,45.32,48.68,49.68,6283.0,1.46,0.33,4.2,1.82,NORMAL_STABLE,UNRESTRICTED_TRANSIT
HYD-BR-01-20260321,BR-01,Saraighat Double-Deck Rail-Road Bridge,Brahmaputra,Assam,2026-03-21T00:00:00,45.32,48.68,49.68,9100.0,1.04,1.45,4.2,2.0,NORMAL_STABLE,UNRESTRICTED_TRANSIT
HYD-BR-01-20260322,BR-01,Saraighat Double-Deck Rail-Road Bridge,Brahmaputra,Assam,2026-03-22T00:00:00,44.27,48.68,49.68,10723.0,1.51,0.98,4.2,2.77,NORMAL_STABLE,UNRESTRICTED_TRANSIT
HYD-BR-01-20260323,BR-01,Saraighat Double-Deck Rail-Road Bridge,Brahmaputra,Assam,2026-03-23T00:00:00,43.73,48.68,49.68,3492.0,1.01,0.69,4.2,2.7,NORMAL_STABLE,UNRESTRICTED_TRANSIT
HYD-BR-01-20260324,BR-01,Saraighat Double-Deck Rail-Road Bridge,Brahmaputra,Assam,2026-03-24T00:00:00,43.02,48.68,49.68,4120.0,1.94,1.27,4.2,2.85,NORMAL_STABLE,UNRESTRICTED_TRANSIT
HYD-BR-01-20260325,BR-01,Saraighat Double-Deck Rail-Road Bridge,Brahmaputra,Assam,2026-03-25T00:00:00,45.82,48.68,49.68,11822.0,1.96,0.3,4.2,4.16,NORMAL_STABLE,UNRESTRICTED_TRANSIT
HYD-BR-01-20260326,BR-01,Saraighat Double-Deck Rail-Road Bridge,Brahmaputra,Assam,2026-03-26T00:00:00,46.14,48.68,49.68,3418.0,0.97,1.5,4.2,3.16,NORMAL_STABLE,UNRESTRICTED_TRANSIT
HYD-BR-01-20260327,BR-01,Saraighat Double-Deck Rail-Road Bridge,Brahmaputra,Assam,2026-03-27T00:00:00,45.36,48.68,49.68,4548.0,1.59,0.98,4.2,3.98,NORMAL_STABLE,UNRESTRICTED_TRANSIT
HYD-BR-01-20260328,BR-01,Saraighat Double-Deck Rail-Road Bridge,Brahmaputra,Assam,2026-03-28T00:00:00,43.31,48.68,49.68,12270.0,2.07,1.38,4.2,2.73,NORMAL_STABLE,UNRESTRICTED_TRANSIT
HYD-BR-01-20260329,BR-01,Saraighat Double-Deck Rail-Road Bridge,Brahmaputra,Assam,2026-03-29T00:00:00,42.99,48.68,49.68,3583.0,1.99,1.15,4.2,3.23,NORMAL_STABLE,UNRESTRICTED_TRANSIT
HYD-BR-01-20260330,BR-01,Saraighat Double-Deck Rail-Road Bridge,Brahmaputra,Assam,2026-03-30T00:00:00,42.87,48.68,49.68,10270.0,1.21,0.76,4.2,3.72,NORMAL_STABLE,UNRESTRICTED_TRANSIT
HYD-BR-01-20260331,BR-01,Saraighat Double-Deck Rail-Road Bridge,Brahmaputra,Assam,2026-03-31T00:00:00,44.15,48.68,49.68,12371.0,1.53,1.23,4.2,3.97,NORMAL_STABLE,UNRESTRICTED_TRANSIT
HYD-BR-01-20260401,BR-01,Saraighat Double-Deck Rail-Road Bridge,Brahmaputra,Assam,2026-04-01T00:00:00,45.11,48.68,49.68,10909.0,1.22,0.9,4.2,1.65,NORMAL_STABLE,UNRESTRICTED_TRANSIT
HYD-BR-01-20260402,BR-01,Saraighat Double-Deck Rail-Road Bridge,Brahmaputra,Assam,2026-04-02T00:00:00,44.94,48.68,49.68,11691.0,1.81,0.9,4.2,3.21,NORMAL_STABLE,UNRESTRICTED_TRANSIT
HYD-BR-01-20260403,BR-01,Saraighat Double-Deck Rail-Road Bridge,Brahmaputra,Assam,2026-04-03T00:00:00,44.47,48.68,49.68,6981.0,2.13,1.47,4.2,4.13,NORMAL_STABLE,UNRESTRICTED_TRANSIT
HYD-BR-01-20260404,BR-01,Saraighat Double-Deck Rail-Road Bridge,Brahmaputra,Assam,2026-04-04T00:00:00,43.52,48.68,49.68,6614.0,1.06,0.42,4.2,2.48,NORMAL_STABLE,UNRESTRICTED_TRANSIT
HYD-BR-01-20260405,BR-01,Saraighat Double-Deck Rail-Road Bridge,Brahmaputra,Assam,2026-04-05T00:00:00,43.95,48.68,49.68,4080.0,1.72,1.22,4.2,3.49,NORMAL_STABLE,UNRESTRICTED_TRANSIT
HYD-BR-01-20260406,BR-01,Saraighat Double-Deck Rail-Road Bridge,Brahmaputra,Assam,2026-04-06T00:00:00,44.04,48.68,49.68,10102.0,1.72,0.38,4.2,2.82,NORMAL_STABLE,UNRESTRICTED_TRANSIT
HYD-BR-01-20260407,BR-01,Saraighat Double-Deck Rail-Road Bridge,Brahmaputra,Assam,2026-04-07T00:00:00,45.58,48.68,49.68,9886.0,2.16,1.09,4.2,3.1,NORMAL_STABLE,UNRESTRICTED_TRANSIT
HYD-BR-01-20260408,BR-01,Saraighat Double-Deck Rail-Road Bridge,Brahmaputra,Assam,2026-04-08T00:00:00,43.27,48.68,49.68,8208.0,1.93,0.32,4.2,1.5,NORMAL_STABLE,UNRESTRICTED_TRANSIT
HYD-BR-01-20260409,BR-01,Saraighat Double-Deck Rail-Road Bridge,Brahmaputra,Assam,2026-04-09T00:00:00,44.37,48.68,49.68,13546.0,1.38,1.19,4.2,1.66,NORMAL_STABLE,UNRESTRICTED_TRANSIT
HYD-BR-01-20260410,BR-01,Saraighat Double-Deck Rail-Road Bridge,Brahmaputra,Assam,2026-04-10T00:00:00,43.47,48.68,49.68,11927.0,1.41,0.85,4.2,3.45,NORMAL_STABLE,UNRESTRICTED_TRANSIT
HYD-BR-01-20260411,BR-01,Saraighat Double-Deck Rail-Road Bridge,Brahmaputra,Assam,2026-04-11T00:00:00,43.78,48.68,49.68,10719.0,1.11,1.16,4.2,2.77,NORMAL_STABLE,UNRESTRICTED_TRANSIT
HYD-BR-01-20260412,BR-01,Saraighat Double-Deck Rail-Road Bridge,Brahmaputra,Assam,2026-04-12T00:00:00,46.14,48.68,49.68,10486.0,1.16,0.36,4.2,2.5,NORMAL_STABLE,UNRESTRICTED_TRANSIT
HYD-BR-01-20260413,BR-01,Saraighat Double-Deck Rail-Road Bridge,Brahmaputra,Assam,2026-04-13T00:00:00,44.73,48.68,49.68,7498.0,1.45,1.09,4.2,3.38,NORMAL_STABLE,UNRESTRICTED_TRANSIT
HYD-BR-01-20260414,BR-01,Saraighat Double-Deck Rail-Road Bridge,Brahmaputra,Assam,2026-04-14T00:00:00,43.78,48.68,49.68,6225.0,1.59,0.86,4.2,2.82,NORMAL_STABLE,UNRESTRICTED_TRANSIT
HYD-BR-01-20260415,BR-01,Saraighat Double-Deck Rail-Road Bridge,Brahmaputra,Assam,2026-04-15T00:00:00,43.63,48.68,49.68,12166.0,1.17,1.39,4.2,2.29,NORMAL_STABLE,UNRESTRICTED_TRANSIT
HYD-BR-01-20260416,BR-01,Saraighat Double-Deck Rail-Road Bridge,Brahmaputra,Assam,2026-04-16T00:00:00,45.15,48.68,49.68,9660.0,2.14,1.33,4.2,2.47,NORMAL_STABLE,UNRESTRICTED_TRANSIT
HYD-BR-01-20260417,BR-01,Saraighat Double-Deck Rail-Road Bridge,Brahmaputra,Assam,2026-04-17T00:00:00,45.77,48.68,49.68,8042.0,1.03,1.21,4.2,2.86,NORMAL_STABLE,UNRESTRICTED_TRANSIT
HYD-BR-01-20260418,BR-01,Saraighat Double-Deck Rail-Road Bridge,Brahmaputra,Assam,2026-04-18T00:00:00,45.99,48.68,49.68,4292.0,1.91,0.63,4.2,1.91,NORMAL_STABLE,UNRESTRICTED_TRANSIT
HYD-BR-01-20260419,BR-01,Saraighat Double-Deck Rail-Road Bridge,Brahmaputra,Assam,2026-04-19T00:00:00,43.45,48.68,49.68,9399.0,0.94,1.27,4.2,2.02,NORMAL_STABLE,UNRESTRICTED_TRANSIT
HYD-BR-01-20260420,BR-01,Saraighat Double-Deck Rail-Road Bridge,Brahmaputra,Assam,2026-04-20T00:00:00,42.88,48.68,49.68,5717.0,1.38,0.36,4.2,2.14,NORMAL_STABLE,UNRESTRICTED_TRANSIT
HYD-BR-01-20260421,BR-01,Saraighat Double-Deck Rail-Road Bridge,Brahmaputra,Assam,2026-04-21T00:00:00,43.71,48.68,49.68,10754.0,1.4,1.47,4.2,2.12,NORMAL_STABLE,UNRESTRICTED_TRANSIT
HYD-BR-01-20260422,BR-01,Saraighat Double-Deck Rail-Road Bridge,Brahmaputra,Assam,2026-04-22T00:00:00,43.63,48.68,49.68,9266.0,1.82,0.75,4.2,1.58,NORMAL_STABLE,UNRESTRICTED_TRANSIT
HYD-BR-01-20260423,BR-01,Saraighat Double-Deck Rail-Road Bridge,Brahmaputra,Assam,2026-04-23T00:00:00,45.26,48.68,49.68,5569.0,2.0,0.52,4.2,2.45,NORMAL_STABLE,UNRESTRICTED_TRANSIT
HYD-BR-01-20260424,BR-01,Saraighat Double-Deck Rail-Road Bridge,Brahmaputra,Assam,2026-04-24T00:00:00,43.17,48.68,49.68,6728.0,0.91,1.05,4.2,3.61,NORMAL_STABLE,UNRESTRICTED_TRANSIT
HYD-BR-01-20260425,BR-01,Saraighat Double-Deck Rail-Road Bridge,Brahmaputra,Assam,2026-04-25T00:00:00,46.08,48.68,49.68,10432.0,2.19,0.96,4.2,1.99,NORMAL_STABLE,UNRESTRICTED_TRANSIT
HYD-BR-01-20260426,BR-01,Saraighat Double-Deck Rail-Road Bridge,Brahmaputra,Assam,2026-04-26T00:00:00,42.96,48.68,49.68,3908.0,2.0,1.16,4.2,3.48,NORMAL_STABLE,UNRESTRICTED_TRANSIT
HYD-BR-01-20260427,BR-01,Saraighat Double-Deck Rail-Road Bridge,Brahmaputra,Assam,2026-04-27T00:00:00,45.57,48.68,49.68,9775.0,1.06,1.2,4.2,3.35,NORMAL_STABLE,UNRESTRICTED_TRANSIT
HYD-BR-01-20260428,BR-01,Saraighat Double-Deck Rail-Road Bridge,Brahmaputra,Assam,2026-04-28T00:00:00,45.29,48.68,49.68,9231.0,0.83,1.27,4.2,1.52,NORMAL_STABLE,UNRESTRICTED_TRANSIT
HYD-BR-01-20260429,BR-01,Saraighat Double-Deck Rail-Road Bridge,Brahmaputra,Assam,2026-04-29T00:00:00,45.42,48.68,49.68,13957.0,1.09,0.73,4.2,2.65,NORMAL_STABLE,UNRESTRICTED_TRANSIT
HYD-BR-01-20260430,BR-01,Saraighat Double-Deck Rail-Road Bridge,Brahmaputra,Assam,2026-04-30T00:00:00,45.14,48.68,49.68,4093.0,1.54,0.62,4.2,1.51,NORMAL_STABLE,UNRESTRICTED_TRANSIT
HYD-BR-01-20260501,BR-01,Saraighat Double-Deck Rail-Road Bridge,Brahmaputra,Assam,2026-05-01T00:00:00,43.34,48.68,49.68,7492.0,1.81,0.74,4.2,2.76,NORMAL_STABLE,UNRESTRICTED_TRANSIT
HYD-BR-01-20260502,BR-01,Saraighat Double-Deck Rail-Road Bridge,Brahmaputra,Assam,2026-05-02T00:00:00,45.35,48.68,49.68,3281.0,1.29,0.4,4.2,2.92,NORMAL_STABLE,UNRESTRICTED_TRANSIT
HYD-BR-01-20260503,BR-01,Saraighat Double-Deck Rail-Road Bridge,Brahmaputra,Assam,2026-05-03T00:00:00,45.56,48.68,49.68,9510.0,2.0,0.35,4.2,3.05,NORMAL_STABLE,UNRESTRICTED_TRANSIT
HYD-BR-01-20260504,BR-01,Saraighat Double-Deck Rail-Road Bridge,Brahmaputra,Assam,2026-05-04T00:00:00,46.02,48.68,49.68,12031.0,1.92,0.86,4.2,2.38,NORMAL_STABLE,UNRESTRICTED_TRANSIT
HYD-BR-01-20260505,BR-01,Saraighat Double-Deck Rail-Road Bridge,Brahmaputra,Assam,2026-05-05T00:00:00,43.25,48.68,49.68,6193.0,1.83,0.5,4.2,2.61,NORMAL_STABLE,UNRESTRICTED_TRANSIT
HYD-BR-01-20260506,BR-01,Saraighat Double-Deck Rail-Road Bridge,Brahmaputra,Assam,2026-05-06T00:00:00,44.97,48.68,49.68,7258.0,1.23,1.38,4.2,2.36,NORMAL_STABLE,UNRESTRICTED_TRANSIT
HYD-BR-01-20260507,BR-01,Saraighat Double-Deck Rail-Road Bridge,Brahmaputra,Assam,2026-05-07T00:00:00,43.74,48.68,49.68,13059.0,1.68,0.61,4.2,1.55,NORMAL_STABLE,UNRESTRICTED_TRANSIT
HYD-BR-01-20260508,BR-01,Saraighat Double-Deck Rail-Road Bridge,Brahmaputra,Assam,2026-05-08T00:00:00,45.29,48.68,49.68,7518.0,1.68,0.7,4.2,1.76,NORMAL_STABLE,UNRESTRICTED_TRANSIT
HYD-BR-01-20260509,BR-01,Saraighat Double-Deck Rail-Road Bridge,Brahmaputra,Assam,2026-05-09T00:00:00,43.83,48.68,49.68,7753.0,2.17,0.33,4.2,2.43,NORMAL_STABLE,UNRESTRICTED_TRANSIT
HYD-BR-01-20260510,BR-01,Saraighat Double-Deck Rail-Road Bridge,Brahmaputra,Assam,2026-05-10T00:00:00,43.87,48.68,49.68,10745.0,1.47,1.48,4.2,2.41,NORMAL_STABLE,UNRESTRICTED_TRANSIT
HYD-BR-01-20260511,BR-01,Saraighat Double-Deck Rail-Road Bridge,Brahmaputra,Assam,2026-05-11T00:00:00,44.08,48.68,49.68,5201.0,1.02,1.39,4.2,3.55,NORMAL_STABLE,UNRESTRICTED_TRANSIT
HYD-BR-01-20260512,BR-01,Saraighat Double-Deck Rail-Road Bridge,Brahmaputra,Assam,2026-05-12T00:00:00,43.0,48.68,49.68,3809.0,2.18,0.94,4.2,1.56,NORMAL_STABLE,UNRESTRICTED_TRANSIT
HYD-BR-01-20260513,BR-01,Saraighat Double-Deck Rail-Road Bridge,Brahmaputra,Assam,2026-05-13T00:00:00,43.72,48.68,49.68,12316.0,1.46,0.47,4.2,2.95,NORMAL_STABLE,UNRESTRICTED_TRANSIT
HYD-BR-01-20260514,BR-01,Saraighat Double-Deck Rail-Road Bridge,Brahmaputra,Assam,2026-05-14T00:00:00,45.58,48.68,49.68,13129.0,0.82,0.55,4.2,2.6,NORMAL_STABLE,UNRESTRICTED_TRANSIT
HYD-BR-01-20260515,BR-01,Saraighat Double-Deck Rail-Road Bridge,Brahmaputra,Assam,2026-05-15T00:00:00,42.81,48.68,49.68,5357.0,0.95,1.29,4.2,3.74,NORMAL_STABLE,UNRESTRICTED_TRANSIT
HYD-BR-01-20260516,BR-01,Saraighat Double-Deck Rail-Road Bridge,Brahmaputra,Assam,2026-05-16T00:00:00,45.54,48.68,49.68,11342.0,1.8,0.31,4.2,3.35,NORMAL_STABLE,UNRESTRICTED_TRANSIT
HYD-BR-01-20260517,BR-01,Saraighat Double-Deck Rail-Road Bridge,Brahmaputra,Assam,2026-05-17T00:00:00,43.65,48.68,49.68,3353.0,1.13,1.06,4.2,4.15,NORMAL_STABLE,UNRESTRICTED_TRANSIT
HYD-BR-01-20260518,BR-01,Saraighat Double-Deck Rail-Road Bridge,Brahmaputra,Assam,2026-05-18T00:00:00,42.78,48.68,49.68,11375.0,1.44,1.17,4.2,1.96,NORMAL_STABLE,UNRESTRICTED_TRANSIT
HYD-BR-01-20260519,BR-01,Saraighat Double-Deck Rail-Road Bridge,Brahmaputra,Assam,2026-05-19T00:00:00,44.54,48.68,49.68,11248.0,1.87,0.78,4.2,2.02,NORMAL_STABLE,UNRESTRICTED_TRANSIT
HYD-BR-01-20260520,BR-01,Saraighat Double-Deck Rail-Road Bridge,Brahmaputra,Assam,2026-05-20T00:00:00,43.15,48.68,49.68,10960.0,0.83,1.28,4.2,2.7,NORMAL_STABLE,UNRESTRICTED_TRANSIT
HYD-BR-01-20260521,BR-01,Saraighat Double-Deck Rail-Road Bridge,Brahmaputra,Assam,2026-05-21T00:00:00,44.35,48.68,49.68,4886.0,1.87,1.42,4.2,1.83,NORMAL_STABLE,UNRESTRICTED_TRANSIT
HYD-BR-01-20260522,BR-01,Saraighat Double-Deck Rail-Road Bridge,Brahmaputra,Assam,2026-05-22T00:00:00,44.57,48.68,49.68,11211.0,1.11,1.49,4.2,3.45,NORMAL_STABLE,UNRESTRICTED_TRANSIT
HYD-BR-01-20260523,BR-01,Saraighat Double-Deck Rail-Road Bridge,Brahmaputra,Assam,2026-05-23T00:00:00,44.78,48.68,49.68,8125.0,1.12,0.78,4.2,2.11,NORMAL_STABLE,UNRESTRICTED_TRANSIT
HYD-BR-01-20260524,BR-01,Saraighat Double-Deck Rail-Road Bridge,Brahmaputra,Assam,2026-05-24T00:00:00,44.84,48.68,49.68,9281.0,2.08,0.52,4.2,4.09,NORMAL_STABLE,UNRESTRICTED_TRANSIT
HYD-BR-01-20260525,BR-01,Saraighat Double-Deck Rail-Road Bridge,Brahmaputra,Assam,2026-05-25T00:00:00,42.74,48.68,49.68,12799.0,1.72,1.24,4.2,2.16,NORMAL_STABLE,UNRESTRICTED_TRANSIT
HYD-BR-01-20260526,BR-01,Saraighat Double-Deck Rail-Road Bridge,Brahmaputra,Assam,2026-05-26T00:00:00,43.6,48.68,49.68,3548.0,1.89,1.08,4.2,3.88,NORMAL_STABLE,UNRESTRICTED_TRANSIT
HYD-BR-01-20260527,BR-01,Saraighat Double-Deck Rail-Road Bridge,Brahmaputra,Assam,2026-05-27T00:00:00,45.29,48.68,49.68,10563.0,1.68,0.58,4.2,2.86,NORMAL_STABLE,UNRESTRICTED_TRANSIT
HYD-BR-01-20260528,BR-01,Saraighat Double-Deck Rail-Road Bridge,Brahmaputra,Assam,2026-05-28T00:00:00,45.58,48.68,49.68,8939.0,1.89,1.12,4.2,2.88,NORMAL_STABLE,UNRESTRICTED_TRANSIT
HYD-BR-01-20260529,BR-01,Saraighat Double-Deck Rail-Road Bridge,Brahmaputra,Assam,2026-05-29T00:00:00,44.48,48.68,49.68,6940.0,1.92,1.01,4.2,1.71,NORMAL_STABLE,UNRESTRICTED_TRANSIT
HYD-BR-01-20260530,BR-01,Saraighat Double-Deck Rail-Road Bridge,Brahmaputra,Assam,2026-05-30T00:00:00,46.16,48.68,49.68,8346.0,1.68,1.19,4.2,3.88,NORMAL_STABLE,UNRESTRICTED_TRANSIT
HYD-BR-01-20260531,BR-01,Saraighat Double-Deck Rail-Road Bridge,Brahmaputra,Assam,2026-05-31T00:00:00,46.05,48.68,49.68,8284.0,1.47,1.07,4.2,2.72,NORMAL_STABLE,UNRESTRICTED_TRANSIT
HYD-BR-02-20250601,BR-02,Bogibeel Rail-cum-Road Combined Bridge,Brahmaputra,Assam,2025-06-01T00:00:00,104.7,104.5,105.7,32337.0,5.84,2.68,4.2,7.93,HIGH_STRESS_MONITORING,SPEED_LIMIT_15KMH_SINGLE_CONVOY
HYD-BR-02-20250602,BR-02,Bogibeel Rail-cum-Road Combined Bridge,Brahmaputra,Assam,2025-06-02T00:00:00,106.31,104.5,105.7,55428.0,5.38,4.41,4.2,6.7,CRITICAL_PIER_EROSION,CLOSED_EMERGENCY_DIVERSION
HYD-BR-02-20250603,BR-02,Bogibeel Rail-cum-Road Combined Bridge,Brahmaputra,Assam,2025-06-03T00:00:00,103.86,104.5,105.7,42562.0,3.57,1.66,4.2,12.74,NORMAL_STABLE,UNRESTRICTED_TRANSIT
HYD-BR-02-20250604,BR-02,Bogibeel Rail-cum-Road Combined Bridge,Brahmaputra,Assam,2025-06-04T00:00:00,105.25,104.5,105.7,50884.0,2.85,2.98,4.2,11.6,HIGH_STRESS_MONITORING,SPEED_LIMIT_15KMH_SINGLE_CONVOY
HYD-BR-02-20250605,BR-02,Bogibeel Rail-cum-Road Combined Bridge,Brahmaputra,Assam,2025-06-05T00:00:00,103.38,104.5,105.7,64728.0,4.52,1.73,4.2,7.12,NORMAL_STABLE,UNRESTRICTED_TRANSIT
HYD-BR-02-20250606,BR-02,Bogibeel Rail-cum-Road Combined Bridge,Brahmaputra,Assam,2025-06-06T00:00:00,106.22,104.5,105.7,50049.0,3.88,3.29,4.2,12.77,CRITICAL_PIER_EROSION,CLOSED_EMERGENCY_DIVERSION
HYD-BR-02-20250607,BR-02,Bogibeel Rail-cum-Road Combined Bridge,Brahmaputra,Assam,2025-06-07T00:00:00,103.74,104.5,105.7,31210.0,5.49,2.92,4.2,7.92,MODERATE_SCOUR,CAUTION_NO_OVERWEIGHT_FREIGHT
HYD-BR-02-20250608,BR-02,Bogibeel Rail-cum-Road Combined Bridge,Brahmaputra,Assam,2025-06-08T00:00:00,104.87,104.5,105.7,29199.0,5.32,1.5,4.2,11.67,HIGH_STRESS_MONITORING,SPEED_LIMIT_15KMH_SINGLE_CONVOY
HYD-BR-02-20250609,BR-02,Bogibeel Rail-cum-Road Combined Bridge,Brahmaputra,Assam,2025-06-09T00:00:00,103.17,104.5,105.7,46798.0,3.41,3.05,4.2,12.8,HIGH_STRESS_MONITORING,SPEED_LIMIT_15KMH_SINGLE_CONVOY
HYD-BR-02-20250610,BR-02,Bogibeel Rail-cum-Road Combined Bridge,Brahmaputra,Assam,2025-06-10T00:00:00,105.45,104.5,105.7,21414.0,4.44,2.58,4.2,8.58,HIGH_STRESS_MONITORING,SPEED_LIMIT_15KMH_SINGLE_CONVOY
HYD-BR-02-20250611,BR-02,Bogibeel Rail-cum-Road Combined Bridge,Brahmaputra,Assam,2025-06-11T00:00:00,106.57,104.5,105.7,18951.0,3.73,4.08,4.2,12.11,CRITICAL_PIER_EROSION,CLOSED_EMERGENCY_DIVERSION
HYD-BR-02-20250612,BR-02,Bogibeel Rail-cum-Road Combined Bridge,Brahmaputra,Assam,2025-06-12T00:00:00,105.18,104.5,105.7,29195.0,2.6,1.76,4.2,5.5,HIGH_STRESS_MONITORING,SPEED_LIMIT_15KMH_SINGLE_CONVOY
HYD-BR-02-20250613,BR-02,Bogibeel Rail-cum-Road Combined Bridge,Brahmaputra,Assam,2025-06-13T00:00:00,104.33,104.5,105.7,64989.0,5.22,4.13,4.2,6.16,HIGH_STRESS_MONITORING,SPEED_LIMIT_15KMH_SINGLE_CONVOY
HYD-BR-02-20250614,BR-02,Bogibeel Rail-cum-Road Combined Bridge,Brahmaputra,Assam,2025-06-14T00:00:00,105.17,104.5,105.7,29147.0,5.22,2.18,4.2,12.61,HIGH_STRESS_MONITORING,SPEED_LIMIT_15KMH_SINGLE_CONVOY
HYD-BR-02-20250615,BR-02,Bogibeel Rail-cum-Road Combined Bridge,Brahmaputra,Assam,2025-06-15T00:00:00,104.25,104.5,105.7,46557.0,5.01,3.12,4.2,4.67,HIGH_STRESS_MONITORING,SPEED_LIMIT_15KMH_SINGLE_CONVOY
HYD-BR-02-20250616,BR-02,Bogibeel Rail-cum-Road Combined Bridge,Brahmaputra,Assam,2025-06-16T00:00:00,104.12,104.5,105.7,26834.0,4.04,4.42,4.2,6.43,CRITICAL_PIER_EROSION,CLOSED_EMERGENCY_DIVERSION
HYD-BR-02-20250617,BR-02,Bogibeel Rail-cum-Road Combined Bridge,Brahmaputra,Assam,2025-06-17T00:00:00,104.32,104.5,105.7,59412.0,4.3,1.31,4.2,8.74,NORMAL_STABLE,UNRESTRICTED_TRANSIT
HYD-BR-02-20250618,BR-02,Bogibeel Rail-cum-Road Combined Bridge,Brahmaputra,Assam,2025-06-18T00:00:00,105.38,104.5,105.7,16340.0,5.08,4.09,4.2,5.58,HIGH_STRESS_MONITORING,SPEED_LIMIT_15KMH_SINGLE_CONVOY
HYD-BR-02-20250619,BR-02,Bogibeel Rail-cum-Road Combined Bridge,Brahmaputra,Assam,2025-06-19T00:00:00,103.76,104.5,105.7,32414.0,4.3,3.56,4.2,7.65,HIGH_STRESS_MONITORING,SPEED_LIMIT_15KMH_SINGLE_CONVOY
HYD-BR-02-20250620,BR-02,Bogibeel Rail-cum-Road Combined Bridge,Brahmaputra,Assam,2025-06-20T00:00:00,103.7,104.5,105.7,15471.0,5.64,2.3,4.2,12.57,MODERATE_SCOUR,CAUTION_NO_OVERWEIGHT_FREIGHT
HYD-BR-02-20250621,BR-02,Bogibeel Rail-cum-Road Combined Bridge,Brahmaputra,Assam,2025-06-21T00:00:00,105.78,104.5,105.7,59092.0,3.8,1.75,4.2,4.7,CRITICAL_PIER_EROSION,CLOSED_EMERGENCY_DIVERSION
HYD-BR-02-20250622,BR-02,Bogibeel Rail-cum-Road Combined Bridge,Brahmaputra,Assam,2025-06-22T00:00:00,103.23,104.5,105.7,22663.0,3.55,2.2,4.2,11.69,MODERATE_SCOUR,CAUTION_NO_OVERWEIGHT_FREIGHT
HYD-BR-02-20250623,BR-02,Bogibeel Rail-cum-Road Combined Bridge,Brahmaputra,Assam,2025-06-23T00:00:00,103.1,104.5,105.7,18647.0,3.61,3.64,4.2,5.98,HIGH_STRESS_MONITORING,SPEED_LIMIT_15KMH_SINGLE_CONVOY
HYD-BR-02-20250624,BR-02,Bogibeel Rail-cum-Road Combined Bridge,Brahmaputra,Assam,2025-06-24T00:00:00,104.04,104.5,105.7,60362.0,5.56,4.24,4.2,11.64,CRITICAL_PIER_EROSION,CLOSED_EMERGENCY_DIVERSION
HYD-BR-02-20250625,BR-02,Bogibeel Rail-cum-Road Combined Bridge,Brahmaputra,Assam,2025-06-25T00:00:00,106.6,104.5,105.7,37513.0,4.28,3.45,4.2,10.87,CRITICAL_PIER_EROSION,CLOSED_EMERGENCY_DIVERSION
HYD-BR-02-20250626,BR-02,Bogibeel Rail-cum-Road Combined Bridge,Brahmaputra,Assam,2025-06-26T00:00:00,106.2,104.5,105.7,23920.0,5.18,1.47,4.2,8.4,CRITICAL_PIER_EROSION,CLOSED_EMERGENCY_DIVERSION
HYD-BR-02-20250627,BR-02,Bogibeel Rail-cum-Road Combined Bridge,Brahmaputra,Assam,2025-06-27T00:00:00,103.87,104.5,105.7,26778.0,4.84,4.22,4.2,12.26,CRITICAL_PIER_EROSION,CLOSED_EMERGENCY_DIVERSION
HYD-BR-02-20250628,BR-02,Bogibeel Rail-cum-Road Combined Bridge,Brahmaputra,Assam,2025-06-28T00:00:00,105.38,104.5,105.7,25965.0,2.95,1.31,4.2,7.22,HIGH_STRESS_MONITORING,SPEED_LIMIT_15KMH_SINGLE_CONVOY
HYD-BR-02-20250629,BR-02,Bogibeel Rail-cum-Road Combined Bridge,Brahmaputra,Assam,2025-06-29T00:00:00,106.07,104.5,105.7,39592.0,4.49,3.27,4.2,12.11,CRITICAL_PIER_EROSION,CLOSED_EMERGENCY_DIVERSION
HYD-BR-02-20250630,BR-02,Bogibeel Rail-cum-Road Combined Bridge,Brahmaputra,Assam,2025-06-30T00:00:00,105.49,104.5,105.7,34970.0,2.72,2.04,4.2,7.75,HIGH_STRESS_MONITORING,SPEED_LIMIT_15KMH_SINGLE_CONVOY
HYD-BR-02-20250701,BR-02,Bogibeel Rail-cum-Road Combined Bridge,Brahmaputra,Assam,2025-07-01T00:00:00,104.34,104.5,105.7,47056.0,5.46,1.81,4.2,9.64,NORMAL_STABLE,UNRESTRICTED_TRANSIT
HYD-BR-02-20250702,BR-02,Bogibeel Rail-cum-Road Combined Bridge,Brahmaputra,Assam,2025-07-02T00:00:00,105.87,104.5,105.7,33707.0,4.48,1.59,4.2,10.34,CRITICAL_PIER_EROSION,CLOSED_EMERGENCY_DIVERSION
HYD-BR-02-20250703,BR-02,Bogibeel Rail-cum-Road Combined Bridge,Brahmaputra,Assam,2025-07-03T00:00:00,104.71,104.5,105.7,50770.0,5.11,1.87,4.2,11.17,HIGH_STRESS_MONITORING,SPEED_LIMIT_15KMH_SINGLE_CONVOY
HYD-BR-02-20250704,BR-02,Bogibeel Rail-cum-Road Combined Bridge,Brahmaputra,Assam,2025-07-04T00:00:00,103.01,104.5,105.7,18513.0,3.07,3.71,4.2,12.06,HIGH_STRESS_MONITORING,SPEED_LIMIT_15KMH_SINGLE_CONVOY
HYD-BR-02-20250705,BR-02,Bogibeel Rail-cum-Road Combined Bridge,Brahmaputra,Assam,2025-07-05T00:00:00,106.64,104.5,105.7,60071.0,2.87,3.66,4.2,10.13,CRITICAL_PIER_EROSION,CLOSED_EMERGENCY_DIVERSION
HYD-BR-02-20250706,BR-02,Bogibeel Rail-cum-Road Combined Bridge,Brahmaputra,Assam,2025-07-06T00:00:00,106.26,104.5,105.7,24207.0,3.65,1.25,4.2,6.36,CRITICAL_PIER_EROSION,CLOSED_EMERGENCY_DIVERSION
HYD-BR-02-20250707,BR-02,Bogibeel Rail-cum-Road Combined Bridge,Brahmaputra,Assam,2025-07-07T00:00:00,103.36,104.5,105.7,25080.0,4.31,4.69,4.2,8.88,CRITICAL_PIER_EROSION,CLOSED_EMERGENCY_DIVERSION
HYD-BR-02-20250708,BR-02,Bogibeel Rail-cum-Road Combined Bridge,Brahmaputra,Assam,2025-07-08T00:00:00,105.77,104.5,105.7,40969.0,5.76,3.14,4.2,7.79,CRITICAL_PIER_EROSION,CLOSED_EMERGENCY_DIVERSION
HYD-BR-02-20250709,BR-02,Bogibeel Rail-cum-Road Combined Bridge,Brahmaputra,Assam,2025-07-09T00:00:00,106.04,104.5,105.7,36608.0,5.52,2.17,4.2,7.62,CRITICAL_PIER_EROSION,CLOSED_EMERGENCY_DIVERSION
HYD-BR-02-20250710,BR-02,Bogibeel Rail-cum-Road Combined Bridge,Brahmaputra,Assam,2025-07-10T00:00:00,103.72,104.5,105.7,39570.0,4.82,4.53,4.2,7.12,CRITICAL_PIER_EROSION,CLOSED_EMERGENCY_DIVERSION
HYD-BR-02-20250711,BR-02,Bogibeel Rail-cum-Road Combined Bridge,Brahmaputra,Assam,2025-07-11T00:00:00,106.68,104.5,105.7,17825.0,3.36,4.39,4.2,7.79,CRITICAL_PIER_EROSION,CLOSED_EMERGENCY_DIVERSION
HYD-BR-02-20250712,BR-02,Bogibeel Rail-cum-Road Combined Bridge,Brahmaputra,Assam,2025-07-12T00:00:00,105.69,104.5,105.7,50057.0,3.65,3.6,4.2,11.23,HIGH_STRESS_MONITORING,SPEED_LIMIT_15KMH_SINGLE_CONVOY
HYD-BR-02-20250713,BR-02,Bogibeel Rail-cum-Road Combined Bridge,Brahmaputra,Assam,2025-07-13T00:00:00,103.35,104.5,105.7,21591.0,4.84,3.05,4.2,11.9,HIGH_STRESS_MONITORING,SPEED_LIMIT_15KMH_SINGLE_CONVOY
HYD-BR-02-20250714,BR-02,Bogibeel Rail-cum-Road Combined Bridge,Brahmaputra,Assam,2025-07-14T00:00:00,105.85,104.5,105.7,56915.0,5.1,2.89,4.2,6.7,CRITICAL_PIER_EROSION,CLOSED_EMERGENCY_DIVERSION
HYD-BR-02-20250715,BR-02,Bogibeel Rail-cum-Road Combined Bridge,Brahmaputra,Assam,2025-07-15T00:00:00,103.56,104.5,105.7,39438.0,4.65,4.33,4.2,12.7,CRITICAL_PIER_EROSION,CLOSED_EMERGENCY_DIVERSION
HYD-BR-02-20250716,BR-02,Bogibeel Rail-cum-Road Combined Bridge,Brahmaputra,Assam,2025-07-16T00:00:00,105.81,104.5,105.7,24083.0,4.72,1.43,4.2,4.59,CRITICAL_PIER_EROSION,CLOSED_EMERGENCY_DIVERSION
HYD-BR-02-20250717,BR-02,Bogibeel Rail-cum-Road Combined Bridge,Brahmaputra,Assam,2025-07-17T00:00:00,105.6,104.5,105.7,61196.0,5.81,3.12,4.2,12.16,HIGH_STRESS_MONITORING,SPEED_LIMIT_15KMH_SINGLE_CONVOY
HYD-BR-02-20250718,BR-02,Bogibeel Rail-cum-Road Combined Bridge,Brahmaputra,Assam,2025-07-18T00:00:00,105.27,104.5,105.7,29894.0,5.07,3.16,4.2,4.71,HIGH_STRESS_MONITORING,SPEED_LIMIT_15KMH_SINGLE_CONVOY
HYD-BR-02-20250719,BR-02,Bogibeel Rail-cum-Road Combined Bridge,Brahmaputra,Assam,2025-07-19T00:00:00,104.3,104.5,105.7,47513.0,5.14,3.43,4.2,12.56,HIGH_STRESS_MONITORING,SPEED_LIMIT_15KMH_SINGLE_CONVOY
HYD-BR-02-20250720,BR-02,Bogibeel Rail-cum-Road Combined Bridge,Brahmaputra,Assam,2025-07-20T00:00:00,103.78,104.5,105.7,60218.0,4.84,2.39,4.2,5.38,MODERATE_SCOUR,CAUTION_NO_OVERWEIGHT_FREIGHT
HYD-BR-02-20250721,BR-02,Bogibeel Rail-cum-Road Combined Bridge,Brahmaputra,Assam,2025-07-21T00:00:00,103.54,104.5,105.7,53704.0,4.63,3.96,4.2,11.44,HIGH_STRESS_MONITORING,SPEED_LIMIT_15KMH_SINGLE_CONVOY
HYD-BR-02-20250722,BR-02,Bogibeel Rail-cum-Road Combined Bridge,Brahmaputra,Assam,2025-07-22T00:00:00,103.09,104.5,105.7,34016.0,5.84,1.75,4.2,4.97,NORMAL_STABLE,UNRESTRICTED_TRANSIT
HYD-BR-02-20250723,BR-02,Bogibeel Rail-cum-Road Combined Bridge,Brahmaputra,Assam,2025-07-23T00:00:00,106.56,104.5,105.7,57077.0,3.82,4.0,4.2,7.27,CRITICAL_PIER_EROSION,CLOSED_EMERGENCY_DIVERSION
HYD-BR-02-20250724,BR-02,Bogibeel Rail-cum-Road Combined Bridge,Brahmaputra,Assam,2025-07-24T00:00:00,105.57,104.5,105.7,32017.0,5.53,3.8,4.2,8.75,HIGH_STRESS_MONITORING,SPEED_LIMIT_15KMH_SINGLE_CONVOY
HYD-BR-02-20250725,BR-02,Bogibeel Rail-cum-Road Combined Bridge,Brahmaputra,Assam,2025-07-25T00:00:00,105.89,104.5,105.7,56480.0,5.06,3.38,4.2,10.73,CRITICAL_PIER_EROSION,CLOSED_EMERGENCY_DIVERSION
HYD-BR-02-20250726,BR-02,Bogibeel Rail-cum-Road Combined Bridge,Brahmaputra,Assam,2025-07-26T00:00:00,105.22,104.5,105.7,57564.0,3.99,4.23,4.2,8.05,CRITICAL_PIER_EROSION,CLOSED_EMERGENCY_DIVERSION
HYD-BR-02-20250727,BR-02,Bogibeel Rail-cum-Road Combined Bridge,Brahmaputra,Assam,2025-07-27T00:00:00,106.25,104.5,105.7,40996.0,5.42,1.92,4.2,9.56,CRITICAL_PIER_EROSION,CLOSED_EMERGENCY_DIVERSION
HYD-BR-02-20250728,BR-02,Bogibeel Rail-cum-Road Combined Bridge,Brahmaputra,Assam,2025-07-28T00:00:00,106.26,104.5,105.7,49274.0,5.46,2.51,4.2,11.89,CRITICAL_PIER_EROSION,CLOSED_EMERGENCY_DIVERSION
HYD-BR-02-20250729,BR-02,Bogibeel Rail-cum-Road Combined Bridge,Brahmaputra,Assam,2025-07-29T00:00:00,106.41,104.5,105.7,38815.0,3.96,4.5,4.2,6.46,CRITICAL_PIER_EROSION,CLOSED_EMERGENCY_DIVERSION
HYD-BR-02-20250730,BR-02,Bogibeel Rail-cum-Road Combined Bridge,Brahmaputra,Assam,2025-07-30T00:00:00,103.09,104.5,105.7,37022.0,5.02,4.42,4.2,6.65,CRITICAL_PIER_EROSION,CLOSED_EMERGENCY_DIVERSION
HYD-BR-02-20250731,BR-02,Bogibeel Rail-cum-Road Combined Bridge,Brahmaputra,Assam,2025-07-31T00:00:00,105.93,104.5,105.7,37199.0,2.74,2.49,4.2,8.96,CRITICAL_PIER_EROSION,CLOSED_EMERGENCY_DIVERSION
HYD-BR-02-20250801,BR-02,Bogibeel Rail-cum-Road Combined Bridge,Brahmaputra,Assam,2025-08-01T00:00:00,105.89,104.5,105.7,59075.0,3.9,2.28,4.2,5.66,CRITICAL_PIER_EROSION,CLOSED_EMERGENCY_DIVERSION
HYD-BR-02-20250802,BR-02,Bogibeel Rail-cum-Road Combined Bridge,Brahmaputra,Assam,2025-08-02T00:00:00,103.09,104.5,105.7,17604.0,3.13,3.09,4.2,11.17,HIGH_STRESS_MONITORING,SPEED_LIMIT_15KMH_SINGLE_CONVOY
HYD-BR-02-20250803,BR-02,Bogibeel Rail-cum-Road Combined Bridge,Brahmaputra,Assam,2025-08-03T00:00:00,105.01,104.5,105.7,17202.0,3.68,2.97,4.2,8.55,HIGH_STRESS_MONITORING,SPEED_LIMIT_15KMH_SINGLE_CONVOY
HYD-BR-02-20250804,BR-02,Bogibeel Rail-cum-Road Combined Bridge,Brahmaputra,Assam,2025-08-04T00:00:00,106.4,104.5,105.7,27903.0,5.33,1.83,4.2,5.35,CRITICAL_PIER_EROSION,CLOSED_EMERGENCY_DIVERSION
HYD-BR-02-20250805,BR-02,Bogibeel Rail-cum-Road Combined Bridge,Brahmaputra,Assam,2025-08-05T00:00:00,105.74,104.5,105.7,35297.0,4.52,3.16,4.2,12.05,CRITICAL_PIER_EROSION,CLOSED_EMERGENCY_DIVERSION
HYD-BR-02-20250806,BR-02,Bogibeel Rail-cum-Road Combined Bridge,Brahmaputra,Assam,2025-08-06T00:00:00,103.36,104.5,105.7,41108.0,5.44,3.42,4.2,8.51,HIGH_STRESS_MONITORING,SPEED_LIMIT_15KMH_SINGLE_CONVOY
HYD-BR-02-20250807,BR-02,Bogibeel Rail-cum-Road Combined Bridge,Brahmaputra,Assam,2025-08-07T00:00:00,103.79,104.5,105.7,28787.0,3.58,2.08,4.2,7.07,MODERATE_SCOUR,CAUTION_NO_OVERWEIGHT_FREIGHT
HYD-BR-02-20250808,BR-02,Bogibeel Rail-cum-Road Combined Bridge,Brahmaputra,Assam,2025-08-08T00:00:00,103.87,104.5,105.7,29890.0,5.96,1.29,4.2,10.0,NORMAL_STABLE,UNRESTRICTED_TRANSIT
HYD-BR-02-20250809,BR-02,Bogibeel Rail-cum-Road Combined Bridge,Brahmaputra,Assam,2025-08-09T00:00:00,104.36,104.5,105.7,62093.0,5.17,4.61,4.2,8.93,CRITICAL_PIER_EROSION,CLOSED_EMERGENCY_DIVERSION
HYD-BR-02-20250810,BR-02,Bogibeel Rail-cum-Road Combined Bridge,Brahmaputra,Assam,2025-08-10T00:00:00,105.87,104.5,105.7,55134.0,5.32,3.88,4.2,8.66,CRITICAL_PIER_EROSION,CLOSED_EMERGENCY_DIVERSION
HYD-BR-02-20250811,BR-02,Bogibeel Rail-cum-Road Combined Bridge,Brahmaputra,Assam,2025-08-11T00:00:00,103.02,104.5,105.7,38604.0,4.52,3.34,4.2,9.3,HIGH_STRESS_MONITORING,SPEED_LIMIT_15KMH_SINGLE_CONVOY
HYD-BR-02-20250812,BR-02,Bogibeel Rail-cum-Road Combined Bridge,Brahmaputra,Assam,2025-08-12T00:00:00,105.53,104.5,105.7,37609.0,5.09,1.65,4.2,10.19,HIGH_STRESS_MONITORING,SPEED_LIMIT_15KMH_SINGLE_CONVOY
HYD-BR-02-20250813,BR-02,Bogibeel Rail-cum-Road Combined Bridge,Brahmaputra,Assam,2025-08-13T00:00:00,104.58,104.5,105.7,67348.0,4.43,4.16,4.2,8.38,HIGH_STRESS_MONITORING,SPEED_LIMIT_15KMH_SINGLE_CONVOY
HYD-BR-02-20250814,BR-02,Bogibeel Rail-cum-Road Combined Bridge,Brahmaputra,Assam,2025-08-14T00:00:00,103.43,104.5,105.7,24952.0,3.71,2.86,4.2,8.97,MODERATE_SCOUR,CAUTION_NO_OVERWEIGHT_FREIGHT
HYD-BR-02-20250815,BR-02,Bogibeel Rail-cum-Road Combined Bridge,Brahmaputra,Assam,2025-08-15T00:00:00,104.05,104.5,105.7,60031.0,5.16,2.18,4.2,10.9,MODERATE_SCOUR,CAUTION_NO_OVERWEIGHT_FREIGHT
HYD-BR-02-20250816,BR-02,Bogibeel Rail-cum-Road Combined Bridge,Brahmaputra,Assam,2025-08-16T00:00:00,106.42,104.5,105.7,24522.0,5.85,3.39,4.2,11.5,CRITICAL_PIER_EROSION,CLOSED_EMERGENCY_DIVERSION
HYD-BR-02-20250817,BR-02,Bogibeel Rail-cum-Road Combined Bridge,Brahmaputra,Assam,2025-08-17T00:00:00,103.72,104.5,105.7,51923.0,2.74,3.51,4.2,10.86,HIGH_STRESS_MONITORING,SPEED_LIMIT_15KMH_SINGLE_CONVOY
HYD-BR-02-20250818,BR-02,Bogibeel Rail-cum-Road Combined Bridge,Brahmaputra,Assam,2025-08-18T00:00:00,106.27,104.5,105.7,56977.0,4.75,3.41,4.2,5.97,CRITICAL_PIER_EROSION,CLOSED_EMERGENCY_DIVERSION
HYD-BR-02-20250819,BR-02,Bogibeel Rail-cum-Road Combined Bridge,Brahmaputra,Assam,2025-08-19T00:00:00,105.32,104.5,105.7,33924.0,5.87,2.65,4.2,11.78,HIGH_STRESS_MONITORING,SPEED_LIMIT_15KMH_SINGLE_CONVOY
HYD-BR-02-20250820,BR-02,Bogibeel Rail-cum-Road Combined Bridge,Brahmaputra,Assam,2025-08-20T00:00:00,104.96,104.5,105.7,37086.0,5.73,3.85,4.2,6.08,HIGH_STRESS_MONITORING,SPEED_LIMIT_15KMH_SINGLE_CONVOY
HYD-BR-02-20250821,BR-02,Bogibeel Rail-cum-Road Combined Bridge,Brahmaputra,Assam,2025-08-21T00:00:00,104.14,104.5,105.7,49707.0,3.83,3.95,4.2,6.62,HIGH_STRESS_MONITORING,SPEED_LIMIT_15KMH_SINGLE_CONVOY
HYD-BR-02-20250822,BR-02,Bogibeel Rail-cum-Road Combined Bridge,Brahmaputra,Assam,2025-08-22T00:00:00,105.68,104.5,105.7,37941.0,4.46,3.28,4.2,5.75,HIGH_STRESS_MONITORING,SPEED_LIMIT_15KMH_SINGLE_CONVOY
HYD-BR-02-20250823,BR-02,Bogibeel Rail-cum-Road Combined Bridge,Brahmaputra,Assam,2025-08-23T00:00:00,105.11,104.5,105.7,26134.0,2.55,4.49,4.2,9.75,CRITICAL_PIER_EROSION,CLOSED_EMERGENCY_DIVERSION
HYD-BR-02-20250824,BR-02,Bogibeel Rail-cum-Road Combined Bridge,Brahmaputra,Assam,2025-08-24T00:00:00,104.97,104.5,105.7,24332.0,6.04,2.27,4.2,6.09,HIGH_STRESS_MONITORING,SPEED_LIMIT_15KMH_SINGLE_CONVOY
HYD-BR-02-20250825,BR-02,Bogibeel Rail-cum-Road Combined Bridge,Brahmaputra,Assam,2025-08-25T00:00:00,105.51,104.5,105.7,45672.0,4.35,3.15,4.2,8.86,HIGH_STRESS_MONITORING,SPEED_LIMIT_15KMH_SINGLE_CONVOY
HYD-BR-02-20250826,BR-02,Bogibeel Rail-cum-Road Combined Bridge,Brahmaputra,Assam,2025-08-26T00:00:00,103.58,104.5,105.7,26431.0,6.09,2.96,4.2,6.0,MODERATE_SCOUR,CAUTION_NO_OVERWEIGHT_FREIGHT
HYD-BR-02-20250827,BR-02,Bogibeel Rail-cum-Road Combined Bridge,Brahmaputra,Assam,2025-08-27T00:00:00,104.83,104.5,105.7,55744.0,5.94,2.73,4.2,11.01,HIGH_STRESS_MONITORING,SPEED_LIMIT_15KMH_SINGLE_CONVOY
HYD-BR-02-20250828,BR-02,Bogibeel Rail-cum-Road Combined Bridge,Brahmaputra,Assam,2025-08-28T00:00:00,104.49,104.5,105.7,60140.0,3.41,1.2,4.2,8.55,NORMAL_STABLE,UNRESTRICTED_TRANSIT
HYD-BR-02-20250829,BR-02,Bogibeel Rail-cum-Road Combined Bridge,Brahmaputra,Assam,2025-08-29T00:00:00,105.99,104.5,105.7,58628.0,3.05,3.73,4.2,10.08,CRITICAL_PIER_EROSION,CLOSED_EMERGENCY_DIVERSION
HYD-BR-02-20250830,BR-02,Bogibeel Rail-cum-Road Combined Bridge,Brahmaputra,Assam,2025-08-30T00:00:00,104.45,104.5,105.7,29567.0,5.82,1.99,4.2,9.9,NORMAL_STABLE,UNRESTRICTED_TRANSIT
HYD-BR-02-20250831,BR-02,Bogibeel Rail-cum-Road Combined Bridge,Brahmaputra,Assam,2025-08-31T00:00:00,106.24,104.5,105.7,39365.0,5.03,3.61,4.2,8.94,CRITICAL_PIER_EROSION,CLOSED_EMERGENCY_DIVERSION
HYD-BR-02-20250901,BR-02,Bogibeel Rail-cum-Road Combined Bridge,Brahmaputra,Assam,2025-09-01T00:00:00,105.62,104.5,105.7,36937.0,2.51,2.5,4.2,10.38,HIGH_STRESS_MONITORING,SPEED_LIMIT_15KMH_SINGLE_CONVOY
HYD-BR-02-20250902,BR-02,Bogibeel Rail-cum-Road Combined Bridge,Brahmaputra,Assam,2025-09-02T00:00:00,104.59,104.5,105.7,53004.0,3.27,3.75,4.2,8.02,HIGH_STRESS_MONITORING,SPEED_LIMIT_15KMH_SINGLE_CONVOY
HYD-BR-02-20250903,BR-02,Bogibeel Rail-cum-Road Combined Bridge,Brahmaputra,Assam,2025-09-03T00:00:00,104.18,104.5,105.7,27535.0,4.65,1.78,4.2,7.06,NORMAL_STABLE,UNRESTRICTED_TRANSIT
HYD-BR-02-20250904,BR-02,Bogibeel Rail-cum-Road Combined Bridge,Brahmaputra,Assam,2025-09-04T00:00:00,105.5,104.5,105.7,52065.0,5.19,3.63,4.2,11.25,HIGH_STRESS_MONITORING,SPEED_LIMIT_15KMH_SINGLE_CONVOY
HYD-BR-02-20250905,BR-02,Bogibeel Rail-cum-Road Combined Bridge,Brahmaputra,Assam,2025-09-05T00:00:00,104.28,104.5,105.7,33176.0,3.19,4.31,4.2,7.91,CRITICAL_PIER_EROSION,CLOSED_EMERGENCY_DIVERSION
HYD-BR-02-20250906,BR-02,Bogibeel Rail-cum-Road Combined Bridge,Brahmaputra,Assam,2025-09-06T00:00:00,104.57,104.5,105.7,30401.0,5.27,2.75,4.2,10.25,HIGH_STRESS_MONITORING,SPEED_LIMIT_15KMH_SINGLE_CONVOY
HYD-BR-02-20250907,BR-02,Bogibeel Rail-cum-Road Combined Bridge,Brahmaputra,Assam,2025-09-07T00:00:00,103.56,104.5,105.7,22520.0,3.41,1.32,4.2,6.04,NORMAL_STABLE,UNRESTRICTED_TRANSIT
HYD-BR-02-20250908,BR-02,Bogibeel Rail-cum-Road Combined Bridge,Brahmaputra,Assam,2025-09-08T00:00:00,105.57,104.5,105.7,50065.0,3.44,1.9,4.2,4.77,HIGH_STRESS_MONITORING,SPEED_LIMIT_15KMH_SINGLE_CONVOY
HYD-BR-02-20250909,BR-02,Bogibeel Rail-cum-Road Combined Bridge,Brahmaputra,Assam,2025-09-09T00:00:00,103.96,104.5,105.7,28903.0,3.61,4.15,4.2,7.83,HIGH_STRESS_MONITORING,SPEED_LIMIT_15KMH_SINGLE_CONVOY
HYD-BR-02-20250910,BR-02,Bogibeel Rail-cum-Road Combined Bridge,Brahmaputra,Assam,2025-09-10T00:00:00,105.27,104.5,105.7,29211.0,5.34,1.36,4.2,9.7,HIGH_STRESS_MONITORING,SPEED_LIMIT_15KMH_SINGLE_CONVOY
HYD-BR-02-20250911,BR-02,Bogibeel Rail-cum-Road Combined Bridge,Brahmaputra,Assam,2025-09-11T00:00:00,103.73,104.5,105.7,53530.0,2.93,4.71,4.2,11.04,CRITICAL_PIER_EROSION,CLOSED_EMERGENCY_DIVERSION
HYD-BR-02-20250912,BR-02,Bogibeel Rail-cum-Road Combined Bridge,Brahmaputra,Assam,2025-09-12T00:00:00,103.91,104.5,105.7,61706.0,3.93,2.21,4.2,11.51,MODERATE_SCOUR,CAUTION_NO_OVERWEIGHT_FREIGHT
HYD-BR-02-20250913,BR-02,Bogibeel Rail-cum-Road Combined Bridge,Brahmaputra,Assam,2025-09-13T00:00:00,103.17,104.5,105.7,67592.0,5.06,1.81,4.2,10.05,NORMAL_STABLE,UNRESTRICTED_TRANSIT
HYD-BR-02-20250914,BR-02,Bogibeel Rail-cum-Road Combined Bridge,Brahmaputra,Assam,2025-09-14T00:00:00,106.22,104.5,105.7,55473.0,2.85,3.99,4.2,9.5,CRITICAL_PIER_EROSION,CLOSED_EMERGENCY_DIVERSION
HYD-BR-02-20250915,BR-02,Bogibeel Rail-cum-Road Combined Bridge,Brahmaputra,Assam,2025-09-15T00:00:00,104.13,104.5,105.7,48348.0,5.11,4.42,4.2,9.62,CRITICAL_PIER_EROSION,CLOSED_EMERGENCY_DIVERSION
HYD-BR-02-20250916,BR-02,Bogibeel Rail-cum-Road Combined Bridge,Brahmaputra,Assam,2025-09-16T00:00:00,104.43,104.5,105.7,54075.0,3.36,3.24,4.2,12.78,HIGH_STRESS_MONITORING,SPEED_LIMIT_15KMH_SINGLE_CONVOY
HYD-BR-02-20250917,BR-02,Bogibeel Rail-cum-Road Combined Bridge,Brahmaputra,Assam,2025-09-17T00:00:00,105.4,104.5,105.7,17914.0,5.16,3.31,4.2,11.78,HIGH_STRESS_MONITORING,SPEED_LIMIT_15KMH_SINGLE_CONVOY
HYD-BR-02-20250918,BR-02,Bogibeel Rail-cum-Road Combined Bridge,Brahmaputra,Assam,2025-09-18T00:00:00,105.04,104.5,105.7,45624.0,4.78,2.77,4.2,5.46,HIGH_STRESS_MONITORING,SPEED_LIMIT_15KMH_SINGLE_CONVOY
HYD-BR-02-20250919,BR-02,Bogibeel Rail-cum-Road Combined Bridge,Brahmaputra,Assam,2025-09-19T00:00:00,103.47,104.5,105.7,50594.0,3.37,1.84,4.2,11.15,NORMAL_STABLE,UNRESTRICTED_TRANSIT
HYD-BR-02-20250920,BR-02,Bogibeel Rail-cum-Road Combined Bridge,Brahmaputra,Assam,2025-09-20T00:00:00,104.57,104.5,105.7,64484.0,2.92,3.55,4.2,10.83,HIGH_STRESS_MONITORING,SPEED_LIMIT_15KMH_SINGLE_CONVOY
HYD-BR-02-20250921,BR-02,Bogibeel Rail-cum-Road Combined Bridge,Brahmaputra,Assam,2025-09-21T00:00:00,105.9,104.5,105.7,67289.0,5.55,1.37,4.2,6.51,CRITICAL_PIER_EROSION,CLOSED_EMERGENCY_DIVERSION
HYD-BR-02-20250922,BR-02,Bogibeel Rail-cum-Road Combined Bridge,Brahmaputra,Assam,2025-09-22T00:00:00,103.16,104.5,105.7,67604.0,4.55,3.56,4.2,6.29,HIGH_STRESS_MONITORING,SPEED_LIMIT_15KMH_SINGLE_CONVOY
HYD-BR-02-20250923,BR-02,Bogibeel Rail-cum-Road Combined Bridge,Brahmaputra,Assam,2025-09-23T00:00:00,105.02,104.5,105.7,40548.0,3.78,2.2,4.2,6.95,HIGH_STRESS_MONITORING,SPEED_LIMIT_15KMH_SINGLE_CONVOY
HYD-BR-02-20250924,BR-02,Bogibeel Rail-cum-Road Combined Bridge,Brahmaputra,Assam,2025-09-24T00:00:00,106.36,104.5,105.7,17654.0,4.49,3.08,4.2,11.46,CRITICAL_PIER_EROSION,CLOSED_EMERGENCY_DIVERSION
HYD-BR-02-20250925,BR-02,Bogibeel Rail-cum-Road Combined Bridge,Brahmaputra,Assam,2025-09-25T00:00:00,104.49,104.5,105.7,21606.0,5.29,2.39,4.2,8.81,MODERATE_SCOUR,CAUTION_NO_OVERWEIGHT_FREIGHT
HYD-BR-02-20250926,BR-02,Bogibeel Rail-cum-Road Combined Bridge,Brahmaputra,Assam,2025-09-26T00:00:00,103.45,104.5,105.7,48822.0,4.57,2.26,4.2,6.53,MODERATE_SCOUR,CAUTION_NO_OVERWEIGHT_FREIGHT
HYD-BR-02-20250927,BR-02,Bogibeel Rail-cum-Road Combined Bridge,Brahmaputra,Assam,2025-09-27T00:00:00,104.64,104.5,105.7,35084.0,5.07,3.84,4.2,11.49,HIGH_STRESS_MONITORING,SPEED_LIMIT_15KMH_SINGLE_CONVOY
HYD-BR-02-20250928,BR-02,Bogibeel Rail-cum-Road Combined Bridge,Brahmaputra,Assam,2025-09-28T00:00:00,105.55,104.5,105.7,53550.0,3.45,4.28,4.2,6.5,CRITICAL_PIER_EROSION,CLOSED_EMERGENCY_DIVERSION
HYD-BR-02-20250929,BR-02,Bogibeel Rail-cum-Road Combined Bridge,Brahmaputra,Assam,2025-09-29T00:00:00,106.04,104.5,105.7,19464.0,4.01,3.6,4.2,4.99,CRITICAL_PIER_EROSION,CLOSED_EMERGENCY_DIVERSION
HYD-BR-02-20250930,BR-02,Bogibeel Rail-cum-Road Combined Bridge,Brahmaputra,Assam,2025-09-30T00:00:00,104.04,104.5,105.7,38707.0,4.95,1.82,4.2,12.21,NORMAL_STABLE,UNRESTRICTED_TRANSIT
HYD-BR-02-20251001,BR-02,Bogibeel Rail-cum-Road Combined Bridge,Brahmaputra,Assam,2025-10-01T00:00:00,100.94,104.5,105.7,3157.0,1.78,0.62,4.2,3.94,NORMAL_STABLE,UNRESTRICTED_TRANSIT
HYD-BR-02-20251002,BR-02,Bogibeel Rail-cum-Road Combined Bridge,Brahmaputra,Assam,2025-10-02T00:00:00,100.77,104.5,105.7,3230.0,1.43,0.87,4.2,2.85,NORMAL_STABLE,UNRESTRICTED_TRANSIT
HYD-BR-02-20251003,BR-02,Bogibeel Rail-cum-Road Combined Bridge,Brahmaputra,Assam,2025-10-03T00:00:00,100.43,104.5,105.7,4517.0,1.53,1.35,4.2,2.14,NORMAL_STABLE,UNRESTRICTED_TRANSIT
HYD-BR-02-20251004,BR-02,Bogibeel Rail-cum-Road Combined Bridge,Brahmaputra,Assam,2025-10-04T00:00:00,101.5,104.5,105.7,9792.0,1.47,1.31,4.2,2.06,NORMAL_STABLE,UNRESTRICTED_TRANSIT
HYD-BR-02-20251005,BR-02,Bogibeel Rail-cum-Road Combined Bridge,Brahmaputra,Assam,2025-10-05T00:00:00,101.91,104.5,105.7,7133.0,1.07,0.7,4.2,3.83,NORMAL_STABLE,UNRESTRICTED_TRANSIT
HYD-BR-02-20251006,BR-02,Bogibeel Rail-cum-Road Combined Bridge,Brahmaputra,Assam,2025-10-06T00:00:00,100.77,104.5,105.7,6863.0,1.55,1.33,4.2,3.81,NORMAL_STABLE,UNRESTRICTED_TRANSIT
HYD-BR-02-20251007,BR-02,Bogibeel Rail-cum-Road Combined Bridge,Brahmaputra,Assam,2025-10-07T00:00:00,99.26,104.5,105.7,6486.0,1.59,0.66,4.2,3.14,NORMAL_STABLE,UNRESTRICTED_TRANSIT
HYD-BR-02-20251008,BR-02,Bogibeel Rail-cum-Road Combined Bridge,Brahmaputra,Assam,2025-10-08T00:00:00,98.73,104.5,105.7,8305.0,0.94,0.4,4.2,2.69,NORMAL_STABLE,UNRESTRICTED_TRANSIT
HYD-BR-02-20251009,BR-02,Bogibeel Rail-cum-Road Combined Bridge,Brahmaputra,Assam,2025-10-09T00:00:00,101.7,104.5,105.7,7197.0,1.56,0.3,4.2,3.79,NORMAL_STABLE,UNRESTRICTED_TRANSIT
HYD-BR-02-20251010,BR-02,Bogibeel Rail-cum-Road Combined Bridge,Brahmaputra,Assam,2025-10-10T00:00:00,100.52,104.5,105.7,3509.0,1.69,1.43,4.2,4.09,NORMAL_STABLE,UNRESTRICTED_TRANSIT
HYD-BR-02-20251011,BR-02,Bogibeel Rail-cum-Road Combined Bridge,Brahmaputra,Assam,2025-10-11T00:00:00,99.25,104.5,105.7,10804.0,1.15,0.66,4.2,2.74,NORMAL_STABLE,UNRESTRICTED_TRANSIT
HYD-BR-02-20251012,BR-02,Bogibeel Rail-cum-Road Combined Bridge,Brahmaputra,Assam,2025-10-12T00:00:00,100.8,104.5,105.7,4856.0,0.9,0.6,4.2,2.68,NORMAL_STABLE,UNRESTRICTED_TRANSIT
HYD-BR-02-20251013,BR-02,Bogibeel Rail-cum-Road Combined Bridge,Brahmaputra,Assam,2025-10-13T00:00:00,100.48,104.5,105.7,10298.0,1.92,1.13,4.2,2.24,NORMAL_STABLE,UNRESTRICTED_TRANSIT
HYD-BR-02-20251014,BR-02,Bogibeel Rail-cum-Road Combined Bridge,Brahmaputra,Assam,2025-10-14T00:00:00,101.56,104.5,105.7,9069.0,1.49,0.86,4.2,3.27,NORMAL_STABLE,UNRESTRICTED_TRANSIT
HYD-BR-02-20251015,BR-02,Bogibeel Rail-cum-Road Combined Bridge,Brahmaputra,Assam,2025-10-15T00:00:00,100.97,104.5,105.7,5239.0,1.05,1.15,4.2,2.09,NORMAL_STABLE,UNRESTRICTED_TRANSIT
HYD-BR-02-20251016,BR-02,Bogibeel Rail-cum-Road Combined Bridge,Brahmaputra,Assam,2025-10-16T00:00:00,101.28,104.5,105.7,5061.0,1.9,0.87,4.2,3.17,NORMAL_STABLE,UNRESTRICTED_TRANSIT
HYD-BR-02-20251017,BR-02,Bogibeel Rail-cum-Road Combined Bridge,Brahmaputra,Assam,2025-10-17T00:00:00,98.7,104.5,105.7,6722.0,1.24,1.23,4.2,1.65,NORMAL_STABLE,UNRESTRICTED_TRANSIT
HYD-BR-02-20251018,BR-02,Bogibeel Rail-cum-Road Combined Bridge,Brahmaputra,Assam,2025-10-18T00:00:00,99.35,104.5,105.7,7310.0,1.71,0.43,4.2,3.84,NORMAL_STABLE,UNRESTRICTED_TRANSIT
HYD-BR-02-20251019,BR-02,Bogibeel Rail-cum-Road Combined Bridge,Brahmaputra,Assam,2025-10-19T00:00:00,101.18,104.5,105.7,3157.0,2.02,0.43,4.2,1.56,NORMAL_STABLE,UNRESTRICTED_TRANSIT
HYD-BR-02-20251020,BR-02,Bogibeel Rail-cum-Road Combined Bridge,Brahmaputra,Assam,2025-10-20T00:00:00,98.63,104.5,105.7,9640.0,1.27,1.41,4.2,2.98,NORMAL_STABLE,UNRESTRICTED_TRANSIT
HYD-BR-02-20251021,BR-02,Bogibeel Rail-cum-Road Combined Bridge,Brahmaputra,Assam,2025-10-21T00:00:00,98.54,104.5,105.7,5750.0,0.97,0.39,4.2,1.89,NORMAL_STABLE,UNRESTRICTED_TRANSIT
HYD-BR-02-20251022,BR-02,Bogibeel Rail-cum-Road Combined Bridge,Brahmaputra,Assam,2025-10-22T00:00:00,101.39,104.5,105.7,12295.0,1.37,1.22,4.2,2.52,NORMAL_STABLE,UNRESTRICTED_TRANSIT
HYD-BR-02-20251023,BR-02,Bogibeel Rail-cum-Road Combined Bridge,Brahmaputra,Assam,2025-10-23T00:00:00,100.91,104.5,105.7,3226.0,1.14,1.4,4.2,2.77,NORMAL_STABLE,UNRESTRICTED_TRANSIT
HYD-BR-02-20251024,BR-02,Bogibeel Rail-cum-Road Combined Bridge,Brahmaputra,Assam,2025-10-24T00:00:00,98.64,104.5,105.7,4027.0,1.45,0.48,4.2,2.69,NORMAL_STABLE,UNRESTRICTED_TRANSIT
HYD-BR-02-20251025,BR-02,Bogibeel Rail-cum-Road Combined Bridge,Brahmaputra,Assam,2025-10-25T00:00:00,100.79,104.5,105.7,4845.0,1.56,0.93,4.2,3.83,NORMAL_STABLE,UNRESTRICTED_TRANSIT
HYD-BR-02-20251026,BR-02,Bogibeel Rail-cum-Road Combined Bridge,Brahmaputra,Assam,2025-10-26T00:00:00,99.53,104.5,105.7,8280.0,1.47,0.59,4.2,2.83,NORMAL_STABLE,UNRESTRICTED_TRANSIT
HYD-BR-02-20251027,BR-02,Bogibeel Rail-cum-Road Combined Bridge,Brahmaputra,Assam,2025-10-27T00:00:00,99.35,104.5,105.7,7820.0,1.18,1.41,4.2,3.55,NORMAL_STABLE,UNRESTRICTED_TRANSIT
HYD-BR-02-20251028,BR-02,Bogibeel Rail-cum-Road Combined Bridge,Brahmaputra,Assam,2025-10-28T00:00:00,99.27,104.5,105.7,8748.0,1.26,0.35,4.2,2.49,NORMAL_STABLE,UNRESTRICTED_TRANSIT
HYD-BR-02-20251029,BR-02,Bogibeel Rail-cum-Road Combined Bridge,Brahmaputra,Assam,2025-10-29T00:00:00,99.32,104.5,105.7,9830.0,1.87,0.33,4.2,2.46,NORMAL_STABLE,UNRESTRICTED_TRANSIT
HYD-BR-02-20251030,BR-02,Bogibeel Rail-cum-Road Combined Bridge,Brahmaputra,Assam,2025-10-30T00:00:00,101.07,104.5,105.7,3588.0,1.86,0.71,4.2,3.2,NORMAL_STABLE,UNRESTRICTED_TRANSIT
HYD-BR-02-20251031,BR-02,Bogibeel Rail-cum-Road Combined Bridge,Brahmaputra,Assam,2025-10-31T00:00:00,99.39,104.5,105.7,3199.0,1.44,1.38,4.2,1.72,NORMAL_STABLE,UNRESTRICTED_TRANSIT
HYD-BR-02-20251101,BR-02,Bogibeel Rail-cum-Road Combined Bridge,Brahmaputra,Assam,2025-11-01T00:00:00,98.69,104.5,105.7,5682.0,1.28,1.24,4.2,1.98,NORMAL_STABLE,UNRESTRICTED_TRANSIT
HYD-BR-02-20251102,BR-02,Bogibeel Rail-cum-Road Combined Bridge,Brahmaputra,Assam,2025-11-02T00:00:00,98.71,104.5,105.7,10094.0,1.2,1.05,4.2,2.78,NORMAL_STABLE,UNRESTRICTED_TRANSIT
HYD-BR-02-20251103,BR-02,Bogibeel Rail-cum-Road Combined Bridge,Brahmaputra,Assam,2025-11-03T00:00:00,101.03,104.5,105.7,9582.0,1.47,0.92,4.2,2.46,NORMAL_STABLE,UNRESTRICTED_TRANSIT
HYD-BR-02-20251104,BR-02,Bogibeel Rail-cum-Road Combined Bridge,Brahmaputra,Assam,2025-11-04T00:00:00,99.01,104.5,105.7,3344.0,2.1,0.73,4.2,2.75,NORMAL_STABLE,UNRESTRICTED_TRANSIT
HYD-BR-02-20251105,BR-02,Bogibeel Rail-cum-Road Combined Bridge,Brahmaputra,Assam,2025-11-05T00:00:00,99.54,104.5,105.7,7181.0,1.3,0.71,4.2,3.64,NORMAL_STABLE,UNRESTRICTED_TRANSIT
HYD-BR-02-20251106,BR-02,Bogibeel Rail-cum-Road Combined Bridge,Brahmaputra,Assam,2025-11-06T00:00:00,100.23,104.5,105.7,7100.0,0.87,1.27,4.2,3.39,NORMAL_STABLE,UNRESTRICTED_TRANSIT
HYD-BR-02-20251107,BR-02,Bogibeel Rail-cum-Road Combined Bridge,Brahmaputra,Assam,2025-11-07T00:00:00,99.37,104.5,105.7,7859.0,1.89,0.44,4.2,1.81,NORMAL_STABLE,UNRESTRICTED_TRANSIT
HYD-BR-02-20251108,BR-02,Bogibeel Rail-cum-Road Combined Bridge,Brahmaputra,Assam,2025-11-08T00:00:00,99.49,104.5,105.7,10227.0,1.69,0.31,4.2,3.32,NORMAL_STABLE,UNRESTRICTED_TRANSIT
HYD-BR-02-20251109,BR-02,Bogibeel Rail-cum-Road Combined Bridge,Brahmaputra,Assam,2025-11-09T00:00:00,100.46,104.5,105.7,6086.0,1.7,1.03,4.2,1.66,NORMAL_STABLE,UNRESTRICTED_TRANSIT
HYD-BR-02-20251110,BR-02,Bogibeel Rail-cum-Road Combined Bridge,Brahmaputra,Assam,2025-11-10T00:00:00,98.77,104.5,105.7,11955.0,2.03,1.38,4.2,4.02,NORMAL_STABLE,UNRESTRICTED_TRANSIT
HYD-BR-02-20251111,BR-02,Bogibeel Rail-cum-Road Combined Bridge,Brahmaputra,Assam,2025-11-11T00:00:00,99.26,104.5,105.7,13671.0,1.95,0.38,4.2,3.33,NORMAL_STABLE,UNRESTRICTED_TRANSIT
HYD-BR-02-20251112,BR-02,Bogibeel Rail-cum-Road Combined Bridge,Brahmaputra,Assam,2025-11-12T00:00:00,99.81,104.5,105.7,7336.0,2.03,0.53,4.2,3.31,NORMAL_STABLE,UNRESTRICTED_TRANSIT
HYD-BR-02-20251113,BR-02,Bogibeel Rail-cum-Road Combined Bridge,Brahmaputra,Assam,2025-11-13T00:00:00,99.6,104.5,105.7,13681.0,1.3,0.58,4.2,2.24,NORMAL_STABLE,UNRESTRICTED_TRANSIT
HYD-BR-02-20251114,BR-02,Bogibeel Rail-cum-Road Combined Bridge,Brahmaputra,Assam,2025-11-14T00:00:00,99.64,104.5,105.7,3568.0,1.62,0.85,4.2,2.0,NORMAL_STABLE,UNRESTRICTED_TRANSIT
HYD-BR-02-20251115,BR-02,Bogibeel Rail-cum-Road Combined Bridge,Brahmaputra,Assam,2025-11-15T00:00:00,101.81,104.5,105.7,12505.0,1.42,0.33,4.2,3.0,NORMAL_STABLE,UNRESTRICTED_TRANSIT
HYD-BR-02-20251116,BR-02,Bogibeel Rail-cum-Road Combined Bridge,Brahmaputra,Assam,2025-11-16T00:00:00,100.99,104.5,105.7,13281.0,0.83,1.22,4.2,2.97,NORMAL_STABLE,UNRESTRICTED_TRANSIT
HYD-BR-02-20251117,BR-02,Bogibeel Rail-cum-Road Combined Bridge,Brahmaputra,Assam,2025-11-17T00:00:00,98.9,104.5,105.7,3650.0,1.0,0.4,4.2,1.84,NORMAL_STABLE,UNRESTRICTED_TRANSIT
HYD-BR-02-20251118,BR-02,Bogibeel Rail-cum-Road Combined Bridge,Brahmaputra,Assam,2025-11-18T00:00:00,99.11,104.5,105.7,4998.0,2.01,0.82,4.2,2.23,NORMAL_STABLE,UNRESTRICTED_TRANSIT
HYD-BR-02-20251119,BR-02,Bogibeel Rail-cum-Road Combined Bridge,Brahmaputra,Assam,2025-11-19T00:00:00,101.83,104.5,105.7,6620.0,1.57,0.37,4.2,2.73,NORMAL_STABLE,UNRESTRICTED_TRANSIT
HYD-BR-02-20251120,BR-02,Bogibeel Rail-cum-Road Combined Bridge,Brahmaputra,Assam,2025-11-20T00:00:00,100.33,104.5,105.7,9892.0,2.14,1.02,4.2,1.93,NORMAL_STABLE,UNRESTRICTED_TRANSIT
HYD-BR-02-20251121,BR-02,Bogibeel Rail-cum-Road Combined Bridge,Brahmaputra,Assam,2025-11-21T00:00:00,101.12,104.5,105.7,8827.0,1.51,1.15,4.2,1.97,NORMAL_STABLE,UNRESTRICTED_TRANSIT
HYD-BR-02-20251122,BR-02,Bogibeel Rail-cum-Road Combined Bridge,Brahmaputra,Assam,2025-11-22T00:00:00,101.83,104.5,105.7,6146.0,2.02,0.76,4.2,2.4,NORMAL_STABLE,UNRESTRICTED_TRANSIT
HYD-BR-02-20251123,BR-02,Bogibeel Rail-cum-Road Combined Bridge,Brahmaputra,Assam,2025-11-23T00:00:00,100.88,104.5,105.7,13707.0,1.25,0.6,4.2,2.62,NORMAL_STABLE,UNRESTRICTED_TRANSIT
HYD-BR-02-20251124,BR-02,Bogibeel Rail-cum-Road Combined Bridge,Brahmaputra,Assam,2025-11-24T00:00:00,101.21,104.5,105.7,7272.0,1.49,1.49,4.2,2.13,NORMAL_STABLE,UNRESTRICTED_TRANSIT
HYD-BR-02-20251125,BR-02,Bogibeel Rail-cum-Road Combined Bridge,Brahmaputra,Assam,2025-11-25T00:00:00,101.65,104.5,105.7,8596.0,1.9,0.9,4.2,3.22,NORMAL_STABLE,UNRESTRICTED_TRANSIT
HYD-BR-02-20251126,BR-02,Bogibeel Rail-cum-Road Combined Bridge,Brahmaputra,Assam,2025-11-26T00:00:00,99.87,104.5,105.7,13031.0,1.77,1.14,4.2,1.6,NORMAL_STABLE,UNRESTRICTED_TRANSIT
HYD-BR-02-20251127,BR-02,Bogibeel Rail-cum-Road Combined Bridge,Brahmaputra,Assam,2025-11-27T00:00:00,98.63,104.5,105.7,7462.0,1.11,1.49,4.2,1.92,NORMAL_STABLE,UNRESTRICTED_TRANSIT
HYD-BR-02-20251128,BR-02,Bogibeel Rail-cum-Road Combined Bridge,Brahmaputra,Assam,2025-11-28T00:00:00,98.82,104.5,105.7,11665.0,1.1,0.67,4.2,3.1,NORMAL_STABLE,UNRESTRICTED_TRANSIT
HYD-BR-02-20251129,BR-02,Bogibeel Rail-cum-Road Combined Bridge,Brahmaputra,Assam,2025-11-29T00:00:00,98.68,104.5,105.7,11165.0,1.53,0.58,4.2,3.06,NORMAL_STABLE,UNRESTRICTED_TRANSIT
HYD-BR-02-20251130,BR-02,Bogibeel Rail-cum-Road Combined Bridge,Brahmaputra,Assam,2025-11-30T00:00:00,101.3,104.5,105.7,6017.0,0.86,0.91,4.2,3.9,NORMAL_STABLE,UNRESTRICTED_TRANSIT
HYD-BR-02-20251201,BR-02,Bogibeel Rail-cum-Road Combined Bridge,Brahmaputra,Assam,2025-12-01T00:00:00,100.96,104.5,105.7,12984.0,1.82,1.46,4.2,3.57,NORMAL_STABLE,UNRESTRICTED_TRANSIT
HYD-BR-02-20251202,BR-02,Bogibeel Rail-cum-Road Combined Bridge,Brahmaputra,Assam,2025-12-02T00:00:00,98.68,104.5,105.7,10602.0,1.64,0.76,4.2,3.52,NORMAL_STABLE,UNRESTRICTED_TRANSIT
HYD-BR-02-20251203,BR-02,Bogibeel Rail-cum-Road Combined Bridge,Brahmaputra,Assam,2025-12-03T00:00:00,99.35,104.5,105.7,10584.0,1.23,0.77,4.2,2.76,NORMAL_STABLE,UNRESTRICTED_TRANSIT
HYD-BR-02-20251204,BR-02,Bogibeel Rail-cum-Road Combined Bridge,Brahmaputra,Assam,2025-12-04T00:00:00,101.88,104.5,105.7,7821.0,1.38,1.14,4.2,3.73,NORMAL_STABLE,UNRESTRICTED_TRANSIT
HYD-BR-02-20251205,BR-02,Bogibeel Rail-cum-Road Combined Bridge,Brahmaputra,Assam,2025-12-05T00:00:00,101.48,104.5,105.7,8213.0,0.91,0.92,4.2,3.71,NORMAL_STABLE,UNRESTRICTED_TRANSIT
HYD-BR-02-20251206,BR-02,Bogibeel Rail-cum-Road Combined Bridge,Brahmaputra,Assam,2025-12-06T00:00:00,98.56,104.5,105.7,4426.0,1.51,1.21,4.2,2.34,NORMAL_STABLE,UNRESTRICTED_TRANSIT
HYD-BR-02-20251207,BR-02,Bogibeel Rail-cum-Road Combined Bridge,Brahmaputra,Assam,2025-12-07T00:00:00,101.59,104.5,105.7,10236.0,1.81,0.6,4.2,2.07,NORMAL_STABLE,UNRESTRICTED_TRANSIT
HYD-BR-02-20251208,BR-02,Bogibeel Rail-cum-Road Combined Bridge,Brahmaputra,Assam,2025-12-08T00:00:00,100.8,104.5,105.7,7447.0,0.87,0.83,4.2,1.85,NORMAL_STABLE,UNRESTRICTED_TRANSIT
HYD-BR-02-20251209,BR-02,Bogibeel Rail-cum-Road Combined Bridge,Brahmaputra,Assam,2025-12-09T00:00:00,101.32,104.5,105.7,12360.0,1.73,1.1,4.2,2.51,NORMAL_STABLE,UNRESTRICTED_TRANSIT
HYD-BR-02-20251210,BR-02,Bogibeel Rail-cum-Road Combined Bridge,Brahmaputra,Assam,2025-12-10T00:00:00,98.52,104.5,105.7,6607.0,0.96,0.97,4.2,1.96,NORMAL_STABLE,UNRESTRICTED_TRANSIT
HYD-BR-02-20251211,BR-02,Bogibeel Rail-cum-Road Combined Bridge,Brahmaputra,Assam,2025-12-11T00:00:00,101.86,104.5,105.7,7495.0,1.84,0.5,4.2,3.07,NORMAL_STABLE,UNRESTRICTED_TRANSIT
HYD-BR-02-20251212,BR-02,Bogibeel Rail-cum-Road Combined Bridge,Brahmaputra,Assam,2025-12-12T00:00:00,100.13,104.5,105.7,10682.0,1.41,0.49,4.2,1.73,NORMAL_STABLE,UNRESTRICTED_TRANSIT
HYD-BR-02-20251213,BR-02,Bogibeel Rail-cum-Road Combined Bridge,Brahmaputra,Assam,2025-12-13T00:00:00,99.15,104.5,105.7,8021.0,1.71,0.79,4.2,3.62,NORMAL_STABLE,UNRESTRICTED_TRANSIT
HYD-BR-02-20251214,BR-02,Bogibeel Rail-cum-Road Combined Bridge,Brahmaputra,Assam,2025-12-14T00:00:00,101.22,104.5,105.7,5636.0,1.54,1.24,4.2,3.03,NORMAL_STABLE,UNRESTRICTED_TRANSIT
HYD-BR-02-20251215,BR-02,Bogibeel Rail-cum-Road Combined Bridge,Brahmaputra,Assam,2025-12-15T00:00:00,100.95,104.5,105.7,5131.0,2.08,0.7,4.2,3.65,NORMAL_STABLE,UNRESTRICTED_TRANSIT
HYD-BR-02-20251216,BR-02,Bogibeel Rail-cum-Road Combined Bridge,Brahmaputra,Assam,2025-12-16T00:00:00,99.93,104.5,105.7,6535.0,1.46,1.11,4.2,3.65,NORMAL_STABLE,UNRESTRICTED_TRANSIT
HYD-BR-02-20251217,BR-02,Bogibeel Rail-cum-Road Combined Bridge,Brahmaputra,Assam,2025-12-17T00:00:00,98.94,104.5,105.7,13729.0,2.0,0.34,4.2,2.52,NORMAL_STABLE,UNRESTRICTED_TRANSIT
HYD-BR-02-20251218,BR-02,Bogibeel Rail-cum-Road Combined Bridge,Brahmaputra,Assam,2025-12-18T00:00:00,101.95,104.5,105.7,4113.0,1.27,1.46,4.2,3.75,NORMAL_STABLE,UNRESTRICTED_TRANSIT
HYD-BR-02-20251219,BR-02,Bogibeel Rail-cum-Road Combined Bridge,Brahmaputra,Assam,2025-12-19T00:00:00,100.96,104.5,105.7,7701.0,2.17,1.27,4.2,2.32,NORMAL_STABLE,UNRESTRICTED_TRANSIT
HYD-BR-02-20251220,BR-02,Bogibeel Rail-cum-Road Combined Bridge,Brahmaputra,Assam,2025-12-20T00:00:00,101.17,104.5,105.7,12752.0,1.29,0.7,4.2,1.77,NORMAL_STABLE,UNRESTRICTED_TRANSIT
HYD-BR-02-20251221,BR-02,Bogibeel Rail-cum-Road Combined Bridge,Brahmaputra,Assam,2025-12-21T00:00:00,101.16,104.5,105.7,10651.0,2.19,1.44,4.2,3.23,NORMAL_STABLE,UNRESTRICTED_TRANSIT
HYD-BR-02-20251222,BR-02,Bogibeel Rail-cum-Road Combined Bridge,Brahmaputra,Assam,2025-12-22T00:00:00,100.92,104.5,105.7,13552.0,2.04,0.49,4.2,1.73,NORMAL_STABLE,UNRESTRICTED_TRANSIT
HYD-BR-02-20251223,BR-02,Bogibeel Rail-cum-Road Combined Bridge,Brahmaputra,Assam,2025-12-23T00:00:00,101.81,104.5,105.7,12273.0,0.87,1.43,4.2,1.78,NORMAL_STABLE,UNRESTRICTED_TRANSIT
HYD-BR-02-20251224,BR-02,Bogibeel Rail-cum-Road Combined Bridge,Brahmaputra,Assam,2025-12-24T00:00:00,100.64,104.5,105.7,7368.0,1.59,1.25,4.2,2.22,NORMAL_STABLE,UNRESTRICTED_TRANSIT
HYD-BR-02-20251225,BR-02,Bogibeel Rail-cum-Road Combined Bridge,Brahmaputra,Assam,2025-12-25T00:00:00,100.95,104.5,105.7,13188.0,1.79,0.75,4.2,2.85,NORMAL_STABLE,UNRESTRICTED_TRANSIT
HYD-BR-02-20251226,BR-02,Bogibeel Rail-cum-Road Combined Bridge,Brahmaputra,Assam,2025-12-26T00:00:00,101.34,104.5,105.7,8916.0,1.06,0.55,4.2,3.58,NORMAL_STABLE,UNRESTRICTED_TRANSIT
HYD-BR-02-20251227,BR-02,Bogibeel Rail-cum-Road Combined Bridge,Brahmaputra,Assam,2025-12-27T00:00:00,99.8,104.5,105.7,11976.0,1.51,1.46,4.2,2.24,NORMAL_STABLE,UNRESTRICTED_TRANSIT
HYD-BR-02-20251228,BR-02,Bogibeel Rail-cum-Road Combined Bridge,Brahmaputra,Assam,2025-12-28T00:00:00,99.16,104.5,105.7,13581.0,1.81,1.29,4.2,2.67,NORMAL_STABLE,UNRESTRICTED_TRANSIT
HYD-BR-02-20251229,BR-02,Bogibeel Rail-cum-Road Combined Bridge,Brahmaputra,Assam,2025-12-29T00:00:00,100.19,104.5,105.7,5528.0,1.73,0.81,4.2,2.69,NORMAL_STABLE,UNRESTRICTED_TRANSIT
HYD-BR-02-20251230,BR-02,Bogibeel Rail-cum-Road Combined Bridge,Brahmaputra,Assam,2025-12-30T00:00:00,101.31,104.5,105.7,7297.0,1.8,0.36,4.2,3.54,NORMAL_STABLE,UNRESTRICTED_TRANSIT
HYD-BR-02-20251231,BR-02,Bogibeel Rail-cum-Road Combined Bridge,Brahmaputra,Assam,2025-12-31T00:00:00,100.02,104.5,105.7,4194.0,1.61,0.53,4.2,3.75,NORMAL_STABLE,UNRESTRICTED_TRANSIT
HYD-BR-02-20260101,BR-02,Bogibeel Rail-cum-Road Combined Bridge,Brahmaputra,Assam,2026-01-01T00:00:00,99.41,104.5,105.7,12323.0,1.77,0.77,4.2,1.77,NORMAL_STABLE,UNRESTRICTED_TRANSIT
HYD-BR-02-20260102,BR-02,Bogibeel Rail-cum-Road Combined Bridge,Brahmaputra,Assam,2026-01-02T00:00:00,100.53,104.5,105.7,9846.0,1.84,0.6,4.2,3.31,NORMAL_STABLE,UNRESTRICTED_TRANSIT
HYD-BR-02-20260103,BR-02,Bogibeel Rail-cum-Road Combined Bridge,Brahmaputra,Assam,2026-01-03T00:00:00,101.15,104.5,105.7,11997.0,1.99,0.8,4.2,3.15,NORMAL_STABLE,UNRESTRICTED_TRANSIT
HYD-BR-02-20260104,BR-02,Bogibeel Rail-cum-Road Combined Bridge,Brahmaputra,Assam,2026-01-04T00:00:00,99.07,104.5,105.7,4028.0,2.18,1.24,4.2,2.98,NORMAL_STABLE,UNRESTRICTED_TRANSIT
HYD-BR-02-20260105,BR-02,Bogibeel Rail-cum-Road Combined Bridge,Brahmaputra,Assam,2026-01-05T00:00:00,101.58,104.5,105.7,12185.0,1.2,0.98,4.2,1.91,NORMAL_STABLE,UNRESTRICTED_TRANSIT
HYD-BR-02-20260106,BR-02,Bogibeel Rail-cum-Road Combined Bridge,Brahmaputra,Assam,2026-01-06T00:00:00,100.9,104.5,105.7,10766.0,2.06,1.13,4.2,4.2,NORMAL_STABLE,UNRESTRICTED_TRANSIT
HYD-BR-02-20260107,BR-02,Bogibeel Rail-cum-Road Combined Bridge,Brahmaputra,Assam,2026-01-07T00:00:00,100.9,104.5,105.7,5807.0,1.66,0.67,4.2,2.95,NORMAL_STABLE,UNRESTRICTED_TRANSIT
HYD-BR-02-20260108,BR-02,Bogibeel Rail-cum-Road Combined Bridge,Brahmaputra,Assam,2026-01-08T00:00:00,100.77,104.5,105.7,5067.0,1.82,0.31,4.2,2.99,NORMAL_STABLE,UNRESTRICTED_TRANSIT
HYD-BR-02-20260109,BR-02,Bogibeel Rail-cum-Road Combined Bridge,Brahmaputra,Assam,2026-01-09T00:00:00,99.25,104.5,105.7,11580.0,1.32,0.44,4.2,3.53,NORMAL_STABLE,UNRESTRICTED_TRANSIT
HYD-BR-02-20260110,BR-02,Bogibeel Rail-cum-Road Combined Bridge,Brahmaputra,Assam,2026-01-10T00:00:00,101.61,104.5,105.7,13063.0,1.78,0.75,4.2,1.55,NORMAL_STABLE,UNRESTRICTED_TRANSIT
HYD-BR-02-20260111,BR-02,Bogibeel Rail-cum-Road Combined Bridge,Brahmaputra,Assam,2026-01-11T00:00:00,100.7,104.5,105.7,11429.0,1.9,1.03,4.2,2.62,NORMAL_STABLE,UNRESTRICTED_TRANSIT
HYD-BR-02-20260112,BR-02,Bogibeel Rail-cum-Road Combined Bridge,Brahmaputra,Assam,2026-01-12T00:00:00,99.43,104.5,105.7,3805.0,1.89,1.44,4.2,3.63,NORMAL_STABLE,UNRESTRICTED_TRANSIT
HYD-BR-02-20260113,BR-02,Bogibeel Rail-cum-Road Combined Bridge,Brahmaputra,Assam,2026-01-13T00:00:00,99.68,104.5,105.7,5303.0,1.71,0.78,4.2,1.67,NORMAL_STABLE,UNRESTRICTED_TRANSIT
HYD-BR-02-20260114,BR-02,Bogibeel Rail-cum-Road Combined Bridge,Brahmaputra,Assam,2026-01-14T00:00:00,99.82,104.5,105.7,5606.0,1.55,0.44,4.2,2.26,NORMAL_STABLE,UNRESTRICTED_TRANSIT
HYD-BR-02-20260115,BR-02,Bogibeel Rail-cum-Road Combined Bridge,Brahmaputra,Assam,2026-01-15T00:00:00,99.59,104.5,105.7,6733.0,1.88,0.31,4.2,3.3,NORMAL_STABLE,UNRESTRICTED_TRANSIT
HYD-BR-02-20260116,BR-02,Bogibeel Rail-cum-Road Combined Bridge,Brahmaputra,Assam,2026-01-16T00:00:00,99.84,104.5,105.7,9277.0,1.23,1.32,4.2,3.63,NORMAL_STABLE,UNRESTRICTED_TRANSIT
HYD-BR-02-20260117,BR-02,Bogibeel Rail-cum-Road Combined Bridge,Brahmaputra,Assam,2026-01-17T00:00:00,100.54,104.5,105.7,13553.0,1.28,0.49,4.2,2.25,NORMAL_STABLE,UNRESTRICTED_TRANSIT
HYD-BR-02-20260118,BR-02,Bogibeel Rail-cum-Road Combined Bridge,Brahmaputra,Assam,2026-01-18T00:00:00,98.57,104.5,105.7,13603.0,1.14,0.75,4.2,2.02,NORMAL_STABLE,UNRESTRICTED_TRANSIT
HYD-BR-02-20260119,BR-02,Bogibeel Rail-cum-Road Combined Bridge,Brahmaputra,Assam,2026-01-19T00:00:00,101.29,104.5,105.7,7846.0,1.39,1.35,4.2,1.87,NORMAL_STABLE,UNRESTRICTED_TRANSIT
HYD-BR-02-20260120,BR-02,Bogibeel Rail-cum-Road Combined Bridge,Brahmaputra,Assam,2026-01-20T00:00:00,98.83,104.5,105.7,5494.0,1.91,1.16,4.2,3.37,NORMAL_STABLE,UNRESTRICTED_TRANSIT
HYD-BR-02-20260121,BR-02,Bogibeel Rail-cum-Road Combined Bridge,Brahmaputra,Assam,2026-01-21T00:00:00,99.36,104.5,105.7,10438.0,2.02,0.57,4.2,3.52,NORMAL_STABLE,UNRESTRICTED_TRANSIT
HYD-BR-02-20260122,BR-02,Bogibeel Rail-cum-Road Combined Bridge,Brahmaputra,Assam,2026-01-22T00:00:00,101.6,104.5,105.7,5043.0,2.12,0.53,4.2,3.25,NORMAL_STABLE,UNRESTRICTED_TRANSIT
HYD-BR-02-20260123,BR-02,Bogibeel Rail-cum-Road Combined Bridge,Brahmaputra,Assam,2026-01-23T00:00:00,99.95,104.5,105.7,9857.0,1.31,1.46,4.2,2.74,NORMAL_STABLE,UNRESTRICTED_TRANSIT
HYD-BR-02-20260124,BR-02,Bogibeel Rail-cum-Road Combined Bridge,Brahmaputra,Assam,2026-01-24T00:00:00,99.22,104.5,105.7,5812.0,1.55,1.2,4.2,3.63,NORMAL_STABLE,UNRESTRICTED_TRANSIT
HYD-BR-02-20260125,BR-02,Bogibeel Rail-cum-Road Combined Bridge,Brahmaputra,Assam,2026-01-25T00:00:00,101.2,104.5,105.7,10592.0,1.97,0.34,4.2,3.14,NORMAL_STABLE,UNRESTRICTED_TRANSIT
HYD-BR-02-20260126,BR-02,Bogibeel Rail-cum-Road Combined Bridge,Brahmaputra,Assam,2026-01-26T00:00:00,99.16,104.5,105.7,5052.0,1.11,1.05,4.2,3.8,NORMAL_STABLE,UNRESTRICTED_TRANSIT
HYD-BR-02-20260127,BR-02,Bogibeel Rail-cum-Road Combined Bridge,Brahmaputra,Assam,2026-01-27T00:00:00,100.95,104.5,105.7,9716.0,2.12,1.26,4.2,2.63,NORMAL_STABLE,UNRESTRICTED_TRANSIT
HYD-BR-02-20260128,BR-02,Bogibeel Rail-cum-Road Combined Bridge,Brahmaputra,Assam,2026-01-28T00:00:00,99.74,104.5,105.7,3700.0,2.06,1.21,4.2,2.04,NORMAL_STABLE,UNRESTRICTED_TRANSIT
HYD-BR-02-20260129,BR-02,Bogibeel Rail-cum-Road Combined Bridge,Brahmaputra,Assam,2026-01-29T00:00:00,101.87,104.5,105.7,4589.0,1.75,0.32,4.2,4.08,NORMAL_STABLE,UNRESTRICTED_TRANSIT
HYD-BR-02-20260130,BR-02,Bogibeel Rail-cum-Road Combined Bridge,Brahmaputra,Assam,2026-01-30T00:00:00,101.87,104.5,105.7,12336.0,1.99,0.87,4.2,2.33,NORMAL_STABLE,UNRESTRICTED_TRANSIT
HYD-BR-02-20260131,BR-02,Bogibeel Rail-cum-Road Combined Bridge,Brahmaputra,Assam,2026-01-31T00:00:00,100.38,104.5,105.7,10364.0,0.93,1.19,4.2,2.23,NORMAL_STABLE,UNRESTRICTED_TRANSIT
HYD-BR-02-20260201,BR-02,Bogibeel Rail-cum-Road Combined Bridge,Brahmaputra,Assam,2026-02-01T00:00:00,98.92,104.5,105.7,6707.0,1.32,0.89,4.2,2.82,NORMAL_STABLE,UNRESTRICTED_TRANSIT
HYD-BR-02-20260202,BR-02,Bogibeel Rail-cum-Road Combined Bridge,Brahmaputra,Assam,2026-02-02T00:00:00,100.85,104.5,105.7,10620.0,1.86,1.25,4.2,3.28,NORMAL_STABLE,UNRESTRICTED_TRANSIT
HYD-BR-02-20260203,BR-02,Bogibeel Rail-cum-Road Combined Bridge,Brahmaputra,Assam,2026-02-03T00:00:00,99.66,104.5,105.7,3890.0,1.21,0.4,4.2,2.06,NORMAL_STABLE,UNRESTRICTED_TRANSIT
HYD-BR-02-20260204,BR-02,Bogibeel Rail-cum-Road Combined Bridge,Brahmaputra,Assam,2026-02-04T00:00:00,101.37,104.5,105.7,13050.0,1.81,1.13,4.2,1.76,NORMAL_STABLE,UNRESTRICTED_TRANSIT
HYD-BR-02-20260205,BR-02,Bogibeel Rail-cum-Road Combined Bridge,Brahmaputra,Assam,2026-02-05T00:00:00,98.74,104.5,105.7,5311.0,1.66,0.68,4.2,3.23,NORMAL_STABLE,UNRESTRICTED_TRANSIT
HYD-BR-02-20260206,BR-02,Bogibeel Rail-cum-Road Combined Bridge,Brahmaputra,Assam,2026-02-06T00:00:00,101.84,104.5,105.7,4943.0,0.92,0.42,4.2,3.66,NORMAL_STABLE,UNRESTRICTED_TRANSIT
HYD-BR-02-20260207,BR-02,Bogibeel Rail-cum-Road Combined Bridge,Brahmaputra,Assam,2026-02-07T00:00:00,101.33,104.5,105.7,7240.0,1.02,0.39,4.2,3.52,NORMAL_STABLE,UNRESTRICTED_TRANSIT
HYD-BR-02-20260208,BR-02,Bogibeel Rail-cum-Road Combined Bridge,Brahmaputra,Assam,2026-02-08T00:00:00,99.07,104.5,105.7,3411.0,2.03,1.0,4.2,3.29,NORMAL_STABLE,UNRESTRICTED_TRANSIT
HYD-BR-02-20260209,BR-02,Bogibeel Rail-cum-Road Combined Bridge,Brahmaputra,Assam,2026-02-09T00:00:00,99.91,104.5,105.7,12922.0,1.85,0.63,4.2,3.85,NORMAL_STABLE,UNRESTRICTED_TRANSIT
HYD-BR-02-20260210,BR-02,Bogibeel Rail-cum-Road Combined Bridge,Brahmaputra,Assam,2026-02-10T00:00:00,99.04,104.5,105.7,7899.0,1.99,1.0,4.2,3.13,NORMAL_STABLE,UNRESTRICTED_TRANSIT
HYD-BR-02-20260211,BR-02,Bogibeel Rail-cum-Road Combined Bridge,Brahmaputra,Assam,2026-02-11T00:00:00,101.37,104.5,105.7,12513.0,1.09,0.82,4.2,3.12,NORMAL_STABLE,UNRESTRICTED_TRANSIT
HYD-BR-02-20260212,BR-02,Bogibeel Rail-cum-Road Combined Bridge,Brahmaputra,Assam,2026-02-12T00:00:00,101.88,104.5,105.7,11895.0,1.16,1.32,4.2,3.57,NORMAL_STABLE,UNRESTRICTED_TRANSIT
HYD-BR-02-20260213,BR-02,Bogibeel Rail-cum-Road Combined Bridge,Brahmaputra,Assam,2026-02-13T00:00:00,99.6,104.5,105.7,11637.0,1.7,1.37,4.2,4.14,NORMAL_STABLE,UNRESTRICTED_TRANSIT
HYD-BR-02-20260214,BR-02,Bogibeel Rail-cum-Road Combined Bridge,Brahmaputra,Assam,2026-02-14T00:00:00,99.33,104.5,105.7,11493.0,1.07,1.29,4.2,2.47,NORMAL_STABLE,UNRESTRICTED_TRANSIT
HYD-BR-02-20260215,BR-02,Bogibeel Rail-cum-Road Combined Bridge,Brahmaputra,Assam,2026-02-15T00:00:00,101.93,104.5,105.7,3260.0,1.73,1.33,4.2,2.18,NORMAL_STABLE,UNRESTRICTED_TRANSIT
HYD-BR-02-20260216,BR-02,Bogibeel Rail-cum-Road Combined Bridge,Brahmaputra,Assam,2026-02-16T00:00:00,99.57,104.5,105.7,6792.0,1.3,0.36,4.2,4.14,NORMAL_STABLE,UNRESTRICTED_TRANSIT
HYD-BR-02-20260217,BR-02,Bogibeel Rail-cum-Road Combined Bridge,Brahmaputra,Assam,2026-02-17T00:00:00,101.52,104.5,105.7,8245.0,1.36,0.94,4.2,2.68,NORMAL_STABLE,UNRESTRICTED_TRANSIT
HYD-BR-02-20260218,BR-02,Bogibeel Rail-cum-Road Combined Bridge,Brahmaputra,Assam,2026-02-18T00:00:00,98.62,104.5,105.7,8275.0,1.32,0.76,4.2,4.01,NORMAL_STABLE,UNRESTRICTED_TRANSIT
HYD-BR-02-20260219,BR-02,Bogibeel Rail-cum-Road Combined Bridge,Brahmaputra,Assam,2026-02-19T00:00:00,98.51,104.5,105.7,13378.0,1.65,1.44,4.2,2.59,NORMAL_STABLE,UNRESTRICTED_TRANSIT
HYD-BR-02-20260220,BR-02,Bogibeel Rail-cum-Road Combined Bridge,Brahmaputra,Assam,2026-02-20T00:00:00,100.95,104.5,105.7,7915.0,1.19,0.31,4.2,2.57,NORMAL_STABLE,UNRESTRICTED_TRANSIT
HYD-BR-02-20260221,BR-02,Bogibeel Rail-cum-Road Combined Bridge,Brahmaputra,Assam,2026-02-21T00:00:00,101.83,104.5,105.7,8907.0,1.79,0.48,4.2,2.87,NORMAL_STABLE,UNRESTRICTED_TRANSIT
HYD-BR-02-20260222,BR-02,Bogibeel Rail-cum-Road Combined Bridge,Brahmaputra,Assam,2026-02-22T00:00:00,99.88,104.5,105.7,12867.0,1.87,0.33,4.2,2.34,NORMAL_STABLE,UNRESTRICTED_TRANSIT
HYD-BR-02-20260223,BR-02,Bogibeel Rail-cum-Road Combined Bridge,Brahmaputra,Assam,2026-02-23T00:00:00,99.77,104.5,105.7,11468.0,1.44,1.34,4.2,1.78,NORMAL_STABLE,UNRESTRICTED_TRANSIT
HYD-BR-02-20260224,BR-02,Bogibeel Rail-cum-Road Combined Bridge,Brahmaputra,Assam,2026-02-24T00:00:00,100.93,104.5,105.7,12920.0,1.64,1.38,4.2,3.73,NORMAL_STABLE,UNRESTRICTED_TRANSIT
HYD-BR-02-20260225,BR-02,Bogibeel Rail-cum-Road Combined Bridge,Brahmaputra,Assam,2026-02-25T00:00:00,100.75,104.5,105.7,6537.0,2.14,1.41,4.2,2.4,NORMAL_STABLE,UNRESTRICTED_TRANSIT
HYD-BR-02-20260226,BR-02,Bogibeel Rail-cum-Road Combined Bridge,Brahmaputra,Assam,2026-02-26T00:00:00,101.11,104.5,105.7,6388.0,0.84,1.28,4.2,1.89,NORMAL_STABLE,UNRESTRICTED_TRANSIT
HYD-BR-02-20260227,BR-02,Bogibeel Rail-cum-Road Combined Bridge,Brahmaputra,Assam,2026-02-27T00:00:00,99.45,104.5,105.7,11983.0,1.32,1.44,4.2,4.02,NORMAL_STABLE,UNRESTRICTED_TRANSIT
HYD-BR-02-20260228,BR-02,Bogibeel Rail-cum-Road Combined Bridge,Brahmaputra,Assam,2026-02-28T00:00:00,100.8,104.5,105.7,10422.0,1.29,0.87,4.2,3.9,NORMAL_STABLE,UNRESTRICTED_TRANSIT
HYD-BR-02-20260301,BR-02,Bogibeel Rail-cum-Road Combined Bridge,Brahmaputra,Assam,2026-03-01T00:00:00,99.39,104.5,105.7,8103.0,1.02,0.91,4.2,3.81,NORMAL_STABLE,UNRESTRICTED_TRANSIT
HYD-BR-02-20260302,BR-02,Bogibeel Rail-cum-Road Combined Bridge,Brahmaputra,Assam,2026-03-02T00:00:00,101.55,104.5,105.7,8136.0,0.89,1.28,4.2,3.48,NORMAL_STABLE,UNRESTRICTED_TRANSIT
HYD-BR-02-20260303,BR-02,Bogibeel Rail-cum-Road Combined Bridge,Brahmaputra,Assam,2026-03-03T00:00:00,99.31,104.5,105.7,9340.0,1.35,1.33,4.2,4.1,NORMAL_STABLE,UNRESTRICTED_TRANSIT
HYD-BR-02-20260304,BR-02,Bogibeel Rail-cum-Road Combined Bridge,Brahmaputra,Assam,2026-03-04T00:00:00,100.42,104.5,105.7,11284.0,2.14,1.06,4.2,2.28,NORMAL_STABLE,UNRESTRICTED_TRANSIT
HYD-BR-02-20260305,BR-02,Bogibeel Rail-cum-Road Combined Bridge,Brahmaputra,Assam,2026-03-05T00:00:00,100.56,104.5,105.7,9775.0,0.88,0.85,4.2,3.5,NORMAL_STABLE,UNRESTRICTED_TRANSIT
HYD-BR-02-20260306,BR-02,Bogibeel Rail-cum-Road Combined Bridge,Brahmaputra,Assam,2026-03-06T00:00:00,101.81,104.5,105.7,10947.0,1.55,0.55,4.2,1.83,NORMAL_STABLE,UNRESTRICTED_TRANSIT
HYD-BR-02-20260307,BR-02,Bogibeel Rail-cum-Road Combined Bridge,Brahmaputra,Assam,2026-03-07T00:00:00,100.39,104.5,105.7,12310.0,2.15,0.35,4.2,1.66,NORMAL_STABLE,UNRESTRICTED_TRANSIT
HYD-BR-02-20260308,BR-02,Bogibeel Rail-cum-Road Combined Bridge,Brahmaputra,Assam,2026-03-08T00:00:00,100.35,104.5,105.7,12073.0,0.88,0.98,4.2,3.17,NORMAL_STABLE,UNRESTRICTED_TRANSIT
HYD-BR-02-20260309,BR-02,Bogibeel Rail-cum-Road Combined Bridge,Brahmaputra,Assam,2026-03-09T00:00:00,100.11,104.5,105.7,9212.0,1.81,0.86,4.2,2.54,NORMAL_STABLE,UNRESTRICTED_TRANSIT
HYD-BR-02-20260310,BR-02,Bogibeel Rail-cum-Road Combined Bridge,Brahmaputra,Assam,2026-03-10T00:00:00,98.77,104.5,105.7,7473.0,1.3,0.31,4.2,1.67,NORMAL_STABLE,UNRESTRICTED_TRANSIT
HYD-BR-02-20260311,BR-02,Bogibeel Rail-cum-Road Combined Bridge,Brahmaputra,Assam,2026-03-11T00:00:00,101.14,104.5,105.7,12355.0,1.13,0.69,4.2,2.26,NORMAL_STABLE,UNRESTRICTED_TRANSIT
HYD-BR-02-20260312,BR-02,Bogibeel Rail-cum-Road Combined Bridge,Brahmaputra,Assam,2026-03-12T00:00:00,100.54,104.5,105.7,10760.0,2.08,0.98,4.2,4.12,NORMAL_STABLE,UNRESTRICTED_TRANSIT
HYD-BR-02-20260313,BR-02,Bogibeel Rail-cum-Road Combined Bridge,Brahmaputra,Assam,2026-03-13T00:00:00,101.95,104.5,105.7,5031.0,0.89,0.78,4.2,2.58,NORMAL_STABLE,UNRESTRICTED_TRANSIT
HYD-BR-02-20260314,BR-02,Bogibeel Rail-cum-Road Combined Bridge,Brahmaputra,Assam,2026-03-14T00:00:00,99.02,104.5,105.7,4348.0,1.07,1.09,4.2,1.7,NORMAL_STABLE,UNRESTRICTED_TRANSIT
HYD-BR-02-20260315,BR-02,Bogibeel Rail-cum-Road Combined Bridge,Brahmaputra,Assam,2026-03-15T00:00:00,98.75,104.5,105.7,10096.0,1.3,1.28,4.2,2.12,NORMAL_STABLE,UNRESTRICTED_TRANSIT
HYD-BR-02-20260316,BR-02,Bogibeel Rail-cum-Road Combined Bridge,Brahmaputra,Assam,2026-03-16T00:00:00,98.89,104.5,105.7,9763.0,1.25,0.58,4.2,2.43,NORMAL_STABLE,UNRESTRICTED_TRANSIT
HYD-BR-02-20260317,BR-02,Bogibeel Rail-cum-Road Combined Bridge,Brahmaputra,Assam,2026-03-17T00:00:00,100.67,104.5,105.7,13411.0,1.63,1.15,4.2,2.12,NORMAL_STABLE,UNRESTRICTED_TRANSIT
HYD-BR-02-20260318,BR-02,Bogibeel Rail-cum-Road Combined Bridge,Brahmaputra,Assam,2026-03-18T00:00:00,101.81,104.5,105.7,10440.0,1.67,0.57,4.2,2.11,NORMAL_STABLE,UNRESTRICTED_TRANSIT
HYD-BR-02-20260319,BR-02,Bogibeel Rail-cum-Road Combined Bridge,Brahmaputra,Assam,2026-03-19T00:00:00,101.54,104.5,105.7,5563.0,1.17,1.22,4.2,3.44,NORMAL_STABLE,UNRESTRICTED_TRANSIT
HYD-BR-02-20260320,BR-02,Bogibeel Rail-cum-Road Combined Bridge,Brahmaputra,Assam,2026-03-20T00:00:00,99.85,104.5,105.7,13791.0,2.13,0.99,4.2,2.91,NORMAL_STABLE,UNRESTRICTED_TRANSIT
HYD-BR-02-20260321,BR-02,Bogibeel Rail-cum-Road Combined Bridge,Brahmaputra,Assam,2026-03-21T00:00:00,99.47,104.5,105.7,8126.0,0.94,0.48,4.2,2.29,NORMAL_STABLE,UNRESTRICTED_TRANSIT
HYD-BR-02-20260322,BR-02,Bogibeel Rail-cum-Road Combined Bridge,Brahmaputra,Assam,2026-03-22T00:00:00,100.09,104.5,105.7,12798.0,0.98,1.4,4.2,3.04,NORMAL_STABLE,UNRESTRICTED_TRANSIT
HYD-BR-02-20260323,BR-02,Bogibeel Rail-cum-Road Combined Bridge,Brahmaputra,Assam,2026-03-23T00:00:00,101.87,104.5,105.7,8801.0,1.7,0.76,4.2,3.39,NORMAL_STABLE,UNRESTRICTED_TRANSIT
HYD-BR-02-20260324,BR-02,Bogibeel Rail-cum-Road Combined Bridge,Brahmaputra,Assam,2026-03-24T00:00:00,101.04,104.5,105.7,4890.0,1.93,0.96,4.2,1.74,NORMAL_STABLE,UNRESTRICTED_TRANSIT
HYD-BR-02-20260325,BR-02,Bogibeel Rail-cum-Road Combined Bridge,Brahmaputra,Assam,2026-03-25T00:00:00,98.67,104.5,105.7,11795.0,1.55,0.84,4.2,2.61,NORMAL_STABLE,UNRESTRICTED_TRANSIT
HYD-BR-02-20260326,BR-02,Bogibeel Rail-cum-Road Combined Bridge,Brahmaputra,Assam,2026-03-26T00:00:00,100.85,104.5,105.7,8572.0,1.08,0.85,4.2,3.93,NORMAL_STABLE,UNRESTRICTED_TRANSIT
HYD-BR-02-20260327,BR-02,Bogibeel Rail-cum-Road Combined Bridge,Brahmaputra,Assam,2026-03-27T00:00:00,100.99,104.5,105.7,13907.0,1.96,0.57,4.2,2.42,NORMAL_STABLE,UNRESTRICTED_TRANSIT
HYD-BR-02-20260328,BR-02,Bogibeel Rail-cum-Road Combined Bridge,Brahmaputra,Assam,2026-03-28T00:00:00,100.67,104.5,105.7,13910.0,1.44,0.82,4.2,1.93,NORMAL_STABLE,UNRESTRICTED_TRANSIT
HYD-BR-02-20260329,BR-02,Bogibeel Rail-cum-Road Combined Bridge,Brahmaputra,Assam,2026-03-29T00:00:00,101.06,104.5,105.7,6397.0,2.11,0.7,4.2,4.13,NORMAL_STABLE,UNRESTRICTED_TRANSIT
HYD-BR-02-20260330,BR-02,Bogibeel Rail-cum-Road Combined Bridge,Brahmaputra,Assam,2026-03-30T00:00:00,99.88,104.5,105.7,6142.0,1.79,0.88,4.2,2.44,NORMAL_STABLE,UNRESTRICTED_TRANSIT
HYD-BR-02-20260331,BR-02,Bogibeel Rail-cum-Road Combined Bridge,Brahmaputra,Assam,2026-03-31T00:00:00,101.95,104.5,105.7,7331.0,1.41,0.43,4.2,3.68,NORMAL_STABLE,UNRESTRICTED_TRANSIT
HYD-BR-02-20260401,BR-02,Bogibeel Rail-cum-Road Combined Bridge,Brahmaputra,Assam,2026-04-01T00:00:00,100.96,104.5,105.7,8952.0,1.25,0.3,4.2,3.76,NORMAL_STABLE,UNRESTRICTED_TRANSIT
HYD-BR-02-20260402,BR-02,Bogibeel Rail-cum-Road Combined Bridge,Brahmaputra,Assam,2026-04-02T00:00:00,101.76,104.5,105.7,12782.0,1.27,0.57,4.2,1.62,NORMAL_STABLE,UNRESTRICTED_TRANSIT
HYD-BR-02-20260403,BR-02,Bogibeel Rail-cum-Road Combined Bridge,Brahmaputra,Assam,2026-04-03T00:00:00,99.93,104.5,105.7,12320.0,1.82,1.19,4.2,3.88,NORMAL_STABLE,UNRESTRICTED_TRANSIT
HYD-BR-02-20260404,BR-02,Bogibeel Rail-cum-Road Combined Bridge,Brahmaputra,Assam,2026-04-04T00:00:00,98.95,104.5,105.7,10629.0,1.48,0.32,4.2,2.5,NORMAL_STABLE,UNRESTRICTED_TRANSIT
HYD-BR-02-20260405,BR-02,Bogibeel Rail-cum-Road Combined Bridge,Brahmaputra,Assam,2026-04-05T00:00:00,101.7,104.5,105.7,13865.0,1.83,0.31,4.2,2.95,NORMAL_STABLE,UNRESTRICTED_TRANSIT
HYD-BR-02-20260406,BR-02,Bogibeel Rail-cum-Road Combined Bridge,Brahmaputra,Assam,2026-04-06T00:00:00,99.81,104.5,105.7,3225.0,1.11,1.13,4.2,2.77,NORMAL_STABLE,UNRESTRICTED_TRANSIT
HYD-BR-02-20260407,BR-02,Bogibeel Rail-cum-Road Combined Bridge,Brahmaputra,Assam,2026-04-07T00:00:00,100.24,104.5,105.7,10635.0,1.03,1.43,4.2,1.57,NORMAL_STABLE,UNRESTRICTED_TRANSIT
HYD-BR-02-20260408,BR-02,Bogibeel Rail-cum-Road Combined Bridge,Brahmaputra,Assam,2026-04-08T00:00:00,101.57,104.5,105.7,3262.0,1.25,0.61,4.2,3.24,NORMAL_STABLE,UNRESTRICTED_TRANSIT
HYD-BR-02-20260409,BR-02,Bogibeel Rail-cum-Road Combined Bridge,Brahmaputra,Assam,2026-04-09T00:00:00,99.68,104.5,105.7,4040.0,2.11,0.62,4.2,3.76,NORMAL_STABLE,UNRESTRICTED_TRANSIT
HYD-BR-02-20260410,BR-02,Bogibeel Rail-cum-Road Combined Bridge,Brahmaputra,Assam,2026-04-10T00:00:00,101.47,104.5,105.7,10921.0,1.73,1.06,4.2,3.0,NORMAL_STABLE,UNRESTRICTED_TRANSIT
HYD-BR-02-20260411,BR-02,Bogibeel Rail-cum-Road Combined Bridge,Brahmaputra,Assam,2026-04-11T00:00:00,101.83,104.5,105.7,3983.0,1.66,1.07,4.2,1.95,NORMAL_STABLE,UNRESTRICTED_TRANSIT
HYD-BR-02-20260412,BR-02,Bogibeel Rail-cum-Road Combined Bridge,Brahmaputra,Assam,2026-04-12T00:00:00,100.56,104.5,105.7,6086.0,1.79,1.46,4.2,3.01,NORMAL_STABLE,UNRESTRICTED_TRANSIT
HYD-BR-02-20260413,BR-02,Bogibeel Rail-cum-Road Combined Bridge,Brahmaputra,Assam,2026-04-13T00:00:00,101.71,104.5,105.7,7602.0,1.81,0.86,4.2,1.58,NORMAL_STABLE,UNRESTRICTED_TRANSIT
HYD-BR-02-20260414,BR-02,Bogibeel Rail-cum-Road Combined Bridge,Brahmaputra,Assam,2026-04-14T00:00:00,99.5,104.5,105.7,6348.0,1.76,1.09,4.2,1.54,NORMAL_STABLE,UNRESTRICTED_TRANSIT
HYD-BR-02-20260415,BR-02,Bogibeel Rail-cum-Road Combined Bridge,Brahmaputra,Assam,2026-04-15T00:00:00,101.68,104.5,105.7,10271.0,1.05,1.34,4.2,2.69,NORMAL_STABLE,UNRESTRICTED_TRANSIT
HYD-BR-02-20260416,BR-02,Bogibeel Rail-cum-Road Combined Bridge,Brahmaputra,Assam,2026-04-16T00:00:00,99.76,104.5,105.7,7829.0,1.47,1.18,4.2,3.14,NORMAL_STABLE,UNRESTRICTED_TRANSIT
HYD-BR-02-20260417,BR-02,Bogibeel Rail-cum-Road Combined Bridge,Brahmaputra,Assam,2026-04-17T00:00:00,99.6,104.5,105.7,7937.0,0.91,1.49,4.2,3.05,NORMAL_STABLE,UNRESTRICTED_TRANSIT
HYD-BR-02-20260418,BR-02,Bogibeel Rail-cum-Road Combined Bridge,Brahmaputra,Assam,2026-04-18T00:00:00,99.97,104.5,105.7,9634.0,1.05,1.32,4.2,2.03,NORMAL_STABLE,UNRESTRICTED_TRANSIT
HYD-BR-02-20260419,BR-02,Bogibeel Rail-cum-Road Combined Bridge,Brahmaputra,Assam,2026-04-19T00:00:00,98.63,104.5,105.7,12438.0,1.73,1.39,4.2,4.09,NORMAL_STABLE,UNRESTRICTED_TRANSIT
HYD-BR-02-20260420,BR-02,Bogibeel Rail-cum-Road Combined Bridge,Brahmaputra,Assam,2026-04-20T00:00:00,100.95,104.5,105.7,3155.0,1.43,0.86,4.2,3.63,NORMAL_STABLE,UNRESTRICTED_TRANSIT
HYD-BR-02-20260421,BR-02,Bogibeel Rail-cum-Road Combined Bridge,Brahmaputra,Assam,2026-04-21T00:00:00,100.33,104.5,105.7,11344.0,0.91,1.41,4.2,2.88,NORMAL_STABLE,UNRESTRICTED_TRANSIT
HYD-BR-02-20260422,BR-02,Bogibeel Rail-cum-Road Combined Bridge,Brahmaputra,Assam,2026-04-22T00:00:00,99.02,104.5,105.7,13039.0,1.32,0.81,4.2,2.06,NORMAL_STABLE,UNRESTRICTED_TRANSIT
HYD-BR-02-20260423,BR-02,Bogibeel Rail-cum-Road Combined Bridge,Brahmaputra,Assam,2026-04-23T00:00:00,100.29,104.5,105.7,9637.0,0.92,0.79,4.2,2.66,NORMAL_STABLE,UNRESTRICTED_TRANSIT
HYD-BR-02-20260424,BR-02,Bogibeel Rail-cum-Road Combined Bridge,Brahmaputra,Assam,2026-04-24T00:00:00,100.13,104.5,105.7,13596.0,1.73,1.07,4.2,2.48,NORMAL_STABLE,UNRESTRICTED_TRANSIT
HYD-BR-02-20260425,BR-02,Bogibeel Rail-cum-Road Combined Bridge,Brahmaputra,Assam,2026-04-25T00:00:00,99.95,104.5,105.7,9206.0,1.04,0.98,4.2,2.16,NORMAL_STABLE,UNRESTRICTED_TRANSIT
HYD-BR-02-20260426,BR-02,Bogibeel Rail-cum-Road Combined Bridge,Brahmaputra,Assam,2026-04-26T00:00:00,101.66,104.5,105.7,4677.0,1.19,1.33,4.2,2.98,NORMAL_STABLE,UNRESTRICTED_TRANSIT
HYD-BR-02-20260427,BR-02,Bogibeel Rail-cum-Road Combined Bridge,Brahmaputra,Assam,2026-04-27T00:00:00,100.48,104.5,105.7,10998.0,2.19,1.07,4.2,2.76,NORMAL_STABLE,UNRESTRICTED_TRANSIT
HYD-BR-02-20260428,BR-02,Bogibeel Rail-cum-Road Combined Bridge,Brahmaputra,Assam,2026-04-28T00:00:00,101.06,104.5,105.7,13353.0,0.84,0.4,4.2,2.51,NORMAL_STABLE,UNRESTRICTED_TRANSIT
HYD-BR-02-20260429,BR-02,Bogibeel Rail-cum-Road Combined Bridge,Brahmaputra,Assam,2026-04-29T00:00:00,101.63,104.5,105.7,13395.0,2.05,1.34,4.2,2.96,NORMAL_STABLE,UNRESTRICTED_TRANSIT
HYD-BR-02-20260430,BR-02,Bogibeel Rail-cum-Road Combined Bridge,Brahmaputra,Assam,2026-04-30T00:00:00,98.76,104.5,105.7,12160.0,1.5,1.37,4.2,3.01,NORMAL_STABLE,UNRESTRICTED_TRANSIT
HYD-BR-02-20260501,BR-02,Bogibeel Rail-cum-Road Combined Bridge,Brahmaputra,Assam,2026-05-01T00:00:00,99.78,104.5,105.7,10037.0,0.97,1.32,4.2,1.61,NORMAL_STABLE,UNRESTRICTED_TRANSIT
HYD-BR-02-20260502,BR-02,Bogibeel Rail-cum-Road Combined Bridge,Brahmaputra,Assam,2026-05-02T00:00:00,100.53,104.5,105.7,5720.0,0.87,0.76,4.2,4.16,NORMAL_STABLE,UNRESTRICTED_TRANSIT
HYD-BR-02-20260503,BR-02,Bogibeel Rail-cum-Road Combined Bridge,Brahmaputra,Assam,2026-05-03T00:00:00,99.26,104.5,105.7,11043.0,2.06,1.37,4.2,3.65,NORMAL_STABLE,UNRESTRICTED_TRANSIT
HYD-BR-02-20260504,BR-02,Bogibeel Rail-cum-Road Combined Bridge,Brahmaputra,Assam,2026-05-04T00:00:00,100.94,104.5,105.7,7777.0,0.97,0.74,4.2,3.96,NORMAL_STABLE,UNRESTRICTED_TRANSIT
HYD-BR-02-20260505,BR-02,Bogibeel Rail-cum-Road Combined Bridge,Brahmaputra,Assam,2026-05-05T00:00:00,101.69,104.5,105.7,4631.0,1.04,1.03,4.2,3.46,NORMAL_STABLE,UNRESTRICTED_TRANSIT
HYD-BR-02-20260506,BR-02,Bogibeel Rail-cum-Road Combined Bridge,Brahmaputra,Assam,2026-05-06T00:00:00,98.91,104.5,105.7,3771.0,0.81,0.43,4.2,3.02,NORMAL_STABLE,UNRESTRICTED_TRANSIT
HYD-BR-02-20260507,BR-02,Bogibeel Rail-cum-Road Combined Bridge,Brahmaputra,Assam,2026-05-07T00:00:00,99.65,104.5,105.7,5743.0,1.69,0.82,4.2,2.3,NORMAL_STABLE,UNRESTRICTED_TRANSIT
HYD-BR-02-20260508,BR-02,Bogibeel Rail-cum-Road Combined Bridge,Brahmaputra,Assam,2026-05-08T00:00:00,100.37,104.5,105.7,5431.0,2.06,1.0,4.2,3.27,NORMAL_STABLE,UNRESTRICTED_TRANSIT
HYD-BR-02-20260509,BR-02,Bogibeel Rail-cum-Road Combined Bridge,Brahmaputra,Assam,2026-05-09T00:00:00,101.95,104.5,105.7,3869.0,2.13,0.51,4.2,2.91,NORMAL_STABLE,UNRESTRICTED_TRANSIT
HYD-BR-02-20260510,BR-02,Bogibeel Rail-cum-Road Combined Bridge,Brahmaputra,Assam,2026-05-10T00:00:00,101.69,104.5,105.7,4776.0,1.71,0.93,4.2,3.29,NORMAL_STABLE,UNRESTRICTED_TRANSIT
HYD-BR-02-20260511,BR-02,Bogibeel Rail-cum-Road Combined Bridge,Brahmaputra,Assam,2026-05-11T00:00:00,101.18,104.5,105.7,6839.0,0.92,0.75,4.2,3.72,NORMAL_STABLE,UNRESTRICTED_TRANSIT
HYD-BR-02-20260512,BR-02,Bogibeel Rail-cum-Road Combined Bridge,Brahmaputra,Assam,2026-05-12T00:00:00,101.26,104.5,105.7,9985.0,2.16,0.57,4.2,2.13,NORMAL_STABLE,UNRESTRICTED_TRANSIT
HYD-BR-02-20260513,BR-02,Bogibeel Rail-cum-Road Combined Bridge,Brahmaputra,Assam,2026-05-13T00:00:00,101.63,104.5,105.7,9192.0,1.55,1.2,4.2,3.03,NORMAL_STABLE,UNRESTRICTED_TRANSIT
HYD-BR-02-20260514,BR-02,Bogibeel Rail-cum-Road Combined Bridge,Brahmaputra,Assam,2026-05-14T00:00:00,99.82,104.5,105.7,5856.0,0.96,0.92,4.2,2.23,NORMAL_STABLE,UNRESTRICTED_TRANSIT
HYD-BR-02-20260515,BR-02,Bogibeel Rail-cum-Road Combined Bridge,Brahmaputra,Assam,2026-05-15T00:00:00,100.13,104.5,105.7,13532.0,1.03,0.39,4.2,3.71,NORMAL_STABLE,UNRESTRICTED_TRANSIT
HYD-BR-02-20260516,BR-02,Bogibeel Rail-cum-Road Combined Bridge,Brahmaputra,Assam,2026-05-16T00:00:00,99.16,104.5,105.7,6753.0,1.37,0.44,4.2,2.27,NORMAL_STABLE,UNRESTRICTED_TRANSIT
HYD-BR-02-20260517,BR-02,Bogibeel Rail-cum-Road Combined Bridge,Brahmaputra,Assam,2026-05-17T00:00:00,101.85,104.5,105.7,10021.0,1.33,1.03,4.2,1.81,NORMAL_STABLE,UNRESTRICTED_TRANSIT
HYD-BR-02-20260518,BR-02,Bogibeel Rail-cum-Road Combined Bridge,Brahmaputra,Assam,2026-05-18T00:00:00,100.23,104.5,105.7,11251.0,1.0,0.64,4.2,3.12,NORMAL_STABLE,UNRESTRICTED_TRANSIT
HYD-BR-02-20260519,BR-02,Bogibeel Rail-cum-Road Combined Bridge,Brahmaputra,Assam,2026-05-19T00:00:00,99.0,104.5,105.7,3209.0,1.88,1.11,4.2,1.69,NORMAL_STABLE,UNRESTRICTED_TRANSIT
HYD-BR-02-20260520,BR-02,Bogibeel Rail-cum-Road Combined Bridge,Brahmaputra,Assam,2026-05-20T00:00:00,99.75,104.5,105.7,4560.0,1.37,0.35,4.2,1.93,NORMAL_STABLE,UNRESTRICTED_TRANSIT
HYD-BR-02-20260521,BR-02,Bogibeel Rail-cum-Road Combined Bridge,Brahmaputra,Assam,2026-05-21T00:00:00,100.11,104.5,105.7,8936.0,1.49,1.07,4.2,3.18,NORMAL_STABLE,UNRESTRICTED_TRANSIT
HYD-BR-02-20260522,BR-02,Bogibeel Rail-cum-Road Combined Bridge,Brahmaputra,Assam,2026-05-22T00:00:00,99.53,104.5,105.7,6576.0,1.91,1.15,4.2,3.54,NORMAL_STABLE,UNRESTRICTED_TRANSIT
HYD-BR-02-20260523,BR-02,Bogibeel Rail-cum-Road Combined Bridge,Brahmaputra,Assam,2026-05-23T00:00:00,100.94,104.5,105.7,7562.0,2.03,0.93,4.2,1.58,NORMAL_STABLE,UNRESTRICTED_TRANSIT
HYD-BR-02-20260524,BR-02,Bogibeel Rail-cum-Road Combined Bridge,Brahmaputra,Assam,2026-05-24T00:00:00,99.21,104.5,105.7,9024.0,1.59,1.07,4.2,3.54,NORMAL_STABLE,UNRESTRICTED_TRANSIT
HYD-BR-02-20260525,BR-02,Bogibeel Rail-cum-Road Combined Bridge,Brahmaputra,Assam,2026-05-25T00:00:00,98.87,104.5,105.7,10594.0,1.86,1.2,4.2,3.55,NORMAL_STABLE,UNRESTRICTED_TRANSIT
HYD-BR-02-20260526,BR-02,Bogibeel Rail-cum-Road Combined Bridge,Brahmaputra,Assam,2026-05-26T00:00:00,100.81,104.5,105.7,9959.0,1.8,0.69,4.2,1.99,NORMAL_STABLE,UNRESTRICTED_TRANSIT
HYD-BR-02-20260527,BR-02,Bogibeel Rail-cum-Road Combined Bridge,Brahmaputra,Assam,2026-05-27T00:00:00,99.46,104.5,105.7,6752.0,1.87,1.1,4.2,4.02,NORMAL_STABLE,UNRESTRICTED_TRANSIT
HYD-BR-02-20260528,BR-02,Bogibeel Rail-cum-Road Combined Bridge,Brahmaputra,Assam,2026-05-28T00:00:00,100.8,104.5,105.7,7850.0,1.03,1.23,4.2,2.8,NORMAL_STABLE,UNRESTRICTED_TRANSIT
HYD-BR-02-20260529,BR-02,Bogibeel Rail-cum-Road Combined Bridge,Brahmaputra,Assam,2026-05-29T00:00:00,100.99,104.5,105.7,12163.0,2.04,0.99,4.2,1.85,NORMAL_STABLE,UNRESTRICTED_TRANSIT
HYD-BR-02-20260530,BR-02,Bogibeel Rail-cum-Road Combined Bridge,Brahmaputra,Assam,2026-05-30T00:00:00,101.02,104.5,105.7,3099.0,1.72,1.39,4.2,2.06,NORMAL_STABLE,UNRESTRICTED_TRANSIT
HYD-BR-02-20260531,BR-02,Bogibeel Rail-cum-Road Combined Bridge,Brahmaputra,Assam,2026-05-31T00:00:00,99.31,104.5,105.7,10153.0,0.9,0.72,4.2,3.55,NORMAL_STABLE,UNRESTRICTED_TRANSIT
HYD-BR-03-20250601,BR-03,Bhupen Hazarika Setu (Dhola-Sadiya),Lohit,Assam / AP,2025-06-01T00:00:00,131.6,131.2,132.5,32982.0,3.45,3.81,4.2,7.04,HIGH_STRESS_MONITORING,SPEED_LIMIT_15KMH_SINGLE_CONVOY
HYD-BR-03-20250602,BR-03,Bhupen Hazarika Setu (Dhola-Sadiya),Lohit,Assam / AP,2025-06-02T00:00:00,132.81,131.2,132.5,38638.0,5.99,4.59,4.2,11.62,CRITICAL_PIER_EROSION,CLOSED_EMERGENCY_DIVERSION
HYD-BR-03-20250603,BR-03,Bhupen Hazarika Setu (Dhola-Sadiya),Lohit,Assam / AP,2025-06-03T00:00:00,130.37,131.2,132.5,49173.0,4.36,2.63,4.2,4.64,MODERATE_SCOUR,CAUTION_NO_OVERWEIGHT_FREIGHT
HYD-BR-03-20250604,BR-03,Bhupen Hazarika Setu (Dhola-Sadiya),Lohit,Assam / AP,2025-06-04T00:00:00,131.87,131.2,132.5,56093.0,5.09,1.89,4.2,8.06,HIGH_STRESS_MONITORING,SPEED_LIMIT_15KMH_SINGLE_CONVOY
HYD-BR-03-20250605,BR-03,Bhupen Hazarika Setu (Dhola-Sadiya),Lohit,Assam / AP,2025-06-05T00:00:00,129.86,131.2,132.5,34711.0,3.36,1.61,4.2,10.28,NORMAL_STABLE,UNRESTRICTED_TRANSIT
HYD-BR-03-20250606,BR-03,Bhupen Hazarika Setu (Dhola-Sadiya),Lohit,Assam / AP,2025-06-06T00:00:00,131.94,131.2,132.5,21448.0,4.76,1.62,4.2,10.18,HIGH_STRESS_MONITORING,SPEED_LIMIT_15KMH_SINGLE_CONVOY
HYD-BR-03-20250607,BR-03,Bhupen Hazarika Setu (Dhola-Sadiya),Lohit,Assam / AP,2025-06-07T00:00:00,132.67,131.2,132.5,64611.0,4.53,4.09,4.2,12.74,CRITICAL_PIER_EROSION,CLOSED_EMERGENCY_DIVERSION
HYD-BR-03-20250608,BR-03,Bhupen Hazarika Setu (Dhola-Sadiya),Lohit,Assam / AP,2025-06-08T00:00:00,131.75,131.2,132.5,19376.0,5.35,4.23,4.2,9.6,CRITICAL_PIER_EROSION,CLOSED_EMERGENCY_DIVERSION
HYD-BR-03-20250609,BR-03,Bhupen Hazarika Setu (Dhola-Sadiya),Lohit,Assam / AP,2025-06-09T00:00:00,132.69,131.2,132.5,61073.0,3.04,4.02,4.2,5.53,CRITICAL_PIER_EROSION,CLOSED_EMERGENCY_DIVERSION
HYD-BR-03-20250610,BR-03,Bhupen Hazarika Setu (Dhola-Sadiya),Lohit,Assam / AP,2025-06-10T00:00:00,131.54,131.2,132.5,55719.0,5.04,1.83,4.2,5.51,HIGH_STRESS_MONITORING,SPEED_LIMIT_15KMH_SINGLE_CONVOY
HYD-BR-03-20250611,BR-03,Bhupen Hazarika Setu (Dhola-Sadiya),Lohit,Assam / AP,2025-06-11T00:00:00,133.01,131.2,132.5,39279.0,3.81,4.63,4.2,8.38,CRITICAL_PIER_EROSION,CLOSED_EMERGENCY_DIVERSION
HYD-BR-03-20250612,BR-03,Bhupen Hazarika Setu (Dhola-Sadiya),Lohit,Assam / AP,2025-06-12T00:00:00,131.33,131.2,132.5,54195.0,5.84,3.66,4.2,10.13,HIGH_STRESS_MONITORING,SPEED_LIMIT_15KMH_SINGLE_CONVOY
HYD-BR-03-20250613,BR-03,Bhupen Hazarika Setu (Dhola-Sadiya),Lohit,Assam / AP,2025-06-13T00:00:00,132.77,131.2,132.5,39957.0,4.49,4.55,4.2,11.6,CRITICAL_PIER_EROSION,CLOSED_EMERGENCY_DIVERSION
HYD-BR-03-20250614,BR-03,Bhupen Hazarika Setu (Dhola-Sadiya),Lohit,Assam / AP,2025-06-14T00:00:00,131.98,131.2,132.5,25823.0,3.28,1.83,4.2,12.8,HIGH_STRESS_MONITORING,SPEED_LIMIT_15KMH_SINGLE_CONVOY
HYD-BR-03-20250615,BR-03,Bhupen Hazarika Setu (Dhola-Sadiya),Lohit,Assam / AP,2025-06-15T00:00:00,130.19,131.2,132.5,52483.0,3.06,3.45,4.2,6.44,HIGH_STRESS_MONITORING,SPEED_LIMIT_15KMH_SINGLE_CONVOY
HYD-BR-03-20250616,BR-03,Bhupen Hazarika Setu (Dhola-Sadiya),Lohit,Assam / AP,2025-06-16T00:00:00,132.05,131.2,132.5,36121.0,5.66,2.37,4.2,10.66,HIGH_STRESS_MONITORING,SPEED_LIMIT_15KMH_SINGLE_CONVOY
HYD-BR-03-20250617,BR-03,Bhupen Hazarika Setu (Dhola-Sadiya),Lohit,Assam / AP,2025-06-17T00:00:00,132.87,131.2,132.5,53435.0,2.87,4.32,4.2,12.54,CRITICAL_PIER_EROSION,CLOSED_EMERGENCY_DIVERSION
HYD-BR-03-20250618,BR-03,Bhupen Hazarika Setu (Dhola-Sadiya),Lohit,Assam / AP,2025-06-18T00:00:00,132.13,131.2,132.5,66076.0,5.67,4.14,4.2,7.81,HIGH_STRESS_MONITORING,SPEED_LIMIT_15KMH_SINGLE_CONVOY
HYD-BR-03-20250619,BR-03,Bhupen Hazarika Setu (Dhola-Sadiya),Lohit,Assam / AP,2025-06-19T00:00:00,131.46,131.2,132.5,63172.0,5.0,4.29,4.2,10.57,CRITICAL_PIER_EROSION,CLOSED_EMERGENCY_DIVERSION
HYD-BR-03-20250620,BR-03,Bhupen Hazarika Setu (Dhola-Sadiya),Lohit,Assam / AP,2025-06-20T00:00:00,130.35,131.2,132.5,18960.0,3.71,1.52,4.2,12.38,NORMAL_STABLE,UNRESTRICTED_TRANSIT
HYD-BR-03-20250621,BR-03,Bhupen Hazarika Setu (Dhola-Sadiya),Lohit,Assam / AP,2025-06-21T00:00:00,131.68,131.2,132.5,15360.0,3.14,4.13,4.2,10.59,HIGH_STRESS_MONITORING,SPEED_LIMIT_15KMH_SINGLE_CONVOY
HYD-BR-03-20250622,BR-03,Bhupen Hazarika Setu (Dhola-Sadiya),Lohit,Assam / AP,2025-06-22T00:00:00,133.37,131.2,132.5,15062.0,5.26,4.29,4.2,6.01,CRITICAL_PIER_EROSION,CLOSED_EMERGENCY_DIVERSION
HYD-BR-03-20250623,BR-03,Bhupen Hazarika Setu (Dhola-Sadiya),Lohit,Assam / AP,2025-06-23T00:00:00,132.91,131.2,132.5,66798.0,5.64,3.69,4.2,10.05,CRITICAL_PIER_EROSION,CLOSED_EMERGENCY_DIVERSION
HYD-BR-03-20250624,BR-03,Bhupen Hazarika Setu (Dhola-Sadiya),Lohit,Assam / AP,2025-06-24T00:00:00,131.03,131.2,132.5,20116.0,5.72,2.22,4.2,10.59,MODERATE_SCOUR,CAUTION_NO_OVERWEIGHT_FREIGHT
HYD-BR-03-20250625,BR-03,Bhupen Hazarika Setu (Dhola-Sadiya),Lohit,Assam / AP,2025-06-25T00:00:00,132.0,131.2,132.5,66982.0,3.19,4.64,4.2,12.07,CRITICAL_PIER_EROSION,CLOSED_EMERGENCY_DIVERSION
HYD-BR-03-20250626,BR-03,Bhupen Hazarika Setu (Dhola-Sadiya),Lohit,Assam / AP,2025-06-26T00:00:00,133.29,131.2,132.5,28208.0,2.96,3.69,4.2,6.81,CRITICAL_PIER_EROSION,CLOSED_EMERGENCY_DIVERSION
HYD-BR-03-20250627,BR-03,Bhupen Hazarika Setu (Dhola-Sadiya),Lohit,Assam / AP,2025-06-27T00:00:00,132.53,131.2,132.5,35441.0,5.02,2.53,4.2,10.61,CRITICAL_PIER_EROSION,CLOSED_EMERGENCY_DIVERSION
HYD-BR-03-20250628,BR-03,Bhupen Hazarika Setu (Dhola-Sadiya),Lohit,Assam / AP,2025-06-28T00:00:00,131.62,131.2,132.5,29203.0,4.99,2.6,4.2,12.4,HIGH_STRESS_MONITORING,SPEED_LIMIT_15KMH_SINGLE_CONVOY
HYD-BR-03-20250629,BR-03,Bhupen Hazarika Setu (Dhola-Sadiya),Lohit,Assam / AP,2025-06-29T00:00:00,129.72,131.2,132.5,31314.0,3.81,3.09,4.2,10.11,HIGH_STRESS_MONITORING,SPEED_LIMIT_15KMH_SINGLE_CONVOY
HYD-BR-03-20250630,BR-03,Bhupen Hazarika Setu (Dhola-Sadiya),Lohit,Assam / AP,2025-06-30T00:00:00,132.01,131.2,132.5,40878.0,5.47,2.57,4.2,11.82,HIGH_STRESS_MONITORING,SPEED_LIMIT_15KMH_SINGLE_CONVOY
HYD-BR-03-20250701,BR-03,Bhupen Hazarika Setu (Dhola-Sadiya),Lohit,Assam / AP,2025-07-01T00:00:00,131.29,131.2,132.5,45126.0,3.95,1.89,4.2,10.72,HIGH_STRESS_MONITORING,SPEED_LIMIT_15KMH_SINGLE_CONVOY
HYD-BR-03-20250702,BR-03,Bhupen Hazarika Setu (Dhola-Sadiya),Lohit,Assam / AP,2025-07-02T00:00:00,131.87,131.2,132.5,46501.0,6.0,4.12,4.2,12.11,HIGH_STRESS_MONITORING,SPEED_LIMIT_15KMH_SINGLE_CONVOY
HYD-BR-03-20250703,BR-03,Bhupen Hazarika Setu (Dhola-Sadiya),Lohit,Assam / AP,2025-07-03T00:00:00,129.72,131.2,132.5,47834.0,5.98,2.73,4.2,5.38,MODERATE_SCOUR,CAUTION_NO_OVERWEIGHT_FREIGHT
HYD-BR-03-20250704,BR-03,Bhupen Hazarika Setu (Dhola-Sadiya),Lohit,Assam / AP,2025-07-04T00:00:00,131.49,131.2,132.5,27320.0,4.65,1.27,4.2,6.4,HIGH_STRESS_MONITORING,SPEED_LIMIT_15KMH_SINGLE_CONVOY
HYD-BR-03-20250705,BR-03,Bhupen Hazarika Setu (Dhola-Sadiya),Lohit,Assam / AP,2025-07-05T00:00:00,132.65,131.2,132.5,16648.0,2.78,1.59,4.2,5.01,CRITICAL_PIER_EROSION,CLOSED_EMERGENCY_DIVERSION
HYD-BR-03-20250706,BR-03,Bhupen Hazarika Setu (Dhola-Sadiya),Lohit,Assam / AP,2025-07-06T00:00:00,129.98,131.2,132.5,31114.0,2.84,2.1,4.2,10.02,MODERATE_SCOUR,CAUTION_NO_OVERWEIGHT_FREIGHT
HYD-BR-03-20250707,BR-03,Bhupen Hazarika Setu (Dhola-Sadiya),Lohit,Assam / AP,2025-07-07T00:00:00,131.55,131.2,132.5,60231.0,5.99,2.53,4.2,7.88,HIGH_STRESS_MONITORING,SPEED_LIMIT_15KMH_SINGLE_CONVOY
HYD-BR-03-20250708,BR-03,Bhupen Hazarika Setu (Dhola-Sadiya),Lohit,Assam / AP,2025-07-08T00:00:00,129.87,131.2,132.5,57238.0,3.52,1.57,4.2,7.07,NORMAL_STABLE,UNRESTRICTED_TRANSIT
HYD-BR-03-20250709,BR-03,Bhupen Hazarika Setu (Dhola-Sadiya),Lohit,Assam / AP,2025-07-09T00:00:00,130.76,131.2,132.5,54245.0,4.59,2.46,4.2,5.77,MODERATE_SCOUR,CAUTION_NO_OVERWEIGHT_FREIGHT
HYD-BR-03-20250710,BR-03,Bhupen Hazarika Setu (Dhola-Sadiya),Lohit,Assam / AP,2025-07-10T00:00:00,133.18,131.2,132.5,33093.0,4.98,4.51,4.2,4.75,CRITICAL_PIER_EROSION,CLOSED_EMERGENCY_DIVERSION
HYD-BR-03-20250711,BR-03,Bhupen Hazarika Setu (Dhola-Sadiya),Lohit,Assam / AP,2025-07-11T00:00:00,129.94,131.2,132.5,38661.0,4.88,3.79,4.2,4.65,HIGH_STRESS_MONITORING,SPEED_LIMIT_15KMH_SINGLE_CONVOY
HYD-BR-03-20250712,BR-03,Bhupen Hazarika Setu (Dhola-Sadiya),Lohit,Assam / AP,2025-07-12T00:00:00,130.08,131.2,132.5,24723.0,3.03,3.51,4.2,6.32,HIGH_STRESS_MONITORING,SPEED_LIMIT_15KMH_SINGLE_CONVOY
HYD-BR-03-20250713,BR-03,Bhupen Hazarika Setu (Dhola-Sadiya),Lohit,Assam / AP,2025-07-13T00:00:00,132.25,131.2,132.5,18669.0,3.44,4.17,4.2,8.1,HIGH_STRESS_MONITORING,SPEED_LIMIT_15KMH_SINGLE_CONVOY
HYD-BR-03-20250714,BR-03,Bhupen Hazarika Setu (Dhola-Sadiya),Lohit,Assam / AP,2025-07-14T00:00:00,130.34,131.2,132.5,64075.0,5.3,1.38,4.2,4.86,NORMAL_STABLE,UNRESTRICTED_TRANSIT
HYD-BR-03-20250715,BR-03,Bhupen Hazarika Setu (Dhola-Sadiya),Lohit,Assam / AP,2025-07-15T00:00:00,132.6,131.2,132.5,26119.0,2.51,1.29,4.2,9.93,CRITICAL_PIER_EROSION,CLOSED_EMERGENCY_DIVERSION
HYD-BR-03-20250716,BR-03,Bhupen Hazarika Setu (Dhola-Sadiya),Lohit,Assam / AP,2025-07-16T00:00:00,131.05,131.2,132.5,36194.0,5.42,2.71,4.2,6.06,MODERATE_SCOUR,CAUTION_NO_OVERWEIGHT_FREIGHT
HYD-BR-03-20250717,BR-03,Bhupen Hazarika Setu (Dhola-Sadiya),Lohit,Assam / AP,2025-07-17T00:00:00,132.52,131.2,132.5,59830.0,4.12,2.74,4.2,9.65,CRITICAL_PIER_EROSION,CLOSED_EMERGENCY_DIVERSION
HYD-BR-03-20250718,BR-03,Bhupen Hazarika Setu (Dhola-Sadiya),Lohit,Assam / AP,2025-07-18T00:00:00,131.1,131.2,132.5,39582.0,2.6,4.76,4.2,9.72,CRITICAL_PIER_EROSION,CLOSED_EMERGENCY_DIVERSION
HYD-BR-03-20250719,BR-03,Bhupen Hazarika Setu (Dhola-Sadiya),Lohit,Assam / AP,2025-07-19T00:00:00,130.45,131.2,132.5,37255.0,3.57,1.82,4.2,11.11,NORMAL_STABLE,UNRESTRICTED_TRANSIT
HYD-BR-03-20250720,BR-03,Bhupen Hazarika Setu (Dhola-Sadiya),Lohit,Assam / AP,2025-07-20T00:00:00,131.08,131.2,132.5,67746.0,3.12,3.7,4.2,9.1,HIGH_STRESS_MONITORING,SPEED_LIMIT_15KMH_SINGLE_CONVOY
HYD-BR-03-20250721,BR-03,Bhupen Hazarika Setu (Dhola-Sadiya),Lohit,Assam / AP,2025-07-21T00:00:00,131.05,131.2,132.5,17518.0,5.67,2.31,4.2,9.37,MODERATE_SCOUR,CAUTION_NO_OVERWEIGHT_FREIGHT
HYD-BR-03-20250722,BR-03,Bhupen Hazarika Setu (Dhola-Sadiya),Lohit,Assam / AP,2025-07-22T00:00:00,131.02,131.2,132.5,24048.0,5.7,4.7,4.2,6.84,CRITICAL_PIER_EROSION,CLOSED_EMERGENCY_DIVERSION
HYD-BR-03-20250723,BR-03,Bhupen Hazarika Setu (Dhola-Sadiya),Lohit,Assam / AP,2025-07-23T00:00:00,131.42,131.2,132.5,59704.0,3.58,1.96,4.2,8.4,HIGH_STRESS_MONITORING,SPEED_LIMIT_15KMH_SINGLE_CONVOY
HYD-BR-03-20250724,BR-03,Bhupen Hazarika Setu (Dhola-Sadiya),Lohit,Assam / AP,2025-07-24T00:00:00,131.06,131.2,132.5,34581.0,3.14,3.9,4.2,9.64,HIGH_STRESS_MONITORING,SPEED_LIMIT_15KMH_SINGLE_CONVOY
HYD-BR-03-20250725,BR-03,Bhupen Hazarika Setu (Dhola-Sadiya),Lohit,Assam / AP,2025-07-25T00:00:00,130.43,131.2,132.5,53886.0,4.66,1.54,4.2,9.62,NORMAL_STABLE,UNRESTRICTED_TRANSIT
HYD-BR-03-20250726,BR-03,Bhupen Hazarika Setu (Dhola-Sadiya),Lohit,Assam / AP,2025-07-26T00:00:00,132.92,131.2,132.5,30311.0,5.51,3.79,4.2,6.64,CRITICAL_PIER_EROSION,CLOSED_EMERGENCY_DIVERSION
HYD-BR-03-20250727,BR-03,Bhupen Hazarika Setu (Dhola-Sadiya),Lohit,Assam / AP,2025-07-27T00:00:00,130.83,131.2,132.5,15586.0,4.24,2.52,4.2,7.23,MODERATE_SCOUR,CAUTION_NO_OVERWEIGHT_FREIGHT
HYD-BR-03-20250728,BR-03,Bhupen Hazarika Setu (Dhola-Sadiya),Lohit,Assam / AP,2025-07-28T00:00:00,129.76,131.2,132.5,66062.0,3.64,2.18,4.2,6.85,MODERATE_SCOUR,CAUTION_NO_OVERWEIGHT_FREIGHT
HYD-BR-03-20250729,BR-03,Bhupen Hazarika Setu (Dhola-Sadiya),Lohit,Assam / AP,2025-07-29T00:00:00,132.19,131.2,132.5,39055.0,3.97,2.47,4.2,12.65,HIGH_STRESS_MONITORING,SPEED_LIMIT_15KMH_SINGLE_CONVOY
HYD-BR-03-20250730,BR-03,Bhupen Hazarika Setu (Dhola-Sadiya),Lohit,Assam / AP,2025-07-30T00:00:00,130.8,131.2,132.5,63976.0,5.48,2.07,4.2,9.4,MODERATE_SCOUR,CAUTION_NO_OVERWEIGHT_FREIGHT
HYD-BR-03-20250731,BR-03,Bhupen Hazarika Setu (Dhola-Sadiya),Lohit,Assam / AP,2025-07-31T00:00:00,130.65,131.2,132.5,52978.0,5.73,3.75,4.2,10.69,HIGH_STRESS_MONITORING,SPEED_LIMIT_15KMH_SINGLE_CONVOY
HYD-BR-03-20250801,BR-03,Bhupen Hazarika Setu (Dhola-Sadiya),Lohit,Assam / AP,2025-08-01T00:00:00,132.42,131.2,132.5,25885.0,5.72,3.8,4.2,12.21,HIGH_STRESS_MONITORING,SPEED_LIMIT_15KMH_SINGLE_CONVOY
HYD-BR-03-20250802,BR-03,Bhupen Hazarika Setu (Dhola-Sadiya),Lohit,Assam / AP,2025-08-02T00:00:00,131.36,131.2,132.5,50208.0,4.35,2.29,4.2,8.21,HIGH_STRESS_MONITORING,SPEED_LIMIT_15KMH_SINGLE_CONVOY
HYD-BR-03-20250803,BR-03,Bhupen Hazarika Setu (Dhola-Sadiya),Lohit,Assam / AP,2025-08-03T00:00:00,129.78,131.2,132.5,40562.0,5.35,4.03,4.2,9.11,HIGH_STRESS_MONITORING,SPEED_LIMIT_15KMH_SINGLE_CONVOY
HYD-BR-03-20250804,BR-03,Bhupen Hazarika Setu (Dhola-Sadiya),Lohit,Assam / AP,2025-08-04T00:00:00,130.75,131.2,132.5,62688.0,3.76,3.53,4.2,7.53,HIGH_STRESS_MONITORING,SPEED_LIMIT_15KMH_SINGLE_CONVOY
HYD-BR-03-20250805,BR-03,Bhupen Hazarika Setu (Dhola-Sadiya),Lohit,Assam / AP,2025-08-05T00:00:00,130.85,131.2,132.5,59646.0,5.84,3.26,4.2,12.54,HIGH_STRESS_MONITORING,SPEED_LIMIT_15KMH_SINGLE_CONVOY
HYD-BR-03-20250806,BR-03,Bhupen Hazarika Setu (Dhola-Sadiya),Lohit,Assam / AP,2025-08-06T00:00:00,132.2,131.2,132.5,53768.0,2.54,1.9,4.2,7.76,HIGH_STRESS_MONITORING,SPEED_LIMIT_15KMH_SINGLE_CONVOY
HYD-BR-03-20250807,BR-03,Bhupen Hazarika Setu (Dhola-Sadiya),Lohit,Assam / AP,2025-08-07T00:00:00,131.78,131.2,132.5,19772.0,2.82,2.03,4.2,9.97,HIGH_STRESS_MONITORING,SPEED_LIMIT_15KMH_SINGLE_CONVOY
HYD-BR-03-20250808,BR-03,Bhupen Hazarika Setu (Dhola-Sadiya),Lohit,Assam / AP,2025-08-08T00:00:00,131.48,131.2,132.5,39752.0,4.25,2.27,4.2,6.03,HIGH_STRESS_MONITORING,SPEED_LIMIT_15KMH_SINGLE_CONVOY
HYD-BR-03-20250809,BR-03,Bhupen Hazarika Setu (Dhola-Sadiya),Lohit,Assam / AP,2025-08-09T00:00:00,132.55,131.2,132.5,28940.0,6.09,2.05,4.2,12.59,CRITICAL_PIER_EROSION,CLOSED_EMERGENCY_DIVERSION
HYD-BR-03-20250810,BR-03,Bhupen Hazarika Setu (Dhola-Sadiya),Lohit,Assam / AP,2025-08-10T00:00:00,131.4,131.2,132.5,28882.0,5.63,2.09,4.2,10.34,HIGH_STRESS_MONITORING,SPEED_LIMIT_15KMH_SINGLE_CONVOY
HYD-BR-03-20250811,BR-03,Bhupen Hazarika Setu (Dhola-Sadiya),Lohit,Assam / AP,2025-08-11T00:00:00,133.2,131.2,132.5,42629.0,3.97,4.51,4.2,8.82,CRITICAL_PIER_EROSION,CLOSED_EMERGENCY_DIVERSION
HYD-BR-03-20250812,BR-03,Bhupen Hazarika Setu (Dhola-Sadiya),Lohit,Assam / AP,2025-08-12T00:00:00,131.82,131.2,132.5,54483.0,2.79,1.42,4.2,10.25,HIGH_STRESS_MONITORING,SPEED_LIMIT_15KMH_SINGLE_CONVOY
HYD-BR-03-20250813,BR-03,Bhupen Hazarika Setu (Dhola-Sadiya),Lohit,Assam / AP,2025-08-13T00:00:00,130.66,131.2,132.5,28062.0,5.79,3.16,4.2,6.07,HIGH_STRESS_MONITORING,SPEED_LIMIT_15KMH_SINGLE_CONVOY
HYD-BR-03-20250814,BR-03,Bhupen Hazarika Setu (Dhola-Sadiya),Lohit,Assam / AP,2025-08-14T00:00:00,133.03,131.2,132.5,63777.0,4.75,3.45,4.2,4.8,CRITICAL_PIER_EROSION,CLOSED_EMERGENCY_DIVERSION
HYD-BR-03-20250815,BR-03,Bhupen Hazarika Setu (Dhola-Sadiya),Lohit,Assam / AP,2025-08-15T00:00:00,132.39,131.2,132.5,52056.0,4.01,2.37,4.2,12.09,HIGH_STRESS_MONITORING,SPEED_LIMIT_15KMH_SINGLE_CONVOY
HYD-BR-03-20250816,BR-03,Bhupen Hazarika Setu (Dhola-Sadiya),Lohit,Assam / AP,2025-08-16T00:00:00,131.96,131.2,132.5,33180.0,4.76,1.57,4.2,11.57,HIGH_STRESS_MONITORING,SPEED_LIMIT_15KMH_SINGLE_CONVOY
HYD-BR-03-20250817,BR-03,Bhupen Hazarika Setu (Dhola-Sadiya),Lohit,Assam / AP,2025-08-17T00:00:00,131.39,131.2,132.5,18968.0,4.43,4.31,4.2,9.63,CRITICAL_PIER_EROSION,CLOSED_EMERGENCY_DIVERSION
HYD-BR-03-20250818,BR-03,Bhupen Hazarika Setu (Dhola-Sadiya),Lohit,Assam / AP,2025-08-18T00:00:00,130.52,131.2,132.5,32659.0,5.82,3.12,4.2,7.35,HIGH_STRESS_MONITORING,SPEED_LIMIT_15KMH_SINGLE_CONVOY
HYD-BR-03-20250819,BR-03,Bhupen Hazarika Setu (Dhola-Sadiya),Lohit,Assam / AP,2025-08-19T00:00:00,131.66,131.2,132.5,35173.0,5.53,3.83,4.2,8.3,HIGH_STRESS_MONITORING,SPEED_LIMIT_15KMH_SINGLE_CONVOY
HYD-BR-03-20250820,BR-03,Bhupen Hazarika Setu (Dhola-Sadiya),Lohit,Assam / AP,2025-08-20T00:00:00,131.35,131.2,132.5,59477.0,3.04,4.26,4.2,8.37,CRITICAL_PIER_EROSION,CLOSED_EMERGENCY_DIVERSION
HYD-BR-03-20250821,BR-03,Bhupen Hazarika Setu (Dhola-Sadiya),Lohit,Assam / AP,2025-08-21T00:00:00,130.95,131.2,132.5,45280.0,5.36,3.21,4.2,5.43,HIGH_STRESS_MONITORING,SPEED_LIMIT_15KMH_SINGLE_CONVOY
HYD-BR-03-20250822,BR-03,Bhupen Hazarika Setu (Dhola-Sadiya),Lohit,Assam / AP,2025-08-22T00:00:00,132.82,131.2,132.5,44659.0,4.92,3.11,4.2,8.31,CRITICAL_PIER_EROSION,CLOSED_EMERGENCY_DIVERSION
HYD-BR-03-20250823,BR-03,Bhupen Hazarika Setu (Dhola-Sadiya),Lohit,Assam / AP,2025-08-23T00:00:00,131.59,131.2,132.5,58857.0,4.23,4.39,4.2,7.37,CRITICAL_PIER_EROSION,CLOSED_EMERGENCY_DIVERSION
HYD-BR-03-20250824,BR-03,Bhupen Hazarika Setu (Dhola-Sadiya),Lohit,Assam / AP,2025-08-24T00:00:00,130.28,131.2,132.5,61177.0,5.08,3.42,4.2,6.54,HIGH_STRESS_MONITORING,SPEED_LIMIT_15KMH_SINGLE_CONVOY
HYD-BR-03-20250825,BR-03,Bhupen Hazarika Setu (Dhola-Sadiya),Lohit,Assam / AP,2025-08-25T00:00:00,130.83,131.2,132.5,30574.0,5.47,3.35,4.2,5.18,HIGH_STRESS_MONITORING,SPEED_LIMIT_15KMH_SINGLE_CONVOY
HYD-BR-03-20250826,BR-03,Bhupen Hazarika Setu (Dhola-Sadiya),Lohit,Assam / AP,2025-08-26T00:00:00,130.31,131.2,132.5,30307.0,5.95,2.16,4.2,7.79,MODERATE_SCOUR,CAUTION_NO_OVERWEIGHT_FREIGHT
HYD-BR-03-20250827,BR-03,Bhupen Hazarika Setu (Dhola-Sadiya),Lohit,Assam / AP,2025-08-27T00:00:00,129.75,131.2,132.5,43683.0,4.34,4.78,4.2,10.33,CRITICAL_PIER_EROSION,CLOSED_EMERGENCY_DIVERSION
HYD-BR-03-20250828,BR-03,Bhupen Hazarika Setu (Dhola-Sadiya),Lohit,Assam / AP,2025-08-28T00:00:00,131.61,131.2,132.5,26423.0,5.61,2.82,4.2,7.52,HIGH_STRESS_MONITORING,SPEED_LIMIT_15KMH_SINGLE_CONVOY
HYD-BR-03-20250829,BR-03,Bhupen Hazarika Setu (Dhola-Sadiya),Lohit,Assam / AP,2025-08-29T00:00:00,129.86,131.2,132.5,66763.0,4.57,1.9,4.2,7.15,NORMAL_STABLE,UNRESTRICTED_TRANSIT
HYD-BR-03-20250830,BR-03,Bhupen Hazarika Setu (Dhola-Sadiya),Lohit,Assam / AP,2025-08-30T00:00:00,131.12,131.2,132.5,20551.0,2.54,1.89,4.2,10.99,NORMAL_STABLE,UNRESTRICTED_TRANSIT
HYD-BR-03-20250831,BR-03,Bhupen Hazarika Setu (Dhola-Sadiya),Lohit,Assam / AP,2025-08-31T00:00:00,130.16,131.2,132.5,32848.0,4.85,1.66,4.2,6.08,NORMAL_STABLE,UNRESTRICTED_TRANSIT
HYD-BR-03-20250901,BR-03,Bhupen Hazarika Setu (Dhola-Sadiya),Lohit,Assam / AP,2025-09-01T00:00:00,131.85,131.2,132.5,25143.0,2.89,2.91,4.2,5.17,HIGH_STRESS_MONITORING,SPEED_LIMIT_15KMH_SINGLE_CONVOY
HYD-BR-03-20250902,BR-03,Bhupen Hazarika Setu (Dhola-Sadiya),Lohit,Assam / AP,2025-09-02T00:00:00,132.31,131.2,132.5,60006.0,4.03,2.46,4.2,10.74,HIGH_STRESS_MONITORING,SPEED_LIMIT_15KMH_SINGLE_CONVOY
HYD-BR-03-20250903,BR-03,Bhupen Hazarika Setu (Dhola-Sadiya),Lohit,Assam / AP,2025-09-03T00:00:00,131.3,131.2,132.5,43623.0,4.35,2.24,4.2,6.54,HIGH_STRESS_MONITORING,SPEED_LIMIT_15KMH_SINGLE_CONVOY
HYD-BR-03-20250904,BR-03,Bhupen Hazarika Setu (Dhola-Sadiya),Lohit,Assam / AP,2025-09-04T00:00:00,131.15,131.2,132.5,42173.0,5.9,1.29,4.2,6.81,NORMAL_STABLE,UNRESTRICTED_TRANSIT
HYD-BR-03-20250905,BR-03,Bhupen Hazarika Setu (Dhola-Sadiya),Lohit,Assam / AP,2025-09-05T00:00:00,130.01,131.2,132.5,61650.0,4.5,4.31,4.2,12.24,CRITICAL_PIER_EROSION,CLOSED_EMERGENCY_DIVERSION
HYD-BR-03-20250906,BR-03,Bhupen Hazarika Setu (Dhola-Sadiya),Lohit,Assam / AP,2025-09-06T00:00:00,131.42,131.2,132.5,16751.0,4.84,3.36,4.2,4.67,HIGH_STRESS_MONITORING,SPEED_LIMIT_15KMH_SINGLE_CONVOY
HYD-BR-03-20250907,BR-03,Bhupen Hazarika Setu (Dhola-Sadiya),Lohit,Assam / AP,2025-09-07T00:00:00,129.86,131.2,132.5,29543.0,3.99,2.69,4.2,6.43,MODERATE_SCOUR,CAUTION_NO_OVERWEIGHT_FREIGHT
HYD-BR-03-20250908,BR-03,Bhupen Hazarika Setu (Dhola-Sadiya),Lohit,Assam / AP,2025-09-08T00:00:00,130.56,131.2,132.5,36130.0,5.82,1.31,4.2,8.31,NORMAL_STABLE,UNRESTRICTED_TRANSIT
HYD-BR-03-20250909,BR-03,Bhupen Hazarika Setu (Dhola-Sadiya),Lohit,Assam / AP,2025-09-09T00:00:00,131.88,131.2,132.5,62917.0,2.59,2.94,4.2,7.9,HIGH_STRESS_MONITORING,SPEED_LIMIT_15KMH_SINGLE_CONVOY
HYD-BR-03-20250910,BR-03,Bhupen Hazarika Setu (Dhola-Sadiya),Lohit,Assam / AP,2025-09-10T00:00:00,132.1,131.2,132.5,60765.0,5.51,1.77,4.2,6.7,HIGH_STRESS_MONITORING,SPEED_LIMIT_15KMH_SINGLE_CONVOY
HYD-BR-03-20250911,BR-03,Bhupen Hazarika Setu (Dhola-Sadiya),Lohit,Assam / AP,2025-09-11T00:00:00,131.97,131.2,132.5,54075.0,2.62,4.46,4.2,6.57,CRITICAL_PIER_EROSION,CLOSED_EMERGENCY_DIVERSION
HYD-BR-03-20250912,BR-03,Bhupen Hazarika Setu (Dhola-Sadiya),Lohit,Assam / AP,2025-09-12T00:00:00,132.83,131.2,132.5,38435.0,3.91,3.59,4.2,6.27,CRITICAL_PIER_EROSION,CLOSED_EMERGENCY_DIVERSION
HYD-BR-03-20250913,BR-03,Bhupen Hazarika Setu (Dhola-Sadiya),Lohit,Assam / AP,2025-09-13T00:00:00,131.96,131.2,132.5,55321.0,5.36,3.07,4.2,7.95,HIGH_STRESS_MONITORING,SPEED_LIMIT_15KMH_SINGLE_CONVOY
HYD-BR-03-20250914,BR-03,Bhupen Hazarika Setu (Dhola-Sadiya),Lohit,Assam / AP,2025-09-14T00:00:00,131.17,131.2,132.5,20644.0,3.45,4.58,4.2,10.72,CRITICAL_PIER_EROSION,CLOSED_EMERGENCY_DIVERSION
HYD-BR-03-20250915,BR-03,Bhupen Hazarika Setu (Dhola-Sadiya),Lohit,Assam / AP,2025-09-15T00:00:00,130.72,131.2,132.5,59494.0,2.89,1.73,4.2,6.65,NORMAL_STABLE,UNRESTRICTED_TRANSIT
HYD-BR-03-20250916,BR-03,Bhupen Hazarika Setu (Dhola-Sadiya),Lohit,Assam / AP,2025-09-16T00:00:00,131.9,131.2,132.5,64769.0,5.22,2.58,4.2,12.67,HIGH_STRESS_MONITORING,SPEED_LIMIT_15KMH_SINGLE_CONVOY
HYD-BR-03-20250917,BR-03,Bhupen Hazarika Setu (Dhola-Sadiya),Lohit,Assam / AP,2025-09-17T00:00:00,131.18,131.2,132.5,32708.0,4.62,2.67,4.2,9.46,MODERATE_SCOUR,CAUTION_NO_OVERWEIGHT_FREIGHT
HYD-BR-03-20250918,BR-03,Bhupen Hazarika Setu (Dhola-Sadiya),Lohit,Assam / AP,2025-09-18T00:00:00,132.39,131.2,132.5,39136.0,3.15,4.37,4.2,10.18,CRITICAL_PIER_EROSION,CLOSED_EMERGENCY_DIVERSION
HYD-BR-03-20250919,BR-03,Bhupen Hazarika Setu (Dhola-Sadiya),Lohit,Assam / AP,2025-09-19T00:00:00,130.9,131.2,132.5,39123.0,5.62,2.37,4.2,5.04,MODERATE_SCOUR,CAUTION_NO_OVERWEIGHT_FREIGHT
HYD-BR-03-20250920,BR-03,Bhupen Hazarika Setu (Dhola-Sadiya),Lohit,Assam / AP,2025-09-20T00:00:00,131.88,131.2,132.5,59514.0,3.75,4.58,4.2,11.0,CRITICAL_PIER_EROSION,CLOSED_EMERGENCY_DIVERSION
HYD-BR-03-20250921,BR-03,Bhupen Hazarika Setu (Dhola-Sadiya),Lohit,Assam / AP,2025-09-21T00:00:00,133.21,131.2,132.5,17002.0,3.26,1.33,4.2,5.55,CRITICAL_PIER_EROSION,CLOSED_EMERGENCY_DIVERSION
HYD-BR-03-20250922,BR-03,Bhupen Hazarika Setu (Dhola-Sadiya),Lohit,Assam / AP,2025-09-22T00:00:00,132.14,131.2,132.5,65675.0,3.75,2.61,4.2,5.1,HIGH_STRESS_MONITORING,SPEED_LIMIT_15KMH_SINGLE_CONVOY
HYD-BR-03-20250923,BR-03,Bhupen Hazarika Setu (Dhola-Sadiya),Lohit,Assam / AP,2025-09-23T00:00:00,131.81,131.2,132.5,57819.0,4.5,3.77,4.2,6.14,HIGH_STRESS_MONITORING,SPEED_LIMIT_15KMH_SINGLE_CONVOY
HYD-BR-03-20250924,BR-03,Bhupen Hazarika Setu (Dhola-Sadiya),Lohit,Assam / AP,2025-09-24T00:00:00,132.9,131.2,132.5,24754.0,4.0,1.97,4.2,11.03,CRITICAL_PIER_EROSION,CLOSED_EMERGENCY_DIVERSION
HYD-BR-03-20250925,BR-03,Bhupen Hazarika Setu (Dhola-Sadiya),Lohit,Assam / AP,2025-09-25T00:00:00,131.02,131.2,132.5,66572.0,2.65,2.45,4.2,5.23,MODERATE_SCOUR,CAUTION_NO_OVERWEIGHT_FREIGHT
HYD-BR-03-20250926,BR-03,Bhupen Hazarika Setu (Dhola-Sadiya),Lohit,Assam / AP,2025-09-26T00:00:00,130.55,131.2,132.5,41765.0,4.9,2.56,4.2,5.21,MODERATE_SCOUR,CAUTION_NO_OVERWEIGHT_FREIGHT
HYD-BR-03-20250927,BR-03,Bhupen Hazarika Setu (Dhola-Sadiya),Lohit,Assam / AP,2025-09-27T00:00:00,133.21,131.2,132.5,63929.0,5.76,1.76,4.2,6.16,CRITICAL_PIER_EROSION,CLOSED_EMERGENCY_DIVERSION
HYD-BR-03-20250928,BR-03,Bhupen Hazarika Setu (Dhola-Sadiya),Lohit,Assam / AP,2025-09-28T00:00:00,131.23,131.2,132.5,50392.0,3.63,4.57,4.2,9.4,CRITICAL_PIER_EROSION,CLOSED_EMERGENCY_DIVERSION
HYD-BR-03-20250929,BR-03,Bhupen Hazarika Setu (Dhola-Sadiya),Lohit,Assam / AP,2025-09-29T00:00:00,131.57,131.2,132.5,26140.0,4.57,1.24,4.2,4.85,HIGH_STRESS_MONITORING,SPEED_LIMIT_15KMH_SINGLE_CONVOY
HYD-BR-03-20250930,BR-03,Bhupen Hazarika Setu (Dhola-Sadiya),Lohit,Assam / AP,2025-09-30T00:00:00,130.32,131.2,132.5,34697.0,4.25,2.19,4.2,9.98,MODERATE_SCOUR,CAUTION_NO_OVERWEIGHT_FREIGHT
HYD-BR-03-20251001,BR-03,Bhupen Hazarika Setu (Dhola-Sadiya),Lohit,Assam / AP,2025-10-01T00:00:00,125.75,131.2,132.5,11772.0,1.29,0.36,4.2,3.73,NORMAL_STABLE,UNRESTRICTED_TRANSIT
HYD-BR-03-20251002,BR-03,Bhupen Hazarika Setu (Dhola-Sadiya),Lohit,Assam / AP,2025-10-02T00:00:00,126.47,131.2,132.5,5510.0,0.83,1.05,4.2,3.65,NORMAL_STABLE,UNRESTRICTED_TRANSIT
HYD-BR-03-20251003,BR-03,Bhupen Hazarika Setu (Dhola-Sadiya),Lohit,Assam / AP,2025-10-03T00:00:00,127.54,131.2,132.5,7271.0,1.87,1.39,4.2,2.91,NORMAL_STABLE,UNRESTRICTED_TRANSIT
HYD-BR-03-20251004,BR-03,Bhupen Hazarika Setu (Dhola-Sadiya),Lohit,Assam / AP,2025-10-04T00:00:00,128.07,131.2,132.5,12484.0,1.49,0.94,4.2,4.15,NORMAL_STABLE,UNRESTRICTED_TRANSIT
HYD-BR-03-20251005,BR-03,Bhupen Hazarika Setu (Dhola-Sadiya),Lohit,Assam / AP,2025-10-05T00:00:00,127.41,131.2,132.5,3024.0,2.09,0.91,4.2,3.04,NORMAL_STABLE,UNRESTRICTED_TRANSIT
HYD-BR-03-20251006,BR-03,Bhupen Hazarika Setu (Dhola-Sadiya),Lohit,Assam / AP,2025-10-06T00:00:00,125.58,131.2,132.5,5690.0,1.9,0.42,4.2,1.61,NORMAL_STABLE,UNRESTRICTED_TRANSIT
HYD-BR-03-20251007,BR-03,Bhupen Hazarika Setu (Dhola-Sadiya),Lohit,Assam / AP,2025-10-07T00:00:00,126.81,131.2,132.5,11408.0,1.3,1.33,4.2,3.25,NORMAL_STABLE,UNRESTRICTED_TRANSIT
HYD-BR-03-20251008,BR-03,Bhupen Hazarika Setu (Dhola-Sadiya),Lohit,Assam / AP,2025-10-08T00:00:00,127.7,131.2,132.5,5342.0,2.11,1.09,4.2,2.07,NORMAL_STABLE,UNRESTRICTED_TRANSIT
HYD-BR-03-20251009,BR-03,Bhupen Hazarika Setu (Dhola-Sadiya),Lohit,Assam / AP,2025-10-09T00:00:00,125.4,131.2,132.5,9484.0,1.88,1.05,4.2,2.8,NORMAL_STABLE,UNRESTRICTED_TRANSIT
HYD-BR-03-20251010,BR-03,Bhupen Hazarika Setu (Dhola-Sadiya),Lohit,Assam / AP,2025-10-10T00:00:00,126.28,131.2,132.5,5817.0,1.03,0.97,4.2,2.69,NORMAL_STABLE,UNRESTRICTED_TRANSIT
HYD-BR-03-20251011,BR-03,Bhupen Hazarika Setu (Dhola-Sadiya),Lohit,Assam / AP,2025-10-11T00:00:00,125.41,131.2,132.5,10311.0,1.46,1.27,4.2,1.58,NORMAL_STABLE,UNRESTRICTED_TRANSIT
HYD-BR-03-20251012,BR-03,Bhupen Hazarika Setu (Dhola-Sadiya),Lohit,Assam / AP,2025-10-12T00:00:00,128.67,131.2,132.5,12683.0,1.15,1.08,4.2,1.63,NORMAL_STABLE,UNRESTRICTED_TRANSIT
HYD-BR-03-20251013,BR-03,Bhupen Hazarika Setu (Dhola-Sadiya),Lohit,Assam / AP,2025-10-13T00:00:00,125.76,131.2,132.5,12095.0,1.52,0.72,4.2,3.47,NORMAL_STABLE,UNRESTRICTED_TRANSIT
HYD-BR-03-20251014,BR-03,Bhupen Hazarika Setu (Dhola-Sadiya),Lohit,Assam / AP,2025-10-14T00:00:00,126.81,131.2,132.5,12223.0,2.12,0.57,4.2,1.6,NORMAL_STABLE,UNRESTRICTED_TRANSIT
HYD-BR-03-20251015,BR-03,Bhupen Hazarika Setu (Dhola-Sadiya),Lohit,Assam / AP,2025-10-15T00:00:00,128.11,131.2,132.5,12170.0,1.21,0.82,4.2,3.91,NORMAL_STABLE,UNRESTRICTED_TRANSIT
HYD-BR-03-20251016,BR-03,Bhupen Hazarika Setu (Dhola-Sadiya),Lohit,Assam / AP,2025-10-16T00:00:00,127.37,131.2,132.5,11099.0,1.44,0.78,4.2,2.07,NORMAL_STABLE,UNRESTRICTED_TRANSIT
HYD-BR-03-20251017,BR-03,Bhupen Hazarika Setu (Dhola-Sadiya),Lohit,Assam / AP,2025-10-17T00:00:00,127.23,131.2,132.5,13173.0,1.18,0.72,4.2,3.17,NORMAL_STABLE,UNRESTRICTED_TRANSIT
HYD-BR-03-20251018,BR-03,Bhupen Hazarika Setu (Dhola-Sadiya),Lohit,Assam / AP,2025-10-18T00:00:00,127.6,131.2,132.5,10708.0,0.92,0.53,4.2,1.9,NORMAL_STABLE,UNRESTRICTED_TRANSIT
HYD-BR-03-20251019,BR-03,Bhupen Hazarika Setu (Dhola-Sadiya),Lohit,Assam / AP,2025-10-19T00:00:00,125.53,131.2,132.5,4135.0,1.44,1.48,4.2,2.58,NORMAL_STABLE,UNRESTRICTED_TRANSIT
HYD-BR-03-20251020,BR-03,Bhupen Hazarika Setu (Dhola-Sadiya),Lohit,Assam / AP,2025-10-20T00:00:00,127.6,131.2,132.5,7708.0,2.13,0.72,4.2,2.19,NORMAL_STABLE,UNRESTRICTED_TRANSIT
HYD-BR-03-20251021,BR-03,Bhupen Hazarika Setu (Dhola-Sadiya),Lohit,Assam / AP,2025-10-21T00:00:00,126.39,131.2,132.5,5852.0,0.86,0.92,4.2,2.07,NORMAL_STABLE,UNRESTRICTED_TRANSIT
HYD-BR-03-20251022,BR-03,Bhupen Hazarika Setu (Dhola-Sadiya),Lohit,Assam / AP,2025-10-22T00:00:00,126.88,131.2,132.5,11777.0,1.59,0.51,4.2,3.31,NORMAL_STABLE,UNRESTRICTED_TRANSIT
HYD-BR-03-20251023,BR-03,Bhupen Hazarika Setu (Dhola-Sadiya),Lohit,Assam / AP,2025-10-23T00:00:00,126.48,131.2,132.5,12602.0,1.91,0.4,4.2,1.92,NORMAL_STABLE,UNRESTRICTED_TRANSIT
HYD-BR-03-20251024,BR-03,Bhupen Hazarika Setu (Dhola-Sadiya),Lohit,Assam / AP,2025-10-24T00:00:00,128.2,131.2,132.5,7859.0,1.56,1.43,4.2,2.14,NORMAL_STABLE,UNRESTRICTED_TRANSIT
HYD-BR-03-20251025,BR-03,Bhupen Hazarika Setu (Dhola-Sadiya),Lohit,Assam / AP,2025-10-25T00:00:00,126.58,131.2,132.5,3581.0,1.56,1.08,4.2,1.77,NORMAL_STABLE,UNRESTRICTED_TRANSIT
HYD-BR-03-20251026,BR-03,Bhupen Hazarika Setu (Dhola-Sadiya),Lohit,Assam / AP,2025-10-26T00:00:00,127.49,131.2,132.5,3578.0,1.87,0.75,4.2,1.87,NORMAL_STABLE,UNRESTRICTED_TRANSIT
HYD-BR-03-20251027,BR-03,Bhupen Hazarika Setu (Dhola-Sadiya),Lohit,Assam / AP,2025-10-27T00:00:00,127.5,131.2,132.5,6480.0,1.24,1.21,4.2,2.54,NORMAL_STABLE,UNRESTRICTED_TRANSIT
HYD-BR-03-20251028,BR-03,Bhupen Hazarika Setu (Dhola-Sadiya),Lohit,Assam / AP,2025-10-28T00:00:00,128.08,131.2,132.5,3715.0,1.34,0.93,4.2,3.29,NORMAL_STABLE,UNRESTRICTED_TRANSIT
HYD-BR-03-20251029,BR-03,Bhupen Hazarika Setu (Dhola-Sadiya),Lohit,Assam / AP,2025-10-29T00:00:00,125.65,131.2,132.5,13187.0,1.03,0.64,4.2,2.54,NORMAL_STABLE,UNRESTRICTED_TRANSIT
HYD-BR-03-20251030,BR-03,Bhupen Hazarika Setu (Dhola-Sadiya),Lohit,Assam / AP,2025-10-30T00:00:00,125.87,131.2,132.5,9599.0,0.86,1.18,4.2,3.19,NORMAL_STABLE,UNRESTRICTED_TRANSIT
HYD-BR-03-20251031,BR-03,Bhupen Hazarika Setu (Dhola-Sadiya),Lohit,Assam / AP,2025-10-31T00:00:00,126.73,131.2,132.5,3975.0,1.65,0.67,4.2,3.24,NORMAL_STABLE,UNRESTRICTED_TRANSIT
HYD-BR-03-20251101,BR-03,Bhupen Hazarika Setu (Dhola-Sadiya),Lohit,Assam / AP,2025-11-01T00:00:00,126.04,131.2,132.5,11449.0,0.81,0.78,4.2,3.33,NORMAL_STABLE,UNRESTRICTED_TRANSIT
HYD-BR-03-20251102,BR-03,Bhupen Hazarika Setu (Dhola-Sadiya),Lohit,Assam / AP,2025-11-02T00:00:00,126.42,131.2,132.5,3095.0,1.96,0.81,4.2,2.81,NORMAL_STABLE,UNRESTRICTED_TRANSIT
HYD-BR-03-20251103,BR-03,Bhupen Hazarika Setu (Dhola-Sadiya),Lohit,Assam / AP,2025-11-03T00:00:00,126.82,131.2,132.5,5849.0,1.72,0.55,4.2,2.67,NORMAL_STABLE,UNRESTRICTED_TRANSIT
HYD-BR-03-20251104,BR-03,Bhupen Hazarika Setu (Dhola-Sadiya),Lohit,Assam / AP,2025-11-04T00:00:00,125.72,131.2,132.5,4665.0,1.63,1.09,4.2,3.27,NORMAL_STABLE,UNRESTRICTED_TRANSIT
HYD-BR-03-20251105,BR-03,Bhupen Hazarika Setu (Dhola-Sadiya),Lohit,Assam / AP,2025-11-05T00:00:00,125.7,131.2,132.5,9484.0,0.92,0.98,4.2,3.49,NORMAL_STABLE,UNRESTRICTED_TRANSIT
HYD-BR-03-20251106,BR-03,Bhupen Hazarika Setu (Dhola-Sadiya),Lohit,Assam / AP,2025-11-06T00:00:00,127.26,131.2,132.5,11132.0,0.9,1.1,4.2,1.88,NORMAL_STABLE,UNRESTRICTED_TRANSIT
HYD-BR-03-20251107,BR-03,Bhupen Hazarika Setu (Dhola-Sadiya),Lohit,Assam / AP,2025-11-07T00:00:00,127.57,131.2,132.5,8814.0,1.39,1.48,4.2,2.17,NORMAL_STABLE,UNRESTRICTED_TRANSIT
HYD-BR-03-20251108,BR-03,Bhupen Hazarika Setu (Dhola-Sadiya),Lohit,Assam / AP,2025-11-08T00:00:00,126.02,131.2,132.5,3613.0,1.2,0.77,4.2,2.59,NORMAL_STABLE,UNRESTRICTED_TRANSIT
HYD-BR-03-20251109,BR-03,Bhupen Hazarika Setu (Dhola-Sadiya),Lohit,Assam / AP,2025-11-09T00:00:00,125.34,131.2,132.5,11104.0,1.95,1.34,4.2,2.06,NORMAL_STABLE,UNRESTRICTED_TRANSIT
HYD-BR-03-20251110,BR-03,Bhupen Hazarika Setu (Dhola-Sadiya),Lohit,Assam / AP,2025-11-10T00:00:00,125.25,131.2,132.5,10806.0,0.82,1.02,4.2,3.47,NORMAL_STABLE,UNRESTRICTED_TRANSIT
HYD-BR-03-20251111,BR-03,Bhupen Hazarika Setu (Dhola-Sadiya),Lohit,Assam / AP,2025-11-11T00:00:00,127.44,131.2,132.5,10946.0,1.8,1.37,4.2,3.88,NORMAL_STABLE,UNRESTRICTED_TRANSIT
HYD-BR-03-20251112,BR-03,Bhupen Hazarika Setu (Dhola-Sadiya),Lohit,Assam / AP,2025-11-12T00:00:00,126.11,131.2,132.5,8794.0,1.36,1.18,4.2,3.96,NORMAL_STABLE,UNRESTRICTED_TRANSIT
HYD-BR-03-20251113,BR-03,Bhupen Hazarika Setu (Dhola-Sadiya),Lohit,Assam / AP,2025-11-13T00:00:00,127.33,131.2,132.5,8962.0,1.69,1.09,4.2,3.07,NORMAL_STABLE,UNRESTRICTED_TRANSIT
HYD-BR-03-20251114,BR-03,Bhupen Hazarika Setu (Dhola-Sadiya),Lohit,Assam / AP,2025-11-14T00:00:00,126.83,131.2,132.5,12015.0,1.7,1.35,4.2,2.44,NORMAL_STABLE,UNRESTRICTED_TRANSIT
HYD-BR-03-20251115,BR-03,Bhupen Hazarika Setu (Dhola-Sadiya),Lohit,Assam / AP,2025-11-15T00:00:00,128.27,131.2,132.5,12352.0,1.96,0.58,4.2,4.14,NORMAL_STABLE,UNRESTRICTED_TRANSIT
HYD-BR-03-20251116,BR-03,Bhupen Hazarika Setu (Dhola-Sadiya),Lohit,Assam / AP,2025-11-16T00:00:00,126.17,131.2,132.5,13754.0,1.34,0.71,4.2,3.52,NORMAL_STABLE,UNRESTRICTED_TRANSIT
HYD-BR-03-20251117,BR-03,Bhupen Hazarika Setu (Dhola-Sadiya),Lohit,Assam / AP,2025-11-17T00:00:00,127.56,131.2,132.5,8142.0,1.51,0.88,4.2,1.87,NORMAL_STABLE,UNRESTRICTED_TRANSIT
HYD-BR-03-20251118,BR-03,Bhupen Hazarika Setu (Dhola-Sadiya),Lohit,Assam / AP,2025-11-18T00:00:00,127.17,131.2,132.5,10578.0,2.12,0.87,4.2,2.98,NORMAL_STABLE,UNRESTRICTED_TRANSIT
HYD-BR-03-20251119,BR-03,Bhupen Hazarika Setu (Dhola-Sadiya),Lohit,Assam / AP,2025-11-19T00:00:00,126.58,131.2,132.5,9191.0,2.09,1.41,4.2,2.2,NORMAL_STABLE,UNRESTRICTED_TRANSIT
HYD-BR-03-20251120,BR-03,Bhupen Hazarika Setu (Dhola-Sadiya),Lohit,Assam / AP,2025-11-20T00:00:00,127.58,131.2,132.5,11637.0,0.88,0.65,4.2,3.77,NORMAL_STABLE,UNRESTRICTED_TRANSIT
HYD-BR-03-20251121,BR-03,Bhupen Hazarika Setu (Dhola-Sadiya),Lohit,Assam / AP,2025-11-21T00:00:00,125.84,131.2,132.5,8781.0,1.77,0.92,4.2,1.94,NORMAL_STABLE,UNRESTRICTED_TRANSIT
HYD-BR-03-20251122,BR-03,Bhupen Hazarika Setu (Dhola-Sadiya),Lohit,Assam / AP,2025-11-22T00:00:00,127.72,131.2,132.5,13746.0,0.94,0.49,4.2,1.9,NORMAL_STABLE,UNRESTRICTED_TRANSIT
HYD-BR-03-20251123,BR-03,Bhupen Hazarika Setu (Dhola-Sadiya),Lohit,Assam / AP,2025-11-23T00:00:00,125.89,131.2,132.5,12151.0,1.1,0.7,4.2,2.95,NORMAL_STABLE,UNRESTRICTED_TRANSIT
HYD-BR-03-20251124,BR-03,Bhupen Hazarika Setu (Dhola-Sadiya),Lohit,Assam / AP,2025-11-24T00:00:00,126.38,131.2,132.5,7799.0,2.0,1.21,4.2,1.68,NORMAL_STABLE,UNRESTRICTED_TRANSIT
HYD-BR-03-20251125,BR-03,Bhupen Hazarika Setu (Dhola-Sadiya),Lohit,Assam / AP,2025-11-25T00:00:00,126.64,131.2,132.5,6854.0,1.63,1.31,4.2,1.94,NORMAL_STABLE,UNRESTRICTED_TRANSIT
HYD-BR-03-20251126,BR-03,Bhupen Hazarika Setu (Dhola-Sadiya),Lohit,Assam / AP,2025-11-26T00:00:00,127.02,131.2,132.5,10865.0,1.64,0.45,4.2,3.85,NORMAL_STABLE,UNRESTRICTED_TRANSIT
HYD-BR-03-20251127,BR-03,Bhupen Hazarika Setu (Dhola-Sadiya),Lohit,Assam / AP,2025-11-27T00:00:00,125.72,131.2,132.5,5928.0,1.47,1.18,4.2,3.89,NORMAL_STABLE,UNRESTRICTED_TRANSIT
HYD-BR-03-20251128,BR-03,Bhupen Hazarika Setu (Dhola-Sadiya),Lohit,Assam / AP,2025-11-28T00:00:00,127.82,131.2,132.5,3647.0,1.53,0.6,4.2,2.82,NORMAL_STABLE,UNRESTRICTED_TRANSIT
HYD-BR-03-20251129,BR-03,Bhupen Hazarika Setu (Dhola-Sadiya),Lohit,Assam / AP,2025-11-29T00:00:00,128.54,131.2,132.5,5635.0,2.02,0.45,4.2,3.61,NORMAL_STABLE,UNRESTRICTED_TRANSIT
HYD-BR-03-20251130,BR-03,Bhupen Hazarika Setu (Dhola-Sadiya),Lohit,Assam / AP,2025-11-30T00:00:00,128.01,131.2,132.5,9343.0,0.95,1.1,4.2,3.78,NORMAL_STABLE,UNRESTRICTED_TRANSIT
HYD-BR-03-20251201,BR-03,Bhupen Hazarika Setu (Dhola-Sadiya),Lohit,Assam / AP,2025-12-01T00:00:00,127.0,131.2,132.5,4299.0,1.26,0.62,4.2,2.96,NORMAL_STABLE,UNRESTRICTED_TRANSIT
HYD-BR-03-20251202,BR-03,Bhupen Hazarika Setu (Dhola-Sadiya),Lohit,Assam / AP,2025-12-02T00:00:00,127.26,131.2,132.5,13906.0,2.0,1.35,4.2,2.82,NORMAL_STABLE,UNRESTRICTED_TRANSIT
HYD-BR-03-20251203,BR-03,Bhupen Hazarika Setu (Dhola-Sadiya),Lohit,Assam / AP,2025-12-03T00:00:00,126.69,131.2,132.5,9857.0,1.94,0.63,4.2,1.77,NORMAL_STABLE,UNRESTRICTED_TRANSIT
HYD-BR-03-20251204,BR-03,Bhupen Hazarika Setu (Dhola-Sadiya),Lohit,Assam / AP,2025-12-04T00:00:00,126.34,131.2,132.5,3368.0,1.27,1.06,4.2,2.87,NORMAL_STABLE,UNRESTRICTED_TRANSIT
HYD-BR-03-20251205,BR-03,Bhupen Hazarika Setu (Dhola-Sadiya),Lohit,Assam / AP,2025-12-05T00:00:00,126.18,131.2,132.5,4684.0,1.97,0.79,4.2,1.92,NORMAL_STABLE,UNRESTRICTED_TRANSIT
HYD-BR-03-20251206,BR-03,Bhupen Hazarika Setu (Dhola-Sadiya),Lohit,Assam / AP,2025-12-06T00:00:00,128.17,131.2,132.5,11920.0,1.94,1.31,4.2,3.05,NORMAL_STABLE,UNRESTRICTED_TRANSIT
HYD-BR-03-20251207,BR-03,Bhupen Hazarika Setu (Dhola-Sadiya),Lohit,Assam / AP,2025-12-07T00:00:00,128.0,131.2,132.5,8283.0,1.33,0.37,4.2,1.83,NORMAL_STABLE,UNRESTRICTED_TRANSIT
HYD-BR-03-20251208,BR-03,Bhupen Hazarika Setu (Dhola-Sadiya),Lohit,Assam / AP,2025-12-08T00:00:00,127.27,131.2,132.5,4512.0,1.81,0.47,4.2,3.12,NORMAL_STABLE,UNRESTRICTED_TRANSIT
HYD-BR-03-20251209,BR-03,Bhupen Hazarika Setu (Dhola-Sadiya),Lohit,Assam / AP,2025-12-09T00:00:00,126.62,131.2,132.5,5370.0,1.18,1.02,4.2,4.0,NORMAL_STABLE,UNRESTRICTED_TRANSIT
HYD-BR-03-20251210,BR-03,Bhupen Hazarika Setu (Dhola-Sadiya),Lohit,Assam / AP,2025-12-10T00:00:00,127.73,131.2,132.5,11901.0,1.37,0.34,4.2,1.62,NORMAL_STABLE,UNRESTRICTED_TRANSIT
HYD-BR-03-20251211,BR-03,Bhupen Hazarika Setu (Dhola-Sadiya),Lohit,Assam / AP,2025-12-11T00:00:00,126.54,131.2,132.5,5174.0,1.48,0.9,4.2,2.42,NORMAL_STABLE,UNRESTRICTED_TRANSIT
HYD-BR-03-20251212,BR-03,Bhupen Hazarika Setu (Dhola-Sadiya),Lohit,Assam / AP,2025-12-12T00:00:00,127.98,131.2,132.5,8556.0,1.59,0.35,4.2,2.48,NORMAL_STABLE,UNRESTRICTED_TRANSIT
HYD-BR-03-20251213,BR-03,Bhupen Hazarika Setu (Dhola-Sadiya),Lohit,Assam / AP,2025-12-13T00:00:00,126.97,131.2,132.5,5380.0,1.15,0.59,4.2,3.91,NORMAL_STABLE,UNRESTRICTED_TRANSIT
HYD-BR-03-20251214,BR-03,Bhupen Hazarika Setu (Dhola-Sadiya),Lohit,Assam / AP,2025-12-14T00:00:00,128.06,131.2,132.5,4615.0,1.51,1.03,4.2,2.89,NORMAL_STABLE,UNRESTRICTED_TRANSIT
HYD-BR-03-20251215,BR-03,Bhupen Hazarika Setu (Dhola-Sadiya),Lohit,Assam / AP,2025-12-15T00:00:00,126.02,131.2,132.5,8715.0,1.42,0.66,4.2,2.2,NORMAL_STABLE,UNRESTRICTED_TRANSIT
HYD-BR-03-20251216,BR-03,Bhupen Hazarika Setu (Dhola-Sadiya),Lohit,Assam / AP,2025-12-16T00:00:00,128.63,131.2,132.5,6703.0,0.94,1.41,4.2,2.7,NORMAL_STABLE,UNRESTRICTED_TRANSIT
HYD-BR-03-20251217,BR-03,Bhupen Hazarika Setu (Dhola-Sadiya),Lohit,Assam / AP,2025-12-17T00:00:00,128.04,131.2,132.5,8750.0,1.48,0.7,4.2,3.18,NORMAL_STABLE,UNRESTRICTED_TRANSIT
HYD-BR-03-20251218,BR-03,Bhupen Hazarika Setu (Dhola-Sadiya),Lohit,Assam / AP,2025-12-18T00:00:00,128.15,131.2,132.5,11626.0,1.11,1.03,4.2,1.58,NORMAL_STABLE,UNRESTRICTED_TRANSIT
HYD-BR-03-20251219,BR-03,Bhupen Hazarika Setu (Dhola-Sadiya),Lohit,Assam / AP,2025-12-19T00:00:00,127.11,131.2,132.5,4936.0,2.05,0.96,4.2,2.02,NORMAL_STABLE,UNRESTRICTED_TRANSIT
HYD-BR-03-20251220,BR-03,Bhupen Hazarika Setu (Dhola-Sadiya),Lohit,Assam / AP,2025-12-20T00:00:00,126.36,131.2,132.5,8192.0,0.93,0.7,4.2,3.55,NORMAL_STABLE,UNRESTRICTED_TRANSIT
HYD-BR-03-20251221,BR-03,Bhupen Hazarika Setu (Dhola-Sadiya),Lohit,Assam / AP,2025-12-21T00:00:00,127.27,131.2,132.5,13249.0,0.92,1.03,4.2,2.78,NORMAL_STABLE,UNRESTRICTED_TRANSIT
HYD-BR-03-20251222,BR-03,Bhupen Hazarika Setu (Dhola-Sadiya),Lohit,Assam / AP,2025-12-22T00:00:00,126.32,131.2,132.5,8510.0,0.93,0.39,4.2,1.55,NORMAL_STABLE,UNRESTRICTED_TRANSIT
HYD-BR-03-20251223,BR-03,Bhupen Hazarika Setu (Dhola-Sadiya),Lohit,Assam / AP,2025-12-23T00:00:00,127.16,131.2,132.5,11100.0,1.65,0.87,4.2,4.13,NORMAL_STABLE,UNRESTRICTED_TRANSIT
HYD-BR-03-20251224,BR-03,Bhupen Hazarika Setu (Dhola-Sadiya),Lohit,Assam / AP,2025-12-24T00:00:00,127.9,131.2,132.5,7848.0,1.95,0.42,4.2,3.03,NORMAL_STABLE,UNRESTRICTED_TRANSIT
HYD-BR-03-20251225,BR-03,Bhupen Hazarika Setu (Dhola-Sadiya),Lohit,Assam / AP,2025-12-25T00:00:00,125.93,131.2,132.5,12560.0,1.06,0.4,4.2,1.72,NORMAL_STABLE,UNRESTRICTED_TRANSIT
HYD-BR-03-20251226,BR-03,Bhupen Hazarika Setu (Dhola-Sadiya),Lohit,Assam / AP,2025-12-26T00:00:00,128.16,131.2,132.5,8693.0,2.19,1.36,4.2,3.58,NORMAL_STABLE,UNRESTRICTED_TRANSIT
HYD-BR-03-20251227,BR-03,Bhupen Hazarika Setu (Dhola-Sadiya),Lohit,Assam / AP,2025-12-27T00:00:00,126.0,131.2,132.5,11124.0,1.25,1.02,4.2,2.22,NORMAL_STABLE,UNRESTRICTED_TRANSIT
HYD-BR-03-20251228,BR-03,Bhupen Hazarika Setu (Dhola-Sadiya),Lohit,Assam / AP,2025-12-28T00:00:00,126.18,131.2,132.5,6149.0,0.95,0.64,4.2,2.53,NORMAL_STABLE,UNRESTRICTED_TRANSIT
HYD-BR-03-20251229,BR-03,Bhupen Hazarika Setu (Dhola-Sadiya),Lohit,Assam / AP,2025-12-29T00:00:00,127.64,131.2,132.5,11807.0,2.07,1.07,4.2,3.68,NORMAL_STABLE,UNRESTRICTED_TRANSIT
HYD-BR-03-20251230,BR-03,Bhupen Hazarika Setu (Dhola-Sadiya),Lohit,Assam / AP,2025-12-30T00:00:00,128.46,131.2,132.5,4549.0,1.1,0.48,4.2,3.71,NORMAL_STABLE,UNRESTRICTED_TRANSIT
HYD-BR-03-20251231,BR-03,Bhupen Hazarika Setu (Dhola-Sadiya),Lohit,Assam / AP,2025-12-31T00:00:00,125.74,131.2,132.5,7654.0,1.53,0.6,4.2,3.34,NORMAL_STABLE,UNRESTRICTED_TRANSIT
HYD-BR-03-20260101,BR-03,Bhupen Hazarika Setu (Dhola-Sadiya),Lohit,Assam / AP,2026-01-01T00:00:00,125.27,131.2,132.5,12701.0,1.73,0.39,4.2,3.92,NORMAL_STABLE,UNRESTRICTED_TRANSIT
HYD-BR-03-20260102,BR-03,Bhupen Hazarika Setu (Dhola-Sadiya),Lohit,Assam / AP,2026-01-02T00:00:00,126.45,131.2,132.5,11423.0,1.55,1.19,4.2,1.87,NORMAL_STABLE,UNRESTRICTED_TRANSIT
HYD-BR-03-20260103,BR-03,Bhupen Hazarika Setu (Dhola-Sadiya),Lohit,Assam / AP,2026-01-03T00:00:00,126.83,131.2,132.5,10788.0,1.43,0.68,4.2,2.35,NORMAL_STABLE,UNRESTRICTED_TRANSIT
HYD-BR-03-20260104,BR-03,Bhupen Hazarika Setu (Dhola-Sadiya),Lohit,Assam / AP,2026-01-04T00:00:00,127.4,131.2,132.5,4070.0,1.44,1.06,4.2,2.83,NORMAL_STABLE,UNRESTRICTED_TRANSIT
HYD-BR-03-20260105,BR-03,Bhupen Hazarika Setu (Dhola-Sadiya),Lohit,Assam / AP,2026-01-05T00:00:00,126.9,131.2,132.5,7917.0,1.33,1.08,4.2,1.81,NORMAL_STABLE,UNRESTRICTED_TRANSIT
HYD-BR-03-20260106,BR-03,Bhupen Hazarika Setu (Dhola-Sadiya),Lohit,Assam / AP,2026-01-06T00:00:00,126.97,131.2,132.5,13099.0,1.35,0.75,4.2,4.0,NORMAL_STABLE,UNRESTRICTED_TRANSIT
HYD-BR-03-20260107,BR-03,Bhupen Hazarika Setu (Dhola-Sadiya),Lohit,Assam / AP,2026-01-07T00:00:00,126.5,131.2,132.5,12211.0,1.59,0.89,4.2,2.31,NORMAL_STABLE,UNRESTRICTED_TRANSIT
HYD-BR-03-20260108,BR-03,Bhupen Hazarika Setu (Dhola-Sadiya),Lohit,Assam / AP,2026-01-08T00:00:00,127.66,131.2,132.5,13556.0,1.9,0.64,4.2,3.87,NORMAL_STABLE,UNRESTRICTED_TRANSIT
HYD-BR-03-20260109,BR-03,Bhupen Hazarika Setu (Dhola-Sadiya),Lohit,Assam / AP,2026-01-09T00:00:00,126.69,131.2,132.5,9221.0,1.82,0.75,4.2,3.42,NORMAL_STABLE,UNRESTRICTED_TRANSIT
HYD-BR-03-20260110,BR-03,Bhupen Hazarika Setu (Dhola-Sadiya),Lohit,Assam / AP,2026-01-10T00:00:00,127.27,131.2,132.5,4384.0,1.63,1.02,4.2,1.76,NORMAL_STABLE,UNRESTRICTED_TRANSIT
HYD-BR-03-20260111,BR-03,Bhupen Hazarika Setu (Dhola-Sadiya),Lohit,Assam / AP,2026-01-11T00:00:00,127.21,131.2,132.5,9362.0,1.32,1.13,4.2,3.83,NORMAL_STABLE,UNRESTRICTED_TRANSIT
HYD-BR-03-20260112,BR-03,Bhupen Hazarika Setu (Dhola-Sadiya),Lohit,Assam / AP,2026-01-12T00:00:00,125.46,131.2,132.5,6042.0,1.73,1.03,4.2,4.03,NORMAL_STABLE,UNRESTRICTED_TRANSIT
HYD-BR-03-20260113,BR-03,Bhupen Hazarika Setu (Dhola-Sadiya),Lohit,Assam / AP,2026-01-13T00:00:00,127.24,131.2,132.5,3845.0,1.54,1.23,4.2,3.01,NORMAL_STABLE,UNRESTRICTED_TRANSIT
HYD-BR-03-20260114,BR-03,Bhupen Hazarika Setu (Dhola-Sadiya),Lohit,Assam / AP,2026-01-14T00:00:00,128.61,131.2,132.5,10123.0,1.32,1.27,4.2,2.9,NORMAL_STABLE,UNRESTRICTED_TRANSIT
HYD-BR-03-20260115,BR-03,Bhupen Hazarika Setu (Dhola-Sadiya),Lohit,Assam / AP,2026-01-15T00:00:00,128.14,131.2,132.5,11642.0,2.01,0.35,4.2,1.65,NORMAL_STABLE,UNRESTRICTED_TRANSIT
HYD-BR-03-20260116,BR-03,Bhupen Hazarika Setu (Dhola-Sadiya),Lohit,Assam / AP,2026-01-16T00:00:00,126.5,131.2,132.5,7176.0,2.02,0.43,4.2,2.49,NORMAL_STABLE,UNRESTRICTED_TRANSIT
HYD-BR-03-20260117,BR-03,Bhupen Hazarika Setu (Dhola-Sadiya),Lohit,Assam / AP,2026-01-17T00:00:00,126.65,131.2,132.5,12779.0,2.1,1.05,4.2,3.59,NORMAL_STABLE,UNRESTRICTED_TRANSIT
HYD-BR-03-20260118,BR-03,Bhupen Hazarika Setu (Dhola-Sadiya),Lohit,Assam / AP,2026-01-18T00:00:00,127.13,131.2,132.5,6875.0,0.92,0.43,4.2,4.11,NORMAL_STABLE,UNRESTRICTED_TRANSIT
HYD-BR-03-20260119,BR-03,Bhupen Hazarika Setu (Dhola-Sadiya),Lohit,Assam / AP,2026-01-19T00:00:00,126.89,131.2,132.5,10410.0,1.86,1.07,4.2,2.97,NORMAL_STABLE,UNRESTRICTED_TRANSIT
HYD-BR-03-20260120,BR-03,Bhupen Hazarika Setu (Dhola-Sadiya),Lohit,Assam / AP,2026-01-20T00:00:00,125.83,131.2,132.5,12228.0,1.24,0.43,4.2,3.08,NORMAL_STABLE,UNRESTRICTED_TRANSIT
HYD-BR-03-20260121,BR-03,Bhupen Hazarika Setu (Dhola-Sadiya),Lohit,Assam / AP,2026-01-21T00:00:00,126.42,131.2,132.5,11209.0,0.81,0.37,4.2,3.98,NORMAL_STABLE,UNRESTRICTED_TRANSIT
HYD-BR-03-20260122,BR-03,Bhupen Hazarika Setu (Dhola-Sadiya),Lohit,Assam / AP,2026-01-22T00:00:00,126.69,131.2,132.5,10806.0,0.94,0.74,4.2,2.78,NORMAL_STABLE,UNRESTRICTED_TRANSIT
HYD-BR-03-20260123,BR-03,Bhupen Hazarika Setu (Dhola-Sadiya),Lohit,Assam / AP,2026-01-23T00:00:00,128.31,131.2,132.5,10482.0,1.66,0.92,4.2,3.67,NORMAL_STABLE,UNRESTRICTED_TRANSIT
HYD-BR-03-20260124,BR-03,Bhupen Hazarika Setu (Dhola-Sadiya),Lohit,Assam / AP,2026-01-24T00:00:00,126.72,131.2,132.5,12885.0,1.1,0.55,4.2,1.97,NORMAL_STABLE,UNRESTRICTED_TRANSIT
HYD-BR-03-20260125,BR-03,Bhupen Hazarika Setu (Dhola-Sadiya),Lohit,Assam / AP,2026-01-25T00:00:00,128.44,131.2,132.5,8237.0,1.17,0.83,4.2,2.25,NORMAL_STABLE,UNRESTRICTED_TRANSIT
HYD-BR-03-20260126,BR-03,Bhupen Hazarika Setu (Dhola-Sadiya),Lohit,Assam / AP,2026-01-26T00:00:00,127.13,131.2,132.5,6389.0,0.92,1.27,4.2,1.57,NORMAL_STABLE,UNRESTRICTED_TRANSIT
HYD-BR-03-20260127,BR-03,Bhupen Hazarika Setu (Dhola-Sadiya),Lohit,Assam / AP,2026-01-27T00:00:00,127.02,131.2,132.5,4250.0,1.05,1.14,4.2,3.84,NORMAL_STABLE,UNRESTRICTED_TRANSIT
HYD-BR-03-20260128,BR-03,Bhupen Hazarika Setu (Dhola-Sadiya),Lohit,Assam / AP,2026-01-28T00:00:00,127.92,131.2,132.5,7884.0,1.59,1.37,4.2,4.19,NORMAL_STABLE,UNRESTRICTED_TRANSIT
HYD-BR-03-20260129,BR-03,Bhupen Hazarika Setu (Dhola-Sadiya),Lohit,Assam / AP,2026-01-29T00:00:00,128.3,131.2,132.5,4396.0,1.1,0.66,4.2,2.98,NORMAL_STABLE,UNRESTRICTED_TRANSIT
HYD-BR-03-20260130,BR-03,Bhupen Hazarika Setu (Dhola-Sadiya),Lohit,Assam / AP,2026-01-30T00:00:00,127.55,131.2,132.5,10892.0,1.09,0.6,4.2,2.02,NORMAL_STABLE,UNRESTRICTED_TRANSIT
HYD-BR-03-20260131,BR-03,Bhupen Hazarika Setu (Dhola-Sadiya),Lohit,Assam / AP,2026-01-31T00:00:00,128.29,131.2,132.5,13396.0,0.97,0.5,4.2,2.14,NORMAL_STABLE,UNRESTRICTED_TRANSIT
HYD-BR-03-20260201,BR-03,Bhupen Hazarika Setu (Dhola-Sadiya),Lohit,Assam / AP,2026-02-01T00:00:00,127.25,131.2,132.5,13988.0,1.53,0.85,4.2,2.24,NORMAL_STABLE,UNRESTRICTED_TRANSIT
HYD-BR-03-20260202,BR-03,Bhupen Hazarika Setu (Dhola-Sadiya),Lohit,Assam / AP,2026-02-02T00:00:00,127.01,131.2,132.5,13880.0,2.06,1.33,4.2,2.94,NORMAL_STABLE,UNRESTRICTED_TRANSIT
HYD-BR-03-20260203,BR-03,Bhupen Hazarika Setu (Dhola-Sadiya),Lohit,Assam / AP,2026-02-03T00:00:00,128.68,131.2,132.5,3609.0,1.43,1.38,4.2,2.9,NORMAL_STABLE,UNRESTRICTED_TRANSIT
HYD-BR-03-20260204,BR-03,Bhupen Hazarika Setu (Dhola-Sadiya),Lohit,Assam / AP,2026-02-04T00:00:00,125.21,131.2,132.5,11810.0,1.55,1.11,4.2,3.48,NORMAL_STABLE,UNRESTRICTED_TRANSIT
HYD-BR-03-20260205,BR-03,Bhupen Hazarika Setu (Dhola-Sadiya),Lohit,Assam / AP,2026-02-05T00:00:00,126.26,131.2,132.5,13302.0,0.83,0.38,4.2,2.35,NORMAL_STABLE,UNRESTRICTED_TRANSIT
HYD-BR-03-20260206,BR-03,Bhupen Hazarika Setu (Dhola-Sadiya),Lohit,Assam / AP,2026-02-06T00:00:00,125.35,131.2,132.5,4035.0,1.38,0.44,4.2,3.83,NORMAL_STABLE,UNRESTRICTED_TRANSIT
HYD-BR-03-20260207,BR-03,Bhupen Hazarika Setu (Dhola-Sadiya),Lohit,Assam / AP,2026-02-07T00:00:00,126.66,131.2,132.5,13067.0,1.06,1.49,4.2,3.34,NORMAL_STABLE,UNRESTRICTED_TRANSIT
HYD-BR-03-20260208,BR-03,Bhupen Hazarika Setu (Dhola-Sadiya),Lohit,Assam / AP,2026-02-08T00:00:00,125.61,131.2,132.5,4800.0,0.89,0.62,4.2,3.47,NORMAL_STABLE,UNRESTRICTED_TRANSIT
HYD-BR-03-20260209,BR-03,Bhupen Hazarika Setu (Dhola-Sadiya),Lohit,Assam / AP,2026-02-09T00:00:00,126.19,131.2,132.5,11153.0,0.82,0.61,4.2,3.26,NORMAL_STABLE,UNRESTRICTED_TRANSIT
HYD-BR-03-20260210,BR-03,Bhupen Hazarika Setu (Dhola-Sadiya),Lohit,Assam / AP,2026-02-10T00:00:00,128.37,131.2,132.5,12313.0,2.07,0.34,4.2,2.11,NORMAL_STABLE,UNRESTRICTED_TRANSIT
HYD-BR-03-20260211,BR-03,Bhupen Hazarika Setu (Dhola-Sadiya),Lohit,Assam / AP,2026-02-11T00:00:00,125.8,131.2,132.5,7119.0,1.23,0.84,4.2,4.13,NORMAL_STABLE,UNRESTRICTED_TRANSIT
HYD-BR-03-20260212,BR-03,Bhupen Hazarika Setu (Dhola-Sadiya),Lohit,Assam / AP,2026-02-12T00:00:00,128.18,131.2,132.5,4594.0,1.04,1.29,4.2,2.56,NORMAL_STABLE,UNRESTRICTED_TRANSIT
HYD-BR-03-20260213,BR-03,Bhupen Hazarika Setu (Dhola-Sadiya),Lohit,Assam / AP,2026-02-13T00:00:00,125.97,131.2,132.5,11652.0,1.53,0.92,4.2,3.24,NORMAL_STABLE,UNRESTRICTED_TRANSIT
HYD-BR-03-20260214,BR-03,Bhupen Hazarika Setu (Dhola-Sadiya),Lohit,Assam / AP,2026-02-14T00:00:00,127.27,131.2,132.5,13491.0,0.97,1.4,4.2,3.07,NORMAL_STABLE,UNRESTRICTED_TRANSIT
HYD-BR-03-20260215,BR-03,Bhupen Hazarika Setu (Dhola-Sadiya),Lohit,Assam / AP,2026-02-15T00:00:00,127.26,131.2,132.5,5427.0,2.1,0.73,4.2,2.01,NORMAL_STABLE,UNRESTRICTED_TRANSIT
HYD-BR-03-20260216,BR-03,Bhupen Hazarika Setu (Dhola-Sadiya),Lohit,Assam / AP,2026-02-16T00:00:00,126.46,131.2,132.5,6772.0,1.83,0.66,4.2,3.37,NORMAL_STABLE,UNRESTRICTED_TRANSIT
HYD-BR-03-20260217,BR-03,Bhupen Hazarika Setu (Dhola-Sadiya),Lohit,Assam / AP,2026-02-17T00:00:00,128.37,131.2,132.5,13079.0,2.01,0.72,4.2,3.56,NORMAL_STABLE,UNRESTRICTED_TRANSIT
HYD-BR-03-20260218,BR-03,Bhupen Hazarika Setu (Dhola-Sadiya),Lohit,Assam / AP,2026-02-18T00:00:00,128.33,131.2,132.5,13996.0,2.13,0.86,4.2,1.93,NORMAL_STABLE,UNRESTRICTED_TRANSIT
HYD-BR-03-20260219,BR-03,Bhupen Hazarika Setu (Dhola-Sadiya),Lohit,Assam / AP,2026-02-19T00:00:00,127.13,131.2,132.5,3940.0,1.56,0.95,4.2,2.78,NORMAL_STABLE,UNRESTRICTED_TRANSIT
HYD-BR-03-20260220,BR-03,Bhupen Hazarika Setu (Dhola-Sadiya),Lohit,Assam / AP,2026-02-20T00:00:00,127.44,131.2,132.5,5324.0,1.98,1.11,4.2,3.62,NORMAL_STABLE,UNRESTRICTED_TRANSIT
HYD-BR-03-20260221,BR-03,Bhupen Hazarika Setu (Dhola-Sadiya),Lohit,Assam / AP,2026-02-21T00:00:00,127.97,131.2,132.5,11494.0,1.26,0.56,4.2,1.54,NORMAL_STABLE,UNRESTRICTED_TRANSIT
HYD-BR-03-20260222,BR-03,Bhupen Hazarika Setu (Dhola-Sadiya),Lohit,Assam / AP,2026-02-22T00:00:00,126.17,131.2,132.5,3154.0,1.4,0.57,4.2,2.44,NORMAL_STABLE,UNRESTRICTED_TRANSIT
HYD-BR-03-20260223,BR-03,Bhupen Hazarika Setu (Dhola-Sadiya),Lohit,Assam / AP,2026-02-23T00:00:00,126.39,131.2,132.5,12507.0,0.85,0.7,4.2,3.51,NORMAL_STABLE,UNRESTRICTED_TRANSIT
HYD-BR-03-20260224,BR-03,Bhupen Hazarika Setu (Dhola-Sadiya),Lohit,Assam / AP,2026-02-24T00:00:00,127.59,131.2,132.5,3319.0,1.92,0.95,4.2,3.45,NORMAL_STABLE,UNRESTRICTED_TRANSIT
HYD-BR-03-20260225,BR-03,Bhupen Hazarika Setu (Dhola-Sadiya),Lohit,Assam / AP,2026-02-25T00:00:00,126.8,131.2,132.5,10035.0,0.94,1.4,4.2,3.64,NORMAL_STABLE,UNRESTRICTED_TRANSIT
HYD-BR-03-20260226,BR-03,Bhupen Hazarika Setu (Dhola-Sadiya),Lohit,Assam / AP,2026-02-26T00:00:00,126.3,131.2,132.5,4341.0,1.75,1.32,4.2,1.8,NORMAL_STABLE,UNRESTRICTED_TRANSIT
HYD-BR-03-20260227,BR-03,Bhupen Hazarika Setu (Dhola-Sadiya),Lohit,Assam / AP,2026-02-27T00:00:00,126.42,131.2,132.5,9196.0,1.22,1.24,4.2,2.03,NORMAL_STABLE,UNRESTRICTED_TRANSIT
HYD-BR-03-20260228,BR-03,Bhupen Hazarika Setu (Dhola-Sadiya),Lohit,Assam / AP,2026-02-28T00:00:00,125.51,131.2,132.5,11471.0,1.47,1.2,4.2,2.84,NORMAL_STABLE,UNRESTRICTED_TRANSIT
HYD-BR-03-20260301,BR-03,Bhupen Hazarika Setu (Dhola-Sadiya),Lohit,Assam / AP,2026-03-01T00:00:00,127.01,131.2,132.5,6867.0,0.95,0.45,4.2,3.19,NORMAL_STABLE,UNRESTRICTED_TRANSIT
HYD-BR-03-20260302,BR-03,Bhupen Hazarika Setu (Dhola-Sadiya),Lohit,Assam / AP,2026-03-02T00:00:00,127.67,131.2,132.5,6920.0,1.67,0.9,4.2,1.57,NORMAL_STABLE,UNRESTRICTED_TRANSIT
HYD-BR-03-20260303,BR-03,Bhupen Hazarika Setu (Dhola-Sadiya),Lohit,Assam / AP,2026-03-03T00:00:00,127.55,131.2,132.5,3883.0,1.17,1.0,4.2,3.28,NORMAL_STABLE,UNRESTRICTED_TRANSIT
HYD-BR-03-20260304,BR-03,Bhupen Hazarika Setu (Dhola-Sadiya),Lohit,Assam / AP,2026-03-04T00:00:00,126.54,131.2,132.5,4987.0,1.07,1.28,4.2,3.69,NORMAL_STABLE,UNRESTRICTED_TRANSIT
HYD-BR-03-20260305,BR-03,Bhupen Hazarika Setu (Dhola-Sadiya),Lohit,Assam / AP,2026-03-05T00:00:00,125.84,131.2,132.5,3908.0,1.81,0.61,4.2,1.98,NORMAL_STABLE,UNRESTRICTED_TRANSIT
HYD-BR-03-20260306,BR-03,Bhupen Hazarika Setu (Dhola-Sadiya),Lohit,Assam / AP,2026-03-06T00:00:00,125.28,131.2,132.5,10389.0,1.49,1.28,4.2,3.07,NORMAL_STABLE,UNRESTRICTED_TRANSIT
HYD-BR-03-20260307,BR-03,Bhupen Hazarika Setu (Dhola-Sadiya),Lohit,Assam / AP,2026-03-07T00:00:00,128.45,131.2,132.5,9564.0,0.93,1.39,4.2,2.0,NORMAL_STABLE,UNRESTRICTED_TRANSIT
HYD-BR-03-20260308,BR-03,Bhupen Hazarika Setu (Dhola-Sadiya),Lohit,Assam / AP,2026-03-08T00:00:00,126.45,131.2,132.5,6992.0,2.17,0.91,4.2,3.75,NORMAL_STABLE,UNRESTRICTED_TRANSIT
HYD-BR-03-20260309,BR-03,Bhupen Hazarika Setu (Dhola-Sadiya),Lohit,Assam / AP,2026-03-09T00:00:00,126.35,131.2,132.5,10635.0,1.99,0.86,4.2,4.09,NORMAL_STABLE,UNRESTRICTED_TRANSIT
HYD-BR-03-20260310,BR-03,Bhupen Hazarika Setu (Dhola-Sadiya),Lohit,Assam / AP,2026-03-10T00:00:00,126.08,131.2,132.5,7072.0,0.94,0.37,4.2,3.53,NORMAL_STABLE,UNRESTRICTED_TRANSIT
HYD-BR-03-20260311,BR-03,Bhupen Hazarika Setu (Dhola-Sadiya),Lohit,Assam / AP,2026-03-11T00:00:00,125.46,131.2,132.5,12246.0,1.51,1.3,4.2,2.21,NORMAL_STABLE,UNRESTRICTED_TRANSIT
HYD-BR-03-20260312,BR-03,Bhupen Hazarika Setu (Dhola-Sadiya),Lohit,Assam / AP,2026-03-12T00:00:00,126.11,131.2,132.5,3019.0,0.94,0.38,4.2,2.1,NORMAL_STABLE,UNRESTRICTED_TRANSIT
HYD-BR-03-20260313,BR-03,Bhupen Hazarika Setu (Dhola-Sadiya),Lohit,Assam / AP,2026-03-13T00:00:00,126.54,131.2,132.5,10204.0,0.87,1.01,4.2,3.01,NORMAL_STABLE,UNRESTRICTED_TRANSIT
HYD-BR-03-20260314,BR-03,Bhupen Hazarika Setu (Dhola-Sadiya),Lohit,Assam / AP,2026-03-14T00:00:00,125.22,131.2,132.5,12016.0,1.72,0.98,4.2,2.86,NORMAL_STABLE,UNRESTRICTED_TRANSIT
HYD-BR-03-20260315,BR-03,Bhupen Hazarika Setu (Dhola-Sadiya),Lohit,Assam / AP,2026-03-15T00:00:00,126.34,131.2,132.5,3028.0,1.64,0.77,4.2,3.59,NORMAL_STABLE,UNRESTRICTED_TRANSIT
HYD-BR-03-20260316,BR-03,Bhupen Hazarika Setu (Dhola-Sadiya),Lohit,Assam / AP,2026-03-16T00:00:00,128.19,131.2,132.5,3331.0,1.79,0.43,4.2,2.24,NORMAL_STABLE,UNRESTRICTED_TRANSIT
HYD-BR-03-20260317,BR-03,Bhupen Hazarika Setu (Dhola-Sadiya),Lohit,Assam / AP,2026-03-17T00:00:00,125.46,131.2,132.5,3121.0,2.15,1.3,4.2,2.18,NORMAL_STABLE,UNRESTRICTED_TRANSIT
HYD-BR-03-20260318,BR-03,Bhupen Hazarika Setu (Dhola-Sadiya),Lohit,Assam / AP,2026-03-18T00:00:00,128.69,131.2,132.5,10036.0,1.63,0.55,4.2,3.38,NORMAL_STABLE,UNRESTRICTED_TRANSIT
HYD-BR-03-20260319,BR-03,Bhupen Hazarika Setu (Dhola-Sadiya),Lohit,Assam / AP,2026-03-19T00:00:00,126.5,131.2,132.5,9567.0,1.91,0.72,4.2,2.31,NORMAL_STABLE,UNRESTRICTED_TRANSIT
HYD-BR-03-20260320,BR-03,Bhupen Hazarika Setu (Dhola-Sadiya),Lohit,Assam / AP,2026-03-20T00:00:00,128.36,131.2,132.5,11189.0,2.13,0.53,4.2,2.71,NORMAL_STABLE,UNRESTRICTED_TRANSIT
HYD-BR-03-20260321,BR-03,Bhupen Hazarika Setu (Dhola-Sadiya),Lohit,Assam / AP,2026-03-21T00:00:00,126.77,131.2,132.5,5505.0,1.45,1.02,4.2,2.84,NORMAL_STABLE,UNRESTRICTED_TRANSIT
HYD-BR-03-20260322,BR-03,Bhupen Hazarika Setu (Dhola-Sadiya),Lohit,Assam / AP,2026-03-22T00:00:00,126.42,131.2,132.5,11886.0,1.53,1.3,4.2,2.6,NORMAL_STABLE,UNRESTRICTED_TRANSIT
HYD-BR-03-20260323,BR-03,Bhupen Hazarika Setu (Dhola-Sadiya),Lohit,Assam / AP,2026-03-23T00:00:00,125.53,131.2,132.5,5972.0,2.02,1.1,4.2,3.0,NORMAL_STABLE,UNRESTRICTED_TRANSIT
HYD-BR-03-20260324,BR-03,Bhupen Hazarika Setu (Dhola-Sadiya),Lohit,Assam / AP,2026-03-24T00:00:00,127.54,131.2,132.5,10411.0,0.94,1.12,4.2,1.6,NORMAL_STABLE,UNRESTRICTED_TRANSIT
HYD-BR-03-20260325,BR-03,Bhupen Hazarika Setu (Dhola-Sadiya),Lohit,Assam / AP,2026-03-25T00:00:00,125.29,131.2,132.5,3140.0,1.21,0.53,4.2,4.17,NORMAL_STABLE,UNRESTRICTED_TRANSIT
HYD-BR-03-20260326,BR-03,Bhupen Hazarika Setu (Dhola-Sadiya),Lohit,Assam / AP,2026-03-26T00:00:00,127.99,131.2,132.5,9536.0,1.46,1.23,4.2,2.31,NORMAL_STABLE,UNRESTRICTED_TRANSIT
HYD-BR-03-20260327,BR-03,Bhupen Hazarika Setu (Dhola-Sadiya),Lohit,Assam / AP,2026-03-27T00:00:00,127.42,131.2,132.5,12725.0,0.89,0.75,4.2,2.95,NORMAL_STABLE,UNRESTRICTED_TRANSIT
HYD-BR-03-20260328,BR-03,Bhupen Hazarika Setu (Dhola-Sadiya),Lohit,Assam / AP,2026-03-28T00:00:00,128.11,131.2,132.5,11754.0,1.19,1.21,4.2,3.56,NORMAL_STABLE,UNRESTRICTED_TRANSIT
HYD-BR-03-20260329,BR-03,Bhupen Hazarika Setu (Dhola-Sadiya),Lohit,Assam / AP,2026-03-29T00:00:00,126.86,131.2,132.5,3002.0,1.53,1.2,4.2,1.91,NORMAL_STABLE,UNRESTRICTED_TRANSIT
HYD-BR-03-20260330,BR-03,Bhupen Hazarika Setu (Dhola-Sadiya),Lohit,Assam / AP,2026-03-30T00:00:00,125.3,131.2,132.5,11121.0,1.04,1.08,4.2,3.53,NORMAL_STABLE,UNRESTRICTED_TRANSIT
HYD-BR-03-20260331,BR-03,Bhupen Hazarika Setu (Dhola-Sadiya),Lohit,Assam / AP,2026-03-31T00:00:00,128.26,131.2,132.5,10251.0,1.43,1.15,4.2,3.61,NORMAL_STABLE,UNRESTRICTED_TRANSIT
HYD-BR-03-20260401,BR-03,Bhupen Hazarika Setu (Dhola-Sadiya),Lohit,Assam / AP,2026-04-01T00:00:00,125.77,131.2,132.5,6911.0,0.96,1.39,4.2,3.4,NORMAL_STABLE,UNRESTRICTED_TRANSIT
HYD-BR-03-20260402,BR-03,Bhupen Hazarika Setu (Dhola-Sadiya),Lohit,Assam / AP,2026-04-02T00:00:00,127.15,131.2,132.5,10874.0,1.39,1.4,4.2,4.1,NORMAL_STABLE,UNRESTRICTED_TRANSIT
HYD-BR-03-20260403,BR-03,Bhupen Hazarika Setu (Dhola-Sadiya),Lohit,Assam / AP,2026-04-03T00:00:00,125.84,131.2,132.5,13224.0,1.81,0.61,4.2,4.04,NORMAL_STABLE,UNRESTRICTED_TRANSIT
HYD-BR-03-20260404,BR-03,Bhupen Hazarika Setu (Dhola-Sadiya),Lohit,Assam / AP,2026-04-04T00:00:00,127.2,131.2,132.5,11021.0,1.1,0.85,4.2,2.4,NORMAL_STABLE,UNRESTRICTED_TRANSIT
HYD-BR-03-20260405,BR-03,Bhupen Hazarika Setu (Dhola-Sadiya),Lohit,Assam / AP,2026-04-05T00:00:00,127.85,131.2,132.5,7699.0,1.15,1.02,4.2,3.07,NORMAL_STABLE,UNRESTRICTED_TRANSIT
HYD-BR-03-20260406,BR-03,Bhupen Hazarika Setu (Dhola-Sadiya),Lohit,Assam / AP,2026-04-06T00:00:00,127.53,131.2,132.5,12891.0,1.73,0.93,4.2,1.73,NORMAL_STABLE,UNRESTRICTED_TRANSIT
HYD-BR-03-20260407,BR-03,Bhupen Hazarika Setu (Dhola-Sadiya),Lohit,Assam / AP,2026-04-07T00:00:00,125.24,131.2,132.5,11561.0,1.43,0.89,4.2,3.47,NORMAL_STABLE,UNRESTRICTED_TRANSIT
HYD-BR-03-20260408,BR-03,Bhupen Hazarika Setu (Dhola-Sadiya),Lohit,Assam / AP,2026-04-08T00:00:00,128.59,131.2,132.5,8984.0,0.83,1.2,4.2,4.14,NORMAL_STABLE,UNRESTRICTED_TRANSIT
HYD-BR-03-20260409,BR-03,Bhupen Hazarika Setu (Dhola-Sadiya),Lohit,Assam / AP,2026-04-09T00:00:00,127.04,131.2,132.5,9176.0,1.45,1.13,4.2,3.76,NORMAL_STABLE,UNRESTRICTED_TRANSIT
HYD-BR-03-20260410,BR-03,Bhupen Hazarika Setu (Dhola-Sadiya),Lohit,Assam / AP,2026-04-10T00:00:00,126.78,131.2,132.5,8767.0,1.9,0.96,4.2,1.73,NORMAL_STABLE,UNRESTRICTED_TRANSIT
HYD-BR-03-20260411,BR-03,Bhupen Hazarika Setu (Dhola-Sadiya),Lohit,Assam / AP,2026-04-11T00:00:00,125.95,131.2,132.5,13944.0,1.19,1.01,4.2,2.87,NORMAL_STABLE,UNRESTRICTED_TRANSIT
HYD-BR-03-20260412,BR-03,Bhupen Hazarika Setu (Dhola-Sadiya),Lohit,Assam / AP,2026-04-12T00:00:00,125.55,131.2,132.5,9886.0,1.2,0.66,4.2,2.77,NORMAL_STABLE,UNRESTRICTED_TRANSIT
HYD-BR-03-20260413,BR-03,Bhupen Hazarika Setu (Dhola-Sadiya),Lohit,Assam / AP,2026-04-13T00:00:00,128.25,131.2,132.5,10472.0,2.02,1.03,4.2,3.48,NORMAL_STABLE,UNRESTRICTED_TRANSIT
HYD-BR-03-20260414,BR-03,Bhupen Hazarika Setu (Dhola-Sadiya),Lohit,Assam / AP,2026-04-14T00:00:00,126.74,131.2,132.5,8667.0,1.07,1.33,4.2,3.97,NORMAL_STABLE,UNRESTRICTED_TRANSIT
HYD-BR-03-20260415,BR-03,Bhupen Hazarika Setu (Dhola-Sadiya),Lohit,Assam / AP,2026-04-15T00:00:00,128.43,131.2,132.5,5242.0,1.07,1.24,4.2,4.17,NORMAL_STABLE,UNRESTRICTED_TRANSIT
HYD-BR-03-20260416,BR-03,Bhupen Hazarika Setu (Dhola-Sadiya),Lohit,Assam / AP,2026-04-16T00:00:00,128.69,131.2,132.5,4535.0,1.43,1.49,4.2,2.04,NORMAL_STABLE,UNRESTRICTED_TRANSIT
HYD-BR-03-20260417,BR-03,Bhupen Hazarika Setu (Dhola-Sadiya),Lohit,Assam / AP,2026-04-17T00:00:00,125.33,131.2,132.5,11224.0,0.89,0.9,4.2,1.57,NORMAL_STABLE,UNRESTRICTED_TRANSIT
HYD-BR-03-20260418,BR-03,Bhupen Hazarika Setu (Dhola-Sadiya),Lohit,Assam / AP,2026-04-18T00:00:00,128.47,131.2,132.5,11664.0,0.85,1.13,4.2,3.34,NORMAL_STABLE,UNRESTRICTED_TRANSIT
HYD-BR-03-20260419,BR-03,Bhupen Hazarika Setu (Dhola-Sadiya),Lohit,Assam / AP,2026-04-19T00:00:00,126.42,131.2,132.5,8808.0,1.19,0.71,4.2,2.26,NORMAL_STABLE,UNRESTRICTED_TRANSIT
HYD-BR-03-20260420,BR-03,Bhupen Hazarika Setu (Dhola-Sadiya),Lohit,Assam / AP,2026-04-20T00:00:00,126.45,131.2,132.5,11997.0,0.92,0.3,4.2,3.32,NORMAL_STABLE,UNRESTRICTED_TRANSIT
HYD-BR-03-20260421,BR-03,Bhupen Hazarika Setu (Dhola-Sadiya),Lohit,Assam / AP,2026-04-21T00:00:00,126.12,131.2,132.5,8957.0,1.95,0.85,4.2,2.01,NORMAL_STABLE,UNRESTRICTED_TRANSIT
HYD-BR-03-20260422,BR-03,Bhupen Hazarika Setu (Dhola-Sadiya),Lohit,Assam / AP,2026-04-22T00:00:00,127.16,131.2,132.5,4822.0,1.46,0.9,4.2,2.19,NORMAL_STABLE,UNRESTRICTED_TRANSIT
HYD-BR-03-20260423,BR-03,Bhupen Hazarika Setu (Dhola-Sadiya),Lohit,Assam / AP,2026-04-23T00:00:00,127.45,131.2,132.5,9604.0,1.38,0.76,4.2,2.61,NORMAL_STABLE,UNRESTRICTED_TRANSIT
HYD-BR-03-20260424,BR-03,Bhupen Hazarika Setu (Dhola-Sadiya),Lohit,Assam / AP,2026-04-24T00:00:00,125.3,131.2,132.5,5063.0,1.01,0.6,4.2,2.8,NORMAL_STABLE,UNRESTRICTED_TRANSIT
HYD-BR-03-20260425,BR-03,Bhupen Hazarika Setu (Dhola-Sadiya),Lohit,Assam / AP,2026-04-25T00:00:00,126.93,131.2,132.5,5927.0,2.16,1.47,4.2,3.64,NORMAL_STABLE,UNRESTRICTED_TRANSIT
HYD-BR-03-20260426,BR-03,Bhupen Hazarika Setu (Dhola-Sadiya),Lohit,Assam / AP,2026-04-26T00:00:00,127.92,131.2,132.5,13775.0,2.06,1.06,4.2,2.96,NORMAL_STABLE,UNRESTRICTED_TRANSIT
HYD-BR-03-20260427,BR-03,Bhupen Hazarika Setu (Dhola-Sadiya),Lohit,Assam / AP,2026-04-27T00:00:00,128.04,131.2,132.5,5348.0,1.79,0.53,4.2,3.8,NORMAL_STABLE,UNRESTRICTED_TRANSIT
HYD-BR-03-20260428,BR-03,Bhupen Hazarika Setu (Dhola-Sadiya),Lohit,Assam / AP,2026-04-28T00:00:00,127.26,131.2,132.5,6135.0,1.76,0.59,4.2,1.85,NORMAL_STABLE,UNRESTRICTED_TRANSIT
HYD-BR-03-20260429,BR-03,Bhupen Hazarika Setu (Dhola-Sadiya),Lohit,Assam / AP,2026-04-29T00:00:00,128.26,131.2,132.5,13489.0,1.8,0.5,4.2,3.72,NORMAL_STABLE,UNRESTRICTED_TRANSIT
HYD-BR-03-20260430,BR-03,Bhupen Hazarika Setu (Dhola-Sadiya),Lohit,Assam / AP,2026-04-30T00:00:00,125.74,131.2,132.5,6808.0,1.26,0.8,4.2,3.5,NORMAL_STABLE,UNRESTRICTED_TRANSIT
HYD-BR-03-20260501,BR-03,Bhupen Hazarika Setu (Dhola-Sadiya),Lohit,Assam / AP,2026-05-01T00:00:00,125.65,131.2,132.5,7448.0,0.84,0.44,4.2,4.03,NORMAL_STABLE,UNRESTRICTED_TRANSIT
HYD-BR-03-20260502,BR-03,Bhupen Hazarika Setu (Dhola-Sadiya),Lohit,Assam / AP,2026-05-02T00:00:00,125.82,131.2,132.5,6228.0,1.14,0.85,4.2,3.94,NORMAL_STABLE,UNRESTRICTED_TRANSIT
HYD-BR-03-20260503,BR-03,Bhupen Hazarika Setu (Dhola-Sadiya),Lohit,Assam / AP,2026-05-03T00:00:00,127.46,131.2,132.5,9793.0,1.46,0.57,4.2,3.21,NORMAL_STABLE,UNRESTRICTED_TRANSIT
HYD-BR-03-20260504,BR-03,Bhupen Hazarika Setu (Dhola-Sadiya),Lohit,Assam / AP,2026-05-04T00:00:00,127.45,131.2,132.5,10646.0,1.96,0.63,4.2,4.02,NORMAL_STABLE,UNRESTRICTED_TRANSIT
HYD-BR-03-20260505,BR-03,Bhupen Hazarika Setu (Dhola-Sadiya),Lohit,Assam / AP,2026-05-05T00:00:00,126.15,131.2,132.5,8978.0,2.01,0.53,4.2,2.75,NORMAL_STABLE,UNRESTRICTED_TRANSIT
HYD-BR-03-20260506,BR-03,Bhupen Hazarika Setu (Dhola-Sadiya),Lohit,Assam / AP,2026-05-06T00:00:00,126.39,131.2,132.5,4515.0,1.57,0.92,4.2,1.52,NORMAL_STABLE,UNRESTRICTED_TRANSIT
HYD-BR-03-20260507,BR-03,Bhupen Hazarika Setu (Dhola-Sadiya),Lohit,Assam / AP,2026-05-07T00:00:00,127.9,131.2,132.5,4765.0,1.74,1.17,4.2,1.86,NORMAL_STABLE,UNRESTRICTED_TRANSIT
HYD-BR-03-20260508,BR-03,Bhupen Hazarika Setu (Dhola-Sadiya),Lohit,Assam / AP,2026-05-08T00:00:00,125.87,131.2,132.5,3215.0,1.64,1.21,4.2,2.92,NORMAL_STABLE,UNRESTRICTED_TRANSIT
HYD-BR-03-20260509,BR-03,Bhupen Hazarika Setu (Dhola-Sadiya),Lohit,Assam / AP,2026-05-09T00:00:00,127.74,131.2,132.5,6471.0,0.92,1.42,4.2,2.4,NORMAL_STABLE,UNRESTRICTED_TRANSIT
HYD-BR-03-20260510,BR-03,Bhupen Hazarika Setu (Dhola-Sadiya),Lohit,Assam / AP,2026-05-10T00:00:00,125.63,131.2,132.5,11652.0,0.98,0.85,4.2,3.06,NORMAL_STABLE,UNRESTRICTED_TRANSIT
HYD-BR-03-20260511,BR-03,Bhupen Hazarika Setu (Dhola-Sadiya),Lohit,Assam / AP,2026-05-11T00:00:00,126.93,131.2,132.5,8935.0,0.82,1.44,4.2,2.44,NORMAL_STABLE,UNRESTRICTED_TRANSIT
HYD-BR-03-20260512,BR-03,Bhupen Hazarika Setu (Dhola-Sadiya),Lohit,Assam / AP,2026-05-12T00:00:00,126.62,131.2,132.5,9366.0,2.2,0.58,4.2,3.9,NORMAL_STABLE,UNRESTRICTED_TRANSIT
HYD-BR-03-20260513,BR-03,Bhupen Hazarika Setu (Dhola-Sadiya),Lohit,Assam / AP,2026-05-13T00:00:00,128.24,131.2,132.5,8583.0,1.71,0.37,4.2,3.36,NORMAL_STABLE,UNRESTRICTED_TRANSIT
HYD-BR-03-20260514,BR-03,Bhupen Hazarika Setu (Dhola-Sadiya),Lohit,Assam / AP,2026-05-14T00:00:00,126.02,131.2,132.5,6578.0,2.04,0.59,4.2,1.76,NORMAL_STABLE,UNRESTRICTED_TRANSIT
HYD-BR-03-20260515,BR-03,Bhupen Hazarika Setu (Dhola-Sadiya),Lohit,Assam / AP,2026-05-15T00:00:00,128.45,131.2,132.5,6003.0,1.46,1.23,4.2,2.54,NORMAL_STABLE,UNRESTRICTED_TRANSIT
HYD-BR-03-20260516,BR-03,Bhupen Hazarika Setu (Dhola-Sadiya),Lohit,Assam / AP,2026-05-16T00:00:00,128.63,131.2,132.5,3083.0,0.95,1.24,4.2,1.92,NORMAL_STABLE,UNRESTRICTED_TRANSIT
HYD-BR-03-20260517,BR-03,Bhupen Hazarika Setu (Dhola-Sadiya),Lohit,Assam / AP,2026-05-17T00:00:00,126.0,131.2,132.5,7667.0,2.0,1.37,4.2,2.61,NORMAL_STABLE,UNRESTRICTED_TRANSIT
HYD-BR-03-20260518,BR-03,Bhupen Hazarika Setu (Dhola-Sadiya),Lohit,Assam / AP,2026-05-18T00:00:00,126.13,131.2,132.5,12573.0,1.55,0.61,4.2,3.5,NORMAL_STABLE,UNRESTRICTED_TRANSIT
HYD-BR-03-20260519,BR-03,Bhupen Hazarika Setu (Dhola-Sadiya),Lohit,Assam / AP,2026-05-19T00:00:00,127.28,131.2,132.5,4445.0,1.14,0.95,4.2,2.81,NORMAL_STABLE,UNRESTRICTED_TRANSIT
HYD-BR-03-20260520,BR-03,Bhupen Hazarika Setu (Dhola-Sadiya),Lohit,Assam / AP,2026-05-20T00:00:00,127.05,131.2,132.5,13015.0,1.92,1.0,4.2,1.99,NORMAL_STABLE,UNRESTRICTED_TRANSIT
HYD-BR-03-20260521,BR-03,Bhupen Hazarika Setu (Dhola-Sadiya),Lohit,Assam / AP,2026-05-21T00:00:00,127.34,131.2,132.5,4074.0,1.09,1.33,4.2,2.8,NORMAL_STABLE,UNRESTRICTED_TRANSIT
HYD-BR-03-20260522,BR-03,Bhupen Hazarika Setu (Dhola-Sadiya),Lohit,Assam / AP,2026-05-22T00:00:00,126.28,131.2,132.5,13432.0,1.32,1.01,4.2,3.49,NORMAL_STABLE,UNRESTRICTED_TRANSIT
HYD-BR-03-20260523,BR-03,Bhupen Hazarika Setu (Dhola-Sadiya),Lohit,Assam / AP,2026-05-23T00:00:00,125.52,131.2,132.5,4095.0,1.14,1.02,4.2,1.97,NORMAL_STABLE,UNRESTRICTED_TRANSIT
HYD-BR-03-20260524,BR-03,Bhupen Hazarika Setu (Dhola-Sadiya),Lohit,Assam / AP,2026-05-24T00:00:00,126.15,131.2,132.5,8829.0,1.65,0.78,4.2,2.89,NORMAL_STABLE,UNRESTRICTED_TRANSIT
HYD-BR-03-20260525,BR-03,Bhupen Hazarika Setu (Dhola-Sadiya),Lohit,Assam / AP,2026-05-25T00:00:00,126.15,131.2,132.5,12281.0,1.18,1.18,4.2,2.97,NORMAL_STABLE,UNRESTRICTED_TRANSIT
HYD-BR-03-20260526,BR-03,Bhupen Hazarika Setu (Dhola-Sadiya),Lohit,Assam / AP,2026-05-26T00:00:00,126.59,131.2,132.5,9738.0,1.3,0.57,4.2,1.71,NORMAL_STABLE,UNRESTRICTED_TRANSIT
HYD-BR-03-20260527,BR-03,Bhupen Hazarika Setu (Dhola-Sadiya),Lohit,Assam / AP,2026-05-27T00:00:00,125.37,131.2,132.5,9065.0,2.19,0.32,4.2,2.84,NORMAL_STABLE,UNRESTRICTED_TRANSIT
HYD-BR-03-20260528,BR-03,Bhupen Hazarika Setu (Dhola-Sadiya),Lohit,Assam / AP,2026-05-28T00:00:00,126.88,131.2,132.5,11370.0,1.25,0.66,4.2,1.51,NORMAL_STABLE,UNRESTRICTED_TRANSIT
HYD-BR-03-20260529,BR-03,Bhupen Hazarika Setu (Dhola-Sadiya),Lohit,Assam / AP,2026-05-29T00:00:00,125.46,131.2,132.5,6067.0,1.97,1.22,4.2,3.47,NORMAL_STABLE,UNRESTRICTED_TRANSIT
HYD-BR-03-20260530,BR-03,Bhupen Hazarika Setu (Dhola-Sadiya),Lohit,Assam / AP,2026-05-30T00:00:00,126.38,131.2,132.5,10809.0,0.88,0.56,4.2,3.74,NORMAL_STABLE,UNRESTRICTED_TRANSIT
HYD-BR-03-20260531,BR-03,Bhupen Hazarika Setu (Dhola-Sadiya),Lohit,Assam / AP,2026-05-31T00:00:00,126.92,131.2,132.5,4805.0,1.57,0.46,4.2,2.23,NORMAL_STABLE,UNRESTRICTED_TRANSIT
HYD-BR-04-20250601,BR-04,Kolia Bhomora Setu (Tezpur-Silghat),Brahmaputra,Assam,2025-06-01T00:00:00,62.56,64.0,65.23,40303.0,5.89,2.27,4.2,12.79,MODERATE_SCOUR,CAUTION_NO_OVERWEIGHT_FREIGHT
HYD-BR-04-20250602,BR-04,Kolia Bhomora Setu (Tezpur-Silghat),Brahmaputra,Assam,2025-06-02T00:00:00,65.4,64.0,65.23,42965.0,4.45,1.31,4.2,8.75,CRITICAL_PIER_EROSION,CLOSED_EMERGENCY_DIVERSION
HYD-BR-04-20250603,BR-04,Kolia Bhomora Setu (Tezpur-Silghat),Brahmaputra,Assam,2025-06-03T00:00:00,63.17,64.0,65.23,27996.0,5.34,2.37,4.2,8.56,MODERATE_SCOUR,CAUTION_NO_OVERWEIGHT_FREIGHT
HYD-BR-04-20250604,BR-04,Kolia Bhomora Setu (Tezpur-Silghat),Brahmaputra,Assam,2025-06-04T00:00:00,63.13,64.0,65.23,46194.0,3.05,3.94,4.2,8.93,HIGH_STRESS_MONITORING,SPEED_LIMIT_15KMH_SINGLE_CONVOY
HYD-BR-04-20250605,BR-04,Kolia Bhomora Setu (Tezpur-Silghat),Brahmaputra,Assam,2025-06-05T00:00:00,62.51,64.0,65.23,49187.0,3.45,3.0,4.2,4.72,HIGH_STRESS_MONITORING,SPEED_LIMIT_15KMH_SINGLE_CONVOY
HYD-BR-04-20250606,BR-04,Kolia Bhomora Setu (Tezpur-Silghat),Brahmaputra,Assam,2025-06-06T00:00:00,63.41,64.0,65.23,33989.0,3.66,4.66,4.2,12.64,CRITICAL_PIER_EROSION,CLOSED_EMERGENCY_DIVERSION
HYD-BR-04-20250607,BR-04,Kolia Bhomora Setu (Tezpur-Silghat),Brahmaputra,Assam,2025-06-07T00:00:00,64.38,64.0,65.23,48520.0,5.45,1.36,4.2,5.72,HIGH_STRESS_MONITORING,SPEED_LIMIT_15KMH_SINGLE_CONVOY
HYD-BR-04-20250608,BR-04,Kolia Bhomora Setu (Tezpur-Silghat),Brahmaputra,Assam,2025-06-08T00:00:00,65.47,64.0,65.23,34942.0,2.53,2.52,4.2,5.95,CRITICAL_PIER_EROSION,CLOSED_EMERGENCY_DIVERSION
HYD-BR-04-20250609,BR-04,Kolia Bhomora Setu (Tezpur-Silghat),Brahmaputra,Assam,2025-06-09T00:00:00,63.66,64.0,65.23,38911.0,4.38,2.56,4.2,7.84,MODERATE_SCOUR,CAUTION_NO_OVERWEIGHT_FREIGHT
HYD-BR-04-20250610,BR-04,Kolia Bhomora Setu (Tezpur-Silghat),Brahmaputra,Assam,2025-06-10T00:00:00,63.17,64.0,65.23,39650.0,5.87,2.05,4.2,9.23,MODERATE_SCOUR,CAUTION_NO_OVERWEIGHT_FREIGHT
HYD-BR-04-20250611,BR-04,Kolia Bhomora Setu (Tezpur-Silghat),Brahmaputra,Assam,2025-06-11T00:00:00,62.91,64.0,65.23,57788.0,4.99,2.3,4.2,8.51,MODERATE_SCOUR,CAUTION_NO_OVERWEIGHT_FREIGHT
HYD-BR-04-20250612,BR-04,Kolia Bhomora Setu (Tezpur-Silghat),Brahmaputra,Assam,2025-06-12T00:00:00,63.58,64.0,65.23,51514.0,3.48,1.87,4.2,6.09,NORMAL_STABLE,UNRESTRICTED_TRANSIT
HYD-BR-04-20250613,BR-04,Kolia Bhomora Setu (Tezpur-Silghat),Brahmaputra,Assam,2025-06-13T00:00:00,66.02,64.0,65.23,16067.0,3.09,4.43,4.2,6.15,CRITICAL_PIER_EROSION,CLOSED_EMERGENCY_DIVERSION
HYD-BR-04-20250614,BR-04,Kolia Bhomora Setu (Tezpur-Silghat),Brahmaputra,Assam,2025-06-14T00:00:00,62.94,64.0,65.23,28881.0,5.82,1.98,4.2,4.6,NORMAL_STABLE,UNRESTRICTED_TRANSIT
HYD-BR-04-20250615,BR-04,Kolia Bhomora Setu (Tezpur-Silghat),Brahmaputra,Assam,2025-06-15T00:00:00,63.57,64.0,65.23,53935.0,2.54,3.93,4.2,12.54,HIGH_STRESS_MONITORING,SPEED_LIMIT_15KMH_SINGLE_CONVOY
HYD-BR-04-20250616,BR-04,Kolia Bhomora Setu (Tezpur-Silghat),Brahmaputra,Assam,2025-06-16T00:00:00,63.31,64.0,65.23,51566.0,3.15,2.15,4.2,12.61,MODERATE_SCOUR,CAUTION_NO_OVERWEIGHT_FREIGHT
HYD-BR-04-20250617,BR-04,Kolia Bhomora Setu (Tezpur-Silghat),Brahmaputra,Assam,2025-06-17T00:00:00,62.61,64.0,65.23,48621.0,5.17,2.32,4.2,7.78,MODERATE_SCOUR,CAUTION_NO_OVERWEIGHT_FREIGHT
HYD-BR-04-20250618,BR-04,Kolia Bhomora Setu (Tezpur-Silghat),Brahmaputra,Assam,2025-06-18T00:00:00,65.48,64.0,65.23,57772.0,2.8,3.74,4.2,9.22,CRITICAL_PIER_EROSION,CLOSED_EMERGENCY_DIVERSION
HYD-BR-04-20250619,BR-04,Kolia Bhomora Setu (Tezpur-Silghat),Brahmaputra,Assam,2025-06-19T00:00:00,62.88,64.0,65.23,52470.0,2.75,1.73,4.2,4.92,NORMAL_STABLE,UNRESTRICTED_TRANSIT
HYD-BR-04-20250620,BR-04,Kolia Bhomora Setu (Tezpur-Silghat),Brahmaputra,Assam,2025-06-20T00:00:00,64.47,64.0,65.23,44906.0,4.39,3.6,4.2,5.58,HIGH_STRESS_MONITORING,SPEED_LIMIT_15KMH_SINGLE_CONVOY
HYD-BR-04-20250621,BR-04,Kolia Bhomora Setu (Tezpur-Silghat),Brahmaputra,Assam,2025-06-21T00:00:00,65.0,64.0,65.23,62256.0,3.02,4.26,4.2,6.88,CRITICAL_PIER_EROSION,CLOSED_EMERGENCY_DIVERSION
HYD-BR-04-20250622,BR-04,Kolia Bhomora Setu (Tezpur-Silghat),Brahmaputra,Assam,2025-06-22T00:00:00,65.99,64.0,65.23,17560.0,4.34,3.89,4.2,10.69,CRITICAL_PIER_EROSION,CLOSED_EMERGENCY_DIVERSION
HYD-BR-04-20250623,BR-04,Kolia Bhomora Setu (Tezpur-Silghat),Brahmaputra,Assam,2025-06-23T00:00:00,65.68,64.0,65.23,47045.0,5.98,4.28,4.2,10.22,CRITICAL_PIER_EROSION,CLOSED_EMERGENCY_DIVERSION
HYD-BR-04-20250624,BR-04,Kolia Bhomora Setu (Tezpur-Silghat),Brahmaputra,Assam,2025-06-24T00:00:00,63.75,64.0,65.23,61206.0,3.31,4.24,4.2,6.48,CRITICAL_PIER_EROSION,CLOSED_EMERGENCY_DIVERSION
HYD-BR-04-20250625,BR-04,Kolia Bhomora Setu (Tezpur-Silghat),Brahmaputra,Assam,2025-06-25T00:00:00,62.64,64.0,65.23,25944.0,4.26,2.85,4.2,6.8,MODERATE_SCOUR,CAUTION_NO_OVERWEIGHT_FREIGHT
HYD-BR-04-20250626,BR-04,Kolia Bhomora Setu (Tezpur-Silghat),Brahmaputra,Assam,2025-06-26T00:00:00,64.57,64.0,65.23,51242.0,3.31,3.17,4.2,10.45,HIGH_STRESS_MONITORING,SPEED_LIMIT_15KMH_SINGLE_CONVOY
HYD-BR-04-20250627,BR-04,Kolia Bhomora Setu (Tezpur-Silghat),Brahmaputra,Assam,2025-06-27T00:00:00,64.03,64.0,65.23,41150.0,3.38,3.79,4.2,8.86,HIGH_STRESS_MONITORING,SPEED_LIMIT_15KMH_SINGLE_CONVOY
HYD-BR-04-20250628,BR-04,Kolia Bhomora Setu (Tezpur-Silghat),Brahmaputra,Assam,2025-06-28T00:00:00,64.47,64.0,65.23,43881.0,5.67,1.73,4.2,6.68,HIGH_STRESS_MONITORING,SPEED_LIMIT_15KMH_SINGLE_CONVOY
HYD-BR-04-20250629,BR-04,Kolia Bhomora Setu (Tezpur-Silghat),Brahmaputra,Assam,2025-06-29T00:00:00,64.14,64.0,65.23,39881.0,4.09,4.48,4.2,6.54,CRITICAL_PIER_EROSION,CLOSED_EMERGENCY_DIVERSION
HYD-BR-04-20250630,BR-04,Kolia Bhomora Setu (Tezpur-Silghat),Brahmaputra,Assam,2025-06-30T00:00:00,65.89,64.0,65.23,42489.0,3.11,3.23,4.2,12.16,CRITICAL_PIER_EROSION,CLOSED_EMERGENCY_DIVERSION
HYD-BR-04-20250701,BR-04,Kolia Bhomora Setu (Tezpur-Silghat),Brahmaputra,Assam,2025-07-01T00:00:00,64.66,64.0,65.23,41971.0,2.72,3.66,4.2,8.5,HIGH_STRESS_MONITORING,SPEED_LIMIT_15KMH_SINGLE_CONVOY
HYD-BR-04-20250702,BR-04,Kolia Bhomora Setu (Tezpur-Silghat),Brahmaputra,Assam,2025-07-02T00:00:00,64.83,64.0,65.23,33081.0,4.01,3.01,4.2,11.27,HIGH_STRESS_MONITORING,SPEED_LIMIT_15KMH_SINGLE_CONVOY
HYD-BR-04-20250703,BR-04,Kolia Bhomora Setu (Tezpur-Silghat),Brahmaputra,Assam,2025-07-03T00:00:00,62.61,64.0,65.23,35651.0,4.31,1.28,4.2,9.27,NORMAL_STABLE,UNRESTRICTED_TRANSIT
HYD-BR-04-20250704,BR-04,Kolia Bhomora Setu (Tezpur-Silghat),Brahmaputra,Assam,2025-07-04T00:00:00,62.51,64.0,65.23,45630.0,2.58,1.86,4.2,4.8,NORMAL_STABLE,UNRESTRICTED_TRANSIT
HYD-BR-04-20250705,BR-04,Kolia Bhomora Setu (Tezpur-Silghat),Brahmaputra,Assam,2025-07-05T00:00:00,64.48,64.0,65.23,53223.0,3.72,4.03,4.2,11.9,HIGH_STRESS_MONITORING,SPEED_LIMIT_15KMH_SINGLE_CONVOY
HYD-BR-04-20250706,BR-04,Kolia Bhomora Setu (Tezpur-Silghat),Brahmaputra,Assam,2025-07-06T00:00:00,64.53,64.0,65.23,28184.0,4.75,4.15,4.2,6.59,HIGH_STRESS_MONITORING,SPEED_LIMIT_15KMH_SINGLE_CONVOY
HYD-BR-04-20250707,BR-04,Kolia Bhomora Setu (Tezpur-Silghat),Brahmaputra,Assam,2025-07-07T00:00:00,64.08,64.0,65.23,60390.0,3.3,3.69,4.2,9.97,HIGH_STRESS_MONITORING,SPEED_LIMIT_15KMH_SINGLE_CONVOY
HYD-BR-04-20250708,BR-04,Kolia Bhomora Setu (Tezpur-Silghat),Brahmaputra,Assam,2025-07-08T00:00:00,63.19,64.0,65.23,50042.0,3.1,3.64,4.2,12.14,HIGH_STRESS_MONITORING,SPEED_LIMIT_15KMH_SINGLE_CONVOY
HYD-BR-04-20250709,BR-04,Kolia Bhomora Setu (Tezpur-Silghat),Brahmaputra,Assam,2025-07-09T00:00:00,66.12,64.0,65.23,55747.0,5.0,2.66,4.2,4.75,CRITICAL_PIER_EROSION,CLOSED_EMERGENCY_DIVERSION
HYD-BR-04-20250710,BR-04,Kolia Bhomora Setu (Tezpur-Silghat),Brahmaputra,Assam,2025-07-10T00:00:00,63.86,64.0,65.23,25961.0,2.62,1.48,4.2,5.02,NORMAL_STABLE,UNRESTRICTED_TRANSIT
HYD-BR-04-20250711,BR-04,Kolia Bhomora Setu (Tezpur-Silghat),Brahmaputra,Assam,2025-07-11T00:00:00,63.26,64.0,65.23,61012.0,4.38,2.09,4.2,9.48,MODERATE_SCOUR,CAUTION_NO_OVERWEIGHT_FREIGHT
HYD-BR-04-20250712,BR-04,Kolia Bhomora Setu (Tezpur-Silghat),Brahmaputra,Assam,2025-07-12T00:00:00,64.68,64.0,65.23,27461.0,3.04,2.24,4.2,7.38,HIGH_STRESS_MONITORING,SPEED_LIMIT_15KMH_SINGLE_CONVOY
HYD-BR-04-20250713,BR-04,Kolia Bhomora Setu (Tezpur-Silghat),Brahmaputra,Assam,2025-07-13T00:00:00,62.64,64.0,65.23,38530.0,3.67,3.86,4.2,7.0,HIGH_STRESS_MONITORING,SPEED_LIMIT_15KMH_SINGLE_CONVOY
HYD-BR-04-20250714,BR-04,Kolia Bhomora Setu (Tezpur-Silghat),Brahmaputra,Assam,2025-07-14T00:00:00,64.45,64.0,65.23,26835.0,4.33,4.16,4.2,5.99,HIGH_STRESS_MONITORING,SPEED_LIMIT_15KMH_SINGLE_CONVOY
HYD-BR-04-20250715,BR-04,Kolia Bhomora Setu (Tezpur-Silghat),Brahmaputra,Assam,2025-07-15T00:00:00,64.19,64.0,65.23,19138.0,2.57,2.09,4.2,4.85,HIGH_STRESS_MONITORING,SPEED_LIMIT_15KMH_SINGLE_CONVOY
HYD-BR-04-20250716,BR-04,Kolia Bhomora Setu (Tezpur-Silghat),Brahmaputra,Assam,2025-07-16T00:00:00,65.47,64.0,65.23,63608.0,3.0,4.72,4.2,5.88,CRITICAL_PIER_EROSION,CLOSED_EMERGENCY_DIVERSION
HYD-BR-04-20250717,BR-04,Kolia Bhomora Setu (Tezpur-Silghat),Brahmaputra,Assam,2025-07-17T00:00:00,64.65,64.0,65.23,21980.0,3.4,4.24,4.2,12.08,CRITICAL_PIER_EROSION,CLOSED_EMERGENCY_DIVERSION
HYD-BR-04-20250718,BR-04,Kolia Bhomora Setu (Tezpur-Silghat),Brahmaputra,Assam,2025-07-18T00:00:00,66.07,64.0,65.23,34452.0,5.76,3.0,4.2,12.14,CRITICAL_PIER_EROSION,CLOSED_EMERGENCY_DIVERSION
HYD-BR-04-20250719,BR-04,Kolia Bhomora Setu (Tezpur-Silghat),Brahmaputra,Assam,2025-07-19T00:00:00,63.43,64.0,65.23,38229.0,5.07,2.06,4.2,11.52,MODERATE_SCOUR,CAUTION_NO_OVERWEIGHT_FREIGHT
HYD-BR-04-20250720,BR-04,Kolia Bhomora Setu (Tezpur-Silghat),Brahmaputra,Assam,2025-07-20T00:00:00,63.1,64.0,65.23,59562.0,6.02,1.25,4.2,5.08,NORMAL_STABLE,UNRESTRICTED_TRANSIT
HYD-BR-04-20250721,BR-04,Kolia Bhomora Setu (Tezpur-Silghat),Brahmaputra,Assam,2025-07-21T00:00:00,63.3,64.0,65.23,43150.0,4.69,4.07,4.2,6.82,HIGH_STRESS_MONITORING,SPEED_LIMIT_15KMH_SINGLE_CONVOY
HYD-BR-04-20250722,BR-04,Kolia Bhomora Setu (Tezpur-Silghat),Brahmaputra,Assam,2025-07-22T00:00:00,62.78,64.0,65.23,28987.0,3.16,2.86,4.2,12.02,MODERATE_SCOUR,CAUTION_NO_OVERWEIGHT_FREIGHT
HYD-BR-04-20250723,BR-04,Kolia Bhomora Setu (Tezpur-Silghat),Brahmaputra,Assam,2025-07-23T00:00:00,63.29,64.0,65.23,48205.0,3.87,4.14,4.2,4.58,HIGH_STRESS_MONITORING,SPEED_LIMIT_15KMH_SINGLE_CONVOY
HYD-BR-04-20250724,BR-04,Kolia Bhomora Setu (Tezpur-Silghat),Brahmaputra,Assam,2025-07-24T00:00:00,65.36,64.0,65.23,60676.0,2.95,4.35,4.2,5.19,CRITICAL_PIER_EROSION,CLOSED_EMERGENCY_DIVERSION
HYD-BR-04-20250725,BR-04,Kolia Bhomora Setu (Tezpur-Silghat),Brahmaputra,Assam,2025-07-25T00:00:00,63.12,64.0,65.23,49874.0,5.61,3.5,4.2,9.49,HIGH_STRESS_MONITORING,SPEED_LIMIT_15KMH_SINGLE_CONVOY
HYD-BR-04-20250726,BR-04,Kolia Bhomora Setu (Tezpur-Silghat),Brahmaputra,Assam,2025-07-26T00:00:00,64.6,64.0,65.23,43933.0,5.95,3.79,4.2,12.45,HIGH_STRESS_MONITORING,SPEED_LIMIT_15KMH_SINGLE_CONVOY
HYD-BR-04-20250727,BR-04,Kolia Bhomora Setu (Tezpur-Silghat),Brahmaputra,Assam,2025-07-27T00:00:00,64.23,64.0,65.23,41222.0,3.78,2.19,4.2,7.2,HIGH_STRESS_MONITORING,SPEED_LIMIT_15KMH_SINGLE_CONVOY
HYD-BR-04-20250728,BR-04,Kolia Bhomora Setu (Tezpur-Silghat),Brahmaputra,Assam,2025-07-28T00:00:00,65.34,64.0,65.23,56810.0,5.77,2.44,4.2,5.67,CRITICAL_PIER_EROSION,CLOSED_EMERGENCY_DIVERSION
HYD-BR-04-20250729,BR-04,Kolia Bhomora Setu (Tezpur-Silghat),Brahmaputra,Assam,2025-07-29T00:00:00,64.01,64.0,65.23,62922.0,5.83,4.46,4.2,10.01,CRITICAL_PIER_EROSION,CLOSED_EMERGENCY_DIVERSION
HYD-BR-04-20250730,BR-04,Kolia Bhomora Setu (Tezpur-Silghat),Brahmaputra,Assam,2025-07-30T00:00:00,64.1,64.0,65.23,17055.0,4.98,2.88,4.2,11.36,HIGH_STRESS_MONITORING,SPEED_LIMIT_15KMH_SINGLE_CONVOY
HYD-BR-04-20250731,BR-04,Kolia Bhomora Setu (Tezpur-Silghat),Brahmaputra,Assam,2025-07-31T00:00:00,65.72,64.0,65.23,27031.0,5.03,2.02,4.2,7.06,CRITICAL_PIER_EROSION,CLOSED_EMERGENCY_DIVERSION
HYD-BR-04-20250801,BR-04,Kolia Bhomora Setu (Tezpur-Silghat),Brahmaputra,Assam,2025-08-01T00:00:00,62.6,64.0,65.23,16561.0,2.53,3.03,4.2,6.75,HIGH_STRESS_MONITORING,SPEED_LIMIT_15KMH_SINGLE_CONVOY
HYD-BR-04-20250802,BR-04,Kolia Bhomora Setu (Tezpur-Silghat),Brahmaputra,Assam,2025-08-02T00:00:00,63.56,64.0,65.23,59919.0,6.14,3.89,4.2,6.05,HIGH_STRESS_MONITORING,SPEED_LIMIT_15KMH_SINGLE_CONVOY
HYD-BR-04-20250803,BR-04,Kolia Bhomora Setu (Tezpur-Silghat),Brahmaputra,Assam,2025-08-03T00:00:00,63.31,64.0,65.23,50384.0,4.65,4.12,4.2,9.23,HIGH_STRESS_MONITORING,SPEED_LIMIT_15KMH_SINGLE_CONVOY
HYD-BR-04-20250804,BR-04,Kolia Bhomora Setu (Tezpur-Silghat),Brahmaputra,Assam,2025-08-04T00:00:00,64.87,64.0,65.23,44403.0,4.26,3.0,4.2,11.95,HIGH_STRESS_MONITORING,SPEED_LIMIT_15KMH_SINGLE_CONVOY
HYD-BR-04-20250805,BR-04,Kolia Bhomora Setu (Tezpur-Silghat),Brahmaputra,Assam,2025-08-05T00:00:00,63.53,64.0,65.23,23593.0,5.6,2.03,4.2,12.65,MODERATE_SCOUR,CAUTION_NO_OVERWEIGHT_FREIGHT
HYD-BR-04-20250806,BR-04,Kolia Bhomora Setu (Tezpur-Silghat),Brahmaputra,Assam,2025-08-06T00:00:00,65.16,64.0,65.23,65013.0,5.25,2.03,4.2,7.08,HIGH_STRESS_MONITORING,SPEED_LIMIT_15KMH_SINGLE_CONVOY
HYD-BR-04-20250807,BR-04,Kolia Bhomora Setu (Tezpur-Silghat),Brahmaputra,Assam,2025-08-07T00:00:00,63.37,64.0,65.23,53599.0,2.88,3.04,4.2,7.82,HIGH_STRESS_MONITORING,SPEED_LIMIT_15KMH_SINGLE_CONVOY
HYD-BR-04-20250808,BR-04,Kolia Bhomora Setu (Tezpur-Silghat),Brahmaputra,Assam,2025-08-08T00:00:00,64.92,64.0,65.23,21083.0,6.08,1.62,4.2,6.56,HIGH_STRESS_MONITORING,SPEED_LIMIT_15KMH_SINGLE_CONVOY
HYD-BR-04-20250809,BR-04,Kolia Bhomora Setu (Tezpur-Silghat),Brahmaputra,Assam,2025-08-09T00:00:00,65.41,64.0,65.23,20167.0,5.73,2.3,4.2,7.36,CRITICAL_PIER_EROSION,CLOSED_EMERGENCY_DIVERSION
HYD-BR-04-20250810,BR-04,Kolia Bhomora Setu (Tezpur-Silghat),Brahmaputra,Assam,2025-08-10T00:00:00,64.61,64.0,65.23,31394.0,4.84,1.67,4.2,10.09,HIGH_STRESS_MONITORING,SPEED_LIMIT_15KMH_SINGLE_CONVOY
HYD-BR-04-20250811,BR-04,Kolia Bhomora Setu (Tezpur-Silghat),Brahmaputra,Assam,2025-08-11T00:00:00,63.8,64.0,65.23,52356.0,3.6,1.33,4.2,10.92,NORMAL_STABLE,UNRESTRICTED_TRANSIT
HYD-BR-04-20250812,BR-04,Kolia Bhomora Setu (Tezpur-Silghat),Brahmaputra,Assam,2025-08-12T00:00:00,65.52,64.0,65.23,59255.0,4.52,1.38,4.2,7.57,CRITICAL_PIER_EROSION,CLOSED_EMERGENCY_DIVERSION
HYD-BR-04-20250813,BR-04,Kolia Bhomora Setu (Tezpur-Silghat),Brahmaputra,Assam,2025-08-13T00:00:00,64.95,64.0,65.23,19484.0,5.53,4.69,4.2,12.58,CRITICAL_PIER_EROSION,CLOSED_EMERGENCY_DIVERSION
HYD-BR-04-20250814,BR-04,Kolia Bhomora Setu (Tezpur-Silghat),Brahmaputra,Assam,2025-08-14T00:00:00,62.81,64.0,65.23,55033.0,3.1,4.54,4.2,6.68,CRITICAL_PIER_EROSION,CLOSED_EMERGENCY_DIVERSION
HYD-BR-04-20250815,BR-04,Kolia Bhomora Setu (Tezpur-Silghat),Brahmaputra,Assam,2025-08-15T00:00:00,64.95,64.0,65.23,50179.0,5.64,4.37,4.2,10.81,CRITICAL_PIER_EROSION,CLOSED_EMERGENCY_DIVERSION
HYD-BR-04-20250816,BR-04,Kolia Bhomora Setu (Tezpur-Silghat),Brahmaputra,Assam,2025-08-16T00:00:00,63.31,64.0,65.23,18455.0,3.38,2.78,4.2,6.96,MODERATE_SCOUR,CAUTION_NO_OVERWEIGHT_FREIGHT
HYD-BR-04-20250817,BR-04,Kolia Bhomora Setu (Tezpur-Silghat),Brahmaputra,Assam,2025-08-17T00:00:00,66.03,64.0,65.23,47483.0,6.1,1.5,4.2,11.03,CRITICAL_PIER_EROSION,CLOSED_EMERGENCY_DIVERSION
HYD-BR-04-20250818,BR-04,Kolia Bhomora Setu (Tezpur-Silghat),Brahmaputra,Assam,2025-08-18T00:00:00,63.81,64.0,65.23,66402.0,3.09,4.12,4.2,8.71,HIGH_STRESS_MONITORING,SPEED_LIMIT_15KMH_SINGLE_CONVOY
HYD-BR-04-20250819,BR-04,Kolia Bhomora Setu (Tezpur-Silghat),Brahmaputra,Assam,2025-08-19T00:00:00,64.2,64.0,65.23,53512.0,4.11,2.72,4.2,6.11,HIGH_STRESS_MONITORING,SPEED_LIMIT_15KMH_SINGLE_CONVOY
HYD-BR-04-20250820,BR-04,Kolia Bhomora Setu (Tezpur-Silghat),Brahmaputra,Assam,2025-08-20T00:00:00,63.86,64.0,65.23,36334.0,3.64,3.82,4.2,9.28,HIGH_STRESS_MONITORING,SPEED_LIMIT_15KMH_SINGLE_CONVOY
HYD-BR-04-20250821,BR-04,Kolia Bhomora Setu (Tezpur-Silghat),Brahmaputra,Assam,2025-08-21T00:00:00,63.81,64.0,65.23,39001.0,5.14,2.39,4.2,5.23,MODERATE_SCOUR,CAUTION_NO_OVERWEIGHT_FREIGHT
HYD-BR-04-20250822,BR-04,Kolia Bhomora Setu (Tezpur-Silghat),Brahmaputra,Assam,2025-08-22T00:00:00,62.82,64.0,65.23,56737.0,3.23,4.71,4.2,4.64,CRITICAL_PIER_EROSION,CLOSED_EMERGENCY_DIVERSION
HYD-BR-04-20250823,BR-04,Kolia Bhomora Setu (Tezpur-Silghat),Brahmaputra,Assam,2025-08-23T00:00:00,62.56,64.0,65.23,60619.0,4.56,1.24,4.2,7.83,NORMAL_STABLE,UNRESTRICTED_TRANSIT
HYD-BR-04-20250824,BR-04,Kolia Bhomora Setu (Tezpur-Silghat),Brahmaputra,Assam,2025-08-24T00:00:00,63.66,64.0,65.23,30945.0,5.85,1.28,4.2,7.14,NORMAL_STABLE,UNRESTRICTED_TRANSIT
HYD-BR-04-20250825,BR-04,Kolia Bhomora Setu (Tezpur-Silghat),Brahmaputra,Assam,2025-08-25T00:00:00,64.51,64.0,65.23,52255.0,3.97,2.54,4.2,12.02,HIGH_STRESS_MONITORING,SPEED_LIMIT_15KMH_SINGLE_CONVOY
HYD-BR-04-20250826,BR-04,Kolia Bhomora Setu (Tezpur-Silghat),Brahmaputra,Assam,2025-08-26T00:00:00,63.41,64.0,65.23,41072.0,5.78,4.11,4.2,12.02,HIGH_STRESS_MONITORING,SPEED_LIMIT_15KMH_SINGLE_CONVOY
HYD-BR-04-20250827,BR-04,Kolia Bhomora Setu (Tezpur-Silghat),Brahmaputra,Assam,2025-08-27T00:00:00,65.62,64.0,65.23,22197.0,5.29,1.28,4.2,12.26,CRITICAL_PIER_EROSION,CLOSED_EMERGENCY_DIVERSION
HYD-BR-04-20250828,BR-04,Kolia Bhomora Setu (Tezpur-Silghat),Brahmaputra,Assam,2025-08-28T00:00:00,63.28,64.0,65.23,15540.0,4.41,1.77,4.2,10.03,NORMAL_STABLE,UNRESTRICTED_TRANSIT
HYD-BR-04-20250829,BR-04,Kolia Bhomora Setu (Tezpur-Silghat),Brahmaputra,Assam,2025-08-29T00:00:00,63.48,64.0,65.23,55278.0,4.72,4.65,4.2,4.64,CRITICAL_PIER_EROSION,CLOSED_EMERGENCY_DIVERSION
HYD-BR-04-20250830,BR-04,Kolia Bhomora Setu (Tezpur-Silghat),Brahmaputra,Assam,2025-08-30T00:00:00,64.88,64.0,65.23,17281.0,5.84,4.03,4.2,7.93,HIGH_STRESS_MONITORING,SPEED_LIMIT_15KMH_SINGLE_CONVOY
HYD-BR-04-20250831,BR-04,Kolia Bhomora Setu (Tezpur-Silghat),Brahmaputra,Assam,2025-08-31T00:00:00,65.93,64.0,65.23,17173.0,4.06,3.41,4.2,7.66,CRITICAL_PIER_EROSION,CLOSED_EMERGENCY_DIVERSION
HYD-BR-04-20250901,BR-04,Kolia Bhomora Setu (Tezpur-Silghat),Brahmaputra,Assam,2025-09-01T00:00:00,62.93,64.0,65.23,41722.0,2.61,2.61,4.2,5.99,MODERATE_SCOUR,CAUTION_NO_OVERWEIGHT_FREIGHT
HYD-BR-04-20250902,BR-04,Kolia Bhomora Setu (Tezpur-Silghat),Brahmaputra,Assam,2025-09-02T00:00:00,63.3,64.0,65.23,55055.0,3.02,2.14,4.2,5.88,MODERATE_SCOUR,CAUTION_NO_OVERWEIGHT_FREIGHT
HYD-BR-04-20250903,BR-04,Kolia Bhomora Setu (Tezpur-Silghat),Brahmaputra,Assam,2025-09-03T00:00:00,64.99,64.0,65.23,27091.0,5.4,2.72,4.2,9.02,HIGH_STRESS_MONITORING,SPEED_LIMIT_15KMH_SINGLE_CONVOY
HYD-BR-04-20250904,BR-04,Kolia Bhomora Setu (Tezpur-Silghat),Brahmaputra,Assam,2025-09-04T00:00:00,62.92,64.0,65.23,48148.0,5.78,1.95,4.2,12.04,NORMAL_STABLE,UNRESTRICTED_TRANSIT
HYD-BR-04-20250905,BR-04,Kolia Bhomora Setu (Tezpur-Silghat),Brahmaputra,Assam,2025-09-05T00:00:00,62.99,64.0,65.23,59011.0,3.81,1.65,4.2,11.65,NORMAL_STABLE,UNRESTRICTED_TRANSIT
HYD-BR-04-20250906,BR-04,Kolia Bhomora Setu (Tezpur-Silghat),Brahmaputra,Assam,2025-09-06T00:00:00,63.43,64.0,65.23,44896.0,3.69,4.45,4.2,10.62,CRITICAL_PIER_EROSION,CLOSED_EMERGENCY_DIVERSION
HYD-BR-04-20250907,BR-04,Kolia Bhomora Setu (Tezpur-Silghat),Brahmaputra,Assam,2025-09-07T00:00:00,64.68,64.0,65.23,34849.0,4.64,2.06,4.2,12.43,HIGH_STRESS_MONITORING,SPEED_LIMIT_15KMH_SINGLE_CONVOY
HYD-BR-04-20250908,BR-04,Kolia Bhomora Setu (Tezpur-Silghat),Brahmaputra,Assam,2025-09-08T00:00:00,62.74,64.0,65.23,50028.0,3.12,2.67,4.2,9.86,MODERATE_SCOUR,CAUTION_NO_OVERWEIGHT_FREIGHT
HYD-BR-04-20250909,BR-04,Kolia Bhomora Setu (Tezpur-Silghat),Brahmaputra,Assam,2025-09-09T00:00:00,62.92,64.0,65.23,62807.0,4.49,1.22,4.2,9.06,NORMAL_STABLE,UNRESTRICTED_TRANSIT
HYD-BR-04-20250910,BR-04,Kolia Bhomora Setu (Tezpur-Silghat),Brahmaputra,Assam,2025-09-10T00:00:00,66.01,64.0,65.23,49234.0,6.2,4.58,4.2,8.25,CRITICAL_PIER_EROSION,CLOSED_EMERGENCY_DIVERSION
HYD-BR-04-20250911,BR-04,Kolia Bhomora Setu (Tezpur-Silghat),Brahmaputra,Assam,2025-09-11T00:00:00,65.75,64.0,65.23,20205.0,5.95,2.6,4.2,4.59,CRITICAL_PIER_EROSION,CLOSED_EMERGENCY_DIVERSION
HYD-BR-04-20250912,BR-04,Kolia Bhomora Setu (Tezpur-Silghat),Brahmaputra,Assam,2025-09-12T00:00:00,66.07,64.0,65.23,30809.0,2.87,1.78,4.2,7.3,CRITICAL_PIER_EROSION,CLOSED_EMERGENCY_DIVERSION
HYD-BR-04-20250913,BR-04,Kolia Bhomora Setu (Tezpur-Silghat),Brahmaputra,Assam,2025-09-13T00:00:00,63.7,64.0,65.23,17156.0,4.78,4.18,4.2,5.84,HIGH_STRESS_MONITORING,SPEED_LIMIT_15KMH_SINGLE_CONVOY
HYD-BR-04-20250914,BR-04,Kolia Bhomora Setu (Tezpur-Silghat),Brahmaputra,Assam,2025-09-14T00:00:00,62.78,64.0,65.23,58673.0,5.59,3.85,4.2,5.25,HIGH_STRESS_MONITORING,SPEED_LIMIT_15KMH_SINGLE_CONVOY
HYD-BR-04-20250915,BR-04,Kolia Bhomora Setu (Tezpur-Silghat),Brahmaputra,Assam,2025-09-15T00:00:00,63.93,64.0,65.23,36765.0,2.58,4.73,4.2,4.73,CRITICAL_PIER_EROSION,CLOSED_EMERGENCY_DIVERSION
HYD-BR-04-20250916,BR-04,Kolia Bhomora Setu (Tezpur-Silghat),Brahmaputra,Assam,2025-09-16T00:00:00,63.2,64.0,65.23,40309.0,4.51,2.42,4.2,12.02,MODERATE_SCOUR,CAUTION_NO_OVERWEIGHT_FREIGHT
HYD-BR-04-20250917,BR-04,Kolia Bhomora Setu (Tezpur-Silghat),Brahmaputra,Assam,2025-09-17T00:00:00,62.78,64.0,65.23,35003.0,3.86,1.74,4.2,11.11,NORMAL_STABLE,UNRESTRICTED_TRANSIT
HYD-BR-04-20250918,BR-04,Kolia Bhomora Setu (Tezpur-Silghat),Brahmaputra,Assam,2025-09-18T00:00:00,65.73,64.0,65.23,43692.0,5.66,4.23,4.2,5.41,CRITICAL_PIER_EROSION,CLOSED_EMERGENCY_DIVERSION
HYD-BR-04-20250919,BR-04,Kolia Bhomora Setu (Tezpur-Silghat),Brahmaputra,Assam,2025-09-19T00:00:00,63.04,64.0,65.23,29717.0,4.08,3.14,4.2,8.66,HIGH_STRESS_MONITORING,SPEED_LIMIT_15KMH_SINGLE_CONVOY
HYD-BR-04-20250920,BR-04,Kolia Bhomora Setu (Tezpur-Silghat),Brahmaputra,Assam,2025-09-20T00:00:00,65.94,64.0,65.23,15539.0,2.71,1.81,4.2,5.61,CRITICAL_PIER_EROSION,CLOSED_EMERGENCY_DIVERSION
HYD-BR-04-20250921,BR-04,Kolia Bhomora Setu (Tezpur-Silghat),Brahmaputra,Assam,2025-09-21T00:00:00,62.7,64.0,65.23,18279.0,4.58,2.94,4.2,10.53,MODERATE_SCOUR,CAUTION_NO_OVERWEIGHT_FREIGHT
HYD-BR-04-20250922,BR-04,Kolia Bhomora Setu (Tezpur-Silghat),Brahmaputra,Assam,2025-09-22T00:00:00,65.77,64.0,65.23,49085.0,2.83,1.86,4.2,7.7,CRITICAL_PIER_EROSION,CLOSED_EMERGENCY_DIVERSION
HYD-BR-04-20250923,BR-04,Kolia Bhomora Setu (Tezpur-Silghat),Brahmaputra,Assam,2025-09-23T00:00:00,65.32,64.0,65.23,49985.0,4.27,2.68,4.2,6.46,CRITICAL_PIER_EROSION,CLOSED_EMERGENCY_DIVERSION
HYD-BR-04-20250924,BR-04,Kolia Bhomora Setu (Tezpur-Silghat),Brahmaputra,Assam,2025-09-24T00:00:00,63.49,64.0,65.23,44586.0,3.81,2.3,4.2,12.37,MODERATE_SCOUR,CAUTION_NO_OVERWEIGHT_FREIGHT
HYD-BR-04-20250925,BR-04,Kolia Bhomora Setu (Tezpur-Silghat),Brahmaputra,Assam,2025-09-25T00:00:00,62.69,64.0,65.23,57595.0,5.93,2.78,4.2,11.22,MODERATE_SCOUR,CAUTION_NO_OVERWEIGHT_FREIGHT
HYD-BR-04-20250926,BR-04,Kolia Bhomora Setu (Tezpur-Silghat),Brahmaputra,Assam,2025-09-26T00:00:00,65.87,64.0,65.23,53533.0,5.3,2.23,4.2,9.15,CRITICAL_PIER_EROSION,CLOSED_EMERGENCY_DIVERSION
HYD-BR-04-20250927,BR-04,Kolia Bhomora Setu (Tezpur-Silghat),Brahmaputra,Assam,2025-09-27T00:00:00,64.03,64.0,65.23,61999.0,5.56,3.31,4.2,6.55,HIGH_STRESS_MONITORING,SPEED_LIMIT_15KMH_SINGLE_CONVOY
HYD-BR-04-20250928,BR-04,Kolia Bhomora Setu (Tezpur-Silghat),Brahmaputra,Assam,2025-09-28T00:00:00,66.1,64.0,65.23,30362.0,2.75,1.47,4.2,12.03,CRITICAL_PIER_EROSION,CLOSED_EMERGENCY_DIVERSION
HYD-BR-04-20250929,BR-04,Kolia Bhomora Setu (Tezpur-Silghat),Brahmaputra,Assam,2025-09-29T00:00:00,63.55,64.0,65.23,35121.0,3.78,4.5,4.2,6.12,CRITICAL_PIER_EROSION,CLOSED_EMERGENCY_DIVERSION
HYD-BR-04-20250930,BR-04,Kolia Bhomora Setu (Tezpur-Silghat),Brahmaputra,Assam,2025-09-30T00:00:00,65.12,64.0,65.23,67560.0,4.83,4.21,4.2,11.93,CRITICAL_PIER_EROSION,CLOSED_EMERGENCY_DIVERSION
HYD-BR-04-20251001,BR-04,Kolia Bhomora Setu (Tezpur-Silghat),Brahmaputra,Assam,2025-10-01T00:00:00,59.71,64.0,65.23,13381.0,1.39,0.78,4.2,3.5,NORMAL_STABLE,UNRESTRICTED_TRANSIT
HYD-BR-04-20251002,BR-04,Kolia Bhomora Setu (Tezpur-Silghat),Brahmaputra,Assam,2025-10-02T00:00:00,59.08,64.0,65.23,7352.0,1.03,0.81,4.2,4.01,NORMAL_STABLE,UNRESTRICTED_TRANSIT
HYD-BR-04-20251003,BR-04,Kolia Bhomora Setu (Tezpur-Silghat),Brahmaputra,Assam,2025-10-03T00:00:00,58.08,64.0,65.23,13706.0,1.26,0.88,4.2,3.85,NORMAL_STABLE,UNRESTRICTED_TRANSIT
HYD-BR-04-20251004,BR-04,Kolia Bhomora Setu (Tezpur-Silghat),Brahmaputra,Assam,2025-10-04T00:00:00,58.4,64.0,65.23,8171.0,2.19,1.39,4.2,3.09,NORMAL_STABLE,UNRESTRICTED_TRANSIT
HYD-BR-04-20251005,BR-04,Kolia Bhomora Setu (Tezpur-Silghat),Brahmaputra,Assam,2025-10-05T00:00:00,58.38,64.0,65.23,3026.0,2.17,1.03,4.2,3.13,NORMAL_STABLE,UNRESTRICTED_TRANSIT
HYD-BR-04-20251006,BR-04,Kolia Bhomora Setu (Tezpur-Silghat),Brahmaputra,Assam,2025-10-06T00:00:00,58.66,64.0,65.23,11518.0,1.77,0.71,4.2,3.98,NORMAL_STABLE,UNRESTRICTED_TRANSIT
HYD-BR-04-20251007,BR-04,Kolia Bhomora Setu (Tezpur-Silghat),Brahmaputra,Assam,2025-10-07T00:00:00,60.77,64.0,65.23,4695.0,1.87,1.36,4.2,3.18,NORMAL_STABLE,UNRESTRICTED_TRANSIT
HYD-BR-04-20251008,BR-04,Kolia Bhomora Setu (Tezpur-Silghat),Brahmaputra,Assam,2025-10-08T00:00:00,59.23,64.0,65.23,4830.0,1.29,1.0,4.2,2.94,NORMAL_STABLE,UNRESTRICTED_TRANSIT
HYD-BR-04-20251009,BR-04,Kolia Bhomora Setu (Tezpur-Silghat),Brahmaputra,Assam,2025-10-09T00:00:00,61.23,64.0,65.23,3093.0,0.87,0.32,4.2,3.24,NORMAL_STABLE,UNRESTRICTED_TRANSIT
HYD-BR-04-20251010,BR-04,Kolia Bhomora Setu (Tezpur-Silghat),Brahmaputra,Assam,2025-10-10T00:00:00,58.71,64.0,65.23,8029.0,1.36,1.28,4.2,2.51,NORMAL_STABLE,UNRESTRICTED_TRANSIT
HYD-BR-04-20251011,BR-04,Kolia Bhomora Setu (Tezpur-Silghat),Brahmaputra,Assam,2025-10-11T00:00:00,59.92,64.0,65.23,10618.0,1.36,1.17,4.2,3.34,NORMAL_STABLE,UNRESTRICTED_TRANSIT
HYD-BR-04-20251012,BR-04,Kolia Bhomora Setu (Tezpur-Silghat),Brahmaputra,Assam,2025-10-12T00:00:00,60.71,64.0,65.23,9709.0,2.15,0.57,4.2,1.67,NORMAL_STABLE,UNRESTRICTED_TRANSIT
HYD-BR-04-20251013,BR-04,Kolia Bhomora Setu (Tezpur-Silghat),Brahmaputra,Assam,2025-10-13T00:00:00,58.05,64.0,65.23,5966.0,1.28,0.61,4.2,3.17,NORMAL_STABLE,UNRESTRICTED_TRANSIT
HYD-BR-04-20251014,BR-04,Kolia Bhomora Setu (Tezpur-Silghat),Brahmaputra,Assam,2025-10-14T00:00:00,60.9,64.0,65.23,12845.0,1.46,1.17,4.2,3.77,NORMAL_STABLE,UNRESTRICTED_TRANSIT
HYD-BR-04-20251015,BR-04,Kolia Bhomora Setu (Tezpur-Silghat),Brahmaputra,Assam,2025-10-15T00:00:00,58.35,64.0,65.23,8260.0,0.81,0.75,4.2,3.89,NORMAL_STABLE,UNRESTRICTED_TRANSIT
HYD-BR-04-20251016,BR-04,Kolia Bhomora Setu (Tezpur-Silghat),Brahmaputra,Assam,2025-10-16T00:00:00,59.99,64.0,65.23,13654.0,1.67,1.23,4.2,3.41,NORMAL_STABLE,UNRESTRICTED_TRANSIT
HYD-BR-04-20251017,BR-04,Kolia Bhomora Setu (Tezpur-Silghat),Brahmaputra,Assam,2025-10-17T00:00:00,58.47,64.0,65.23,8656.0,0.86,0.52,4.2,2.41,NORMAL_STABLE,UNRESTRICTED_TRANSIT
HYD-BR-04-20251018,BR-04,Kolia Bhomora Setu (Tezpur-Silghat),Brahmaputra,Assam,2025-10-18T00:00:00,58.46,64.0,65.23,5605.0,2.13,1.04,4.2,2.49,NORMAL_STABLE,UNRESTRICTED_TRANSIT
HYD-BR-04-20251019,BR-04,Kolia Bhomora Setu (Tezpur-Silghat),Brahmaputra,Assam,2025-10-19T00:00:00,58.4,64.0,65.23,11491.0,1.03,0.69,4.2,1.61,NORMAL_STABLE,UNRESTRICTED_TRANSIT
HYD-BR-04-20251020,BR-04,Kolia Bhomora Setu (Tezpur-Silghat),Brahmaputra,Assam,2025-10-20T00:00:00,60.07,64.0,65.23,10697.0,1.36,0.99,4.2,3.93,NORMAL_STABLE,UNRESTRICTED_TRANSIT
HYD-BR-04-20251021,BR-04,Kolia Bhomora Setu (Tezpur-Silghat),Brahmaputra,Assam,2025-10-21T00:00:00,58.1,64.0,65.23,7101.0,2.04,1.24,4.2,2.87,NORMAL_STABLE,UNRESTRICTED_TRANSIT
HYD-BR-04-20251022,BR-04,Kolia Bhomora Setu (Tezpur-Silghat),Brahmaputra,Assam,2025-10-22T00:00:00,59.04,64.0,65.23,6200.0,1.62,0.68,4.2,4.11,NORMAL_STABLE,UNRESTRICTED_TRANSIT
HYD-BR-04-20251023,BR-04,Kolia Bhomora Setu (Tezpur-Silghat),Brahmaputra,Assam,2025-10-23T00:00:00,60.88,64.0,65.23,8328.0,0.99,0.89,4.2,2.92,NORMAL_STABLE,UNRESTRICTED_TRANSIT
HYD-BR-04-20251024,BR-04,Kolia Bhomora Setu (Tezpur-Silghat),Brahmaputra,Assam,2025-10-24T00:00:00,60.62,64.0,65.23,7057.0,1.97,0.91,4.2,2.13,NORMAL_STABLE,UNRESTRICTED_TRANSIT
HYD-BR-04-20251025,BR-04,Kolia Bhomora Setu (Tezpur-Silghat),Brahmaputra,Assam,2025-10-25T00:00:00,60.52,64.0,65.23,3981.0,2.13,1.11,4.2,3.07,NORMAL_STABLE,UNRESTRICTED_TRANSIT
HYD-BR-04-20251026,BR-04,Kolia Bhomora Setu (Tezpur-Silghat),Brahmaputra,Assam,2025-10-26T00:00:00,59.17,64.0,65.23,3594.0,2.1,0.87,4.2,2.68,NORMAL_STABLE,UNRESTRICTED_TRANSIT
HYD-BR-04-20251027,BR-04,Kolia Bhomora Setu (Tezpur-Silghat),Brahmaputra,Assam,2025-10-27T00:00:00,58.06,64.0,65.23,8051.0,1.44,1.14,4.2,2.69,NORMAL_STABLE,UNRESTRICTED_TRANSIT
HYD-BR-04-20251028,BR-04,Kolia Bhomora Setu (Tezpur-Silghat),Brahmaputra,Assam,2025-10-28T00:00:00,58.82,64.0,65.23,7558.0,0.97,1.33,4.2,2.48,NORMAL_STABLE,UNRESTRICTED_TRANSIT
HYD-BR-04-20251029,BR-04,Kolia Bhomora Setu (Tezpur-Silghat),Brahmaputra,Assam,2025-10-29T00:00:00,61.38,64.0,65.23,3704.0,1.04,0.48,4.2,3.19,NORMAL_STABLE,UNRESTRICTED_TRANSIT
HYD-BR-04-20251030,BR-04,Kolia Bhomora Setu (Tezpur-Silghat),Brahmaputra,Assam,2025-10-30T00:00:00,59.36,64.0,65.23,7856.0,1.22,0.79,4.2,1.77,NORMAL_STABLE,UNRESTRICTED_TRANSIT
HYD-BR-04-20251031,BR-04,Kolia Bhomora Setu (Tezpur-Silghat),Brahmaputra,Assam,2025-10-31T00:00:00,58.3,64.0,65.23,10967.0,0.94,1.38,4.2,1.7,NORMAL_STABLE,UNRESTRICTED_TRANSIT
HYD-BR-04-20251101,BR-04,Kolia Bhomora Setu (Tezpur-Silghat),Brahmaputra,Assam,2025-11-01T00:00:00,61.07,64.0,65.23,4215.0,1.47,1.24,4.2,2.3,NORMAL_STABLE,UNRESTRICTED_TRANSIT
HYD-BR-04-20251102,BR-04,Kolia Bhomora Setu (Tezpur-Silghat),Brahmaputra,Assam,2025-11-02T00:00:00,58.79,64.0,65.23,4468.0,2.08,0.93,4.2,2.83,NORMAL_STABLE,UNRESTRICTED_TRANSIT
HYD-BR-04-20251103,BR-04,Kolia Bhomora Setu (Tezpur-Silghat),Brahmaputra,Assam,2025-11-03T00:00:00,59.49,64.0,65.23,11249.0,1.27,0.7,4.2,3.44,NORMAL_STABLE,UNRESTRICTED_TRANSIT
HYD-BR-04-20251104,BR-04,Kolia Bhomora Setu (Tezpur-Silghat),Brahmaputra,Assam,2025-11-04T00:00:00,58.86,64.0,65.23,3035.0,1.7,0.78,4.2,3.88,NORMAL_STABLE,UNRESTRICTED_TRANSIT
HYD-BR-04-20251105,BR-04,Kolia Bhomora Setu (Tezpur-Silghat),Brahmaputra,Assam,2025-11-05T00:00:00,58.35,64.0,65.23,5437.0,0.84,1.22,4.2,3.24,NORMAL_STABLE,UNRESTRICTED_TRANSIT
HYD-BR-04-20251106,BR-04,Kolia Bhomora Setu (Tezpur-Silghat),Brahmaputra,Assam,2025-11-06T00:00:00,59.56,64.0,65.23,5746.0,1.95,0.76,4.2,2.98,NORMAL_STABLE,UNRESTRICTED_TRANSIT
HYD-BR-04-20251107,BR-04,Kolia Bhomora Setu (Tezpur-Silghat),Brahmaputra,Assam,2025-11-07T00:00:00,60.7,64.0,65.23,5055.0,1.69,0.93,4.2,1.66,NORMAL_STABLE,UNRESTRICTED_TRANSIT
HYD-BR-04-20251108,BR-04,Kolia Bhomora Setu (Tezpur-Silghat),Brahmaputra,Assam,2025-11-08T00:00:00,58.02,64.0,65.23,8489.0,1.74,0.39,4.2,2.83,NORMAL_STABLE,UNRESTRICTED_TRANSIT
HYD-BR-04-20251109,BR-04,Kolia Bhomora Setu (Tezpur-Silghat),Brahmaputra,Assam,2025-11-09T00:00:00,59.15,64.0,65.23,4197.0,1.2,0.68,4.2,3.54,NORMAL_STABLE,UNRESTRICTED_TRANSIT
HYD-BR-04-20251110,BR-04,Kolia Bhomora Setu (Tezpur-Silghat),Brahmaputra,Assam,2025-11-10T00:00:00,59.12,64.0,65.23,11719.0,2.17,1.37,4.2,4.02,NORMAL_STABLE,UNRESTRICTED_TRANSIT
HYD-BR-04-20251111,BR-04,Kolia Bhomora Setu (Tezpur-Silghat),Brahmaputra,Assam,2025-11-11T00:00:00,61.42,64.0,65.23,11729.0,1.11,0.58,4.2,1.75,NORMAL_STABLE,UNRESTRICTED_TRANSIT
HYD-BR-04-20251112,BR-04,Kolia Bhomora Setu (Tezpur-Silghat),Brahmaputra,Assam,2025-11-12T00:00:00,58.02,64.0,65.23,4556.0,1.64,0.4,4.2,1.84,NORMAL_STABLE,UNRESTRICTED_TRANSIT
HYD-BR-04-20251113,BR-04,Kolia Bhomora Setu (Tezpur-Silghat),Brahmaputra,Assam,2025-11-13T00:00:00,60.33,64.0,65.23,10977.0,1.23,1.49,4.2,3.73,NORMAL_STABLE,UNRESTRICTED_TRANSIT
HYD-BR-04-20251114,BR-04,Kolia Bhomora Setu (Tezpur-Silghat),Brahmaputra,Assam,2025-11-14T00:00:00,58.45,64.0,65.23,3942.0,1.03,1.37,4.2,3.86,NORMAL_STABLE,UNRESTRICTED_TRANSIT
HYD-BR-04-20251115,BR-04,Kolia Bhomora Setu (Tezpur-Silghat),Brahmaputra,Assam,2025-11-15T00:00:00,60.06,64.0,65.23,13189.0,1.65,0.99,4.2,1.78,NORMAL_STABLE,UNRESTRICTED_TRANSIT
HYD-BR-04-20251116,BR-04,Kolia Bhomora Setu (Tezpur-Silghat),Brahmaputra,Assam,2025-11-16T00:00:00,60.3,64.0,65.23,10968.0,1.26,1.46,4.2,1.61,NORMAL_STABLE,UNRESTRICTED_TRANSIT
HYD-BR-04-20251117,BR-04,Kolia Bhomora Setu (Tezpur-Silghat),Brahmaputra,Assam,2025-11-17T00:00:00,59.12,64.0,65.23,4211.0,1.15,1.0,4.2,4.18,NORMAL_STABLE,UNRESTRICTED_TRANSIT
HYD-BR-04-20251118,BR-04,Kolia Bhomora Setu (Tezpur-Silghat),Brahmaputra,Assam,2025-11-18T00:00:00,58.96,64.0,65.23,8261.0,1.41,0.94,4.2,1.8,NORMAL_STABLE,UNRESTRICTED_TRANSIT
HYD-BR-04-20251119,BR-04,Kolia Bhomora Setu (Tezpur-Silghat),Brahmaputra,Assam,2025-11-19T00:00:00,61.06,64.0,65.23,10047.0,1.49,0.81,4.2,2.55,NORMAL_STABLE,UNRESTRICTED_TRANSIT
HYD-BR-04-20251120,BR-04,Kolia Bhomora Setu (Tezpur-Silghat),Brahmaputra,Assam,2025-11-20T00:00:00,58.99,64.0,65.23,3480.0,1.25,1.14,4.2,1.78,NORMAL_STABLE,UNRESTRICTED_TRANSIT
HYD-BR-04-20251121,BR-04,Kolia Bhomora Setu (Tezpur-Silghat),Brahmaputra,Assam,2025-11-21T00:00:00,58.59,64.0,65.23,9982.0,2.1,0.3,4.2,3.81,NORMAL_STABLE,UNRESTRICTED_TRANSIT
HYD-BR-04-20251122,BR-04,Kolia Bhomora Setu (Tezpur-Silghat),Brahmaputra,Assam,2025-11-22T00:00:00,58.62,64.0,65.23,9380.0,1.89,0.3,4.2,4.09,NORMAL_STABLE,UNRESTRICTED_TRANSIT
HYD-BR-04-20251123,BR-04,Kolia Bhomora Setu (Tezpur-Silghat),Brahmaputra,Assam,2025-11-23T00:00:00,58.88,64.0,65.23,5718.0,0.96,1.3,4.2,3.29,NORMAL_STABLE,UNRESTRICTED_TRANSIT
HYD-BR-04-20251124,BR-04,Kolia Bhomora Setu (Tezpur-Silghat),Brahmaputra,Assam,2025-11-24T00:00:00,58.91,64.0,65.23,3113.0,2.16,0.75,4.2,2.09,NORMAL_STABLE,UNRESTRICTED_TRANSIT
HYD-BR-04-20251125,BR-04,Kolia Bhomora Setu (Tezpur-Silghat),Brahmaputra,Assam,2025-11-25T00:00:00,60.04,64.0,65.23,13528.0,1.63,1.29,4.2,2.72,NORMAL_STABLE,UNRESTRICTED_TRANSIT
HYD-BR-04-20251126,BR-04,Kolia Bhomora Setu (Tezpur-Silghat),Brahmaputra,Assam,2025-11-26T00:00:00,61.14,64.0,65.23,10687.0,1.43,0.9,4.2,3.47,NORMAL_STABLE,UNRESTRICTED_TRANSIT
HYD-BR-04-20251127,BR-04,Kolia Bhomora Setu (Tezpur-Silghat),Brahmaputra,Assam,2025-11-27T00:00:00,58.58,64.0,65.23,13486.0,1.81,0.55,4.2,3.96,NORMAL_STABLE,UNRESTRICTED_TRANSIT
HYD-BR-04-20251128,BR-04,Kolia Bhomora Setu (Tezpur-Silghat),Brahmaputra,Assam,2025-11-28T00:00:00,59.48,64.0,65.23,4981.0,1.58,0.77,4.2,3.5,NORMAL_STABLE,UNRESTRICTED_TRANSIT
HYD-BR-04-20251129,BR-04,Kolia Bhomora Setu (Tezpur-Silghat),Brahmaputra,Assam,2025-11-29T00:00:00,61.41,64.0,65.23,13071.0,1.25,0.37,4.2,1.77,NORMAL_STABLE,UNRESTRICTED_TRANSIT
HYD-BR-04-20251130,BR-04,Kolia Bhomora Setu (Tezpur-Silghat),Brahmaputra,Assam,2025-11-30T00:00:00,59.94,64.0,65.23,10848.0,1.78,1.25,4.2,3.07,NORMAL_STABLE,UNRESTRICTED_TRANSIT
HYD-BR-04-20251201,BR-04,Kolia Bhomora Setu (Tezpur-Silghat),Brahmaputra,Assam,2025-12-01T00:00:00,58.35,64.0,65.23,13065.0,1.2,0.47,4.2,3.41,NORMAL_STABLE,UNRESTRICTED_TRANSIT
HYD-BR-04-20251202,BR-04,Kolia Bhomora Setu (Tezpur-Silghat),Brahmaputra,Assam,2025-12-02T00:00:00,60.21,64.0,65.23,4598.0,1.45,1.25,4.2,3.37,NORMAL_STABLE,UNRESTRICTED_TRANSIT
HYD-BR-04-20251203,BR-04,Kolia Bhomora Setu (Tezpur-Silghat),Brahmaputra,Assam,2025-12-03T00:00:00,59.76,64.0,65.23,12943.0,1.36,1.31,4.2,3.01,NORMAL_STABLE,UNRESTRICTED_TRANSIT
HYD-BR-04-20251204,BR-04,Kolia Bhomora Setu (Tezpur-Silghat),Brahmaputra,Assam,2025-12-04T00:00:00,60.2,64.0,65.23,4456.0,1.18,0.58,4.2,3.25,NORMAL_STABLE,UNRESTRICTED_TRANSIT
HYD-BR-04-20251205,BR-04,Kolia Bhomora Setu (Tezpur-Silghat),Brahmaputra,Assam,2025-12-05T00:00:00,61.07,64.0,65.23,5582.0,0.81,1.48,4.2,2.19,NORMAL_STABLE,UNRESTRICTED_TRANSIT
HYD-BR-04-20251206,BR-04,Kolia Bhomora Setu (Tezpur-Silghat),Brahmaputra,Assam,2025-12-06T00:00:00,60.0,64.0,65.23,8172.0,1.81,1.38,4.2,2.46,NORMAL_STABLE,UNRESTRICTED_TRANSIT
HYD-BR-04-20251207,BR-04,Kolia Bhomora Setu (Tezpur-Silghat),Brahmaputra,Assam,2025-12-07T00:00:00,61.05,64.0,65.23,7695.0,1.6,1.18,4.2,1.58,NORMAL_STABLE,UNRESTRICTED_TRANSIT
HYD-BR-04-20251208,BR-04,Kolia Bhomora Setu (Tezpur-Silghat),Brahmaputra,Assam,2025-12-08T00:00:00,59.55,64.0,65.23,9437.0,1.5,0.43,4.2,3.74,NORMAL_STABLE,UNRESTRICTED_TRANSIT
HYD-BR-04-20251209,BR-04,Kolia Bhomora Setu (Tezpur-Silghat),Brahmaputra,Assam,2025-12-09T00:00:00,59.54,64.0,65.23,6163.0,1.08,1.07,4.2,2.45,NORMAL_STABLE,UNRESTRICTED_TRANSIT
HYD-BR-04-20251210,BR-04,Kolia Bhomora Setu (Tezpur-Silghat),Brahmaputra,Assam,2025-12-10T00:00:00,59.57,64.0,65.23,11342.0,0.82,0.91,4.2,2.45,NORMAL_STABLE,UNRESTRICTED_TRANSIT
HYD-BR-04-20251211,BR-04,Kolia Bhomora Setu (Tezpur-Silghat),Brahmaputra,Assam,2025-12-11T00:00:00,58.6,64.0,65.23,7019.0,0.97,0.45,4.2,3.26,NORMAL_STABLE,UNRESTRICTED_TRANSIT
HYD-BR-04-20251212,BR-04,Kolia Bhomora Setu (Tezpur-Silghat),Brahmaputra,Assam,2025-12-12T00:00:00,59.74,64.0,65.23,3254.0,1.83,1.39,4.2,1.95,NORMAL_STABLE,UNRESTRICTED_TRANSIT
HYD-BR-04-20251213,BR-04,Kolia Bhomora Setu (Tezpur-Silghat),Brahmaputra,Assam,2025-12-13T00:00:00,61.0,64.0,65.23,4953.0,2.1,0.58,4.2,3.19,NORMAL_STABLE,UNRESTRICTED_TRANSIT
HYD-BR-04-20251214,BR-04,Kolia Bhomora Setu (Tezpur-Silghat),Brahmaputra,Assam,2025-12-14T00:00:00,58.52,64.0,65.23,10666.0,1.24,0.95,4.2,3.25,NORMAL_STABLE,UNRESTRICTED_TRANSIT
HYD-BR-04-20251215,BR-04,Kolia Bhomora Setu (Tezpur-Silghat),Brahmaputra,Assam,2025-12-15T00:00:00,58.63,64.0,65.23,12183.0,1.26,1.47,4.2,2.53,NORMAL_STABLE,UNRESTRICTED_TRANSIT
HYD-BR-04-20251216,BR-04,Kolia Bhomora Setu (Tezpur-Silghat),Brahmaputra,Assam,2025-12-16T00:00:00,58.29,64.0,65.23,4093.0,1.14,0.49,4.2,3.85,NORMAL_STABLE,UNRESTRICTED_TRANSIT
HYD-BR-04-20251217,BR-04,Kolia Bhomora Setu (Tezpur-Silghat),Brahmaputra,Assam,2025-12-17T00:00:00,60.06,64.0,65.23,8098.0,1.89,1.31,4.2,3.11,NORMAL_STABLE,UNRESTRICTED_TRANSIT
HYD-BR-04-20251218,BR-04,Kolia Bhomora Setu (Tezpur-Silghat),Brahmaputra,Assam,2025-12-18T00:00:00,60.74,64.0,65.23,9442.0,1.51,0.45,4.2,1.52,NORMAL_STABLE,UNRESTRICTED_TRANSIT
HYD-BR-04-20251219,BR-04,Kolia Bhomora Setu (Tezpur-Silghat),Brahmaputra,Assam,2025-12-19T00:00:00,59.05,64.0,65.23,10377.0,1.67,1.33,4.2,3.5,NORMAL_STABLE,UNRESTRICTED_TRANSIT
HYD-BR-04-20251220,BR-04,Kolia Bhomora Setu (Tezpur-Silghat),Brahmaputra,Assam,2025-12-20T00:00:00,60.55,64.0,65.23,7071.0,1.23,1.39,4.2,2.33,NORMAL_STABLE,UNRESTRICTED_TRANSIT
HYD-BR-04-20251221,BR-04,Kolia Bhomora Setu (Tezpur-Silghat),Brahmaputra,Assam,2025-12-21T00:00:00,61.08,64.0,65.23,7949.0,1.49,0.32,4.2,1.91,NORMAL_STABLE,UNRESTRICTED_TRANSIT
HYD-BR-04-20251222,BR-04,Kolia Bhomora Setu (Tezpur-Silghat),Brahmaputra,Assam,2025-12-22T00:00:00,58.64,64.0,65.23,5549.0,2.07,1.14,4.2,2.12,NORMAL_STABLE,UNRESTRICTED_TRANSIT
HYD-BR-04-20251223,BR-04,Kolia Bhomora Setu (Tezpur-Silghat),Brahmaputra,Assam,2025-12-23T00:00:00,61.37,64.0,65.23,5060.0,1.11,0.92,4.2,4.12,NORMAL_STABLE,UNRESTRICTED_TRANSIT
HYD-BR-04-20251224,BR-04,Kolia Bhomora Setu (Tezpur-Silghat),Brahmaputra,Assam,2025-12-24T00:00:00,59.89,64.0,65.23,9538.0,1.82,0.73,4.2,3.07,NORMAL_STABLE,UNRESTRICTED_TRANSIT
HYD-BR-04-20251225,BR-04,Kolia Bhomora Setu (Tezpur-Silghat),Brahmaputra,Assam,2025-12-25T00:00:00,59.77,64.0,65.23,11055.0,1.43,1.47,4.2,3.68,NORMAL_STABLE,UNRESTRICTED_TRANSIT
HYD-BR-04-20251226,BR-04,Kolia Bhomora Setu (Tezpur-Silghat),Brahmaputra,Assam,2025-12-26T00:00:00,61.12,64.0,65.23,3787.0,1.23,1.3,4.2,3.97,NORMAL_STABLE,UNRESTRICTED_TRANSIT
HYD-BR-04-20251227,BR-04,Kolia Bhomora Setu (Tezpur-Silghat),Brahmaputra,Assam,2025-12-27T00:00:00,58.37,64.0,65.23,3874.0,1.91,1.47,4.2,3.58,NORMAL_STABLE,UNRESTRICTED_TRANSIT
HYD-BR-04-20251228,BR-04,Kolia Bhomora Setu (Tezpur-Silghat),Brahmaputra,Assam,2025-12-28T00:00:00,60.61,64.0,65.23,13735.0,1.49,0.74,4.2,3.14,NORMAL_STABLE,UNRESTRICTED_TRANSIT
HYD-BR-04-20251229,BR-04,Kolia Bhomora Setu (Tezpur-Silghat),Brahmaputra,Assam,2025-12-29T00:00:00,58.7,64.0,65.23,13172.0,1.18,0.5,4.2,2.2,NORMAL_STABLE,UNRESTRICTED_TRANSIT
HYD-BR-04-20251230,BR-04,Kolia Bhomora Setu (Tezpur-Silghat),Brahmaputra,Assam,2025-12-30T00:00:00,58.73,64.0,65.23,12506.0,1.29,0.42,4.2,2.75,NORMAL_STABLE,UNRESTRICTED_TRANSIT
HYD-BR-04-20251231,BR-04,Kolia Bhomora Setu (Tezpur-Silghat),Brahmaputra,Assam,2025-12-31T00:00:00,60.41,64.0,65.23,10612.0,0.88,1.01,4.2,3.2,NORMAL_STABLE,UNRESTRICTED_TRANSIT
HYD-BR-04-20260101,BR-04,Kolia Bhomora Setu (Tezpur-Silghat),Brahmaputra,Assam,2026-01-01T00:00:00,61.21,64.0,65.23,6841.0,2.12,1.1,4.2,3.92,NORMAL_STABLE,UNRESTRICTED_TRANSIT
HYD-BR-04-20260102,BR-04,Kolia Bhomora Setu (Tezpur-Silghat),Brahmaputra,Assam,2026-01-02T00:00:00,59.27,64.0,65.23,11200.0,1.63,1.11,4.2,3.95,NORMAL_STABLE,UNRESTRICTED_TRANSIT
HYD-BR-04-20260103,BR-04,Kolia Bhomora Setu (Tezpur-Silghat),Brahmaputra,Assam,2026-01-03T00:00:00,58.17,64.0,65.23,4449.0,1.32,1.21,4.2,3.3,NORMAL_STABLE,UNRESTRICTED_TRANSIT
HYD-BR-04-20260104,BR-04,Kolia Bhomora Setu (Tezpur-Silghat),Brahmaputra,Assam,2026-01-04T00:00:00,59.75,64.0,65.23,5190.0,2.14,0.81,4.2,3.41,NORMAL_STABLE,UNRESTRICTED_TRANSIT
HYD-BR-04-20260105,BR-04,Kolia Bhomora Setu (Tezpur-Silghat),Brahmaputra,Assam,2026-01-05T00:00:00,61.02,64.0,65.23,8499.0,1.93,0.71,4.2,2.71,NORMAL_STABLE,UNRESTRICTED_TRANSIT
HYD-BR-04-20260106,BR-04,Kolia Bhomora Setu (Tezpur-Silghat),Brahmaputra,Assam,2026-01-06T00:00:00,59.85,64.0,65.23,6201.0,1.99,0.51,4.2,2.97,NORMAL_STABLE,UNRESTRICTED_TRANSIT
HYD-BR-04-20260107,BR-04,Kolia Bhomora Setu (Tezpur-Silghat),Brahmaputra,Assam,2026-01-07T00:00:00,58.32,64.0,65.23,7687.0,0.85,1.5,4.2,2.6,NORMAL_STABLE,UNRESTRICTED_TRANSIT
HYD-BR-04-20260108,BR-04,Kolia Bhomora Setu (Tezpur-Silghat),Brahmaputra,Assam,2026-01-08T00:00:00,59.11,64.0,65.23,8669.0,1.45,1.28,4.2,1.68,NORMAL_STABLE,UNRESTRICTED_TRANSIT
HYD-BR-04-20260109,BR-04,Kolia Bhomora Setu (Tezpur-Silghat),Brahmaputra,Assam,2026-01-09T00:00:00,61.41,64.0,65.23,11833.0,1.33,0.78,4.2,3.3,NORMAL_STABLE,UNRESTRICTED_TRANSIT
HYD-BR-04-20260110,BR-04,Kolia Bhomora Setu (Tezpur-Silghat),Brahmaputra,Assam,2026-01-10T00:00:00,58.12,64.0,65.23,3270.0,1.03,1.46,4.2,2.43,NORMAL_STABLE,UNRESTRICTED_TRANSIT
HYD-BR-04-20260111,BR-04,Kolia Bhomora Setu (Tezpur-Silghat),Brahmaputra,Assam,2026-01-11T00:00:00,58.6,64.0,65.23,4782.0,1.31,1.25,4.2,1.74,NORMAL_STABLE,UNRESTRICTED_TRANSIT
HYD-BR-04-20260112,BR-04,Kolia Bhomora Setu (Tezpur-Silghat),Brahmaputra,Assam,2026-01-12T00:00:00,60.42,64.0,65.23,7930.0,1.65,1.25,4.2,3.06,NORMAL_STABLE,UNRESTRICTED_TRANSIT
HYD-BR-04-20260113,BR-04,Kolia Bhomora Setu (Tezpur-Silghat),Brahmaputra,Assam,2026-01-13T00:00:00,58.31,64.0,65.23,8809.0,2.13,0.65,4.2,2.48,NORMAL_STABLE,UNRESTRICTED_TRANSIT
HYD-BR-04-20260114,BR-04,Kolia Bhomora Setu (Tezpur-Silghat),Brahmaputra,Assam,2026-01-14T00:00:00,59.04,64.0,65.23,6163.0,2.07,0.64,4.2,4.01,NORMAL_STABLE,UNRESTRICTED_TRANSIT
HYD-BR-04-20260115,BR-04,Kolia Bhomora Setu (Tezpur-Silghat),Brahmaputra,Assam,2026-01-15T00:00:00,61.28,64.0,65.23,4640.0,1.61,1.39,4.2,4.14,NORMAL_STABLE,UNRESTRICTED_TRANSIT
HYD-BR-04-20260116,BR-04,Kolia Bhomora Setu (Tezpur-Silghat),Brahmaputra,Assam,2026-01-16T00:00:00,60.02,64.0,65.23,12442.0,1.98,0.49,4.2,1.69,NORMAL_STABLE,UNRESTRICTED_TRANSIT
HYD-BR-04-20260117,BR-04,Kolia Bhomora Setu (Tezpur-Silghat),Brahmaputra,Assam,2026-01-17T00:00:00,60.85,64.0,65.23,5794.0,1.55,0.89,4.2,3.08,NORMAL_STABLE,UNRESTRICTED_TRANSIT
HYD-BR-04-20260118,BR-04,Kolia Bhomora Setu (Tezpur-Silghat),Brahmaputra,Assam,2026-01-18T00:00:00,60.8,64.0,65.23,7738.0,1.5,0.82,4.2,1.55,NORMAL_STABLE,UNRESTRICTED_TRANSIT
HYD-BR-04-20260119,BR-04,Kolia Bhomora Setu (Tezpur-Silghat),Brahmaputra,Assam,2026-01-19T00:00:00,58.89,64.0,65.23,7463.0,0.87,1.38,4.2,3.19,NORMAL_STABLE,UNRESTRICTED_TRANSIT
HYD-BR-04-20260120,BR-04,Kolia Bhomora Setu (Tezpur-Silghat),Brahmaputra,Assam,2026-01-20T00:00:00,59.37,64.0,65.23,8598.0,1.68,1.24,4.2,2.47,NORMAL_STABLE,UNRESTRICTED_TRANSIT
HYD-BR-04-20260121,BR-04,Kolia Bhomora Setu (Tezpur-Silghat),Brahmaputra,Assam,2026-01-21T00:00:00,61.31,64.0,65.23,5952.0,1.53,1.07,4.2,2.06,NORMAL_STABLE,UNRESTRICTED_TRANSIT
HYD-BR-04-20260122,BR-04,Kolia Bhomora Setu (Tezpur-Silghat),Brahmaputra,Assam,2026-01-22T00:00:00,59.38,64.0,65.23,5572.0,1.05,1.39,4.2,1.61,NORMAL_STABLE,UNRESTRICTED_TRANSIT
HYD-BR-04-20260123,BR-04,Kolia Bhomora Setu (Tezpur-Silghat),Brahmaputra,Assam,2026-01-23T00:00:00,59.38,64.0,65.23,5479.0,1.77,1.24,4.2,2.83,NORMAL_STABLE,UNRESTRICTED_TRANSIT
HYD-BR-04-20260124,BR-04,Kolia Bhomora Setu (Tezpur-Silghat),Brahmaputra,Assam,2026-01-24T00:00:00,61.12,64.0,65.23,5113.0,1.25,1.03,4.2,2.93,NORMAL_STABLE,UNRESTRICTED_TRANSIT
HYD-BR-04-20260125,BR-04,Kolia Bhomora Setu (Tezpur-Silghat),Brahmaputra,Assam,2026-01-25T00:00:00,59.98,64.0,65.23,13708.0,2.11,0.74,4.2,2.83,NORMAL_STABLE,UNRESTRICTED_TRANSIT
HYD-BR-04-20260126,BR-04,Kolia Bhomora Setu (Tezpur-Silghat),Brahmaputra,Assam,2026-01-26T00:00:00,60.57,64.0,65.23,6718.0,0.98,0.55,4.2,2.12,NORMAL_STABLE,UNRESTRICTED_TRANSIT
HYD-BR-04-20260127,BR-04,Kolia Bhomora Setu (Tezpur-Silghat),Brahmaputra,Assam,2026-01-27T00:00:00,59.14,64.0,65.23,6574.0,1.68,0.77,4.2,2.42,NORMAL_STABLE,UNRESTRICTED_TRANSIT
HYD-BR-04-20260128,BR-04,Kolia Bhomora Setu (Tezpur-Silghat),Brahmaputra,Assam,2026-01-28T00:00:00,59.85,64.0,65.23,6993.0,1.25,1.18,4.2,2.26,NORMAL_STABLE,UNRESTRICTED_TRANSIT
HYD-BR-04-20260129,BR-04,Kolia Bhomora Setu (Tezpur-Silghat),Brahmaputra,Assam,2026-01-29T00:00:00,58.97,64.0,65.23,7265.0,1.77,0.61,4.2,1.87,NORMAL_STABLE,UNRESTRICTED_TRANSIT
HYD-BR-04-20260130,BR-04,Kolia Bhomora Setu (Tezpur-Silghat),Brahmaputra,Assam,2026-01-30T00:00:00,58.59,64.0,65.23,10540.0,1.14,0.46,4.2,1.53,NORMAL_STABLE,UNRESTRICTED_TRANSIT
HYD-BR-04-20260131,BR-04,Kolia Bhomora Setu (Tezpur-Silghat),Brahmaputra,Assam,2026-01-31T00:00:00,61.47,64.0,65.23,8751.0,1.13,1.28,4.2,4.17,NORMAL_STABLE,UNRESTRICTED_TRANSIT
HYD-BR-04-20260201,BR-04,Kolia Bhomora Setu (Tezpur-Silghat),Brahmaputra,Assam,2026-02-01T00:00:00,60.52,64.0,65.23,10665.0,1.58,1.1,4.2,3.28,NORMAL_STABLE,UNRESTRICTED_TRANSIT
HYD-BR-04-20260202,BR-04,Kolia Bhomora Setu (Tezpur-Silghat),Brahmaputra,Assam,2026-02-02T00:00:00,58.83,64.0,65.23,12887.0,1.04,1.41,4.2,3.05,NORMAL_STABLE,UNRESTRICTED_TRANSIT
HYD-BR-04-20260203,BR-04,Kolia Bhomora Setu (Tezpur-Silghat),Brahmaputra,Assam,2026-02-03T00:00:00,58.31,64.0,65.23,7854.0,1.48,0.53,4.2,2.62,NORMAL_STABLE,UNRESTRICTED_TRANSIT
HYD-BR-04-20260204,BR-04,Kolia Bhomora Setu (Tezpur-Silghat),Brahmaputra,Assam,2026-02-04T00:00:00,59.39,64.0,65.23,7488.0,1.04,1.48,4.2,2.26,NORMAL_STABLE,UNRESTRICTED_TRANSIT
HYD-BR-04-20260205,BR-04,Kolia Bhomora Setu (Tezpur-Silghat),Brahmaputra,Assam,2026-02-05T00:00:00,59.55,64.0,65.23,10308.0,0.81,0.86,4.2,2.36,NORMAL_STABLE,UNRESTRICTED_TRANSIT
HYD-BR-04-20260206,BR-04,Kolia Bhomora Setu (Tezpur-Silghat),Brahmaputra,Assam,2026-02-06T00:00:00,58.72,64.0,65.23,8771.0,1.87,0.86,4.2,1.74,NORMAL_STABLE,UNRESTRICTED_TRANSIT
HYD-BR-04-20260207,BR-04,Kolia Bhomora Setu (Tezpur-Silghat),Brahmaputra,Assam,2026-02-07T00:00:00,59.31,64.0,65.23,13516.0,1.51,1.47,4.2,2.65,NORMAL_STABLE,UNRESTRICTED_TRANSIT
HYD-BR-04-20260208,BR-04,Kolia Bhomora Setu (Tezpur-Silghat),Brahmaputra,Assam,2026-02-08T00:00:00,60.3,64.0,65.23,5575.0,0.88,0.85,4.2,1.7,NORMAL_STABLE,UNRESTRICTED_TRANSIT
HYD-BR-04-20260209,BR-04,Kolia Bhomora Setu (Tezpur-Silghat),Brahmaputra,Assam,2026-02-09T00:00:00,58.96,64.0,65.23,12679.0,1.02,1.05,4.2,2.15,NORMAL_STABLE,UNRESTRICTED_TRANSIT
HYD-BR-04-20260210,BR-04,Kolia Bhomora Setu (Tezpur-Silghat),Brahmaputra,Assam,2026-02-10T00:00:00,58.99,64.0,65.23,5378.0,0.88,1.22,4.2,2.21,NORMAL_STABLE,UNRESTRICTED_TRANSIT
HYD-BR-04-20260211,BR-04,Kolia Bhomora Setu (Tezpur-Silghat),Brahmaputra,Assam,2026-02-11T00:00:00,60.56,64.0,65.23,12474.0,1.87,0.79,4.2,3.33,NORMAL_STABLE,UNRESTRICTED_TRANSIT
HYD-BR-04-20260212,BR-04,Kolia Bhomora Setu (Tezpur-Silghat),Brahmaputra,Assam,2026-02-12T00:00:00,59.81,64.0,65.23,11873.0,1.85,0.5,4.2,4.18,NORMAL_STABLE,UNRESTRICTED_TRANSIT
HYD-BR-04-20260213,BR-04,Kolia Bhomora Setu (Tezpur-Silghat),Brahmaputra,Assam,2026-02-13T00:00:00,60.99,64.0,65.23,8937.0,1.73,1.34,4.2,2.58,NORMAL_STABLE,UNRESTRICTED_TRANSIT
HYD-BR-04-20260214,BR-04,Kolia Bhomora Setu (Tezpur-Silghat),Brahmaputra,Assam,2026-02-14T00:00:00,61.16,64.0,65.23,5700.0,1.87,1.44,4.2,2.76,NORMAL_STABLE,UNRESTRICTED_TRANSIT
HYD-BR-04-20260215,BR-04,Kolia Bhomora Setu (Tezpur-Silghat),Brahmaputra,Assam,2026-02-15T00:00:00,59.95,64.0,65.23,4618.0,1.23,1.1,4.2,2.16,NORMAL_STABLE,UNRESTRICTED_TRANSIT
HYD-BR-04-20260216,BR-04,Kolia Bhomora Setu (Tezpur-Silghat),Brahmaputra,Assam,2026-02-16T00:00:00,59.23,64.0,65.23,9652.0,0.82,0.53,4.2,3.2,NORMAL_STABLE,UNRESTRICTED_TRANSIT
HYD-BR-04-20260217,BR-04,Kolia Bhomora Setu (Tezpur-Silghat),Brahmaputra,Assam,2026-02-17T00:00:00,58.19,64.0,65.23,7031.0,1.98,0.67,4.2,2.59,NORMAL_STABLE,UNRESTRICTED_TRANSIT
HYD-BR-04-20260218,BR-04,Kolia Bhomora Setu (Tezpur-Silghat),Brahmaputra,Assam,2026-02-18T00:00:00,58.92,64.0,65.23,9663.0,1.05,1.21,4.2,3.94,NORMAL_STABLE,UNRESTRICTED_TRANSIT
HYD-BR-04-20260219,BR-04,Kolia Bhomora Setu (Tezpur-Silghat),Brahmaputra,Assam,2026-02-19T00:00:00,61.44,64.0,65.23,12849.0,1.0,0.69,4.2,1.81,NORMAL_STABLE,UNRESTRICTED_TRANSIT
HYD-BR-04-20260220,BR-04,Kolia Bhomora Setu (Tezpur-Silghat),Brahmaputra,Assam,2026-02-20T00:00:00,59.18,64.0,65.23,6808.0,1.96,0.64,4.2,2.51,NORMAL_STABLE,UNRESTRICTED_TRANSIT
HYD-BR-04-20260221,BR-04,Kolia Bhomora Setu (Tezpur-Silghat),Brahmaputra,Assam,2026-02-21T00:00:00,58.51,64.0,65.23,7657.0,1.25,0.65,4.2,2.29,NORMAL_STABLE,UNRESTRICTED_TRANSIT
HYD-BR-04-20260222,BR-04,Kolia Bhomora Setu (Tezpur-Silghat),Brahmaputra,Assam,2026-02-22T00:00:00,61.14,64.0,65.23,12003.0,1.13,1.26,4.2,3.85,NORMAL_STABLE,UNRESTRICTED_TRANSIT
HYD-BR-04-20260223,BR-04,Kolia Bhomora Setu (Tezpur-Silghat),Brahmaputra,Assam,2026-02-23T00:00:00,59.61,64.0,65.23,6657.0,1.36,0.34,4.2,3.24,NORMAL_STABLE,UNRESTRICTED_TRANSIT
HYD-BR-04-20260224,BR-04,Kolia Bhomora Setu (Tezpur-Silghat),Brahmaputra,Assam,2026-02-24T00:00:00,59.13,64.0,65.23,10479.0,1.19,1.38,4.2,4.08,NORMAL_STABLE,UNRESTRICTED_TRANSIT
HYD-BR-04-20260225,BR-04,Kolia Bhomora Setu (Tezpur-Silghat),Brahmaputra,Assam,2026-02-25T00:00:00,58.27,64.0,65.23,8858.0,2.19,0.57,4.2,3.56,NORMAL_STABLE,UNRESTRICTED_TRANSIT
HYD-BR-04-20260226,BR-04,Kolia Bhomora Setu (Tezpur-Silghat),Brahmaputra,Assam,2026-02-26T00:00:00,60.56,64.0,65.23,3829.0,1.95,0.89,4.2,2.68,NORMAL_STABLE,UNRESTRICTED_TRANSIT
HYD-BR-04-20260227,BR-04,Kolia Bhomora Setu (Tezpur-Silghat),Brahmaputra,Assam,2026-02-27T00:00:00,59.79,64.0,65.23,5226.0,1.88,0.87,4.2,3.11,NORMAL_STABLE,UNRESTRICTED_TRANSIT
HYD-BR-04-20260228,BR-04,Kolia Bhomora Setu (Tezpur-Silghat),Brahmaputra,Assam,2026-02-28T00:00:00,59.35,64.0,65.23,9239.0,1.94,0.7,4.2,2.43,NORMAL_STABLE,UNRESTRICTED_TRANSIT
HYD-BR-04-20260301,BR-04,Kolia Bhomora Setu (Tezpur-Silghat),Brahmaputra,Assam,2026-03-01T00:00:00,59.08,64.0,65.23,6447.0,1.72,1.3,4.2,2.59,NORMAL_STABLE,UNRESTRICTED_TRANSIT
HYD-BR-04-20260302,BR-04,Kolia Bhomora Setu (Tezpur-Silghat),Brahmaputra,Assam,2026-03-02T00:00:00,60.83,64.0,65.23,4430.0,2.03,0.67,4.2,1.65,NORMAL_STABLE,UNRESTRICTED_TRANSIT
HYD-BR-04-20260303,BR-04,Kolia Bhomora Setu (Tezpur-Silghat),Brahmaputra,Assam,2026-03-03T00:00:00,60.71,64.0,65.23,3639.0,1.07,1.33,4.2,4.19,NORMAL_STABLE,UNRESTRICTED_TRANSIT
HYD-BR-04-20260304,BR-04,Kolia Bhomora Setu (Tezpur-Silghat),Brahmaputra,Assam,2026-03-04T00:00:00,60.03,64.0,65.23,4592.0,1.89,1.4,4.2,3.85,NORMAL_STABLE,UNRESTRICTED_TRANSIT
HYD-BR-04-20260305,BR-04,Kolia Bhomora Setu (Tezpur-Silghat),Brahmaputra,Assam,2026-03-05T00:00:00,61.44,64.0,65.23,5051.0,1.27,0.97,4.2,1.89,NORMAL_STABLE,UNRESTRICTED_TRANSIT
HYD-BR-04-20260306,BR-04,Kolia Bhomora Setu (Tezpur-Silghat),Brahmaputra,Assam,2026-03-06T00:00:00,61.23,64.0,65.23,6481.0,1.04,0.37,4.2,1.55,NORMAL_STABLE,UNRESTRICTED_TRANSIT
HYD-BR-04-20260307,BR-04,Kolia Bhomora Setu (Tezpur-Silghat),Brahmaputra,Assam,2026-03-07T00:00:00,61.22,64.0,65.23,7079.0,1.31,1.23,4.2,2.63,NORMAL_STABLE,UNRESTRICTED_TRANSIT
HYD-BR-04-20260308,BR-04,Kolia Bhomora Setu (Tezpur-Silghat),Brahmaputra,Assam,2026-03-08T00:00:00,60.45,64.0,65.23,11367.0,1.24,0.65,4.2,2.3,NORMAL_STABLE,UNRESTRICTED_TRANSIT
HYD-BR-04-20260309,BR-04,Kolia Bhomora Setu (Tezpur-Silghat),Brahmaputra,Assam,2026-03-09T00:00:00,58.28,64.0,65.23,10937.0,1.39,0.34,4.2,2.22,NORMAL_STABLE,UNRESTRICTED_TRANSIT
HYD-BR-04-20260310,BR-04,Kolia Bhomora Setu (Tezpur-Silghat),Brahmaputra,Assam,2026-03-10T00:00:00,58.1,64.0,65.23,4782.0,1.27,1.12,4.2,1.76,NORMAL_STABLE,UNRESTRICTED_TRANSIT
HYD-BR-04-20260311,BR-04,Kolia Bhomora Setu (Tezpur-Silghat),Brahmaputra,Assam,2026-03-11T00:00:00,61.49,64.0,65.23,8948.0,2.14,0.57,4.2,3.35,NORMAL_STABLE,UNRESTRICTED_TRANSIT
HYD-BR-04-20260312,BR-04,Kolia Bhomora Setu (Tezpur-Silghat),Brahmaputra,Assam,2026-03-12T00:00:00,58.9,64.0,65.23,7283.0,1.57,0.69,4.2,2.1,NORMAL_STABLE,UNRESTRICTED_TRANSIT
HYD-BR-04-20260313,BR-04,Kolia Bhomora Setu (Tezpur-Silghat),Brahmaputra,Assam,2026-03-13T00:00:00,59.61,64.0,65.23,4899.0,1.25,0.78,4.2,4.11,NORMAL_STABLE,UNRESTRICTED_TRANSIT
HYD-BR-04-20260314,BR-04,Kolia Bhomora Setu (Tezpur-Silghat),Brahmaputra,Assam,2026-03-14T00:00:00,59.55,64.0,65.23,9416.0,1.75,0.81,4.2,3.3,NORMAL_STABLE,UNRESTRICTED_TRANSIT
HYD-BR-04-20260315,BR-04,Kolia Bhomora Setu (Tezpur-Silghat),Brahmaputra,Assam,2026-03-15T00:00:00,58.14,64.0,65.23,5891.0,1.34,1.24,4.2,1.86,NORMAL_STABLE,UNRESTRICTED_TRANSIT
HYD-BR-04-20260316,BR-04,Kolia Bhomora Setu (Tezpur-Silghat),Brahmaputra,Assam,2026-03-16T00:00:00,61.27,64.0,65.23,8348.0,1.7,0.79,4.2,3.15,NORMAL_STABLE,UNRESTRICTED_TRANSIT
HYD-BR-04-20260317,BR-04,Kolia Bhomora Setu (Tezpur-Silghat),Brahmaputra,Assam,2026-03-17T00:00:00,58.32,64.0,65.23,8646.0,2.06,0.37,4.2,2.15,NORMAL_STABLE,UNRESTRICTED_TRANSIT
HYD-BR-04-20260318,BR-04,Kolia Bhomora Setu (Tezpur-Silghat),Brahmaputra,Assam,2026-03-18T00:00:00,58.88,64.0,65.23,9233.0,0.85,0.5,4.2,3.74,NORMAL_STABLE,UNRESTRICTED_TRANSIT
HYD-BR-04-20260319,BR-04,Kolia Bhomora Setu (Tezpur-Silghat),Brahmaputra,Assam,2026-03-19T00:00:00,58.63,64.0,65.23,7419.0,0.88,1.37,4.2,3.22,NORMAL_STABLE,UNRESTRICTED_TRANSIT
HYD-BR-04-20260320,BR-04,Kolia Bhomora Setu (Tezpur-Silghat),Brahmaputra,Assam,2026-03-20T00:00:00,59.68,64.0,65.23,12180.0,1.46,0.86,4.2,3.82,NORMAL_STABLE,UNRESTRICTED_TRANSIT
HYD-BR-04-20260321,BR-04,Kolia Bhomora Setu (Tezpur-Silghat),Brahmaputra,Assam,2026-03-21T00:00:00,59.95,64.0,65.23,8302.0,1.89,1.22,4.2,3.75,NORMAL_STABLE,UNRESTRICTED_TRANSIT
HYD-BR-04-20260322,BR-04,Kolia Bhomora Setu (Tezpur-Silghat),Brahmaputra,Assam,2026-03-22T00:00:00,60.3,64.0,65.23,13812.0,1.37,0.57,4.2,2.31,NORMAL_STABLE,UNRESTRICTED_TRANSIT
HYD-BR-04-20260323,BR-04,Kolia Bhomora Setu (Tezpur-Silghat),Brahmaputra,Assam,2026-03-23T00:00:00,61.46,64.0,65.23,13891.0,2.07,1.28,4.2,2.15,NORMAL_STABLE,UNRESTRICTED_TRANSIT
HYD-BR-04-20260324,BR-04,Kolia Bhomora Setu (Tezpur-Silghat),Brahmaputra,Assam,2026-03-24T00:00:00,61.07,64.0,65.23,10911.0,1.55,1.04,4.2,1.51,NORMAL_STABLE,UNRESTRICTED_TRANSIT
HYD-BR-04-20260325,BR-04,Kolia Bhomora Setu (Tezpur-Silghat),Brahmaputra,Assam,2026-03-25T00:00:00,59.49,64.0,65.23,4364.0,1.37,1.28,4.2,2.0,NORMAL_STABLE,UNRESTRICTED_TRANSIT
HYD-BR-04-20260326,BR-04,Kolia Bhomora Setu (Tezpur-Silghat),Brahmaputra,Assam,2026-03-26T00:00:00,58.26,64.0,65.23,6679.0,1.88,0.43,4.2,2.27,NORMAL_STABLE,UNRESTRICTED_TRANSIT
HYD-BR-04-20260327,BR-04,Kolia Bhomora Setu (Tezpur-Silghat),Brahmaputra,Assam,2026-03-27T00:00:00,60.63,64.0,65.23,10980.0,1.85,1.49,4.2,4.12,NORMAL_STABLE,UNRESTRICTED_TRANSIT
HYD-BR-04-20260328,BR-04,Kolia Bhomora Setu (Tezpur-Silghat),Brahmaputra,Assam,2026-03-28T00:00:00,59.61,64.0,65.23,9766.0,1.5,0.92,4.2,3.37,NORMAL_STABLE,UNRESTRICTED_TRANSIT
HYD-BR-04-20260329,BR-04,Kolia Bhomora Setu (Tezpur-Silghat),Brahmaputra,Assam,2026-03-29T00:00:00,60.25,64.0,65.23,13754.0,1.85,0.57,4.2,4.2,NORMAL_STABLE,UNRESTRICTED_TRANSIT
HYD-BR-04-20260330,BR-04,Kolia Bhomora Setu (Tezpur-Silghat),Brahmaputra,Assam,2026-03-30T00:00:00,59.79,64.0,65.23,6312.0,1.83,0.69,4.2,1.95,NORMAL_STABLE,UNRESTRICTED_TRANSIT
HYD-BR-04-20260331,BR-04,Kolia Bhomora Setu (Tezpur-Silghat),Brahmaputra,Assam,2026-03-31T00:00:00,59.01,64.0,65.23,3164.0,1.06,0.34,4.2,3.98,NORMAL_STABLE,UNRESTRICTED_TRANSIT
HYD-BR-04-20260401,BR-04,Kolia Bhomora Setu (Tezpur-Silghat),Brahmaputra,Assam,2026-04-01T00:00:00,61.23,64.0,65.23,9246.0,2.05,0.34,4.2,1.59,NORMAL_STABLE,UNRESTRICTED_TRANSIT
HYD-BR-04-20260402,BR-04,Kolia Bhomora Setu (Tezpur-Silghat),Brahmaputra,Assam,2026-04-02T00:00:00,58.96,64.0,65.23,11724.0,0.91,1.2,4.2,3.96,NORMAL_STABLE,UNRESTRICTED_TRANSIT
HYD-BR-04-20260403,BR-04,Kolia Bhomora Setu (Tezpur-Silghat),Brahmaputra,Assam,2026-04-03T00:00:00,60.97,64.0,65.23,8833.0,1.85,0.52,4.2,2.65,NORMAL_STABLE,UNRESTRICTED_TRANSIT
HYD-BR-04-20260404,BR-04,Kolia Bhomora Setu (Tezpur-Silghat),Brahmaputra,Assam,2026-04-04T00:00:00,61.11,64.0,65.23,7988.0,1.18,0.31,4.2,3.07,NORMAL_STABLE,UNRESTRICTED_TRANSIT
HYD-BR-04-20260405,BR-04,Kolia Bhomora Setu (Tezpur-Silghat),Brahmaputra,Assam,2026-04-05T00:00:00,59.21,64.0,65.23,11462.0,1.62,0.65,4.2,2.72,NORMAL_STABLE,UNRESTRICTED_TRANSIT
HYD-BR-04-20260406,BR-04,Kolia Bhomora Setu (Tezpur-Silghat),Brahmaputra,Assam,2026-04-06T00:00:00,61.36,64.0,65.23,4649.0,1.63,0.85,4.2,2.08,NORMAL_STABLE,UNRESTRICTED_TRANSIT
HYD-BR-04-20260407,BR-04,Kolia Bhomora Setu (Tezpur-Silghat),Brahmaputra,Assam,2026-04-07T00:00:00,60.13,64.0,65.23,4476.0,2.16,0.88,4.2,3.57,NORMAL_STABLE,UNRESTRICTED_TRANSIT
HYD-BR-04-20260408,BR-04,Kolia Bhomora Setu (Tezpur-Silghat),Brahmaputra,Assam,2026-04-08T00:00:00,59.6,64.0,65.23,9545.0,1.88,1.47,4.2,2.86,NORMAL_STABLE,UNRESTRICTED_TRANSIT
HYD-BR-04-20260409,BR-04,Kolia Bhomora Setu (Tezpur-Silghat),Brahmaputra,Assam,2026-04-09T00:00:00,61.1,64.0,65.23,4460.0,1.04,0.97,4.2,3.59,NORMAL_STABLE,UNRESTRICTED_TRANSIT
HYD-BR-04-20260410,BR-04,Kolia Bhomora Setu (Tezpur-Silghat),Brahmaputra,Assam,2026-04-10T00:00:00,58.9,64.0,65.23,5312.0,1.99,1.05,4.2,3.83,NORMAL_STABLE,UNRESTRICTED_TRANSIT
HYD-BR-04-20260411,BR-04,Kolia Bhomora Setu (Tezpur-Silghat),Brahmaputra,Assam,2026-04-11T00:00:00,58.08,64.0,65.23,6901.0,1.54,0.74,4.2,2.45,NORMAL_STABLE,UNRESTRICTED_TRANSIT
HYD-BR-04-20260412,BR-04,Kolia Bhomora Setu (Tezpur-Silghat),Brahmaputra,Assam,2026-04-12T00:00:00,59.57,64.0,65.23,3548.0,1.78,0.72,4.2,2.93,NORMAL_STABLE,UNRESTRICTED_TRANSIT
HYD-BR-04-20260413,BR-04,Kolia Bhomora Setu (Tezpur-Silghat),Brahmaputra,Assam,2026-04-13T00:00:00,60.52,64.0,65.23,4373.0,0.81,0.4,4.2,2.08,NORMAL_STABLE,UNRESTRICTED_TRANSIT
HYD-BR-04-20260414,BR-04,Kolia Bhomora Setu (Tezpur-Silghat),Brahmaputra,Assam,2026-04-14T00:00:00,60.95,64.0,65.23,13885.0,1.12,1.41,4.2,3.98,NORMAL_STABLE,UNRESTRICTED_TRANSIT
HYD-BR-04-20260415,BR-04,Kolia Bhomora Setu (Tezpur-Silghat),Brahmaputra,Assam,2026-04-15T00:00:00,58.67,64.0,65.23,10368.0,0.93,0.41,4.2,3.63,NORMAL_STABLE,UNRESTRICTED_TRANSIT
HYD-BR-04-20260416,BR-04,Kolia Bhomora Setu (Tezpur-Silghat),Brahmaputra,Assam,2026-04-16T00:00:00,59.9,64.0,65.23,8771.0,1.37,1.23,4.2,3.31,NORMAL_STABLE,UNRESTRICTED_TRANSIT
HYD-BR-04-20260417,BR-04,Kolia Bhomora Setu (Tezpur-Silghat),Brahmaputra,Assam,2026-04-17T00:00:00,60.62,64.0,65.23,10958.0,1.94,0.42,4.2,2.36,NORMAL_STABLE,UNRESTRICTED_TRANSIT
HYD-BR-04-20260418,BR-04,Kolia Bhomora Setu (Tezpur-Silghat),Brahmaputra,Assam,2026-04-18T00:00:00,61.13,64.0,65.23,8646.0,1.28,0.71,4.2,2.71,NORMAL_STABLE,UNRESTRICTED_TRANSIT
HYD-BR-04-20260419,BR-04,Kolia Bhomora Setu (Tezpur-Silghat),Brahmaputra,Assam,2026-04-19T00:00:00,60.04,64.0,65.23,11308.0,1.74,0.95,4.2,4.01,NORMAL_STABLE,UNRESTRICTED_TRANSIT
HYD-BR-04-20260420,BR-04,Kolia Bhomora Setu (Tezpur-Silghat),Brahmaputra,Assam,2026-04-20T00:00:00,60.38,64.0,65.23,8586.0,1.22,0.81,4.2,3.62,NORMAL_STABLE,UNRESTRICTED_TRANSIT
HYD-BR-04-20260421,BR-04,Kolia Bhomora Setu (Tezpur-Silghat),Brahmaputra,Assam,2026-04-21T00:00:00,60.93,64.0,65.23,13629.0,1.49,0.89,4.2,4.06,NORMAL_STABLE,UNRESTRICTED_TRANSIT
HYD-BR-04-20260422,BR-04,Kolia Bhomora Setu (Tezpur-Silghat),Brahmaputra,Assam,2026-04-22T00:00:00,58.92,64.0,65.23,4589.0,0.83,0.76,4.2,2.55,NORMAL_STABLE,UNRESTRICTED_TRANSIT
HYD-BR-04-20260423,BR-04,Kolia Bhomora Setu (Tezpur-Silghat),Brahmaputra,Assam,2026-04-23T00:00:00,58.5,64.0,65.23,3133.0,1.72,1.36,4.2,2.11,NORMAL_STABLE,UNRESTRICTED_TRANSIT
HYD-BR-04-20260424,BR-04,Kolia Bhomora Setu (Tezpur-Silghat),Brahmaputra,Assam,2026-04-24T00:00:00,59.91,64.0,65.23,8947.0,0.82,0.95,4.2,2.51,NORMAL_STABLE,UNRESTRICTED_TRANSIT
HYD-BR-04-20260425,BR-04,Kolia Bhomora Setu (Tezpur-Silghat),Brahmaputra,Assam,2026-04-25T00:00:00,61.35,64.0,65.23,4146.0,1.41,0.67,4.2,3.32,NORMAL_STABLE,UNRESTRICTED_TRANSIT
HYD-BR-04-20260426,BR-04,Kolia Bhomora Setu (Tezpur-Silghat),Brahmaputra,Assam,2026-04-26T00:00:00,61.22,64.0,65.23,9412.0,1.74,1.2,4.2,3.42,NORMAL_STABLE,UNRESTRICTED_TRANSIT
HYD-BR-04-20260427,BR-04,Kolia Bhomora Setu (Tezpur-Silghat),Brahmaputra,Assam,2026-04-27T00:00:00,60.92,64.0,65.23,9852.0,1.18,1.31,4.2,3.98,NORMAL_STABLE,UNRESTRICTED_TRANSIT
HYD-BR-04-20260428,BR-04,Kolia Bhomora Setu (Tezpur-Silghat),Brahmaputra,Assam,2026-04-28T00:00:00,59.58,64.0,65.23,11650.0,2.13,0.85,4.2,3.8,NORMAL_STABLE,UNRESTRICTED_TRANSIT
HYD-BR-04-20260429,BR-04,Kolia Bhomora Setu (Tezpur-Silghat),Brahmaputra,Assam,2026-04-29T00:00:00,61.01,64.0,65.23,4584.0,1.56,1.45,4.2,2.43,NORMAL_STABLE,UNRESTRICTED_TRANSIT
HYD-BR-04-20260430,BR-04,Kolia Bhomora Setu (Tezpur-Silghat),Brahmaputra,Assam,2026-04-30T00:00:00,58.07,64.0,65.23,12054.0,1.58,0.39,4.2,1.82,NORMAL_STABLE,UNRESTRICTED_TRANSIT
HYD-BR-04-20260501,BR-04,Kolia Bhomora Setu (Tezpur-Silghat),Brahmaputra,Assam,2026-05-01T00:00:00,59.2,64.0,65.23,9897.0,1.34,0.94,4.2,3.18,NORMAL_STABLE,UNRESTRICTED_TRANSIT
HYD-BR-04-20260502,BR-04,Kolia Bhomora Setu (Tezpur-Silghat),Brahmaputra,Assam,2026-05-02T00:00:00,60.27,64.0,65.23,10323.0,1.8,1.3,4.2,3.7,NORMAL_STABLE,UNRESTRICTED_TRANSIT
HYD-BR-04-20260503,BR-04,Kolia Bhomora Setu (Tezpur-Silghat),Brahmaputra,Assam,2026-05-03T00:00:00,58.59,64.0,65.23,5079.0,0.95,1.44,4.2,2.95,NORMAL_STABLE,UNRESTRICTED_TRANSIT
HYD-BR-04-20260504,BR-04,Kolia Bhomora Setu (Tezpur-Silghat),Brahmaputra,Assam,2026-05-04T00:00:00,59.45,64.0,65.23,3729.0,1.7,0.71,4.2,2.92,NORMAL_STABLE,UNRESTRICTED_TRANSIT
HYD-BR-04-20260505,BR-04,Kolia Bhomora Setu (Tezpur-Silghat),Brahmaputra,Assam,2026-05-05T00:00:00,59.23,64.0,65.23,9121.0,1.23,1.37,4.2,3.08,NORMAL_STABLE,UNRESTRICTED_TRANSIT
HYD-BR-04-20260506,BR-04,Kolia Bhomora Setu (Tezpur-Silghat),Brahmaputra,Assam,2026-05-06T00:00:00,58.89,64.0,65.23,4881.0,2.16,0.86,4.2,3.54,NORMAL_STABLE,UNRESTRICTED_TRANSIT
HYD-BR-04-20260507,BR-04,Kolia Bhomora Setu (Tezpur-Silghat),Brahmaputra,Assam,2026-05-07T00:00:00,61.18,64.0,65.23,5742.0,0.81,0.87,4.2,1.66,NORMAL_STABLE,UNRESTRICTED_TRANSIT
HYD-BR-04-20260508,BR-04,Kolia Bhomora Setu (Tezpur-Silghat),Brahmaputra,Assam,2026-05-08T00:00:00,60.71,64.0,65.23,13516.0,1.74,1.09,4.2,2.93,NORMAL_STABLE,UNRESTRICTED_TRANSIT
HYD-BR-04-20260509,BR-04,Kolia Bhomora Setu (Tezpur-Silghat),Brahmaputra,Assam,2026-05-09T00:00:00,61.14,64.0,65.23,13517.0,1.23,0.75,4.2,2.22,NORMAL_STABLE,UNRESTRICTED_TRANSIT
HYD-BR-04-20260510,BR-04,Kolia Bhomora Setu (Tezpur-Silghat),Brahmaputra,Assam,2026-05-10T00:00:00,60.06,64.0,65.23,11472.0,1.92,1.02,4.2,4.0,NORMAL_STABLE,UNRESTRICTED_TRANSIT
HYD-BR-04-20260511,BR-04,Kolia Bhomora Setu (Tezpur-Silghat),Brahmaputra,Assam,2026-05-11T00:00:00,58.15,64.0,65.23,13535.0,1.32,0.58,4.2,1.91,NORMAL_STABLE,UNRESTRICTED_TRANSIT
HYD-BR-04-20260512,BR-04,Kolia Bhomora Setu (Tezpur-Silghat),Brahmaputra,Assam,2026-05-12T00:00:00,61.27,64.0,65.23,7669.0,1.46,1.29,4.2,2.91,NORMAL_STABLE,UNRESTRICTED_TRANSIT
HYD-BR-04-20260513,BR-04,Kolia Bhomora Setu (Tezpur-Silghat),Brahmaputra,Assam,2026-05-13T00:00:00,60.19,64.0,65.23,4690.0,1.94,1.11,4.2,2.2,NORMAL_STABLE,UNRESTRICTED_TRANSIT
HYD-BR-04-20260514,BR-04,Kolia Bhomora Setu (Tezpur-Silghat),Brahmaputra,Assam,2026-05-14T00:00:00,61.03,64.0,65.23,10798.0,1.45,0.42,4.2,3.47,NORMAL_STABLE,UNRESTRICTED_TRANSIT
HYD-BR-04-20260515,BR-04,Kolia Bhomora Setu (Tezpur-Silghat),Brahmaputra,Assam,2026-05-15T00:00:00,59.23,64.0,65.23,10658.0,1.45,0.32,4.2,3.19,NORMAL_STABLE,UNRESTRICTED_TRANSIT
HYD-BR-04-20260516,BR-04,Kolia Bhomora Setu (Tezpur-Silghat),Brahmaputra,Assam,2026-05-16T00:00:00,59.67,64.0,65.23,10693.0,1.89,0.74,4.2,4.0,NORMAL_STABLE,UNRESTRICTED_TRANSIT
HYD-BR-04-20260517,BR-04,Kolia Bhomora Setu (Tezpur-Silghat),Brahmaputra,Assam,2026-05-17T00:00:00,58.44,64.0,65.23,10329.0,1.64,0.39,4.2,2.42,NORMAL_STABLE,UNRESTRICTED_TRANSIT
HYD-BR-04-20260518,BR-04,Kolia Bhomora Setu (Tezpur-Silghat),Brahmaputra,Assam,2026-05-18T00:00:00,59.99,64.0,65.23,9087.0,2.01,0.97,4.2,3.48,NORMAL_STABLE,UNRESTRICTED_TRANSIT
HYD-BR-04-20260519,BR-04,Kolia Bhomora Setu (Tezpur-Silghat),Brahmaputra,Assam,2026-05-19T00:00:00,59.89,64.0,65.23,10132.0,1.77,1.13,4.2,3.78,NORMAL_STABLE,UNRESTRICTED_TRANSIT
HYD-BR-04-20260520,BR-04,Kolia Bhomora Setu (Tezpur-Silghat),Brahmaputra,Assam,2026-05-20T00:00:00,60.02,64.0,65.23,10041.0,1.43,0.63,4.2,2.12,NORMAL_STABLE,UNRESTRICTED_TRANSIT
HYD-BR-04-20260521,BR-04,Kolia Bhomora Setu (Tezpur-Silghat),Brahmaputra,Assam,2026-05-21T00:00:00,59.18,64.0,65.23,7026.0,1.92,1.28,4.2,4.08,NORMAL_STABLE,UNRESTRICTED_TRANSIT
HYD-BR-04-20260522,BR-04,Kolia Bhomora Setu (Tezpur-Silghat),Brahmaputra,Assam,2026-05-22T00:00:00,58.2,64.0,65.23,8593.0,2.19,0.97,4.2,3.46,NORMAL_STABLE,UNRESTRICTED_TRANSIT
HYD-BR-04-20260523,BR-04,Kolia Bhomora Setu (Tezpur-Silghat),Brahmaputra,Assam,2026-05-23T00:00:00,58.38,64.0,65.23,13140.0,2.09,0.66,4.2,1.9,NORMAL_STABLE,UNRESTRICTED_TRANSIT
HYD-BR-04-20260524,BR-04,Kolia Bhomora Setu (Tezpur-Silghat),Brahmaputra,Assam,2026-05-24T00:00:00,59.07,64.0,65.23,7176.0,1.87,0.84,4.2,1.94,NORMAL_STABLE,UNRESTRICTED_TRANSIT
HYD-BR-04-20260525,BR-04,Kolia Bhomora Setu (Tezpur-Silghat),Brahmaputra,Assam,2026-05-25T00:00:00,58.54,64.0,65.23,11216.0,1.44,0.84,4.2,2.94,NORMAL_STABLE,UNRESTRICTED_TRANSIT
HYD-BR-04-20260526,BR-04,Kolia Bhomora Setu (Tezpur-Silghat),Brahmaputra,Assam,2026-05-26T00:00:00,58.34,64.0,65.23,9975.0,1.78,0.81,4.2,2.79,NORMAL_STABLE,UNRESTRICTED_TRANSIT
HYD-BR-04-20260527,BR-04,Kolia Bhomora Setu (Tezpur-Silghat),Brahmaputra,Assam,2026-05-27T00:00:00,58.55,64.0,65.23,10920.0,1.44,0.37,4.2,2.1,NORMAL_STABLE,UNRESTRICTED_TRANSIT
HYD-BR-04-20260528,BR-04,Kolia Bhomora Setu (Tezpur-Silghat),Brahmaputra,Assam,2026-05-28T00:00:00,59.78,64.0,65.23,13116.0,1.4,0.59,4.2,3.38,NORMAL_STABLE,UNRESTRICTED_TRANSIT
HYD-BR-04-20260529,BR-04,Kolia Bhomora Setu (Tezpur-Silghat),Brahmaputra,Assam,2026-05-29T00:00:00,60.38,64.0,65.23,4194.0,1.88,0.66,4.2,1.57,NORMAL_STABLE,UNRESTRICTED_TRANSIT
HYD-BR-04-20260530,BR-04,Kolia Bhomora Setu (Tezpur-Silghat),Brahmaputra,Assam,2026-05-30T00:00:00,58.75,64.0,65.23,8729.0,1.01,1.28,4.2,2.83,NORMAL_STABLE,UNRESTRICTED_TRANSIT
HYD-BR-04-20260531,BR-04,Kolia Bhomora Setu (Tezpur-Silghat),Brahmaputra,Assam,2026-05-31T00:00:00,59.47,64.0,65.23,4277.0,1.11,1.09,4.2,3.93,NORMAL_STABLE,UNRESTRICTED_TRANSIT
HYD-BR-05-20250601,BR-05,Teesta-V Coronation Suspension Bypass,Teesta,Sikkim / WB,2025-06-01T00:00:00,180.47,180.5,182.4,62273.0,3.35,2.65,4.2,9.83,MODERATE_SCOUR,CAUTION_NO_OVERWEIGHT_FREIGHT
HYD-BR-05-20250602,BR-05,Teesta-V Coronation Suspension Bypass,Teesta,Sikkim / WB,2025-06-02T00:00:00,179.25,180.5,182.4,42299.0,5.74,1.91,4.2,11.88,NORMAL_STABLE,UNRESTRICTED_TRANSIT
HYD-BR-05-20250603,BR-05,Teesta-V Coronation Suspension Bypass,Teesta,Sikkim / WB,2025-06-03T00:00:00,179.62,180.5,182.4,18032.0,4.38,4.22,4.2,10.61,CRITICAL_PIER_EROSION,CLOSED_EMERGENCY_DIVERSION
HYD-BR-05-20250604,BR-05,Teesta-V Coronation Suspension Bypass,Teesta,Sikkim / WB,2025-06-04T00:00:00,180.84,180.5,182.4,55450.0,4.44,4.62,4.2,5.2,CRITICAL_PIER_EROSION,CLOSED_EMERGENCY_DIVERSION
HYD-BR-05-20250605,BR-05,Teesta-V Coronation Suspension Bypass,Teesta,Sikkim / WB,2025-06-05T00:00:00,179.5,180.5,182.4,23341.0,2.8,4.34,4.2,5.49,CRITICAL_PIER_EROSION,CLOSED_EMERGENCY_DIVERSION
HYD-BR-05-20250606,BR-05,Teesta-V Coronation Suspension Bypass,Teesta,Sikkim / WB,2025-06-06T00:00:00,179.4,180.5,182.4,27740.0,4.33,4.39,4.2,9.12,CRITICAL_PIER_EROSION,CLOSED_EMERGENCY_DIVERSION
HYD-BR-05-20250607,BR-05,Teesta-V Coronation Suspension Bypass,Teesta,Sikkim / WB,2025-06-07T00:00:00,182.11,180.5,182.4,44275.0,5.23,3.11,4.2,6.69,HIGH_STRESS_MONITORING,SPEED_LIMIT_15KMH_SINGLE_CONVOY
HYD-BR-05-20250608,BR-05,Teesta-V Coronation Suspension Bypass,Teesta,Sikkim / WB,2025-06-08T00:00:00,182.61,180.5,182.4,64009.0,2.86,4.42,4.2,4.6,CRITICAL_PIER_EROSION,CLOSED_EMERGENCY_DIVERSION
HYD-BR-05-20250609,BR-05,Teesta-V Coronation Suspension Bypass,Teesta,Sikkim / WB,2025-06-09T00:00:00,180.49,180.5,182.4,57273.0,4.71,2.12,4.2,10.48,MODERATE_SCOUR,CAUTION_NO_OVERWEIGHT_FREIGHT
HYD-BR-05-20250610,BR-05,Teesta-V Coronation Suspension Bypass,Teesta,Sikkim / WB,2025-06-10T00:00:00,180.41,180.5,182.4,42473.0,5.38,4.64,4.2,12.72,CRITICAL_PIER_EROSION,CLOSED_EMERGENCY_DIVERSION
HYD-BR-05-20250611,BR-05,Teesta-V Coronation Suspension Bypass,Teesta,Sikkim / WB,2025-06-11T00:00:00,180.28,180.5,182.4,59712.0,5.12,3.56,4.2,10.99,HIGH_STRESS_MONITORING,SPEED_LIMIT_15KMH_SINGLE_CONVOY
HYD-BR-05-20250612,BR-05,Teesta-V Coronation Suspension Bypass,Teesta,Sikkim / WB,2025-06-12T00:00:00,182.33,180.5,182.4,57951.0,3.65,3.65,4.2,4.66,HIGH_STRESS_MONITORING,SPEED_LIMIT_15KMH_SINGLE_CONVOY
HYD-BR-05-20250613,BR-05,Teesta-V Coronation Suspension Bypass,Teesta,Sikkim / WB,2025-06-13T00:00:00,181.15,180.5,182.4,44992.0,4.24,2.49,4.2,5.51,HIGH_STRESS_MONITORING,SPEED_LIMIT_15KMH_SINGLE_CONVOY
HYD-BR-05-20250614,BR-05,Teesta-V Coronation Suspension Bypass,Teesta,Sikkim / WB,2025-06-14T00:00:00,182.53,180.5,182.4,48986.0,4.74,4.56,4.2,9.99,CRITICAL_PIER_EROSION,CLOSED_EMERGENCY_DIVERSION
HYD-BR-05-20250615,BR-05,Teesta-V Coronation Suspension Bypass,Teesta,Sikkim / WB,2025-06-15T00:00:00,180.91,180.5,182.4,63907.0,3.75,2.87,4.2,7.92,HIGH_STRESS_MONITORING,SPEED_LIMIT_15KMH_SINGLE_CONVOY
HYD-BR-05-20250616,BR-05,Teesta-V Coronation Suspension Bypass,Teesta,Sikkim / WB,2025-06-16T00:00:00,180.64,180.5,182.4,27643.0,3.11,4.25,4.2,8.26,CRITICAL_PIER_EROSION,CLOSED_EMERGENCY_DIVERSION
HYD-BR-05-20250617,BR-05,Teesta-V Coronation Suspension Bypass,Teesta,Sikkim / WB,2025-06-17T00:00:00,180.45,180.5,182.4,33563.0,3.43,4.35,4.2,10.59,CRITICAL_PIER_EROSION,CLOSED_EMERGENCY_DIVERSION
HYD-BR-05-20250618,BR-05,Teesta-V Coronation Suspension Bypass,Teesta,Sikkim / WB,2025-06-18T00:00:00,181.95,180.5,182.4,42698.0,5.98,2.17,4.2,10.85,HIGH_STRESS_MONITORING,SPEED_LIMIT_15KMH_SINGLE_CONVOY
HYD-BR-05-20250619,BR-05,Teesta-V Coronation Suspension Bypass,Teesta,Sikkim / WB,2025-06-19T00:00:00,182.19,180.5,182.4,34423.0,3.05,2.11,4.2,12.63,HIGH_STRESS_MONITORING,SPEED_LIMIT_15KMH_SINGLE_CONVOY
HYD-BR-05-20250620,BR-05,Teesta-V Coronation Suspension Bypass,Teesta,Sikkim / WB,2025-06-20T00:00:00,179.39,180.5,182.4,41292.0,4.55,1.72,4.2,9.17,NORMAL_STABLE,UNRESTRICTED_TRANSIT
HYD-BR-05-20250621,BR-05,Teesta-V Coronation Suspension Bypass,Teesta,Sikkim / WB,2025-06-21T00:00:00,179.13,180.5,182.4,26334.0,4.28,3.93,4.2,8.33,HIGH_STRESS_MONITORING,SPEED_LIMIT_15KMH_SINGLE_CONVOY
HYD-BR-05-20250622,BR-05,Teesta-V Coronation Suspension Bypass,Teesta,Sikkim / WB,2025-06-22T00:00:00,181.28,180.5,182.4,39638.0,2.72,2.94,4.2,5.69,HIGH_STRESS_MONITORING,SPEED_LIMIT_15KMH_SINGLE_CONVOY
HYD-BR-05-20250623,BR-05,Teesta-V Coronation Suspension Bypass,Teesta,Sikkim / WB,2025-06-23T00:00:00,180.27,180.5,182.4,65144.0,5.31,3.31,4.2,9.07,HIGH_STRESS_MONITORING,SPEED_LIMIT_15KMH_SINGLE_CONVOY
HYD-BR-05-20250624,BR-05,Teesta-V Coronation Suspension Bypass,Teesta,Sikkim / WB,2025-06-24T00:00:00,179.73,180.5,182.4,22454.0,3.25,4.68,4.2,11.35,CRITICAL_PIER_EROSION,CLOSED_EMERGENCY_DIVERSION
HYD-BR-05-20250625,BR-05,Teesta-V Coronation Suspension Bypass,Teesta,Sikkim / WB,2025-06-25T00:00:00,180.34,180.5,182.4,56727.0,2.7,2.04,4.2,7.58,MODERATE_SCOUR,CAUTION_NO_OVERWEIGHT_FREIGHT
HYD-BR-05-20250626,BR-05,Teesta-V Coronation Suspension Bypass,Teesta,Sikkim / WB,2025-06-26T00:00:00,180.93,180.5,182.4,18297.0,5.98,2.25,4.2,9.23,HIGH_STRESS_MONITORING,SPEED_LIMIT_15KMH_SINGLE_CONVOY
HYD-BR-05-20250627,BR-05,Teesta-V Coronation Suspension Bypass,Teesta,Sikkim / WB,2025-06-27T00:00:00,179.89,180.5,182.4,57253.0,5.12,1.4,4.2,11.94,NORMAL_STABLE,UNRESTRICTED_TRANSIT
HYD-BR-05-20250628,BR-05,Teesta-V Coronation Suspension Bypass,Teesta,Sikkim / WB,2025-06-28T00:00:00,179.29,180.5,182.4,39862.0,5.62,2.04,4.2,7.74,MODERATE_SCOUR,CAUTION_NO_OVERWEIGHT_FREIGHT
HYD-BR-05-20250629,BR-05,Teesta-V Coronation Suspension Bypass,Teesta,Sikkim / WB,2025-06-29T00:00:00,181.51,180.5,182.4,19569.0,3.51,1.72,4.2,9.62,HIGH_STRESS_MONITORING,SPEED_LIMIT_15KMH_SINGLE_CONVOY
HYD-BR-05-20250630,BR-05,Teesta-V Coronation Suspension Bypass,Teesta,Sikkim / WB,2025-06-30T00:00:00,181.1,180.5,182.4,42916.0,4.9,2.34,4.2,8.58,HIGH_STRESS_MONITORING,SPEED_LIMIT_15KMH_SINGLE_CONVOY
HYD-BR-05-20250701,BR-05,Teesta-V Coronation Suspension Bypass,Teesta,Sikkim / WB,2025-07-01T00:00:00,180.37,180.5,182.4,22643.0,4.14,3.42,4.2,7.02,HIGH_STRESS_MONITORING,SPEED_LIMIT_15KMH_SINGLE_CONVOY
HYD-BR-05-20250702,BR-05,Teesta-V Coronation Suspension Bypass,Teesta,Sikkim / WB,2025-07-02T00:00:00,182.1,180.5,182.4,25552.0,4.15,2.65,4.2,7.43,HIGH_STRESS_MONITORING,SPEED_LIMIT_15KMH_SINGLE_CONVOY
HYD-BR-05-20250703,BR-05,Teesta-V Coronation Suspension Bypass,Teesta,Sikkim / WB,2025-07-03T00:00:00,180.06,180.5,182.4,56218.0,3.13,2.52,4.2,9.63,MODERATE_SCOUR,CAUTION_NO_OVERWEIGHT_FREIGHT
HYD-BR-05-20250704,BR-05,Teesta-V Coronation Suspension Bypass,Teesta,Sikkim / WB,2025-07-04T00:00:00,179.18,180.5,182.4,46081.0,5.87,3.32,4.2,7.72,HIGH_STRESS_MONITORING,SPEED_LIMIT_15KMH_SINGLE_CONVOY
HYD-BR-05-20250705,BR-05,Teesta-V Coronation Suspension Bypass,Teesta,Sikkim / WB,2025-07-05T00:00:00,182.0,180.5,182.4,25526.0,5.17,4.69,4.2,6.08,CRITICAL_PIER_EROSION,CLOSED_EMERGENCY_DIVERSION
HYD-BR-05-20250706,BR-05,Teesta-V Coronation Suspension Bypass,Teesta,Sikkim / WB,2025-07-06T00:00:00,181.83,180.5,182.4,55096.0,5.81,2.53,4.2,9.93,HIGH_STRESS_MONITORING,SPEED_LIMIT_15KMH_SINGLE_CONVOY
HYD-BR-05-20250707,BR-05,Teesta-V Coronation Suspension Bypass,Teesta,Sikkim / WB,2025-07-07T00:00:00,182.53,180.5,182.4,35552.0,5.0,1.37,4.2,10.75,CRITICAL_PIER_EROSION,CLOSED_EMERGENCY_DIVERSION
HYD-BR-05-20250708,BR-05,Teesta-V Coronation Suspension Bypass,Teesta,Sikkim / WB,2025-07-08T00:00:00,179.24,180.5,182.4,67329.0,3.17,2.7,4.2,10.87,MODERATE_SCOUR,CAUTION_NO_OVERWEIGHT_FREIGHT
HYD-BR-05-20250709,BR-05,Teesta-V Coronation Suspension Bypass,Teesta,Sikkim / WB,2025-07-09T00:00:00,181.44,180.5,182.4,55728.0,4.1,2.19,4.2,7.17,HIGH_STRESS_MONITORING,SPEED_LIMIT_15KMH_SINGLE_CONVOY
HYD-BR-05-20250710,BR-05,Teesta-V Coronation Suspension Bypass,Teesta,Sikkim / WB,2025-07-10T00:00:00,179.03,180.5,182.4,16750.0,5.04,4.05,4.2,7.93,HIGH_STRESS_MONITORING,SPEED_LIMIT_15KMH_SINGLE_CONVOY
HYD-BR-05-20250711,BR-05,Teesta-V Coronation Suspension Bypass,Teesta,Sikkim / WB,2025-07-11T00:00:00,181.29,180.5,182.4,36197.0,4.4,2.09,4.2,9.61,HIGH_STRESS_MONITORING,SPEED_LIMIT_15KMH_SINGLE_CONVOY
HYD-BR-05-20250712,BR-05,Teesta-V Coronation Suspension Bypass,Teesta,Sikkim / WB,2025-07-12T00:00:00,181.13,180.5,182.4,20962.0,3.51,3.12,4.2,10.04,HIGH_STRESS_MONITORING,SPEED_LIMIT_15KMH_SINGLE_CONVOY
HYD-BR-05-20250713,BR-05,Teesta-V Coronation Suspension Bypass,Teesta,Sikkim / WB,2025-07-13T00:00:00,182.14,180.5,182.4,17968.0,5.54,4.51,4.2,7.51,CRITICAL_PIER_EROSION,CLOSED_EMERGENCY_DIVERSION
HYD-BR-05-20250714,BR-05,Teesta-V Coronation Suspension Bypass,Teesta,Sikkim / WB,2025-07-14T00:00:00,182.18,180.5,182.4,28792.0,2.99,1.75,4.2,12.28,HIGH_STRESS_MONITORING,SPEED_LIMIT_15KMH_SINGLE_CONVOY
HYD-BR-05-20250715,BR-05,Teesta-V Coronation Suspension Bypass,Teesta,Sikkim / WB,2025-07-15T00:00:00,181.93,180.5,182.4,45632.0,4.68,1.53,4.2,4.99,HIGH_STRESS_MONITORING,SPEED_LIMIT_15KMH_SINGLE_CONVOY
HYD-BR-05-20250716,BR-05,Teesta-V Coronation Suspension Bypass,Teesta,Sikkim / WB,2025-07-16T00:00:00,180.0,180.5,182.4,18713.0,3.74,3.62,4.2,10.93,HIGH_STRESS_MONITORING,SPEED_LIMIT_15KMH_SINGLE_CONVOY
HYD-BR-05-20250717,BR-05,Teesta-V Coronation Suspension Bypass,Teesta,Sikkim / WB,2025-07-17T00:00:00,181.08,180.5,182.4,44663.0,3.1,1.35,4.2,12.25,HIGH_STRESS_MONITORING,SPEED_LIMIT_15KMH_SINGLE_CONVOY
HYD-BR-05-20250718,BR-05,Teesta-V Coronation Suspension Bypass,Teesta,Sikkim / WB,2025-07-18T00:00:00,181.47,180.5,182.4,22324.0,4.82,4.6,4.2,5.33,CRITICAL_PIER_EROSION,CLOSED_EMERGENCY_DIVERSION
HYD-BR-05-20250719,BR-05,Teesta-V Coronation Suspension Bypass,Teesta,Sikkim / WB,2025-07-19T00:00:00,181.28,180.5,182.4,43233.0,4.68,1.82,4.2,4.99,HIGH_STRESS_MONITORING,SPEED_LIMIT_15KMH_SINGLE_CONVOY
HYD-BR-05-20250720,BR-05,Teesta-V Coronation Suspension Bypass,Teesta,Sikkim / WB,2025-07-20T00:00:00,179.76,180.5,182.4,25339.0,4.79,3.44,4.2,7.14,HIGH_STRESS_MONITORING,SPEED_LIMIT_15KMH_SINGLE_CONVOY
HYD-BR-05-20250721,BR-05,Teesta-V Coronation Suspension Bypass,Teesta,Sikkim / WB,2025-07-21T00:00:00,181.69,180.5,182.4,64663.0,3.11,3.21,4.2,7.91,HIGH_STRESS_MONITORING,SPEED_LIMIT_15KMH_SINGLE_CONVOY
HYD-BR-05-20250722,BR-05,Teesta-V Coronation Suspension Bypass,Teesta,Sikkim / WB,2025-07-22T00:00:00,181.45,180.5,182.4,52869.0,4.72,1.89,4.2,5.32,HIGH_STRESS_MONITORING,SPEED_LIMIT_15KMH_SINGLE_CONVOY
HYD-BR-05-20250723,BR-05,Teesta-V Coronation Suspension Bypass,Teesta,Sikkim / WB,2025-07-23T00:00:00,180.15,180.5,182.4,20049.0,5.69,2.21,4.2,8.66,MODERATE_SCOUR,CAUTION_NO_OVERWEIGHT_FREIGHT
HYD-BR-05-20250724,BR-05,Teesta-V Coronation Suspension Bypass,Teesta,Sikkim / WB,2025-07-24T00:00:00,182.58,180.5,182.4,42967.0,4.65,3.08,4.2,12.24,CRITICAL_PIER_EROSION,CLOSED_EMERGENCY_DIVERSION
HYD-BR-05-20250725,BR-05,Teesta-V Coronation Suspension Bypass,Teesta,Sikkim / WB,2025-07-25T00:00:00,179.79,180.5,182.4,65345.0,2.92,4.12,4.2,8.11,HIGH_STRESS_MONITORING,SPEED_LIMIT_15KMH_SINGLE_CONVOY
HYD-BR-05-20250726,BR-05,Teesta-V Coronation Suspension Bypass,Teesta,Sikkim / WB,2025-07-26T00:00:00,179.77,180.5,182.4,28730.0,5.66,3.07,4.2,9.88,HIGH_STRESS_MONITORING,SPEED_LIMIT_15KMH_SINGLE_CONVOY
HYD-BR-05-20250727,BR-05,Teesta-V Coronation Suspension Bypass,Teesta,Sikkim / WB,2025-07-27T00:00:00,182.65,180.5,182.4,50539.0,5.74,3.37,4.2,10.88,CRITICAL_PIER_EROSION,CLOSED_EMERGENCY_DIVERSION
HYD-BR-05-20250728,BR-05,Teesta-V Coronation Suspension Bypass,Teesta,Sikkim / WB,2025-07-28T00:00:00,181.48,180.5,182.4,57368.0,3.72,4.02,4.2,7.18,HIGH_STRESS_MONITORING,SPEED_LIMIT_15KMH_SINGLE_CONVOY
HYD-BR-05-20250729,BR-05,Teesta-V Coronation Suspension Bypass,Teesta,Sikkim / WB,2025-07-29T00:00:00,179.32,180.5,182.4,54677.0,4.14,2.01,4.2,4.84,MODERATE_SCOUR,CAUTION_NO_OVERWEIGHT_FREIGHT
HYD-BR-05-20250730,BR-05,Teesta-V Coronation Suspension Bypass,Teesta,Sikkim / WB,2025-07-30T00:00:00,181.06,180.5,182.4,66932.0,4.42,3.07,4.2,7.9,HIGH_STRESS_MONITORING,SPEED_LIMIT_15KMH_SINGLE_CONVOY
HYD-BR-05-20250731,BR-05,Teesta-V Coronation Suspension Bypass,Teesta,Sikkim / WB,2025-07-31T00:00:00,181.24,180.5,182.4,24032.0,3.18,2.9,4.2,4.58,HIGH_STRESS_MONITORING,SPEED_LIMIT_15KMH_SINGLE_CONVOY
HYD-BR-05-20250801,BR-05,Teesta-V Coronation Suspension Bypass,Teesta,Sikkim / WB,2025-08-01T00:00:00,181.38,180.5,182.4,26220.0,5.16,1.42,4.2,8.15,HIGH_STRESS_MONITORING,SPEED_LIMIT_15KMH_SINGLE_CONVOY
HYD-BR-05-20250802,BR-05,Teesta-V Coronation Suspension Bypass,Teesta,Sikkim / WB,2025-08-02T00:00:00,179.47,180.5,182.4,55114.0,5.51,3.36,4.2,8.05,HIGH_STRESS_MONITORING,SPEED_LIMIT_15KMH_SINGLE_CONVOY
HYD-BR-05-20250803,BR-05,Teesta-V Coronation Suspension Bypass,Teesta,Sikkim / WB,2025-08-03T00:00:00,182.07,180.5,182.4,61404.0,4.74,2.71,4.2,12.64,HIGH_STRESS_MONITORING,SPEED_LIMIT_15KMH_SINGLE_CONVOY
HYD-BR-05-20250804,BR-05,Teesta-V Coronation Suspension Bypass,Teesta,Sikkim / WB,2025-08-04T00:00:00,181.51,180.5,182.4,63598.0,6.08,3.68,4.2,7.15,HIGH_STRESS_MONITORING,SPEED_LIMIT_15KMH_SINGLE_CONVOY
HYD-BR-05-20250805,BR-05,Teesta-V Coronation Suspension Bypass,Teesta,Sikkim / WB,2025-08-05T00:00:00,181.46,180.5,182.4,22274.0,4.09,4.59,4.2,10.51,CRITICAL_PIER_EROSION,CLOSED_EMERGENCY_DIVERSION
HYD-BR-05-20250806,BR-05,Teesta-V Coronation Suspension Bypass,Teesta,Sikkim / WB,2025-08-06T00:00:00,181.65,180.5,182.4,55969.0,3.56,2.46,4.2,7.81,HIGH_STRESS_MONITORING,SPEED_LIMIT_15KMH_SINGLE_CONVOY
HYD-BR-05-20250807,BR-05,Teesta-V Coronation Suspension Bypass,Teesta,Sikkim / WB,2025-08-07T00:00:00,182.44,180.5,182.4,15982.0,3.03,3.48,4.2,5.39,CRITICAL_PIER_EROSION,CLOSED_EMERGENCY_DIVERSION
HYD-BR-05-20250808,BR-05,Teesta-V Coronation Suspension Bypass,Teesta,Sikkim / WB,2025-08-08T00:00:00,181.82,180.5,182.4,56321.0,5.03,2.58,4.2,10.79,HIGH_STRESS_MONITORING,SPEED_LIMIT_15KMH_SINGLE_CONVOY
HYD-BR-05-20250809,BR-05,Teesta-V Coronation Suspension Bypass,Teesta,Sikkim / WB,2025-08-09T00:00:00,181.16,180.5,182.4,19684.0,4.35,2.38,4.2,12.78,HIGH_STRESS_MONITORING,SPEED_LIMIT_15KMH_SINGLE_CONVOY
HYD-BR-05-20250810,BR-05,Teesta-V Coronation Suspension Bypass,Teesta,Sikkim / WB,2025-08-10T00:00:00,181.89,180.5,182.4,61809.0,5.5,3.78,4.2,6.28,HIGH_STRESS_MONITORING,SPEED_LIMIT_15KMH_SINGLE_CONVOY
HYD-BR-05-20250811,BR-05,Teesta-V Coronation Suspension Bypass,Teesta,Sikkim / WB,2025-08-11T00:00:00,181.95,180.5,182.4,27711.0,5.78,1.86,4.2,9.69,HIGH_STRESS_MONITORING,SPEED_LIMIT_15KMH_SINGLE_CONVOY
HYD-BR-05-20250812,BR-05,Teesta-V Coronation Suspension Bypass,Teesta,Sikkim / WB,2025-08-12T00:00:00,181.78,180.5,182.4,16790.0,5.92,1.25,4.2,8.24,HIGH_STRESS_MONITORING,SPEED_LIMIT_15KMH_SINGLE_CONVOY
HYD-BR-05-20250813,BR-05,Teesta-V Coronation Suspension Bypass,Teesta,Sikkim / WB,2025-08-13T00:00:00,181.88,180.5,182.4,28962.0,5.91,4.09,4.2,9.71,HIGH_STRESS_MONITORING,SPEED_LIMIT_15KMH_SINGLE_CONVOY
HYD-BR-05-20250814,BR-05,Teesta-V Coronation Suspension Bypass,Teesta,Sikkim / WB,2025-08-14T00:00:00,180.97,180.5,182.4,52278.0,6.12,1.81,4.2,11.28,HIGH_STRESS_MONITORING,SPEED_LIMIT_15KMH_SINGLE_CONVOY
HYD-BR-05-20250815,BR-05,Teesta-V Coronation Suspension Bypass,Teesta,Sikkim / WB,2025-08-15T00:00:00,179.18,180.5,182.4,62164.0,5.7,4.36,4.2,10.87,CRITICAL_PIER_EROSION,CLOSED_EMERGENCY_DIVERSION
HYD-BR-05-20250816,BR-05,Teesta-V Coronation Suspension Bypass,Teesta,Sikkim / WB,2025-08-16T00:00:00,181.48,180.5,182.4,37283.0,5.24,4.73,4.2,5.46,CRITICAL_PIER_EROSION,CLOSED_EMERGENCY_DIVERSION
HYD-BR-05-20250817,BR-05,Teesta-V Coronation Suspension Bypass,Teesta,Sikkim / WB,2025-08-17T00:00:00,179.73,180.5,182.4,62490.0,4.41,2.82,4.2,7.63,MODERATE_SCOUR,CAUTION_NO_OVERWEIGHT_FREIGHT
HYD-BR-05-20250818,BR-05,Teesta-V Coronation Suspension Bypass,Teesta,Sikkim / WB,2025-08-18T00:00:00,182.59,180.5,182.4,20353.0,3.44,3.15,4.2,11.32,CRITICAL_PIER_EROSION,CLOSED_EMERGENCY_DIVERSION
HYD-BR-05-20250819,BR-05,Teesta-V Coronation Suspension Bypass,Teesta,Sikkim / WB,2025-08-19T00:00:00,180.32,180.5,182.4,61498.0,3.01,4.78,4.2,12.33,CRITICAL_PIER_EROSION,CLOSED_EMERGENCY_DIVERSION
HYD-BR-05-20250820,BR-05,Teesta-V Coronation Suspension Bypass,Teesta,Sikkim / WB,2025-08-20T00:00:00,181.79,180.5,182.4,30514.0,4.15,3.7,4.2,7.63,HIGH_STRESS_MONITORING,SPEED_LIMIT_15KMH_SINGLE_CONVOY
HYD-BR-05-20250821,BR-05,Teesta-V Coronation Suspension Bypass,Teesta,Sikkim / WB,2025-08-21T00:00:00,179.33,180.5,182.4,42426.0,3.56,4.69,4.2,9.84,CRITICAL_PIER_EROSION,CLOSED_EMERGENCY_DIVERSION
HYD-BR-05-20250822,BR-05,Teesta-V Coronation Suspension Bypass,Teesta,Sikkim / WB,2025-08-22T00:00:00,181.01,180.5,182.4,33470.0,4.14,1.51,4.2,8.49,HIGH_STRESS_MONITORING,SPEED_LIMIT_15KMH_SINGLE_CONVOY
HYD-BR-05-20250823,BR-05,Teesta-V Coronation Suspension Bypass,Teesta,Sikkim / WB,2025-08-23T00:00:00,181.71,180.5,182.4,40241.0,4.9,3.24,4.2,6.73,HIGH_STRESS_MONITORING,SPEED_LIMIT_15KMH_SINGLE_CONVOY
HYD-BR-05-20250824,BR-05,Teesta-V Coronation Suspension Bypass,Teesta,Sikkim / WB,2025-08-24T00:00:00,179.39,180.5,182.4,43858.0,5.67,2.27,4.2,4.94,MODERATE_SCOUR,CAUTION_NO_OVERWEIGHT_FREIGHT
HYD-BR-05-20250825,BR-05,Teesta-V Coronation Suspension Bypass,Teesta,Sikkim / WB,2025-08-25T00:00:00,182.06,180.5,182.4,16025.0,5.97,3.39,4.2,6.43,HIGH_STRESS_MONITORING,SPEED_LIMIT_15KMH_SINGLE_CONVOY
HYD-BR-05-20250826,BR-05,Teesta-V Coronation Suspension Bypass,Teesta,Sikkim / WB,2025-08-26T00:00:00,181.81,180.5,182.4,32538.0,3.01,1.85,4.2,6.53,HIGH_STRESS_MONITORING,SPEED_LIMIT_15KMH_SINGLE_CONVOY
HYD-BR-05-20250827,BR-05,Teesta-V Coronation Suspension Bypass,Teesta,Sikkim / WB,2025-08-27T00:00:00,182.23,180.5,182.4,33961.0,3.71,3.48,4.2,5.29,HIGH_STRESS_MONITORING,SPEED_LIMIT_15KMH_SINGLE_CONVOY
HYD-BR-05-20250828,BR-05,Teesta-V Coronation Suspension Bypass,Teesta,Sikkim / WB,2025-08-28T00:00:00,179.77,180.5,182.4,44444.0,3.02,2.7,4.2,7.76,MODERATE_SCOUR,CAUTION_NO_OVERWEIGHT_FREIGHT
HYD-BR-05-20250829,BR-05,Teesta-V Coronation Suspension Bypass,Teesta,Sikkim / WB,2025-08-29T00:00:00,182.67,180.5,182.4,66055.0,3.41,3.12,4.2,6.82,CRITICAL_PIER_EROSION,CLOSED_EMERGENCY_DIVERSION
HYD-BR-05-20250830,BR-05,Teesta-V Coronation Suspension Bypass,Teesta,Sikkim / WB,2025-08-30T00:00:00,181.83,180.5,182.4,34416.0,3.38,4.21,4.2,10.76,CRITICAL_PIER_EROSION,CLOSED_EMERGENCY_DIVERSION
HYD-BR-05-20250831,BR-05,Teesta-V Coronation Suspension Bypass,Teesta,Sikkim / WB,2025-08-31T00:00:00,181.13,180.5,182.4,26721.0,3.29,4.35,4.2,7.9,CRITICAL_PIER_EROSION,CLOSED_EMERGENCY_DIVERSION
HYD-BR-05-20250901,BR-05,Teesta-V Coronation Suspension Bypass,Teesta,Sikkim / WB,2025-09-01T00:00:00,181.15,180.5,182.4,61070.0,4.34,3.79,4.2,8.26,HIGH_STRESS_MONITORING,SPEED_LIMIT_15KMH_SINGLE_CONVOY
HYD-BR-05-20250902,BR-05,Teesta-V Coronation Suspension Bypass,Teesta,Sikkim / WB,2025-09-02T00:00:00,181.03,180.5,182.4,35552.0,5.37,2.64,4.2,6.84,HIGH_STRESS_MONITORING,SPEED_LIMIT_15KMH_SINGLE_CONVOY
HYD-BR-05-20250903,BR-05,Teesta-V Coronation Suspension Bypass,Teesta,Sikkim / WB,2025-09-03T00:00:00,180.29,180.5,182.4,65650.0,4.69,4.11,4.2,6.03,HIGH_STRESS_MONITORING,SPEED_LIMIT_15KMH_SINGLE_CONVOY
HYD-BR-05-20250904,BR-05,Teesta-V Coronation Suspension Bypass,Teesta,Sikkim / WB,2025-09-04T00:00:00,179.24,180.5,182.4,34238.0,3.66,1.66,4.2,7.68,NORMAL_STABLE,UNRESTRICTED_TRANSIT
HYD-BR-05-20250905,BR-05,Teesta-V Coronation Suspension Bypass,Teesta,Sikkim / WB,2025-09-05T00:00:00,180.92,180.5,182.4,48909.0,4.8,2.48,4.2,5.59,HIGH_STRESS_MONITORING,SPEED_LIMIT_15KMH_SINGLE_CONVOY
HYD-BR-05-20250906,BR-05,Teesta-V Coronation Suspension Bypass,Teesta,Sikkim / WB,2025-09-06T00:00:00,181.33,180.5,182.4,21389.0,4.4,1.71,4.2,5.89,HIGH_STRESS_MONITORING,SPEED_LIMIT_15KMH_SINGLE_CONVOY
HYD-BR-05-20250907,BR-05,Teesta-V Coronation Suspension Bypass,Teesta,Sikkim / WB,2025-09-07T00:00:00,180.04,180.5,182.4,54881.0,3.74,3.86,4.2,12.47,HIGH_STRESS_MONITORING,SPEED_LIMIT_15KMH_SINGLE_CONVOY
HYD-BR-05-20250908,BR-05,Teesta-V Coronation Suspension Bypass,Teesta,Sikkim / WB,2025-09-08T00:00:00,180.66,180.5,182.4,19623.0,4.21,4.51,4.2,6.46,CRITICAL_PIER_EROSION,CLOSED_EMERGENCY_DIVERSION
HYD-BR-05-20250909,BR-05,Teesta-V Coronation Suspension Bypass,Teesta,Sikkim / WB,2025-09-09T00:00:00,181.72,180.5,182.4,53290.0,5.35,1.79,4.2,9.07,HIGH_STRESS_MONITORING,SPEED_LIMIT_15KMH_SINGLE_CONVOY
HYD-BR-05-20250910,BR-05,Teesta-V Coronation Suspension Bypass,Teesta,Sikkim / WB,2025-09-10T00:00:00,181.59,180.5,182.4,67220.0,5.55,4.64,4.2,11.97,CRITICAL_PIER_EROSION,CLOSED_EMERGENCY_DIVERSION
HYD-BR-05-20250911,BR-05,Teesta-V Coronation Suspension Bypass,Teesta,Sikkim / WB,2025-09-11T00:00:00,181.57,180.5,182.4,39106.0,5.75,4.29,4.2,9.69,CRITICAL_PIER_EROSION,CLOSED_EMERGENCY_DIVERSION
HYD-BR-05-20250912,BR-05,Teesta-V Coronation Suspension Bypass,Teesta,Sikkim / WB,2025-09-12T00:00:00,179.1,180.5,182.4,43913.0,6.08,1.49,4.2,7.13,NORMAL_STABLE,UNRESTRICTED_TRANSIT
HYD-BR-05-20250913,BR-05,Teesta-V Coronation Suspension Bypass,Teesta,Sikkim / WB,2025-09-13T00:00:00,181.9,180.5,182.4,46918.0,3.1,4.28,4.2,4.8,CRITICAL_PIER_EROSION,CLOSED_EMERGENCY_DIVERSION
HYD-BR-05-20250914,BR-05,Teesta-V Coronation Suspension Bypass,Teesta,Sikkim / WB,2025-09-14T00:00:00,182.17,180.5,182.4,54678.0,6.18,2.25,4.2,5.38,HIGH_STRESS_MONITORING,SPEED_LIMIT_15KMH_SINGLE_CONVOY
HYD-BR-05-20250915,BR-05,Teesta-V Coronation Suspension Bypass,Teesta,Sikkim / WB,2025-09-15T00:00:00,182.32,180.5,182.4,15093.0,3.64,4.68,4.2,5.15,CRITICAL_PIER_EROSION,CLOSED_EMERGENCY_DIVERSION
HYD-BR-05-20250916,BR-05,Teesta-V Coronation Suspension Bypass,Teesta,Sikkim / WB,2025-09-16T00:00:00,182.44,180.5,182.4,38487.0,2.63,2.48,4.2,6.92,CRITICAL_PIER_EROSION,CLOSED_EMERGENCY_DIVERSION
HYD-BR-05-20250917,BR-05,Teesta-V Coronation Suspension Bypass,Teesta,Sikkim / WB,2025-09-17T00:00:00,179.67,180.5,182.4,39555.0,2.96,2.57,4.2,12.58,MODERATE_SCOUR,CAUTION_NO_OVERWEIGHT_FREIGHT
HYD-BR-05-20250918,BR-05,Teesta-V Coronation Suspension Bypass,Teesta,Sikkim / WB,2025-09-18T00:00:00,180.36,180.5,182.4,66524.0,4.19,3.7,4.2,4.5,HIGH_STRESS_MONITORING,SPEED_LIMIT_15KMH_SINGLE_CONVOY
HYD-BR-05-20250919,BR-05,Teesta-V Coronation Suspension Bypass,Teesta,Sikkim / WB,2025-09-19T00:00:00,180.96,180.5,182.4,61075.0,3.07,2.29,4.2,12.68,HIGH_STRESS_MONITORING,SPEED_LIMIT_15KMH_SINGLE_CONVOY
HYD-BR-05-20250920,BR-05,Teesta-V Coronation Suspension Bypass,Teesta,Sikkim / WB,2025-09-20T00:00:00,179.4,180.5,182.4,22486.0,3.71,3.33,4.2,12.41,HIGH_STRESS_MONITORING,SPEED_LIMIT_15KMH_SINGLE_CONVOY
HYD-BR-05-20250921,BR-05,Teesta-V Coronation Suspension Bypass,Teesta,Sikkim / WB,2025-09-21T00:00:00,179.25,180.5,182.4,23293.0,5.48,1.27,4.2,11.29,NORMAL_STABLE,UNRESTRICTED_TRANSIT
HYD-BR-05-20250922,BR-05,Teesta-V Coronation Suspension Bypass,Teesta,Sikkim / WB,2025-09-22T00:00:00,180.71,180.5,182.4,28287.0,2.53,2.64,4.2,7.94,HIGH_STRESS_MONITORING,SPEED_LIMIT_15KMH_SINGLE_CONVOY
HYD-BR-05-20250923,BR-05,Teesta-V Coronation Suspension Bypass,Teesta,Sikkim / WB,2025-09-23T00:00:00,182.14,180.5,182.4,31534.0,6.18,4.53,4.2,11.43,CRITICAL_PIER_EROSION,CLOSED_EMERGENCY_DIVERSION
HYD-BR-05-20250924,BR-05,Teesta-V Coronation Suspension Bypass,Teesta,Sikkim / WB,2025-09-24T00:00:00,181.65,180.5,182.4,28213.0,5.42,4.53,4.2,10.08,CRITICAL_PIER_EROSION,CLOSED_EMERGENCY_DIVERSION
HYD-BR-05-20250925,BR-05,Teesta-V Coronation Suspension Bypass,Teesta,Sikkim / WB,2025-09-25T00:00:00,179.11,180.5,182.4,55772.0,5.09,4.58,4.2,5.98,CRITICAL_PIER_EROSION,CLOSED_EMERGENCY_DIVERSION
HYD-BR-05-20250926,BR-05,Teesta-V Coronation Suspension Bypass,Teesta,Sikkim / WB,2025-09-26T00:00:00,179.43,180.5,182.4,35936.0,6.14,2.42,4.2,8.52,MODERATE_SCOUR,CAUTION_NO_OVERWEIGHT_FREIGHT
HYD-BR-05-20250927,BR-05,Teesta-V Coronation Suspension Bypass,Teesta,Sikkim / WB,2025-09-27T00:00:00,180.2,180.5,182.4,58328.0,4.38,3.84,4.2,4.73,HIGH_STRESS_MONITORING,SPEED_LIMIT_15KMH_SINGLE_CONVOY
HYD-BR-05-20250928,BR-05,Teesta-V Coronation Suspension Bypass,Teesta,Sikkim / WB,2025-09-28T00:00:00,179.82,180.5,182.4,18892.0,4.62,4.12,4.2,7.06,HIGH_STRESS_MONITORING,SPEED_LIMIT_15KMH_SINGLE_CONVOY
HYD-BR-05-20250929,BR-05,Teesta-V Coronation Suspension Bypass,Teesta,Sikkim / WB,2025-09-29T00:00:00,182.13,180.5,182.4,62412.0,5.42,3.71,4.2,8.83,HIGH_STRESS_MONITORING,SPEED_LIMIT_15KMH_SINGLE_CONVOY
HYD-BR-05-20250930,BR-05,Teesta-V Coronation Suspension Bypass,Teesta,Sikkim / WB,2025-09-30T00:00:00,179.32,180.5,182.4,17964.0,4.93,4.27,4.2,11.76,CRITICAL_PIER_EROSION,CLOSED_EMERGENCY_DIVERSION
HYD-BR-05-20251001,BR-05,Teesta-V Coronation Suspension Bypass,Teesta,Sikkim / WB,2025-10-01T00:00:00,176.41,180.5,182.4,4120.0,1.33,0.93,4.2,3.73,NORMAL_STABLE,UNRESTRICTED_TRANSIT
HYD-BR-05-20251002,BR-05,Teesta-V Coronation Suspension Bypass,Teesta,Sikkim / WB,2025-10-02T00:00:00,174.52,180.5,182.4,11477.0,2.08,1.22,4.2,2.52,NORMAL_STABLE,UNRESTRICTED_TRANSIT
HYD-BR-05-20251003,BR-05,Teesta-V Coronation Suspension Bypass,Teesta,Sikkim / WB,2025-10-03T00:00:00,176.5,180.5,182.4,9932.0,1.67,0.89,4.2,2.74,NORMAL_STABLE,UNRESTRICTED_TRANSIT
HYD-BR-05-20251004,BR-05,Teesta-V Coronation Suspension Bypass,Teesta,Sikkim / WB,2025-10-04T00:00:00,176.28,180.5,182.4,13251.0,1.9,0.32,4.2,3.82,NORMAL_STABLE,UNRESTRICTED_TRANSIT
HYD-BR-05-20251005,BR-05,Teesta-V Coronation Suspension Bypass,Teesta,Sikkim / WB,2025-10-05T00:00:00,177.22,180.5,182.4,10248.0,1.76,1.41,4.2,2.26,NORMAL_STABLE,UNRESTRICTED_TRANSIT
HYD-BR-05-20251006,BR-05,Teesta-V Coronation Suspension Bypass,Teesta,Sikkim / WB,2025-10-06T00:00:00,175.84,180.5,182.4,13460.0,0.97,0.77,4.2,3.94,NORMAL_STABLE,UNRESTRICTED_TRANSIT
HYD-BR-05-20251007,BR-05,Teesta-V Coronation Suspension Bypass,Teesta,Sikkim / WB,2025-10-07T00:00:00,177.45,180.5,182.4,12469.0,1.79,0.79,4.2,3.05,NORMAL_STABLE,UNRESTRICTED_TRANSIT
HYD-BR-05-20251008,BR-05,Teesta-V Coronation Suspension Bypass,Teesta,Sikkim / WB,2025-10-08T00:00:00,177.82,180.5,182.4,6729.0,2.09,0.59,4.2,3.82,NORMAL_STABLE,UNRESTRICTED_TRANSIT
HYD-BR-05-20251009,BR-05,Teesta-V Coronation Suspension Bypass,Teesta,Sikkim / WB,2025-10-09T00:00:00,176.29,180.5,182.4,10301.0,1.26,0.3,4.2,2.53,NORMAL_STABLE,UNRESTRICTED_TRANSIT
HYD-BR-05-20251010,BR-05,Teesta-V Coronation Suspension Bypass,Teesta,Sikkim / WB,2025-10-10T00:00:00,176.97,180.5,182.4,10945.0,2.19,0.46,4.2,3.8,NORMAL_STABLE,UNRESTRICTED_TRANSIT
HYD-BR-05-20251011,BR-05,Teesta-V Coronation Suspension Bypass,Teesta,Sikkim / WB,2025-10-11T00:00:00,176.69,180.5,182.4,10108.0,1.15,0.91,4.2,3.49,NORMAL_STABLE,UNRESTRICTED_TRANSIT
HYD-BR-05-20251012,BR-05,Teesta-V Coronation Suspension Bypass,Teesta,Sikkim / WB,2025-10-12T00:00:00,176.25,180.5,182.4,7114.0,1.31,0.53,4.2,1.72,NORMAL_STABLE,UNRESTRICTED_TRANSIT
HYD-BR-05-20251013,BR-05,Teesta-V Coronation Suspension Bypass,Teesta,Sikkim / WB,2025-10-13T00:00:00,177.39,180.5,182.4,12133.0,0.91,1.48,4.2,1.63,NORMAL_STABLE,UNRESTRICTED_TRANSIT
HYD-BR-05-20251014,BR-05,Teesta-V Coronation Suspension Bypass,Teesta,Sikkim / WB,2025-10-14T00:00:00,177.56,180.5,182.4,8781.0,1.55,0.9,4.2,1.85,NORMAL_STABLE,UNRESTRICTED_TRANSIT
HYD-BR-05-20251015,BR-05,Teesta-V Coronation Suspension Bypass,Teesta,Sikkim / WB,2025-10-15T00:00:00,175.38,180.5,182.4,4110.0,1.86,0.35,4.2,2.36,NORMAL_STABLE,UNRESTRICTED_TRANSIT
HYD-BR-05-20251016,BR-05,Teesta-V Coronation Suspension Bypass,Teesta,Sikkim / WB,2025-10-16T00:00:00,175.55,180.5,182.4,5145.0,1.79,0.75,4.2,2.89,NORMAL_STABLE,UNRESTRICTED_TRANSIT
HYD-BR-05-20251017,BR-05,Teesta-V Coronation Suspension Bypass,Teesta,Sikkim / WB,2025-10-17T00:00:00,175.11,180.5,182.4,5037.0,1.7,0.43,4.2,2.27,NORMAL_STABLE,UNRESTRICTED_TRANSIT
HYD-BR-05-20251018,BR-05,Teesta-V Coronation Suspension Bypass,Teesta,Sikkim / WB,2025-10-18T00:00:00,174.91,180.5,182.4,4990.0,1.66,0.7,4.2,2.2,NORMAL_STABLE,UNRESTRICTED_TRANSIT
HYD-BR-05-20251019,BR-05,Teesta-V Coronation Suspension Bypass,Teesta,Sikkim / WB,2025-10-19T00:00:00,176.93,180.5,182.4,4623.0,2.1,0.7,4.2,2.85,NORMAL_STABLE,UNRESTRICTED_TRANSIT
HYD-BR-05-20251020,BR-05,Teesta-V Coronation Suspension Bypass,Teesta,Sikkim / WB,2025-10-20T00:00:00,177.86,180.5,182.4,11630.0,1.77,0.67,4.2,2.64,NORMAL_STABLE,UNRESTRICTED_TRANSIT
HYD-BR-05-20251021,BR-05,Teesta-V Coronation Suspension Bypass,Teesta,Sikkim / WB,2025-10-21T00:00:00,176.87,180.5,182.4,5988.0,1.48,0.55,4.2,2.99,NORMAL_STABLE,UNRESTRICTED_TRANSIT
HYD-BR-05-20251022,BR-05,Teesta-V Coronation Suspension Bypass,Teesta,Sikkim / WB,2025-10-22T00:00:00,175.6,180.5,182.4,6731.0,2.12,0.96,4.2,2.57,NORMAL_STABLE,UNRESTRICTED_TRANSIT
HYD-BR-05-20251023,BR-05,Teesta-V Coronation Suspension Bypass,Teesta,Sikkim / WB,2025-10-23T00:00:00,174.56,180.5,182.4,10907.0,1.81,0.61,4.2,2.54,NORMAL_STABLE,UNRESTRICTED_TRANSIT
HYD-BR-05-20251024,BR-05,Teesta-V Coronation Suspension Bypass,Teesta,Sikkim / WB,2025-10-24T00:00:00,174.77,180.5,182.4,7493.0,1.04,0.57,4.2,3.63,NORMAL_STABLE,UNRESTRICTED_TRANSIT
HYD-BR-05-20251025,BR-05,Teesta-V Coronation Suspension Bypass,Teesta,Sikkim / WB,2025-10-25T00:00:00,175.22,180.5,182.4,5872.0,1.05,0.57,4.2,1.81,NORMAL_STABLE,UNRESTRICTED_TRANSIT
HYD-BR-05-20251026,BR-05,Teesta-V Coronation Suspension Bypass,Teesta,Sikkim / WB,2025-10-26T00:00:00,177.45,180.5,182.4,3510.0,1.71,0.85,4.2,3.02,NORMAL_STABLE,UNRESTRICTED_TRANSIT
HYD-BR-05-20251027,BR-05,Teesta-V Coronation Suspension Bypass,Teesta,Sikkim / WB,2025-10-27T00:00:00,176.43,180.5,182.4,4788.0,1.04,1.23,4.2,3.95,NORMAL_STABLE,UNRESTRICTED_TRANSIT
HYD-BR-05-20251028,BR-05,Teesta-V Coronation Suspension Bypass,Teesta,Sikkim / WB,2025-10-28T00:00:00,177.67,180.5,182.4,5736.0,1.05,1.26,4.2,1.7,NORMAL_STABLE,UNRESTRICTED_TRANSIT
HYD-BR-05-20251029,BR-05,Teesta-V Coronation Suspension Bypass,Teesta,Sikkim / WB,2025-10-29T00:00:00,177.28,180.5,182.4,11682.0,1.02,0.9,4.2,2.9,NORMAL_STABLE,UNRESTRICTED_TRANSIT
HYD-BR-05-20251030,BR-05,Teesta-V Coronation Suspension Bypass,Teesta,Sikkim / WB,2025-10-30T00:00:00,176.54,180.5,182.4,3140.0,1.16,1.12,4.2,2.76,NORMAL_STABLE,UNRESTRICTED_TRANSIT
HYD-BR-05-20251031,BR-05,Teesta-V Coronation Suspension Bypass,Teesta,Sikkim / WB,2025-10-31T00:00:00,177.56,180.5,182.4,4657.0,1.44,0.86,4.2,1.92,NORMAL_STABLE,UNRESTRICTED_TRANSIT
HYD-BR-05-20251101,BR-05,Teesta-V Coronation Suspension Bypass,Teesta,Sikkim / WB,2025-11-01T00:00:00,176.68,180.5,182.4,6181.0,1.05,1.3,4.2,2.81,NORMAL_STABLE,UNRESTRICTED_TRANSIT
HYD-BR-05-20251102,BR-05,Teesta-V Coronation Suspension Bypass,Teesta,Sikkim / WB,2025-11-02T00:00:00,174.74,180.5,182.4,13966.0,2.04,1.17,4.2,4.12,NORMAL_STABLE,UNRESTRICTED_TRANSIT
HYD-BR-05-20251103,BR-05,Teesta-V Coronation Suspension Bypass,Teesta,Sikkim / WB,2025-11-03T00:00:00,177.05,180.5,182.4,9842.0,1.68,1.28,4.2,4.1,NORMAL_STABLE,UNRESTRICTED_TRANSIT
HYD-BR-05-20251104,BR-05,Teesta-V Coronation Suspension Bypass,Teesta,Sikkim / WB,2025-11-04T00:00:00,175.54,180.5,182.4,7046.0,0.94,0.78,4.2,2.08,NORMAL_STABLE,UNRESTRICTED_TRANSIT
HYD-BR-05-20251105,BR-05,Teesta-V Coronation Suspension Bypass,Teesta,Sikkim / WB,2025-11-05T00:00:00,177.07,180.5,182.4,10339.0,1.57,1.33,4.2,3.96,NORMAL_STABLE,UNRESTRICTED_TRANSIT
HYD-BR-05-20251106,BR-05,Teesta-V Coronation Suspension Bypass,Teesta,Sikkim / WB,2025-11-06T00:00:00,175.82,180.5,182.4,6880.0,1.43,1.15,4.2,1.52,NORMAL_STABLE,UNRESTRICTED_TRANSIT
HYD-BR-05-20251107,BR-05,Teesta-V Coronation Suspension Bypass,Teesta,Sikkim / WB,2025-11-07T00:00:00,177.28,180.5,182.4,3877.0,1.57,0.88,4.2,2.09,NORMAL_STABLE,UNRESTRICTED_TRANSIT
HYD-BR-05-20251108,BR-05,Teesta-V Coronation Suspension Bypass,Teesta,Sikkim / WB,2025-11-08T00:00:00,174.78,180.5,182.4,7741.0,1.61,0.65,4.2,3.08,NORMAL_STABLE,UNRESTRICTED_TRANSIT
HYD-BR-05-20251109,BR-05,Teesta-V Coronation Suspension Bypass,Teesta,Sikkim / WB,2025-11-09T00:00:00,174.55,180.5,182.4,3711.0,1.11,0.92,4.2,3.3,NORMAL_STABLE,UNRESTRICTED_TRANSIT
HYD-BR-05-20251110,BR-05,Teesta-V Coronation Suspension Bypass,Teesta,Sikkim / WB,2025-11-10T00:00:00,176.96,180.5,182.4,4115.0,1.36,0.77,4.2,2.88,NORMAL_STABLE,UNRESTRICTED_TRANSIT
HYD-BR-05-20251111,BR-05,Teesta-V Coronation Suspension Bypass,Teesta,Sikkim / WB,2025-11-11T00:00:00,177.85,180.5,182.4,11648.0,1.89,0.45,4.2,2.31,NORMAL_STABLE,UNRESTRICTED_TRANSIT
HYD-BR-05-20251112,BR-05,Teesta-V Coronation Suspension Bypass,Teesta,Sikkim / WB,2025-11-12T00:00:00,175.07,180.5,182.4,12349.0,0.97,0.52,4.2,2.55,NORMAL_STABLE,UNRESTRICTED_TRANSIT
HYD-BR-05-20251113,BR-05,Teesta-V Coronation Suspension Bypass,Teesta,Sikkim / WB,2025-11-13T00:00:00,176.48,180.5,182.4,3791.0,2.18,1.0,4.2,2.45,NORMAL_STABLE,UNRESTRICTED_TRANSIT
HYD-BR-05-20251114,BR-05,Teesta-V Coronation Suspension Bypass,Teesta,Sikkim / WB,2025-11-14T00:00:00,177.05,180.5,182.4,7511.0,2.18,0.31,4.2,3.92,NORMAL_STABLE,UNRESTRICTED_TRANSIT
HYD-BR-05-20251115,BR-05,Teesta-V Coronation Suspension Bypass,Teesta,Sikkim / WB,2025-11-15T00:00:00,175.49,180.5,182.4,5290.0,1.91,0.7,4.2,2.21,NORMAL_STABLE,UNRESTRICTED_TRANSIT
HYD-BR-05-20251116,BR-05,Teesta-V Coronation Suspension Bypass,Teesta,Sikkim / WB,2025-11-16T00:00:00,174.87,180.5,182.4,4480.0,1.19,0.98,4.2,1.58,NORMAL_STABLE,UNRESTRICTED_TRANSIT
HYD-BR-05-20251117,BR-05,Teesta-V Coronation Suspension Bypass,Teesta,Sikkim / WB,2025-11-17T00:00:00,177.95,180.5,182.4,9420.0,1.73,1.33,4.2,1.66,NORMAL_STABLE,UNRESTRICTED_TRANSIT
HYD-BR-05-20251118,BR-05,Teesta-V Coronation Suspension Bypass,Teesta,Sikkim / WB,2025-11-18T00:00:00,177.83,180.5,182.4,4561.0,1.68,0.42,4.2,1.77,NORMAL_STABLE,UNRESTRICTED_TRANSIT
HYD-BR-05-20251119,BR-05,Teesta-V Coronation Suspension Bypass,Teesta,Sikkim / WB,2025-11-19T00:00:00,174.58,180.5,182.4,12782.0,0.86,1.29,4.2,3.46,NORMAL_STABLE,UNRESTRICTED_TRANSIT
HYD-BR-05-20251120,BR-05,Teesta-V Coronation Suspension Bypass,Teesta,Sikkim / WB,2025-11-20T00:00:00,175.66,180.5,182.4,4000.0,1.38,1.41,4.2,4.01,NORMAL_STABLE,UNRESTRICTED_TRANSIT
HYD-BR-05-20251121,BR-05,Teesta-V Coronation Suspension Bypass,Teesta,Sikkim / WB,2025-11-21T00:00:00,175.51,180.5,182.4,3957.0,2.02,1.49,4.2,4.02,NORMAL_STABLE,UNRESTRICTED_TRANSIT
HYD-BR-05-20251122,BR-05,Teesta-V Coronation Suspension Bypass,Teesta,Sikkim / WB,2025-11-22T00:00:00,175.81,180.5,182.4,12705.0,2.09,1.06,4.2,3.54,NORMAL_STABLE,UNRESTRICTED_TRANSIT
HYD-BR-05-20251123,BR-05,Teesta-V Coronation Suspension Bypass,Teesta,Sikkim / WB,2025-11-23T00:00:00,177.46,180.5,182.4,5525.0,1.83,1.18,4.2,3.59,NORMAL_STABLE,UNRESTRICTED_TRANSIT
HYD-BR-05-20251124,BR-05,Teesta-V Coronation Suspension Bypass,Teesta,Sikkim / WB,2025-11-24T00:00:00,176.0,180.5,182.4,9196.0,1.02,1.14,4.2,3.3,NORMAL_STABLE,UNRESTRICTED_TRANSIT
HYD-BR-05-20251125,BR-05,Teesta-V Coronation Suspension Bypass,Teesta,Sikkim / WB,2025-11-25T00:00:00,176.31,180.5,182.4,4532.0,1.62,0.42,4.2,2.64,NORMAL_STABLE,UNRESTRICTED_TRANSIT
HYD-BR-05-20251126,BR-05,Teesta-V Coronation Suspension Bypass,Teesta,Sikkim / WB,2025-11-26T00:00:00,176.11,180.5,182.4,10740.0,1.47,1.03,4.2,3.29,NORMAL_STABLE,UNRESTRICTED_TRANSIT
HYD-BR-05-20251127,BR-05,Teesta-V Coronation Suspension Bypass,Teesta,Sikkim / WB,2025-11-27T00:00:00,175.19,180.5,182.4,12875.0,1.1,0.57,4.2,2.98,NORMAL_STABLE,UNRESTRICTED_TRANSIT
HYD-BR-05-20251128,BR-05,Teesta-V Coronation Suspension Bypass,Teesta,Sikkim / WB,2025-11-28T00:00:00,176.38,180.5,182.4,7470.0,2.0,1.47,4.2,2.77,NORMAL_STABLE,UNRESTRICTED_TRANSIT
HYD-BR-05-20251129,BR-05,Teesta-V Coronation Suspension Bypass,Teesta,Sikkim / WB,2025-11-29T00:00:00,174.86,180.5,182.4,4831.0,1.95,1.09,4.2,4.12,NORMAL_STABLE,UNRESTRICTED_TRANSIT
HYD-BR-05-20251130,BR-05,Teesta-V Coronation Suspension Bypass,Teesta,Sikkim / WB,2025-11-30T00:00:00,174.86,180.5,182.4,7267.0,0.87,1.09,4.2,2.04,NORMAL_STABLE,UNRESTRICTED_TRANSIT
HYD-BR-05-20251201,BR-05,Teesta-V Coronation Suspension Bypass,Teesta,Sikkim / WB,2025-12-01T00:00:00,177.94,180.5,182.4,13481.0,1.75,0.77,4.2,2.8,NORMAL_STABLE,UNRESTRICTED_TRANSIT
HYD-BR-05-20251202,BR-05,Teesta-V Coronation Suspension Bypass,Teesta,Sikkim / WB,2025-12-02T00:00:00,174.98,180.5,182.4,3448.0,1.39,0.45,4.2,1.63,NORMAL_STABLE,UNRESTRICTED_TRANSIT
HYD-BR-05-20251203,BR-05,Teesta-V Coronation Suspension Bypass,Teesta,Sikkim / WB,2025-12-03T00:00:00,175.14,180.5,182.4,3522.0,1.9,1.01,4.2,2.49,NORMAL_STABLE,UNRESTRICTED_TRANSIT
HYD-BR-05-20251204,BR-05,Teesta-V Coronation Suspension Bypass,Teesta,Sikkim / WB,2025-12-04T00:00:00,177.3,180.5,182.4,11676.0,1.03,1.36,4.2,3.08,NORMAL_STABLE,UNRESTRICTED_TRANSIT
HYD-BR-05-20251205,BR-05,Teesta-V Coronation Suspension Bypass,Teesta,Sikkim / WB,2025-12-05T00:00:00,176.98,180.5,182.4,12341.0,0.94,0.52,4.2,1.98,NORMAL_STABLE,UNRESTRICTED_TRANSIT
HYD-BR-05-20251206,BR-05,Teesta-V Coronation Suspension Bypass,Teesta,Sikkim / WB,2025-12-06T00:00:00,176.4,180.5,182.4,13161.0,1.6,1.35,4.2,3.36,NORMAL_STABLE,UNRESTRICTED_TRANSIT
HYD-BR-05-20251207,BR-05,Teesta-V Coronation Suspension Bypass,Teesta,Sikkim / WB,2025-12-07T00:00:00,175.48,180.5,182.4,12043.0,1.41,1.41,4.2,2.19,NORMAL_STABLE,UNRESTRICTED_TRANSIT
HYD-BR-05-20251208,BR-05,Teesta-V Coronation Suspension Bypass,Teesta,Sikkim / WB,2025-12-08T00:00:00,175.78,180.5,182.4,6871.0,1.2,0.57,4.2,2.26,NORMAL_STABLE,UNRESTRICTED_TRANSIT
HYD-BR-05-20251209,BR-05,Teesta-V Coronation Suspension Bypass,Teesta,Sikkim / WB,2025-12-09T00:00:00,177.69,180.5,182.4,6948.0,1.31,1.18,4.2,3.79,NORMAL_STABLE,UNRESTRICTED_TRANSIT
HYD-BR-05-20251210,BR-05,Teesta-V Coronation Suspension Bypass,Teesta,Sikkim / WB,2025-12-10T00:00:00,177.12,180.5,182.4,8552.0,1.14,1.14,4.2,2.28,NORMAL_STABLE,UNRESTRICTED_TRANSIT
HYD-BR-05-20251211,BR-05,Teesta-V Coronation Suspension Bypass,Teesta,Sikkim / WB,2025-12-11T00:00:00,176.87,180.5,182.4,4403.0,1.19,0.84,4.2,2.01,NORMAL_STABLE,UNRESTRICTED_TRANSIT
HYD-BR-05-20251212,BR-05,Teesta-V Coronation Suspension Bypass,Teesta,Sikkim / WB,2025-12-12T00:00:00,175.84,180.5,182.4,11545.0,1.89,0.52,4.2,4.14,NORMAL_STABLE,UNRESTRICTED_TRANSIT
HYD-BR-05-20251213,BR-05,Teesta-V Coronation Suspension Bypass,Teesta,Sikkim / WB,2025-12-13T00:00:00,176.08,180.5,182.4,4657.0,0.93,0.46,4.2,3.53,NORMAL_STABLE,UNRESTRICTED_TRANSIT
HYD-BR-05-20251214,BR-05,Teesta-V Coronation Suspension Bypass,Teesta,Sikkim / WB,2025-12-14T00:00:00,177.29,180.5,182.4,11272.0,1.33,0.31,4.2,2.95,NORMAL_STABLE,UNRESTRICTED_TRANSIT
HYD-BR-05-20251215,BR-05,Teesta-V Coronation Suspension Bypass,Teesta,Sikkim / WB,2025-12-15T00:00:00,175.48,180.5,182.4,5257.0,1.57,0.56,4.2,2.93,NORMAL_STABLE,UNRESTRICTED_TRANSIT
HYD-BR-05-20251216,BR-05,Teesta-V Coronation Suspension Bypass,Teesta,Sikkim / WB,2025-12-16T00:00:00,176.85,180.5,182.4,3651.0,1.18,1.36,4.2,3.22,NORMAL_STABLE,UNRESTRICTED_TRANSIT
HYD-BR-05-20251217,BR-05,Teesta-V Coronation Suspension Bypass,Teesta,Sikkim / WB,2025-12-17T00:00:00,177.92,180.5,182.4,7062.0,2.08,0.59,4.2,2.62,NORMAL_STABLE,UNRESTRICTED_TRANSIT
HYD-BR-05-20251218,BR-05,Teesta-V Coronation Suspension Bypass,Teesta,Sikkim / WB,2025-12-18T00:00:00,175.5,180.5,182.4,11388.0,1.45,1.36,4.2,4.07,NORMAL_STABLE,UNRESTRICTED_TRANSIT
HYD-BR-05-20251219,BR-05,Teesta-V Coronation Suspension Bypass,Teesta,Sikkim / WB,2025-12-19T00:00:00,174.54,180.5,182.4,12613.0,1.89,0.98,4.2,2.95,NORMAL_STABLE,UNRESTRICTED_TRANSIT
HYD-BR-05-20251220,BR-05,Teesta-V Coronation Suspension Bypass,Teesta,Sikkim / WB,2025-12-20T00:00:00,177.44,180.5,182.4,12044.0,2.12,0.59,4.2,1.61,NORMAL_STABLE,UNRESTRICTED_TRANSIT
HYD-BR-05-20251221,BR-05,Teesta-V Coronation Suspension Bypass,Teesta,Sikkim / WB,2025-12-21T00:00:00,175.79,180.5,182.4,10746.0,0.86,0.48,4.2,3.55,NORMAL_STABLE,UNRESTRICTED_TRANSIT
HYD-BR-05-20251222,BR-05,Teesta-V Coronation Suspension Bypass,Teesta,Sikkim / WB,2025-12-22T00:00:00,177.21,180.5,182.4,9283.0,1.03,1.27,4.2,2.66,NORMAL_STABLE,UNRESTRICTED_TRANSIT
HYD-BR-05-20251223,BR-05,Teesta-V Coronation Suspension Bypass,Teesta,Sikkim / WB,2025-12-23T00:00:00,174.88,180.5,182.4,8693.0,1.36,0.68,4.2,2.62,NORMAL_STABLE,UNRESTRICTED_TRANSIT
HYD-BR-05-20251224,BR-05,Teesta-V Coronation Suspension Bypass,Teesta,Sikkim / WB,2025-12-24T00:00:00,177.13,180.5,182.4,9059.0,0.9,0.31,4.2,3.67,NORMAL_STABLE,UNRESTRICTED_TRANSIT
HYD-BR-05-20251225,BR-05,Teesta-V Coronation Suspension Bypass,Teesta,Sikkim / WB,2025-12-25T00:00:00,177.46,180.5,182.4,10552.0,1.63,0.78,4.2,3.12,NORMAL_STABLE,UNRESTRICTED_TRANSIT
HYD-BR-05-20251226,BR-05,Teesta-V Coronation Suspension Bypass,Teesta,Sikkim / WB,2025-12-26T00:00:00,174.9,180.5,182.4,9202.0,1.59,0.72,4.2,2.61,NORMAL_STABLE,UNRESTRICTED_TRANSIT
HYD-BR-05-20251227,BR-05,Teesta-V Coronation Suspension Bypass,Teesta,Sikkim / WB,2025-12-27T00:00:00,175.96,180.5,182.4,3365.0,1.08,0.87,4.2,1.99,NORMAL_STABLE,UNRESTRICTED_TRANSIT
HYD-BR-05-20251228,BR-05,Teesta-V Coronation Suspension Bypass,Teesta,Sikkim / WB,2025-12-28T00:00:00,176.1,180.5,182.4,6389.0,1.87,1.44,4.2,3.84,NORMAL_STABLE,UNRESTRICTED_TRANSIT
HYD-BR-05-20251229,BR-05,Teesta-V Coronation Suspension Bypass,Teesta,Sikkim / WB,2025-12-29T00:00:00,174.56,180.5,182.4,3739.0,1.96,0.91,4.2,2.03,NORMAL_STABLE,UNRESTRICTED_TRANSIT
HYD-BR-05-20251230,BR-05,Teesta-V Coronation Suspension Bypass,Teesta,Sikkim / WB,2025-12-30T00:00:00,176.26,180.5,182.4,9461.0,1.46,1.27,4.2,2.4,NORMAL_STABLE,UNRESTRICTED_TRANSIT
HYD-BR-05-20251231,BR-05,Teesta-V Coronation Suspension Bypass,Teesta,Sikkim / WB,2025-12-31T00:00:00,177.97,180.5,182.4,5942.0,1.33,1.34,4.2,3.87,NORMAL_STABLE,UNRESTRICTED_TRANSIT
HYD-BR-05-20260101,BR-05,Teesta-V Coronation Suspension Bypass,Teesta,Sikkim / WB,2026-01-01T00:00:00,176.61,180.5,182.4,6663.0,1.53,0.6,4.2,3.91,NORMAL_STABLE,UNRESTRICTED_TRANSIT
HYD-BR-05-20260102,BR-05,Teesta-V Coronation Suspension Bypass,Teesta,Sikkim / WB,2026-01-02T00:00:00,175.4,180.5,182.4,4376.0,1.47,1.27,4.2,2.27,NORMAL_STABLE,UNRESTRICTED_TRANSIT
HYD-BR-05-20260103,BR-05,Teesta-V Coronation Suspension Bypass,Teesta,Sikkim / WB,2026-01-03T00:00:00,177.07,180.5,182.4,10617.0,1.83,1.13,4.2,4.02,NORMAL_STABLE,UNRESTRICTED_TRANSIT
HYD-BR-05-20260104,BR-05,Teesta-V Coronation Suspension Bypass,Teesta,Sikkim / WB,2026-01-04T00:00:00,177.92,180.5,182.4,3395.0,1.26,0.75,4.2,2.38,NORMAL_STABLE,UNRESTRICTED_TRANSIT
HYD-BR-05-20260105,BR-05,Teesta-V Coronation Suspension Bypass,Teesta,Sikkim / WB,2026-01-05T00:00:00,175.02,180.5,182.4,8127.0,1.4,0.49,4.2,3.01,NORMAL_STABLE,UNRESTRICTED_TRANSIT
HYD-BR-05-20260106,BR-05,Teesta-V Coronation Suspension Bypass,Teesta,Sikkim / WB,2026-01-06T00:00:00,176.49,180.5,182.4,13642.0,1.9,0.57,4.2,1.76,NORMAL_STABLE,UNRESTRICTED_TRANSIT
HYD-BR-05-20260107,BR-05,Teesta-V Coronation Suspension Bypass,Teesta,Sikkim / WB,2026-01-07T00:00:00,177.49,180.5,182.4,6174.0,1.42,0.48,4.2,1.69,NORMAL_STABLE,UNRESTRICTED_TRANSIT
HYD-BR-05-20260108,BR-05,Teesta-V Coronation Suspension Bypass,Teesta,Sikkim / WB,2026-01-08T00:00:00,174.87,180.5,182.4,13038.0,2.07,1.48,4.2,3.75,NORMAL_STABLE,UNRESTRICTED_TRANSIT
HYD-BR-05-20260109,BR-05,Teesta-V Coronation Suspension Bypass,Teesta,Sikkim / WB,2026-01-09T00:00:00,174.74,180.5,182.4,11940.0,2.03,0.68,4.2,3.83,NORMAL_STABLE,UNRESTRICTED_TRANSIT
HYD-BR-05-20260110,BR-05,Teesta-V Coronation Suspension Bypass,Teesta,Sikkim / WB,2026-01-10T00:00:00,176.79,180.5,182.4,5130.0,0.84,0.79,4.2,2.23,NORMAL_STABLE,UNRESTRICTED_TRANSIT
HYD-BR-05-20260111,BR-05,Teesta-V Coronation Suspension Bypass,Teesta,Sikkim / WB,2026-01-11T00:00:00,177.73,180.5,182.4,9288.0,1.83,1.45,4.2,2.37,NORMAL_STABLE,UNRESTRICTED_TRANSIT
HYD-BR-05-20260112,BR-05,Teesta-V Coronation Suspension Bypass,Teesta,Sikkim / WB,2026-01-12T00:00:00,176.54,180.5,182.4,8521.0,1.66,0.83,4.2,3.28,NORMAL_STABLE,UNRESTRICTED_TRANSIT
HYD-BR-05-20260113,BR-05,Teesta-V Coronation Suspension Bypass,Teesta,Sikkim / WB,2026-01-13T00:00:00,177.18,180.5,182.4,11728.0,1.52,1.28,4.2,1.59,NORMAL_STABLE,UNRESTRICTED_TRANSIT
HYD-BR-05-20260114,BR-05,Teesta-V Coronation Suspension Bypass,Teesta,Sikkim / WB,2026-01-14T00:00:00,174.94,180.5,182.4,9541.0,2.09,0.53,4.2,2.66,NORMAL_STABLE,UNRESTRICTED_TRANSIT
HYD-BR-05-20260115,BR-05,Teesta-V Coronation Suspension Bypass,Teesta,Sikkim / WB,2026-01-15T00:00:00,174.7,180.5,182.4,12641.0,1.38,0.52,4.2,3.08,NORMAL_STABLE,UNRESTRICTED_TRANSIT
HYD-BR-05-20260116,BR-05,Teesta-V Coronation Suspension Bypass,Teesta,Sikkim / WB,2026-01-16T00:00:00,176.86,180.5,182.4,9075.0,1.91,1.47,4.2,2.66,NORMAL_STABLE,UNRESTRICTED_TRANSIT
HYD-BR-05-20260117,BR-05,Teesta-V Coronation Suspension Bypass,Teesta,Sikkim / WB,2026-01-17T00:00:00,176.06,180.5,182.4,12169.0,1.86,1.28,4.2,1.62,NORMAL_STABLE,UNRESTRICTED_TRANSIT
HYD-BR-05-20260118,BR-05,Teesta-V Coronation Suspension Bypass,Teesta,Sikkim / WB,2026-01-18T00:00:00,176.04,180.5,182.4,10773.0,1.79,0.71,4.2,2.12,NORMAL_STABLE,UNRESTRICTED_TRANSIT
HYD-BR-05-20260119,BR-05,Teesta-V Coronation Suspension Bypass,Teesta,Sikkim / WB,2026-01-19T00:00:00,176.3,180.5,182.4,12669.0,1.42,1.4,4.2,2.2,NORMAL_STABLE,UNRESTRICTED_TRANSIT
HYD-BR-05-20260120,BR-05,Teesta-V Coronation Suspension Bypass,Teesta,Sikkim / WB,2026-01-20T00:00:00,175.77,180.5,182.4,11200.0,2.06,0.86,4.2,1.83,NORMAL_STABLE,UNRESTRICTED_TRANSIT
HYD-BR-05-20260121,BR-05,Teesta-V Coronation Suspension Bypass,Teesta,Sikkim / WB,2026-01-21T00:00:00,176.55,180.5,182.4,11228.0,1.75,0.56,4.2,3.28,NORMAL_STABLE,UNRESTRICTED_TRANSIT
HYD-BR-05-20260122,BR-05,Teesta-V Coronation Suspension Bypass,Teesta,Sikkim / WB,2026-01-22T00:00:00,175.44,180.5,182.4,10013.0,1.45,0.32,4.2,2.51,NORMAL_STABLE,UNRESTRICTED_TRANSIT
HYD-BR-05-20260123,BR-05,Teesta-V Coronation Suspension Bypass,Teesta,Sikkim / WB,2026-01-23T00:00:00,175.04,180.5,182.4,3006.0,1.17,0.75,4.2,2.72,NORMAL_STABLE,UNRESTRICTED_TRANSIT
HYD-BR-05-20260124,BR-05,Teesta-V Coronation Suspension Bypass,Teesta,Sikkim / WB,2026-01-24T00:00:00,174.57,180.5,182.4,7622.0,0.9,0.32,4.2,1.72,NORMAL_STABLE,UNRESTRICTED_TRANSIT
HYD-BR-05-20260125,BR-05,Teesta-V Coronation Suspension Bypass,Teesta,Sikkim / WB,2026-01-25T00:00:00,177.05,180.5,182.4,3624.0,1.27,0.86,4.2,2.37,NORMAL_STABLE,UNRESTRICTED_TRANSIT
HYD-BR-05-20260126,BR-05,Teesta-V Coronation Suspension Bypass,Teesta,Sikkim / WB,2026-01-26T00:00:00,176.24,180.5,182.4,3933.0,1.63,1.07,4.2,2.76,NORMAL_STABLE,UNRESTRICTED_TRANSIT
HYD-BR-05-20260127,BR-05,Teesta-V Coronation Suspension Bypass,Teesta,Sikkim / WB,2026-01-27T00:00:00,177.02,180.5,182.4,13749.0,1.59,0.48,4.2,3.64,NORMAL_STABLE,UNRESTRICTED_TRANSIT
HYD-BR-05-20260128,BR-05,Teesta-V Coronation Suspension Bypass,Teesta,Sikkim / WB,2026-01-28T00:00:00,175.06,180.5,182.4,12280.0,1.15,1.07,4.2,3.84,NORMAL_STABLE,UNRESTRICTED_TRANSIT
HYD-BR-05-20260129,BR-05,Teesta-V Coronation Suspension Bypass,Teesta,Sikkim / WB,2026-01-29T00:00:00,175.26,180.5,182.4,9407.0,1.78,1.29,4.2,2.26,NORMAL_STABLE,UNRESTRICTED_TRANSIT
HYD-BR-05-20260130,BR-05,Teesta-V Coronation Suspension Bypass,Teesta,Sikkim / WB,2026-01-30T00:00:00,177.13,180.5,182.4,8324.0,0.97,1.09,4.2,3.6,NORMAL_STABLE,UNRESTRICTED_TRANSIT
HYD-BR-05-20260131,BR-05,Teesta-V Coronation Suspension Bypass,Teesta,Sikkim / WB,2026-01-31T00:00:00,176.42,180.5,182.4,12599.0,1.82,0.83,4.2,3.8,NORMAL_STABLE,UNRESTRICTED_TRANSIT
HYD-BR-05-20260201,BR-05,Teesta-V Coronation Suspension Bypass,Teesta,Sikkim / WB,2026-02-01T00:00:00,177.45,180.5,182.4,3814.0,1.84,0.72,4.2,2.07,NORMAL_STABLE,UNRESTRICTED_TRANSIT
HYD-BR-05-20260202,BR-05,Teesta-V Coronation Suspension Bypass,Teesta,Sikkim / WB,2026-02-02T00:00:00,177.86,180.5,182.4,12066.0,1.09,0.8,4.2,2.94,NORMAL_STABLE,UNRESTRICTED_TRANSIT
HYD-BR-05-20260203,BR-05,Teesta-V Coronation Suspension Bypass,Teesta,Sikkim / WB,2026-02-03T00:00:00,175.73,180.5,182.4,13424.0,1.09,0.43,4.2,4.1,NORMAL_STABLE,UNRESTRICTED_TRANSIT
HYD-BR-05-20260204,BR-05,Teesta-V Coronation Suspension Bypass,Teesta,Sikkim / WB,2026-02-04T00:00:00,177.87,180.5,182.4,13382.0,1.87,1.16,4.2,3.71,NORMAL_STABLE,UNRESTRICTED_TRANSIT
HYD-BR-05-20260205,BR-05,Teesta-V Coronation Suspension Bypass,Teesta,Sikkim / WB,2026-02-05T00:00:00,177.84,180.5,182.4,11038.0,1.47,1.18,4.2,2.97,NORMAL_STABLE,UNRESTRICTED_TRANSIT
HYD-BR-05-20260206,BR-05,Teesta-V Coronation Suspension Bypass,Teesta,Sikkim / WB,2026-02-06T00:00:00,177.39,180.5,182.4,3111.0,1.0,1.37,4.2,1.87,NORMAL_STABLE,UNRESTRICTED_TRANSIT
HYD-BR-05-20260207,BR-05,Teesta-V Coronation Suspension Bypass,Teesta,Sikkim / WB,2026-02-07T00:00:00,174.95,180.5,182.4,8862.0,1.88,1.41,4.2,2.41,NORMAL_STABLE,UNRESTRICTED_TRANSIT
HYD-BR-05-20260208,BR-05,Teesta-V Coronation Suspension Bypass,Teesta,Sikkim / WB,2026-02-08T00:00:00,177.16,180.5,182.4,11403.0,1.62,0.71,4.2,1.76,NORMAL_STABLE,UNRESTRICTED_TRANSIT
HYD-BR-05-20260209,BR-05,Teesta-V Coronation Suspension Bypass,Teesta,Sikkim / WB,2026-02-09T00:00:00,176.51,180.5,182.4,11466.0,1.25,0.43,4.2,3.18,NORMAL_STABLE,UNRESTRICTED_TRANSIT
HYD-BR-05-20260210,BR-05,Teesta-V Coronation Suspension Bypass,Teesta,Sikkim / WB,2026-02-10T00:00:00,175.16,180.5,182.4,10510.0,1.25,1.18,4.2,2.8,NORMAL_STABLE,UNRESTRICTED_TRANSIT
HYD-BR-05-20260211,BR-05,Teesta-V Coronation Suspension Bypass,Teesta,Sikkim / WB,2026-02-11T00:00:00,177.41,180.5,182.4,5321.0,2.1,1.27,4.2,1.54,NORMAL_STABLE,UNRESTRICTED_TRANSIT
HYD-BR-05-20260212,BR-05,Teesta-V Coronation Suspension Bypass,Teesta,Sikkim / WB,2026-02-12T00:00:00,176.71,180.5,182.4,6560.0,1.57,0.87,4.2,3.96,NORMAL_STABLE,UNRESTRICTED_TRANSIT
HYD-BR-05-20260213,BR-05,Teesta-V Coronation Suspension Bypass,Teesta,Sikkim / WB,2026-02-13T00:00:00,175.79,180.5,182.4,3335.0,1.88,0.43,4.2,2.85,NORMAL_STABLE,UNRESTRICTED_TRANSIT
HYD-BR-05-20260214,BR-05,Teesta-V Coronation Suspension Bypass,Teesta,Sikkim / WB,2026-02-14T00:00:00,175.62,180.5,182.4,11947.0,0.93,0.68,4.2,2.74,NORMAL_STABLE,UNRESTRICTED_TRANSIT
HYD-BR-05-20260215,BR-05,Teesta-V Coronation Suspension Bypass,Teesta,Sikkim / WB,2026-02-15T00:00:00,175.08,180.5,182.4,6413.0,1.36,0.9,4.2,3.46,NORMAL_STABLE,UNRESTRICTED_TRANSIT
HYD-BR-05-20260216,BR-05,Teesta-V Coronation Suspension Bypass,Teesta,Sikkim / WB,2026-02-16T00:00:00,175.57,180.5,182.4,13358.0,1.88,0.61,4.2,3.84,NORMAL_STABLE,UNRESTRICTED_TRANSIT
HYD-BR-05-20260217,BR-05,Teesta-V Coronation Suspension Bypass,Teesta,Sikkim / WB,2026-02-17T00:00:00,176.24,180.5,182.4,12629.0,1.51,1.01,4.2,4.07,NORMAL_STABLE,UNRESTRICTED_TRANSIT
HYD-BR-05-20260218,BR-05,Teesta-V Coronation Suspension Bypass,Teesta,Sikkim / WB,2026-02-18T00:00:00,174.65,180.5,182.4,11244.0,1.95,1.41,4.2,1.52,NORMAL_STABLE,UNRESTRICTED_TRANSIT
HYD-BR-05-20260219,BR-05,Teesta-V Coronation Suspension Bypass,Teesta,Sikkim / WB,2026-02-19T00:00:00,175.91,180.5,182.4,8786.0,1.25,1.33,4.2,2.54,NORMAL_STABLE,UNRESTRICTED_TRANSIT
HYD-BR-05-20260220,BR-05,Teesta-V Coronation Suspension Bypass,Teesta,Sikkim / WB,2026-02-20T00:00:00,175.34,180.5,182.4,10347.0,2.18,0.93,4.2,3.94,NORMAL_STABLE,UNRESTRICTED_TRANSIT
HYD-BR-05-20260221,BR-05,Teesta-V Coronation Suspension Bypass,Teesta,Sikkim / WB,2026-02-21T00:00:00,175.4,180.5,182.4,8610.0,1.27,1.37,4.2,3.8,NORMAL_STABLE,UNRESTRICTED_TRANSIT
HYD-BR-05-20260222,BR-05,Teesta-V Coronation Suspension Bypass,Teesta,Sikkim / WB,2026-02-22T00:00:00,176.73,180.5,182.4,6268.0,0.98,1.0,4.2,4.02,NORMAL_STABLE,UNRESTRICTED_TRANSIT
HYD-BR-05-20260223,BR-05,Teesta-V Coronation Suspension Bypass,Teesta,Sikkim / WB,2026-02-23T00:00:00,175.66,180.5,182.4,11451.0,1.67,0.63,4.2,3.42,NORMAL_STABLE,UNRESTRICTED_TRANSIT
HYD-BR-05-20260224,BR-05,Teesta-V Coronation Suspension Bypass,Teesta,Sikkim / WB,2026-02-24T00:00:00,176.32,180.5,182.4,5588.0,1.03,0.52,4.2,2.13,NORMAL_STABLE,UNRESTRICTED_TRANSIT
HYD-BR-05-20260225,BR-05,Teesta-V Coronation Suspension Bypass,Teesta,Sikkim / WB,2026-02-25T00:00:00,175.8,180.5,182.4,8151.0,1.49,0.92,4.2,3.49,NORMAL_STABLE,UNRESTRICTED_TRANSIT
HYD-BR-05-20260226,BR-05,Teesta-V Coronation Suspension Bypass,Teesta,Sikkim / WB,2026-02-26T00:00:00,176.8,180.5,182.4,5865.0,1.77,0.71,4.2,3.15,NORMAL_STABLE,UNRESTRICTED_TRANSIT
HYD-BR-05-20260227,BR-05,Teesta-V Coronation Suspension Bypass,Teesta,Sikkim / WB,2026-02-27T00:00:00,176.57,180.5,182.4,5726.0,2.01,0.82,4.2,2.01,NORMAL_STABLE,UNRESTRICTED_TRANSIT
HYD-BR-05-20260228,BR-05,Teesta-V Coronation Suspension Bypass,Teesta,Sikkim / WB,2026-02-28T00:00:00,177.51,180.5,182.4,8653.0,0.94,1.41,4.2,2.0,NORMAL_STABLE,UNRESTRICTED_TRANSIT
HYD-BR-05-20260301,BR-05,Teesta-V Coronation Suspension Bypass,Teesta,Sikkim / WB,2026-03-01T00:00:00,177.51,180.5,182.4,9070.0,1.4,0.41,4.2,1.51,NORMAL_STABLE,UNRESTRICTED_TRANSIT
HYD-BR-05-20260302,BR-05,Teesta-V Coronation Suspension Bypass,Teesta,Sikkim / WB,2026-03-02T00:00:00,177.06,180.5,182.4,3584.0,1.41,0.86,4.2,2.54,NORMAL_STABLE,UNRESTRICTED_TRANSIT
HYD-BR-05-20260303,BR-05,Teesta-V Coronation Suspension Bypass,Teesta,Sikkim / WB,2026-03-03T00:00:00,177.34,180.5,182.4,8100.0,1.77,1.05,4.2,2.7,NORMAL_STABLE,UNRESTRICTED_TRANSIT
HYD-BR-05-20260304,BR-05,Teesta-V Coronation Suspension Bypass,Teesta,Sikkim / WB,2026-03-04T00:00:00,176.33,180.5,182.4,6224.0,1.09,0.69,4.2,3.64,NORMAL_STABLE,UNRESTRICTED_TRANSIT
HYD-BR-05-20260305,BR-05,Teesta-V Coronation Suspension Bypass,Teesta,Sikkim / WB,2026-03-05T00:00:00,176.49,180.5,182.4,4761.0,1.71,1.21,4.2,1.66,NORMAL_STABLE,UNRESTRICTED_TRANSIT
HYD-BR-05-20260306,BR-05,Teesta-V Coronation Suspension Bypass,Teesta,Sikkim / WB,2026-03-06T00:00:00,174.95,180.5,182.4,3144.0,0.9,1.18,4.2,2.97,NORMAL_STABLE,UNRESTRICTED_TRANSIT
HYD-BR-05-20260307,BR-05,Teesta-V Coronation Suspension Bypass,Teesta,Sikkim / WB,2026-03-07T00:00:00,176.36,180.5,182.4,10996.0,1.35,0.4,4.2,2.22,NORMAL_STABLE,UNRESTRICTED_TRANSIT
HYD-BR-05-20260308,BR-05,Teesta-V Coronation Suspension Bypass,Teesta,Sikkim / WB,2026-03-08T00:00:00,177.94,180.5,182.4,12906.0,1.8,1.22,4.2,4.16,NORMAL_STABLE,UNRESTRICTED_TRANSIT
HYD-BR-05-20260309,BR-05,Teesta-V Coronation Suspension Bypass,Teesta,Sikkim / WB,2026-03-09T00:00:00,175.78,180.5,182.4,11023.0,0.98,1.26,4.2,2.77,NORMAL_STABLE,UNRESTRICTED_TRANSIT
HYD-BR-05-20260310,BR-05,Teesta-V Coronation Suspension Bypass,Teesta,Sikkim / WB,2026-03-10T00:00:00,177.06,180.5,182.4,6464.0,1.52,0.4,4.2,1.87,NORMAL_STABLE,UNRESTRICTED_TRANSIT
HYD-BR-05-20260311,BR-05,Teesta-V Coronation Suspension Bypass,Teesta,Sikkim / WB,2026-03-11T00:00:00,177.76,180.5,182.4,3269.0,2.13,1.14,4.2,1.58,NORMAL_STABLE,UNRESTRICTED_TRANSIT
HYD-BR-05-20260312,BR-05,Teesta-V Coronation Suspension Bypass,Teesta,Sikkim / WB,2026-03-12T00:00:00,177.21,180.5,182.4,3177.0,1.26,0.6,4.2,2.68,NORMAL_STABLE,UNRESTRICTED_TRANSIT
HYD-BR-05-20260313,BR-05,Teesta-V Coronation Suspension Bypass,Teesta,Sikkim / WB,2026-03-13T00:00:00,175.03,180.5,182.4,6712.0,2.07,1.32,4.2,2.07,NORMAL_STABLE,UNRESTRICTED_TRANSIT
HYD-BR-05-20260314,BR-05,Teesta-V Coronation Suspension Bypass,Teesta,Sikkim / WB,2026-03-14T00:00:00,175.73,180.5,182.4,3147.0,1.22,1.47,4.2,2.2,NORMAL_STABLE,UNRESTRICTED_TRANSIT
HYD-BR-05-20260315,BR-05,Teesta-V Coronation Suspension Bypass,Teesta,Sikkim / WB,2026-03-15T00:00:00,177.6,180.5,182.4,4203.0,1.95,0.77,4.2,3.27,NORMAL_STABLE,UNRESTRICTED_TRANSIT
HYD-BR-05-20260316,BR-05,Teesta-V Coronation Suspension Bypass,Teesta,Sikkim / WB,2026-03-16T00:00:00,175.7,180.5,182.4,3377.0,1.75,1.44,4.2,3.1,NORMAL_STABLE,UNRESTRICTED_TRANSIT
HYD-BR-05-20260317,BR-05,Teesta-V Coronation Suspension Bypass,Teesta,Sikkim / WB,2026-03-17T00:00:00,176.81,180.5,182.4,12237.0,2.14,0.93,4.2,1.69,NORMAL_STABLE,UNRESTRICTED_TRANSIT
HYD-BR-05-20260318,BR-05,Teesta-V Coronation Suspension Bypass,Teesta,Sikkim / WB,2026-03-18T00:00:00,178.0,180.5,182.4,7704.0,1.04,0.89,4.2,2.07,NORMAL_STABLE,UNRESTRICTED_TRANSIT
HYD-BR-05-20260319,BR-05,Teesta-V Coronation Suspension Bypass,Teesta,Sikkim / WB,2026-03-19T00:00:00,176.47,180.5,182.4,12967.0,1.16,0.57,4.2,1.75,NORMAL_STABLE,UNRESTRICTED_TRANSIT
HYD-BR-05-20260320,BR-05,Teesta-V Coronation Suspension Bypass,Teesta,Sikkim / WB,2026-03-20T00:00:00,177.01,180.5,182.4,3929.0,1.72,0.49,4.2,2.18,NORMAL_STABLE,UNRESTRICTED_TRANSIT
HYD-BR-05-20260321,BR-05,Teesta-V Coronation Suspension Bypass,Teesta,Sikkim / WB,2026-03-21T00:00:00,175.84,180.5,182.4,7452.0,0.92,0.87,4.2,2.93,NORMAL_STABLE,UNRESTRICTED_TRANSIT
HYD-BR-05-20260322,BR-05,Teesta-V Coronation Suspension Bypass,Teesta,Sikkim / WB,2026-03-22T00:00:00,176.64,180.5,182.4,3569.0,1.17,1.16,4.2,1.63,NORMAL_STABLE,UNRESTRICTED_TRANSIT
HYD-BR-05-20260323,BR-05,Teesta-V Coronation Suspension Bypass,Teesta,Sikkim / WB,2026-03-23T00:00:00,177.51,180.5,182.4,11377.0,1.34,1.42,4.2,2.63,NORMAL_STABLE,UNRESTRICTED_TRANSIT
HYD-BR-05-20260324,BR-05,Teesta-V Coronation Suspension Bypass,Teesta,Sikkim / WB,2026-03-24T00:00:00,175.04,180.5,182.4,10596.0,2.14,0.79,4.2,4.1,NORMAL_STABLE,UNRESTRICTED_TRANSIT
HYD-BR-05-20260325,BR-05,Teesta-V Coronation Suspension Bypass,Teesta,Sikkim / WB,2026-03-25T00:00:00,177.63,180.5,182.4,6679.0,2.12,0.74,4.2,2.8,NORMAL_STABLE,UNRESTRICTED_TRANSIT
HYD-BR-05-20260326,BR-05,Teesta-V Coronation Suspension Bypass,Teesta,Sikkim / WB,2026-03-26T00:00:00,176.42,180.5,182.4,9292.0,1.71,0.54,4.2,2.64,NORMAL_STABLE,UNRESTRICTED_TRANSIT
HYD-BR-05-20260327,BR-05,Teesta-V Coronation Suspension Bypass,Teesta,Sikkim / WB,2026-03-27T00:00:00,177.53,180.5,182.4,3750.0,1.17,1.44,4.2,2.75,NORMAL_STABLE,UNRESTRICTED_TRANSIT
HYD-BR-05-20260328,BR-05,Teesta-V Coronation Suspension Bypass,Teesta,Sikkim / WB,2026-03-28T00:00:00,176.93,180.5,182.4,11414.0,1.15,0.97,4.2,4.15,NORMAL_STABLE,UNRESTRICTED_TRANSIT
HYD-BR-05-20260329,BR-05,Teesta-V Coronation Suspension Bypass,Teesta,Sikkim / WB,2026-03-29T00:00:00,177.05,180.5,182.4,6333.0,1.28,0.75,4.2,2.65,NORMAL_STABLE,UNRESTRICTED_TRANSIT
HYD-BR-05-20260330,BR-05,Teesta-V Coronation Suspension Bypass,Teesta,Sikkim / WB,2026-03-30T00:00:00,176.39,180.5,182.4,5373.0,0.8,1.09,4.2,3.77,NORMAL_STABLE,UNRESTRICTED_TRANSIT
HYD-BR-05-20260331,BR-05,Teesta-V Coronation Suspension Bypass,Teesta,Sikkim / WB,2026-03-31T00:00:00,176.91,180.5,182.4,12338.0,0.99,1.05,4.2,2.3,NORMAL_STABLE,UNRESTRICTED_TRANSIT
HYD-BR-05-20260401,BR-05,Teesta-V Coronation Suspension Bypass,Teesta,Sikkim / WB,2026-04-01T00:00:00,175.41,180.5,182.4,8650.0,1.8,0.71,4.2,2.14,NORMAL_STABLE,UNRESTRICTED_TRANSIT
HYD-BR-05-20260402,BR-05,Teesta-V Coronation Suspension Bypass,Teesta,Sikkim / WB,2026-04-02T00:00:00,176.14,180.5,182.4,11968.0,0.91,0.96,4.2,2.76,NORMAL_STABLE,UNRESTRICTED_TRANSIT
HYD-BR-05-20260403,BR-05,Teesta-V Coronation Suspension Bypass,Teesta,Sikkim / WB,2026-04-03T00:00:00,176.79,180.5,182.4,10050.0,1.45,0.77,4.2,2.79,NORMAL_STABLE,UNRESTRICTED_TRANSIT
HYD-BR-05-20260404,BR-05,Teesta-V Coronation Suspension Bypass,Teesta,Sikkim / WB,2026-04-04T00:00:00,174.52,180.5,182.4,9508.0,1.67,0.95,4.2,3.34,NORMAL_STABLE,UNRESTRICTED_TRANSIT
HYD-BR-05-20260405,BR-05,Teesta-V Coronation Suspension Bypass,Teesta,Sikkim / WB,2026-04-05T00:00:00,176.83,180.5,182.4,12938.0,1.57,0.37,4.2,2.05,NORMAL_STABLE,UNRESTRICTED_TRANSIT
HYD-BR-05-20260406,BR-05,Teesta-V Coronation Suspension Bypass,Teesta,Sikkim / WB,2026-04-06T00:00:00,176.02,180.5,182.4,10410.0,1.55,1.48,4.2,2.62,NORMAL_STABLE,UNRESTRICTED_TRANSIT
HYD-BR-05-20260407,BR-05,Teesta-V Coronation Suspension Bypass,Teesta,Sikkim / WB,2026-04-07T00:00:00,176.51,180.5,182.4,3583.0,1.01,0.91,4.2,2.29,NORMAL_STABLE,UNRESTRICTED_TRANSIT
HYD-BR-05-20260408,BR-05,Teesta-V Coronation Suspension Bypass,Teesta,Sikkim / WB,2026-04-08T00:00:00,177.06,180.5,182.4,8873.0,1.09,1.32,4.2,2.45,NORMAL_STABLE,UNRESTRICTED_TRANSIT
HYD-BR-05-20260409,BR-05,Teesta-V Coronation Suspension Bypass,Teesta,Sikkim / WB,2026-04-09T00:00:00,176.58,180.5,182.4,13036.0,1.81,0.85,4.2,3.09,NORMAL_STABLE,UNRESTRICTED_TRANSIT
HYD-BR-05-20260410,BR-05,Teesta-V Coronation Suspension Bypass,Teesta,Sikkim / WB,2026-04-10T00:00:00,176.87,180.5,182.4,11995.0,0.89,0.58,4.2,3.67,NORMAL_STABLE,UNRESTRICTED_TRANSIT
HYD-BR-05-20260411,BR-05,Teesta-V Coronation Suspension Bypass,Teesta,Sikkim / WB,2026-04-11T00:00:00,175.97,180.5,182.4,7921.0,1.7,0.86,4.2,3.06,NORMAL_STABLE,UNRESTRICTED_TRANSIT
HYD-BR-05-20260412,BR-05,Teesta-V Coronation Suspension Bypass,Teesta,Sikkim / WB,2026-04-12T00:00:00,177.36,180.5,182.4,3471.0,2.03,0.56,4.2,2.18,NORMAL_STABLE,UNRESTRICTED_TRANSIT
HYD-BR-05-20260413,BR-05,Teesta-V Coronation Suspension Bypass,Teesta,Sikkim / WB,2026-04-13T00:00:00,177.11,180.5,182.4,4879.0,2.01,1.31,4.2,1.6,NORMAL_STABLE,UNRESTRICTED_TRANSIT
HYD-BR-05-20260414,BR-05,Teesta-V Coronation Suspension Bypass,Teesta,Sikkim / WB,2026-04-14T00:00:00,177.64,180.5,182.4,4253.0,1.11,0.4,4.2,3.62,NORMAL_STABLE,UNRESTRICTED_TRANSIT
HYD-BR-05-20260415,BR-05,Teesta-V Coronation Suspension Bypass,Teesta,Sikkim / WB,2026-04-15T00:00:00,177.76,180.5,182.4,13386.0,1.09,0.7,4.2,3.4,NORMAL_STABLE,UNRESTRICTED_TRANSIT
HYD-BR-05-20260416,BR-05,Teesta-V Coronation Suspension Bypass,Teesta,Sikkim / WB,2026-04-16T00:00:00,175.3,180.5,182.4,4724.0,1.38,0.88,4.2,3.75,NORMAL_STABLE,UNRESTRICTED_TRANSIT
HYD-BR-05-20260417,BR-05,Teesta-V Coronation Suspension Bypass,Teesta,Sikkim / WB,2026-04-17T00:00:00,176.79,180.5,182.4,6310.0,0.96,0.91,4.2,2.36,NORMAL_STABLE,UNRESTRICTED_TRANSIT
HYD-BR-05-20260418,BR-05,Teesta-V Coronation Suspension Bypass,Teesta,Sikkim / WB,2026-04-18T00:00:00,175.61,180.5,182.4,8178.0,1.1,1.3,4.2,2.92,NORMAL_STABLE,UNRESTRICTED_TRANSIT
HYD-BR-05-20260419,BR-05,Teesta-V Coronation Suspension Bypass,Teesta,Sikkim / WB,2026-04-19T00:00:00,177.34,180.5,182.4,3857.0,2.07,0.83,4.2,1.97,NORMAL_STABLE,UNRESTRICTED_TRANSIT
HYD-BR-05-20260420,BR-05,Teesta-V Coronation Suspension Bypass,Teesta,Sikkim / WB,2026-04-20T00:00:00,176.56,180.5,182.4,3058.0,1.64,0.58,4.2,3.73,NORMAL_STABLE,UNRESTRICTED_TRANSIT
HYD-BR-05-20260421,BR-05,Teesta-V Coronation Suspension Bypass,Teesta,Sikkim / WB,2026-04-21T00:00:00,177.96,180.5,182.4,5379.0,1.1,0.71,4.2,4.02,NORMAL_STABLE,UNRESTRICTED_TRANSIT
HYD-BR-05-20260422,BR-05,Teesta-V Coronation Suspension Bypass,Teesta,Sikkim / WB,2026-04-22T00:00:00,174.51,180.5,182.4,13944.0,1.58,1.29,4.2,3.32,NORMAL_STABLE,UNRESTRICTED_TRANSIT
HYD-BR-05-20260423,BR-05,Teesta-V Coronation Suspension Bypass,Teesta,Sikkim / WB,2026-04-23T00:00:00,176.7,180.5,182.4,4989.0,1.97,0.32,4.2,3.98,NORMAL_STABLE,UNRESTRICTED_TRANSIT
HYD-BR-05-20260424,BR-05,Teesta-V Coronation Suspension Bypass,Teesta,Sikkim / WB,2026-04-24T00:00:00,177.08,180.5,182.4,12980.0,1.23,1.29,4.2,1.59,NORMAL_STABLE,UNRESTRICTED_TRANSIT
HYD-BR-05-20260425,BR-05,Teesta-V Coronation Suspension Bypass,Teesta,Sikkim / WB,2026-04-25T00:00:00,176.09,180.5,182.4,13587.0,1.29,0.75,4.2,1.88,NORMAL_STABLE,UNRESTRICTED_TRANSIT
HYD-BR-05-20260426,BR-05,Teesta-V Coronation Suspension Bypass,Teesta,Sikkim / WB,2026-04-26T00:00:00,175.45,180.5,182.4,7471.0,1.93,1.48,4.2,3.94,NORMAL_STABLE,UNRESTRICTED_TRANSIT
HYD-BR-05-20260427,BR-05,Teesta-V Coronation Suspension Bypass,Teesta,Sikkim / WB,2026-04-27T00:00:00,175.86,180.5,182.4,13643.0,0.87,1.28,4.2,3.35,NORMAL_STABLE,UNRESTRICTED_TRANSIT
HYD-BR-05-20260428,BR-05,Teesta-V Coronation Suspension Bypass,Teesta,Sikkim / WB,2026-04-28T00:00:00,174.57,180.5,182.4,8413.0,2.08,0.33,4.2,3.03,NORMAL_STABLE,UNRESTRICTED_TRANSIT
HYD-BR-05-20260429,BR-05,Teesta-V Coronation Suspension Bypass,Teesta,Sikkim / WB,2026-04-29T00:00:00,176.97,180.5,182.4,8226.0,1.21,1.14,4.2,1.78,NORMAL_STABLE,UNRESTRICTED_TRANSIT
HYD-BR-05-20260430,BR-05,Teesta-V Coronation Suspension Bypass,Teesta,Sikkim / WB,2026-04-30T00:00:00,177.6,180.5,182.4,8116.0,2.02,0.45,4.2,2.5,NORMAL_STABLE,UNRESTRICTED_TRANSIT
HYD-BR-05-20260501,BR-05,Teesta-V Coronation Suspension Bypass,Teesta,Sikkim / WB,2026-05-01T00:00:00,174.7,180.5,182.4,5443.0,1.24,0.96,4.2,2.67,NORMAL_STABLE,UNRESTRICTED_TRANSIT
HYD-BR-05-20260502,BR-05,Teesta-V Coronation Suspension Bypass,Teesta,Sikkim / WB,2026-05-02T00:00:00,177.11,180.5,182.4,11513.0,2.01,1.15,4.2,2.66,NORMAL_STABLE,UNRESTRICTED_TRANSIT
HYD-BR-05-20260503,BR-05,Teesta-V Coronation Suspension Bypass,Teesta,Sikkim / WB,2026-05-03T00:00:00,174.94,180.5,182.4,13243.0,1.49,0.55,4.2,2.91,NORMAL_STABLE,UNRESTRICTED_TRANSIT
HYD-BR-05-20260504,BR-05,Teesta-V Coronation Suspension Bypass,Teesta,Sikkim / WB,2026-05-04T00:00:00,176.67,180.5,182.4,6581.0,1.95,0.87,4.2,2.68,NORMAL_STABLE,UNRESTRICTED_TRANSIT
HYD-BR-05-20260505,BR-05,Teesta-V Coronation Suspension Bypass,Teesta,Sikkim / WB,2026-05-05T00:00:00,175.26,180.5,182.4,12157.0,1.43,1.48,4.2,3.78,NORMAL_STABLE,UNRESTRICTED_TRANSIT
HYD-BR-05-20260506,BR-05,Teesta-V Coronation Suspension Bypass,Teesta,Sikkim / WB,2026-05-06T00:00:00,177.45,180.5,182.4,7449.0,1.66,1.45,4.2,3.23,NORMAL_STABLE,UNRESTRICTED_TRANSIT
HYD-BR-05-20260507,BR-05,Teesta-V Coronation Suspension Bypass,Teesta,Sikkim / WB,2026-05-07T00:00:00,177.4,180.5,182.4,8097.0,1.12,1.03,4.2,2.67,NORMAL_STABLE,UNRESTRICTED_TRANSIT
HYD-BR-05-20260508,BR-05,Teesta-V Coronation Suspension Bypass,Teesta,Sikkim / WB,2026-05-08T00:00:00,176.46,180.5,182.4,8011.0,1.1,0.55,4.2,2.01,NORMAL_STABLE,UNRESTRICTED_TRANSIT
HYD-BR-05-20260509,BR-05,Teesta-V Coronation Suspension Bypass,Teesta,Sikkim / WB,2026-05-09T00:00:00,176.98,180.5,182.4,4912.0,0.96,0.76,4.2,2.67,NORMAL_STABLE,UNRESTRICTED_TRANSIT
HYD-BR-05-20260510,BR-05,Teesta-V Coronation Suspension Bypass,Teesta,Sikkim / WB,2026-05-10T00:00:00,175.29,180.5,182.4,9397.0,1.72,1.1,4.2,3.11,NORMAL_STABLE,UNRESTRICTED_TRANSIT
HYD-BR-05-20260511,BR-05,Teesta-V Coronation Suspension Bypass,Teesta,Sikkim / WB,2026-05-11T00:00:00,176.61,180.5,182.4,3472.0,1.72,1.22,4.2,3.69,NORMAL_STABLE,UNRESTRICTED_TRANSIT
HYD-BR-05-20260512,BR-05,Teesta-V Coronation Suspension Bypass,Teesta,Sikkim / WB,2026-05-12T00:00:00,174.82,180.5,182.4,13630.0,2.09,1.47,4.2,4.04,NORMAL_STABLE,UNRESTRICTED_TRANSIT
HYD-BR-05-20260513,BR-05,Teesta-V Coronation Suspension Bypass,Teesta,Sikkim / WB,2026-05-13T00:00:00,177.55,180.5,182.4,3030.0,1.16,0.83,4.2,4.03,NORMAL_STABLE,UNRESTRICTED_TRANSIT
HYD-BR-05-20260514,BR-05,Teesta-V Coronation Suspension Bypass,Teesta,Sikkim / WB,2026-05-14T00:00:00,177.72,180.5,182.4,3701.0,1.69,0.48,4.2,3.77,NORMAL_STABLE,UNRESTRICTED_TRANSIT
HYD-BR-05-20260515,BR-05,Teesta-V Coronation Suspension Bypass,Teesta,Sikkim / WB,2026-05-15T00:00:00,177.63,180.5,182.4,3229.0,1.77,1.0,4.2,2.88,NORMAL_STABLE,UNRESTRICTED_TRANSIT
HYD-BR-05-20260516,BR-05,Teesta-V Coronation Suspension Bypass,Teesta,Sikkim / WB,2026-05-16T00:00:00,177.58,180.5,182.4,4509.0,1.2,0.79,4.2,1.78,NORMAL_STABLE,UNRESTRICTED_TRANSIT
HYD-BR-05-20260517,BR-05,Teesta-V Coronation Suspension Bypass,Teesta,Sikkim / WB,2026-05-17T00:00:00,175.71,180.5,182.4,12044.0,1.11,1.3,4.2,4.17,NORMAL_STABLE,UNRESTRICTED_TRANSIT
HYD-BR-05-20260518,BR-05,Teesta-V Coronation Suspension Bypass,Teesta,Sikkim / WB,2026-05-18T00:00:00,176.39,180.5,182.4,11385.0,1.23,0.7,4.2,3.36,NORMAL_STABLE,UNRESTRICTED_TRANSIT
HYD-BR-05-20260519,BR-05,Teesta-V Coronation Suspension Bypass,Teesta,Sikkim / WB,2026-05-19T00:00:00,176.71,180.5,182.4,5033.0,1.24,0.85,4.2,4.14,NORMAL_STABLE,UNRESTRICTED_TRANSIT
HYD-BR-05-20260520,BR-05,Teesta-V Coronation Suspension Bypass,Teesta,Sikkim / WB,2026-05-20T00:00:00,176.27,180.5,182.4,8734.0,2.08,0.77,4.2,2.36,NORMAL_STABLE,UNRESTRICTED_TRANSIT
HYD-BR-05-20260521,BR-05,Teesta-V Coronation Suspension Bypass,Teesta,Sikkim / WB,2026-05-21T00:00:00,176.02,180.5,182.4,11750.0,1.49,1.44,4.2,1.57,NORMAL_STABLE,UNRESTRICTED_TRANSIT
HYD-BR-05-20260522,BR-05,Teesta-V Coronation Suspension Bypass,Teesta,Sikkim / WB,2026-05-22T00:00:00,174.53,180.5,182.4,9380.0,1.01,0.54,4.2,3.65,NORMAL_STABLE,UNRESTRICTED_TRANSIT
HYD-BR-05-20260523,BR-05,Teesta-V Coronation Suspension Bypass,Teesta,Sikkim / WB,2026-05-23T00:00:00,177.2,180.5,182.4,11094.0,1.64,1.39,4.2,3.53,NORMAL_STABLE,UNRESTRICTED_TRANSIT
HYD-BR-05-20260524,BR-05,Teesta-V Coronation Suspension Bypass,Teesta,Sikkim / WB,2026-05-24T00:00:00,177.46,180.5,182.4,11966.0,1.08,1.21,4.2,1.75,NORMAL_STABLE,UNRESTRICTED_TRANSIT
HYD-BR-05-20260525,BR-05,Teesta-V Coronation Suspension Bypass,Teesta,Sikkim / WB,2026-05-25T00:00:00,175.37,180.5,182.4,10630.0,1.52,0.66,4.2,3.46,NORMAL_STABLE,UNRESTRICTED_TRANSIT
HYD-BR-05-20260526,BR-05,Teesta-V Coronation Suspension Bypass,Teesta,Sikkim / WB,2026-05-26T00:00:00,177.92,180.5,182.4,11600.0,1.25,1.01,4.2,1.98,NORMAL_STABLE,UNRESTRICTED_TRANSIT
HYD-BR-05-20260527,BR-05,Teesta-V Coronation Suspension Bypass,Teesta,Sikkim / WB,2026-05-27T00:00:00,177.63,180.5,182.4,11452.0,0.96,0.8,4.2,3.71,NORMAL_STABLE,UNRESTRICTED_TRANSIT
HYD-BR-05-20260528,BR-05,Teesta-V Coronation Suspension Bypass,Teesta,Sikkim / WB,2026-05-28T00:00:00,174.51,180.5,182.4,5988.0,2.19,1.44,4.2,3.66,NORMAL_STABLE,UNRESTRICTED_TRANSIT
HYD-BR-05-20260529,BR-05,Teesta-V Coronation Suspension Bypass,Teesta,Sikkim / WB,2026-05-29T00:00:00,175.45,180.5,182.4,11794.0,1.49,0.9,4.2,2.09,NORMAL_STABLE,UNRESTRICTED_TRANSIT
HYD-BR-05-20260530,BR-05,Teesta-V Coronation Suspension Bypass,Teesta,Sikkim / WB,2026-05-30T00:00:00,176.04,180.5,182.4,5490.0,1.86,0.85,4.2,2.19,NORMAL_STABLE,UNRESTRICTED_TRANSIT
HYD-BR-05-20260531,BR-05,Teesta-V Coronation Suspension Bypass,Teesta,Sikkim / WB,2026-05-31T00:00:00,175.24,180.5,182.4,4002.0,0.86,0.76,4.2,3.9,NORMAL_STABLE,UNRESTRICTED_TRANSIT
HYD-BR-06-20250601,BR-06,Naranarayan Setu (Jogighopa-Pancharatna),Brahmaputra,Assam,2025-06-01T00:00:00,28.08,29.2,30.15,38940.0,3.27,2.15,4.2,12.72,MODERATE_SCOUR,CAUTION_NO_OVERWEIGHT_FREIGHT
HYD-BR-06-20250602,BR-06,Naranarayan Setu (Jogighopa-Pancharatna),Brahmaputra,Assam,2025-06-02T00:00:00,28.02,29.2,30.15,15597.0,3.67,3.72,4.2,11.9,HIGH_STRESS_MONITORING,SPEED_LIMIT_15KMH_SINGLE_CONVOY
HYD-BR-06-20250603,BR-06,Naranarayan Setu (Jogighopa-Pancharatna),Brahmaputra,Assam,2025-06-03T00:00:00,31.17,29.2,30.15,64835.0,5.25,2.85,4.2,10.29,CRITICAL_PIER_EROSION,CLOSED_EMERGENCY_DIVERSION
HYD-BR-06-20250604,BR-06,Naranarayan Setu (Jogighopa-Pancharatna),Brahmaputra,Assam,2025-06-04T00:00:00,29.43,29.2,30.15,44354.0,5.29,4.2,4.2,11.63,CRITICAL_PIER_EROSION,CLOSED_EMERGENCY_DIVERSION
HYD-BR-06-20250605,BR-06,Naranarayan Setu (Jogighopa-Pancharatna),Brahmaputra,Assam,2025-06-05T00:00:00,28.19,29.2,30.15,33520.0,3.33,1.47,4.2,8.2,NORMAL_STABLE,UNRESTRICTED_TRANSIT
HYD-BR-06-20250606,BR-06,Naranarayan Setu (Jogighopa-Pancharatna),Brahmaputra,Assam,2025-06-06T00:00:00,30.41,29.2,30.15,31396.0,4.91,1.42,4.2,8.12,CRITICAL_PIER_EROSION,CLOSED_EMERGENCY_DIVERSION
HYD-BR-06-20250607,BR-06,Naranarayan Setu (Jogighopa-Pancharatna),Brahmaputra,Assam,2025-06-07T00:00:00,30.61,29.2,30.15,33057.0,3.28,4.44,4.2,11.02,CRITICAL_PIER_EROSION,CLOSED_EMERGENCY_DIVERSION
HYD-BR-06-20250608,BR-06,Naranarayan Setu (Jogighopa-Pancharatna),Brahmaputra,Assam,2025-06-08T00:00:00,27.82,29.2,30.15,28561.0,4.16,1.9,4.2,8.33,NORMAL_STABLE,UNRESTRICTED_TRANSIT
HYD-BR-06-20250609,BR-06,Naranarayan Setu (Jogighopa-Pancharatna),Brahmaputra,Assam,2025-06-09T00:00:00,30.4,29.2,30.15,44959.0,4.45,4.51,4.2,12.53,CRITICAL_PIER_EROSION,CLOSED_EMERGENCY_DIVERSION
HYD-BR-06-20250610,BR-06,Naranarayan Setu (Jogighopa-Pancharatna),Brahmaputra,Assam,2025-06-10T00:00:00,30.23,29.2,30.15,40500.0,2.79,2.57,4.2,4.57,CRITICAL_PIER_EROSION,CLOSED_EMERGENCY_DIVERSION
HYD-BR-06-20250611,BR-06,Naranarayan Setu (Jogighopa-Pancharatna),Brahmaputra,Assam,2025-06-11T00:00:00,30.8,29.2,30.15,21009.0,4.21,2.39,4.2,7.07,CRITICAL_PIER_EROSION,CLOSED_EMERGENCY_DIVERSION
HYD-BR-06-20250612,BR-06,Naranarayan Setu (Jogighopa-Pancharatna),Brahmaputra,Assam,2025-06-12T00:00:00,27.86,29.2,30.15,46511.0,2.77,2.79,4.2,4.63,MODERATE_SCOUR,CAUTION_NO_OVERWEIGHT_FREIGHT
HYD-BR-06-20250613,BR-06,Naranarayan Setu (Jogighopa-Pancharatna),Brahmaputra,Assam,2025-06-13T00:00:00,31.34,29.2,30.15,34039.0,4.7,3.12,4.2,11.52,CRITICAL_PIER_EROSION,CLOSED_EMERGENCY_DIVERSION
HYD-BR-06-20250614,BR-06,Naranarayan Setu (Jogighopa-Pancharatna),Brahmaputra,Assam,2025-06-14T00:00:00,30.28,29.2,30.15,66503.0,5.6,4.15,4.2,10.87,CRITICAL_PIER_EROSION,CLOSED_EMERGENCY_DIVERSION
HYD-BR-06-20250615,BR-06,Naranarayan Setu (Jogighopa-Pancharatna),Brahmaputra,Assam,2025-06-15T00:00:00,29.61,29.2,30.15,44931.0,3.13,1.23,4.2,12.29,HIGH_STRESS_MONITORING,SPEED_LIMIT_15KMH_SINGLE_CONVOY
HYD-BR-06-20250616,BR-06,Naranarayan Setu (Jogighopa-Pancharatna),Brahmaputra,Assam,2025-06-16T00:00:00,29.28,29.2,30.15,25025.0,2.89,2.89,4.2,11.14,HIGH_STRESS_MONITORING,SPEED_LIMIT_15KMH_SINGLE_CONVOY
HYD-BR-06-20250617,BR-06,Naranarayan Setu (Jogighopa-Pancharatna),Brahmaputra,Assam,2025-06-17T00:00:00,31.35,29.2,30.15,31893.0,6.2,4.76,4.2,6.03,CRITICAL_PIER_EROSION,CLOSED_EMERGENCY_DIVERSION
HYD-BR-06-20250618,BR-06,Naranarayan Setu (Jogighopa-Pancharatna),Brahmaputra,Assam,2025-06-18T00:00:00,31.17,29.2,30.15,48587.0,3.72,2.76,4.2,6.33,CRITICAL_PIER_EROSION,CLOSED_EMERGENCY_DIVERSION
HYD-BR-06-20250619,BR-06,Naranarayan Setu (Jogighopa-Pancharatna),Brahmaputra,Assam,2025-06-19T00:00:00,27.71,29.2,30.15,31915.0,3.33,4.53,4.2,9.04,CRITICAL_PIER_EROSION,CLOSED_EMERGENCY_DIVERSION
HYD-BR-06-20250620,BR-06,Naranarayan Setu (Jogighopa-Pancharatna),Brahmaputra,Assam,2025-06-20T00:00:00,28.54,29.2,30.15,58576.0,2.73,3.95,4.2,8.45,HIGH_STRESS_MONITORING,SPEED_LIMIT_15KMH_SINGLE_CONVOY
HYD-BR-06-20250621,BR-06,Naranarayan Setu (Jogighopa-Pancharatna),Brahmaputra,Assam,2025-06-21T00:00:00,31.31,29.2,30.15,36654.0,5.19,1.62,4.2,7.32,CRITICAL_PIER_EROSION,CLOSED_EMERGENCY_DIVERSION
HYD-BR-06-20250622,BR-06,Naranarayan Setu (Jogighopa-Pancharatna),Brahmaputra,Assam,2025-06-22T00:00:00,30.81,29.2,30.15,40551.0,4.48,4.13,4.2,7.84,CRITICAL_PIER_EROSION,CLOSED_EMERGENCY_DIVERSION
HYD-BR-06-20250623,BR-06,Naranarayan Setu (Jogighopa-Pancharatna),Brahmaputra,Assam,2025-06-23T00:00:00,29.21,29.2,30.15,29560.0,3.67,1.55,4.2,11.55,HIGH_STRESS_MONITORING,SPEED_LIMIT_15KMH_SINGLE_CONVOY
HYD-BR-06-20250624,BR-06,Naranarayan Setu (Jogighopa-Pancharatna),Brahmaputra,Assam,2025-06-24T00:00:00,27.83,29.2,30.15,31672.0,3.5,1.28,4.2,8.69,NORMAL_STABLE,UNRESTRICTED_TRANSIT
HYD-BR-06-20250625,BR-06,Naranarayan Setu (Jogighopa-Pancharatna),Brahmaputra,Assam,2025-06-25T00:00:00,30.36,29.2,30.15,61459.0,3.48,2.88,4.2,7.09,CRITICAL_PIER_EROSION,CLOSED_EMERGENCY_DIVERSION
HYD-BR-06-20250626,BR-06,Naranarayan Setu (Jogighopa-Pancharatna),Brahmaputra,Assam,2025-06-26T00:00:00,29.42,29.2,30.15,53151.0,5.44,3.35,4.2,11.62,HIGH_STRESS_MONITORING,SPEED_LIMIT_15KMH_SINGLE_CONVOY
HYD-BR-06-20250627,BR-06,Naranarayan Setu (Jogighopa-Pancharatna),Brahmaputra,Assam,2025-06-27T00:00:00,30.3,29.2,30.15,62528.0,3.01,4.17,4.2,5.5,CRITICAL_PIER_EROSION,CLOSED_EMERGENCY_DIVERSION
HYD-BR-06-20250628,BR-06,Naranarayan Setu (Jogighopa-Pancharatna),Brahmaputra,Assam,2025-06-28T00:00:00,28.84,29.2,30.15,33019.0,2.55,3.27,4.2,9.8,HIGH_STRESS_MONITORING,SPEED_LIMIT_15KMH_SINGLE_CONVOY
HYD-BR-06-20250629,BR-06,Naranarayan Setu (Jogighopa-Pancharatna),Brahmaputra,Assam,2025-06-29T00:00:00,29.52,29.2,30.15,33596.0,5.78,4.21,4.2,11.81,CRITICAL_PIER_EROSION,CLOSED_EMERGENCY_DIVERSION
HYD-BR-06-20250630,BR-06,Naranarayan Setu (Jogighopa-Pancharatna),Brahmaputra,Assam,2025-06-30T00:00:00,30.03,29.2,30.15,40996.0,2.57,1.91,4.2,11.61,HIGH_STRESS_MONITORING,SPEED_LIMIT_15KMH_SINGLE_CONVOY
HYD-BR-06-20250701,BR-06,Naranarayan Setu (Jogighopa-Pancharatna),Brahmaputra,Assam,2025-07-01T00:00:00,28.88,29.2,30.15,60903.0,5.38,3.89,4.2,5.75,HIGH_STRESS_MONITORING,SPEED_LIMIT_15KMH_SINGLE_CONVOY
HYD-BR-06-20250702,BR-06,Naranarayan Setu (Jogighopa-Pancharatna),Brahmaputra,Assam,2025-07-02T00:00:00,30.98,29.2,30.15,44032.0,4.66,3.66,4.2,8.63,CRITICAL_PIER_EROSION,CLOSED_EMERGENCY_DIVERSION
HYD-BR-06-20250703,BR-06,Naranarayan Setu (Jogighopa-Pancharatna),Brahmaputra,Assam,2025-07-03T00:00:00,28.35,29.2,30.15,67673.0,5.63,4.58,4.2,6.16,CRITICAL_PIER_EROSION,CLOSED_EMERGENCY_DIVERSION
HYD-BR-06-20250704,BR-06,Naranarayan Setu (Jogighopa-Pancharatna),Brahmaputra,Assam,2025-07-04T00:00:00,28.99,29.2,30.15,28106.0,3.48,3.28,4.2,10.65,HIGH_STRESS_MONITORING,SPEED_LIMIT_15KMH_SINGLE_CONVOY
HYD-BR-06-20250705,BR-06,Naranarayan Setu (Jogighopa-Pancharatna),Brahmaputra,Assam,2025-07-05T00:00:00,30.93,29.2,30.15,44560.0,5.33,4.17,4.2,11.4,CRITICAL_PIER_EROSION,CLOSED_EMERGENCY_DIVERSION
HYD-BR-06-20250706,BR-06,Naranarayan Setu (Jogighopa-Pancharatna),Brahmaputra,Assam,2025-07-06T00:00:00,29.02,29.2,30.15,16108.0,6.14,4.75,4.2,11.84,CRITICAL_PIER_EROSION,CLOSED_EMERGENCY_DIVERSION
HYD-BR-06-20250707,BR-06,Naranarayan Setu (Jogighopa-Pancharatna),Brahmaputra,Assam,2025-07-07T00:00:00,28.33,29.2,30.15,26280.0,2.52,4.44,4.2,5.23,CRITICAL_PIER_EROSION,CLOSED_EMERGENCY_DIVERSION
HYD-BR-06-20250708,BR-06,Naranarayan Setu (Jogighopa-Pancharatna),Brahmaputra,Assam,2025-07-08T00:00:00,27.7,29.2,30.15,17622.0,5.06,2.26,4.2,12.0,MODERATE_SCOUR,CAUTION_NO_OVERWEIGHT_FREIGHT
HYD-BR-06-20250709,BR-06,Naranarayan Setu (Jogighopa-Pancharatna),Brahmaputra,Assam,2025-07-09T00:00:00,30.26,29.2,30.15,26218.0,4.34,3.11,4.2,7.43,CRITICAL_PIER_EROSION,CLOSED_EMERGENCY_DIVERSION
HYD-BR-06-20250710,BR-06,Naranarayan Setu (Jogighopa-Pancharatna),Brahmaputra,Assam,2025-07-10T00:00:00,31.35,29.2,30.15,16208.0,5.65,3.7,4.2,6.45,CRITICAL_PIER_EROSION,CLOSED_EMERGENCY_DIVERSION
HYD-BR-06-20250711,BR-06,Naranarayan Setu (Jogighopa-Pancharatna),Brahmaputra,Assam,2025-07-11T00:00:00,31.34,29.2,30.15,50922.0,4.5,4.24,4.2,8.68,CRITICAL_PIER_EROSION,CLOSED_EMERGENCY_DIVERSION
HYD-BR-06-20250712,BR-06,Naranarayan Setu (Jogighopa-Pancharatna),Brahmaputra,Assam,2025-07-12T00:00:00,31.29,29.2,30.15,61983.0,4.8,2.06,4.2,11.07,CRITICAL_PIER_EROSION,CLOSED_EMERGENCY_DIVERSION
HYD-BR-06-20250713,BR-06,Naranarayan Setu (Jogighopa-Pancharatna),Brahmaputra,Assam,2025-07-13T00:00:00,27.95,29.2,30.15,52843.0,5.61,4.1,4.2,7.6,HIGH_STRESS_MONITORING,SPEED_LIMIT_15KMH_SINGLE_CONVOY
HYD-BR-06-20250714,BR-06,Naranarayan Setu (Jogighopa-Pancharatna),Brahmaputra,Assam,2025-07-14T00:00:00,27.83,29.2,30.15,25963.0,4.03,4.6,4.2,5.62,CRITICAL_PIER_EROSION,CLOSED_EMERGENCY_DIVERSION
HYD-BR-06-20250715,BR-06,Naranarayan Setu (Jogighopa-Pancharatna),Brahmaputra,Assam,2025-07-15T00:00:00,30.34,29.2,30.15,67653.0,3.2,2.19,4.2,10.29,CRITICAL_PIER_EROSION,CLOSED_EMERGENCY_DIVERSION
HYD-BR-06-20250716,BR-06,Naranarayan Setu (Jogighopa-Pancharatna),Brahmaputra,Assam,2025-07-16T00:00:00,28.2,29.2,30.15,52027.0,5.67,3.1,4.2,8.79,HIGH_STRESS_MONITORING,SPEED_LIMIT_15KMH_SINGLE_CONVOY
HYD-BR-06-20250717,BR-06,Naranarayan Setu (Jogighopa-Pancharatna),Brahmaputra,Assam,2025-07-17T00:00:00,28.92,29.2,30.15,65582.0,4.43,2.17,4.2,11.93,MODERATE_SCOUR,CAUTION_NO_OVERWEIGHT_FREIGHT
HYD-BR-06-20250718,BR-06,Naranarayan Setu (Jogighopa-Pancharatna),Brahmaputra,Assam,2025-07-18T00:00:00,31.22,29.2,30.15,60396.0,5.11,3.17,4.2,7.17,CRITICAL_PIER_EROSION,CLOSED_EMERGENCY_DIVERSION
HYD-BR-06-20250719,BR-06,Naranarayan Setu (Jogighopa-Pancharatna),Brahmaputra,Assam,2025-07-19T00:00:00,28.24,29.2,30.15,15768.0,5.11,1.54,4.2,5.69,NORMAL_STABLE,UNRESTRICTED_TRANSIT
HYD-BR-06-20250720,BR-06,Naranarayan Setu (Jogighopa-Pancharatna),Brahmaputra,Assam,2025-07-20T00:00:00,28.52,29.2,30.15,44418.0,4.63,3.39,4.2,8.98,HIGH_STRESS_MONITORING,SPEED_LIMIT_15KMH_SINGLE_CONVOY
HYD-BR-06-20250721,BR-06,Naranarayan Setu (Jogighopa-Pancharatna),Brahmaputra,Assam,2025-07-21T00:00:00,28.14,29.2,30.15,26245.0,5.27,2.29,4.2,7.76,MODERATE_SCOUR,CAUTION_NO_OVERWEIGHT_FREIGHT
HYD-BR-06-20250722,BR-06,Naranarayan Setu (Jogighopa-Pancharatna),Brahmaputra,Assam,2025-07-22T00:00:00,29.59,29.2,30.15,61981.0,4.48,3.68,4.2,9.4,HIGH_STRESS_MONITORING,SPEED_LIMIT_15KMH_SINGLE_CONVOY
HYD-BR-06-20250723,BR-06,Naranarayan Setu (Jogighopa-Pancharatna),Brahmaputra,Assam,2025-07-23T00:00:00,29.32,29.2,30.15,51045.0,6.05,2.32,4.2,8.29,HIGH_STRESS_MONITORING,SPEED_LIMIT_15KMH_SINGLE_CONVOY
HYD-BR-06-20250724,BR-06,Naranarayan Setu (Jogighopa-Pancharatna),Brahmaputra,Assam,2025-07-24T00:00:00,30.95,29.2,30.15,66284.0,2.98,1.57,4.2,5.83,CRITICAL_PIER_EROSION,CLOSED_EMERGENCY_DIVERSION
HYD-BR-06-20250725,BR-06,Naranarayan Setu (Jogighopa-Pancharatna),Brahmaputra,Assam,2025-07-25T00:00:00,28.38,29.2,30.15,56196.0,5.17,3.42,4.2,11.22,HIGH_STRESS_MONITORING,SPEED_LIMIT_15KMH_SINGLE_CONVOY
HYD-BR-06-20250726,BR-06,Naranarayan Setu (Jogighopa-Pancharatna),Brahmaputra,Assam,2025-07-26T00:00:00,30.92,29.2,30.15,42897.0,3.46,4.16,4.2,6.25,CRITICAL_PIER_EROSION,CLOSED_EMERGENCY_DIVERSION
HYD-BR-06-20250727,BR-06,Naranarayan Setu (Jogighopa-Pancharatna),Brahmaputra,Assam,2025-07-27T00:00:00,28.67,29.2,30.15,20580.0,3.16,3.4,4.2,7.57,HIGH_STRESS_MONITORING,SPEED_LIMIT_15KMH_SINGLE_CONVOY
HYD-BR-06-20250728,BR-06,Naranarayan Setu (Jogighopa-Pancharatna),Brahmaputra,Assam,2025-07-28T00:00:00,31.04,29.2,30.15,16581.0,5.67,4.43,4.2,8.1,CRITICAL_PIER_EROSION,CLOSED_EMERGENCY_DIVERSION
HYD-BR-06-20250729,BR-06,Naranarayan Setu (Jogighopa-Pancharatna),Brahmaputra,Assam,2025-07-29T00:00:00,28.73,29.2,30.15,59547.0,5.08,2.71,4.2,7.25,MODERATE_SCOUR,CAUTION_NO_OVERWEIGHT_FREIGHT
HYD-BR-06-20250730,BR-06,Naranarayan Setu (Jogighopa-Pancharatna),Brahmaputra,Assam,2025-07-30T00:00:00,30.34,29.2,30.15,50099.0,5.53,3.28,4.2,5.06,CRITICAL_PIER_EROSION,CLOSED_EMERGENCY_DIVERSION
HYD-BR-06-20250731,BR-06,Naranarayan Setu (Jogighopa-Pancharatna),Brahmaputra,Assam,2025-07-31T00:00:00,28.11,29.2,30.15,43690.0,5.27,2.87,4.2,7.83,MODERATE_SCOUR,CAUTION_NO_OVERWEIGHT_FREIGHT
HYD-BR-06-20250801,BR-06,Naranarayan Setu (Jogighopa-Pancharatna),Brahmaputra,Assam,2025-08-01T00:00:00,27.95,29.2,30.15,44600.0,4.89,2.19,4.2,11.85,MODERATE_SCOUR,CAUTION_NO_OVERWEIGHT_FREIGHT
HYD-BR-06-20250802,BR-06,Naranarayan Setu (Jogighopa-Pancharatna),Brahmaputra,Assam,2025-08-02T00:00:00,30.7,29.2,30.15,19257.0,5.39,2.73,4.2,10.7,CRITICAL_PIER_EROSION,CLOSED_EMERGENCY_DIVERSION
HYD-BR-06-20250803,BR-06,Naranarayan Setu (Jogighopa-Pancharatna),Brahmaputra,Assam,2025-08-03T00:00:00,29.13,29.2,30.15,39517.0,5.8,1.72,4.2,10.42,NORMAL_STABLE,UNRESTRICTED_TRANSIT
HYD-BR-06-20250804,BR-06,Naranarayan Setu (Jogighopa-Pancharatna),Brahmaputra,Assam,2025-08-04T00:00:00,28.21,29.2,30.15,59709.0,3.21,1.41,4.2,6.05,NORMAL_STABLE,UNRESTRICTED_TRANSIT
HYD-BR-06-20250805,BR-06,Naranarayan Setu (Jogighopa-Pancharatna),Brahmaputra,Assam,2025-08-05T00:00:00,28.41,29.2,30.15,65828.0,6.18,3.51,4.2,8.31,HIGH_STRESS_MONITORING,SPEED_LIMIT_15KMH_SINGLE_CONVOY
HYD-BR-06-20250806,BR-06,Naranarayan Setu (Jogighopa-Pancharatna),Brahmaputra,Assam,2025-08-06T00:00:00,28.7,29.2,30.15,57138.0,4.79,4.37,4.2,6.61,CRITICAL_PIER_EROSION,CLOSED_EMERGENCY_DIVERSION
HYD-BR-06-20250807,BR-06,Naranarayan Setu (Jogighopa-Pancharatna),Brahmaputra,Assam,2025-08-07T00:00:00,31.28,29.2,30.15,64657.0,5.29,3.68,4.2,9.61,CRITICAL_PIER_EROSION,CLOSED_EMERGENCY_DIVERSION
HYD-BR-06-20250808,BR-06,Naranarayan Setu (Jogighopa-Pancharatna),Brahmaputra,Assam,2025-08-08T00:00:00,29.09,29.2,30.15,51108.0,5.95,1.52,4.2,5.38,NORMAL_STABLE,UNRESTRICTED_TRANSIT
HYD-BR-06-20250809,BR-06,Naranarayan Setu (Jogighopa-Pancharatna),Brahmaputra,Assam,2025-08-09T00:00:00,31.06,29.2,30.15,56758.0,4.08,1.59,4.2,10.0,CRITICAL_PIER_EROSION,CLOSED_EMERGENCY_DIVERSION
HYD-BR-06-20250810,BR-06,Naranarayan Setu (Jogighopa-Pancharatna),Brahmaputra,Assam,2025-08-10T00:00:00,27.84,29.2,30.15,64373.0,5.29,1.7,4.2,9.46,NORMAL_STABLE,UNRESTRICTED_TRANSIT
HYD-BR-06-20250811,BR-06,Naranarayan Setu (Jogighopa-Pancharatna),Brahmaputra,Assam,2025-08-11T00:00:00,30.14,29.2,30.15,45367.0,4.58,1.85,4.2,8.48,HIGH_STRESS_MONITORING,SPEED_LIMIT_15KMH_SINGLE_CONVOY
HYD-BR-06-20250812,BR-06,Naranarayan Setu (Jogighopa-Pancharatna),Brahmaputra,Assam,2025-08-12T00:00:00,29.96,29.2,30.15,15866.0,5.4,3.85,4.2,10.71,HIGH_STRESS_MONITORING,SPEED_LIMIT_15KMH_SINGLE_CONVOY
HYD-BR-06-20250813,BR-06,Naranarayan Setu (Jogighopa-Pancharatna),Brahmaputra,Assam,2025-08-13T00:00:00,31.13,29.2,30.15,20532.0,5.54,4.36,4.2,5.95,CRITICAL_PIER_EROSION,CLOSED_EMERGENCY_DIVERSION
HYD-BR-06-20250814,BR-06,Naranarayan Setu (Jogighopa-Pancharatna),Brahmaputra,Assam,2025-08-14T00:00:00,28.21,29.2,30.15,56856.0,5.42,1.54,4.2,5.28,NORMAL_STABLE,UNRESTRICTED_TRANSIT
HYD-BR-06-20250815,BR-06,Naranarayan Setu (Jogighopa-Pancharatna),Brahmaputra,Assam,2025-08-15T00:00:00,30.33,29.2,30.15,27441.0,4.98,1.36,4.2,6.34,CRITICAL_PIER_EROSION,CLOSED_EMERGENCY_DIVERSION
HYD-BR-06-20250816,BR-06,Naranarayan Setu (Jogighopa-Pancharatna),Brahmaputra,Assam,2025-08-16T00:00:00,28.59,29.2,30.15,27477.0,5.61,1.26,4.2,11.63,NORMAL_STABLE,UNRESTRICTED_TRANSIT
HYD-BR-06-20250817,BR-06,Naranarayan Setu (Jogighopa-Pancharatna),Brahmaputra,Assam,2025-08-17T00:00:00,29.7,29.2,30.15,41066.0,3.04,2.68,4.2,12.5,HIGH_STRESS_MONITORING,SPEED_LIMIT_15KMH_SINGLE_CONVOY
HYD-BR-06-20250818,BR-06,Naranarayan Setu (Jogighopa-Pancharatna),Brahmaputra,Assam,2025-08-18T00:00:00,31.17,29.2,30.15,49298.0,3.34,2.66,4.2,11.48,CRITICAL_PIER_EROSION,CLOSED_EMERGENCY_DIVERSION
HYD-BR-06-20250819,BR-06,Naranarayan Setu (Jogighopa-Pancharatna),Brahmaputra,Assam,2025-08-19T00:00:00,30.3,29.2,30.15,31534.0,3.19,1.78,4.2,11.99,CRITICAL_PIER_EROSION,CLOSED_EMERGENCY_DIVERSION
HYD-BR-06-20250820,BR-06,Naranarayan Setu (Jogighopa-Pancharatna),Brahmaputra,Assam,2025-08-20T00:00:00,29.78,29.2,30.15,33489.0,3.61,2.21,4.2,5.31,HIGH_STRESS_MONITORING,SPEED_LIMIT_15KMH_SINGLE_CONVOY
HYD-BR-06-20250821,BR-06,Naranarayan Setu (Jogighopa-Pancharatna),Brahmaputra,Assam,2025-08-21T00:00:00,28.61,29.2,30.15,40532.0,3.72,2.4,4.2,10.19,MODERATE_SCOUR,CAUTION_NO_OVERWEIGHT_FREIGHT
HYD-BR-06-20250822,BR-06,Naranarayan Setu (Jogighopa-Pancharatna),Brahmaputra,Assam,2025-08-22T00:00:00,30.18,29.2,30.15,16747.0,4.88,4.24,4.2,11.95,CRITICAL_PIER_EROSION,CLOSED_EMERGENCY_DIVERSION
HYD-BR-06-20250823,BR-06,Naranarayan Setu (Jogighopa-Pancharatna),Brahmaputra,Assam,2025-08-23T00:00:00,30.92,29.2,30.15,41038.0,5.75,3.62,4.2,5.97,CRITICAL_PIER_EROSION,CLOSED_EMERGENCY_DIVERSION
HYD-BR-06-20250824,BR-06,Naranarayan Setu (Jogighopa-Pancharatna),Brahmaputra,Assam,2025-08-24T00:00:00,29.43,29.2,30.15,34696.0,4.23,1.9,4.2,10.29,HIGH_STRESS_MONITORING,SPEED_LIMIT_15KMH_SINGLE_CONVOY
HYD-BR-06-20250825,BR-06,Naranarayan Setu (Jogighopa-Pancharatna),Brahmaputra,Assam,2025-08-25T00:00:00,28.21,29.2,30.15,29300.0,5.95,1.23,4.2,12.52,NORMAL_STABLE,UNRESTRICTED_TRANSIT
HYD-BR-06-20250826,BR-06,Naranarayan Setu (Jogighopa-Pancharatna),Brahmaputra,Assam,2025-08-26T00:00:00,30.97,29.2,30.15,20866.0,4.55,1.84,4.2,5.56,CRITICAL_PIER_EROSION,CLOSED_EMERGENCY_DIVERSION
HYD-BR-06-20250827,BR-06,Naranarayan Setu (Jogighopa-Pancharatna),Brahmaputra,Assam,2025-08-27T00:00:00,28.34,29.2,30.15,27054.0,2.61,1.21,4.2,10.45,NORMAL_STABLE,UNRESTRICTED_TRANSIT
HYD-BR-06-20250828,BR-06,Naranarayan Setu (Jogighopa-Pancharatna),Brahmaputra,Assam,2025-08-28T00:00:00,30.71,29.2,30.15,38097.0,5.74,1.26,4.2,5.97,CRITICAL_PIER_EROSION,CLOSED_EMERGENCY_DIVERSION
HYD-BR-06-20250829,BR-06,Naranarayan Setu (Jogighopa-Pancharatna),Brahmaputra,Assam,2025-08-29T00:00:00,30.77,29.2,30.15,46794.0,5.79,4.51,4.2,4.82,CRITICAL_PIER_EROSION,CLOSED_EMERGENCY_DIVERSION
HYD-BR-06-20250830,BR-06,Naranarayan Setu (Jogighopa-Pancharatna),Brahmaputra,Assam,2025-08-30T00:00:00,30.87,29.2,30.15,20970.0,3.59,4.6,4.2,4.57,CRITICAL_PIER_EROSION,CLOSED_EMERGENCY_DIVERSION
HYD-BR-06-20250831,BR-06,Naranarayan Setu (Jogighopa-Pancharatna),Brahmaputra,Assam,2025-08-31T00:00:00,30.26,29.2,30.15,39748.0,5.25,2.54,4.2,7.63,CRITICAL_PIER_EROSION,CLOSED_EMERGENCY_DIVERSION
HYD-BR-06-20250901,BR-06,Naranarayan Setu (Jogighopa-Pancharatna),Brahmaputra,Assam,2025-09-01T00:00:00,29.36,29.2,30.15,45790.0,3.02,1.31,4.2,7.37,HIGH_STRESS_MONITORING,SPEED_LIMIT_15KMH_SINGLE_CONVOY
HYD-BR-06-20250902,BR-06,Naranarayan Setu (Jogighopa-Pancharatna),Brahmaputra,Assam,2025-09-02T00:00:00,28.59,29.2,30.15,26157.0,2.77,1.86,4.2,9.24,NORMAL_STABLE,UNRESTRICTED_TRANSIT
HYD-BR-06-20250903,BR-06,Naranarayan Setu (Jogighopa-Pancharatna),Brahmaputra,Assam,2025-09-03T00:00:00,31.39,29.2,30.15,57944.0,4.43,2.89,4.2,8.99,CRITICAL_PIER_EROSION,CLOSED_EMERGENCY_DIVERSION
HYD-BR-06-20250904,BR-06,Naranarayan Setu (Jogighopa-Pancharatna),Brahmaputra,Assam,2025-09-04T00:00:00,28.56,29.2,30.15,27151.0,3.58,3.78,4.2,5.88,HIGH_STRESS_MONITORING,SPEED_LIMIT_15KMH_SINGLE_CONVOY
HYD-BR-06-20250905,BR-06,Naranarayan Setu (Jogighopa-Pancharatna),Brahmaputra,Assam,2025-09-05T00:00:00,28.42,29.2,30.15,25717.0,4.37,3.13,4.2,6.91,HIGH_STRESS_MONITORING,SPEED_LIMIT_15KMH_SINGLE_CONVOY
HYD-BR-06-20250906,BR-06,Naranarayan Setu (Jogighopa-Pancharatna),Brahmaputra,Assam,2025-09-06T00:00:00,27.96,29.2,30.15,25215.0,5.64,4.44,4.2,11.97,CRITICAL_PIER_EROSION,CLOSED_EMERGENCY_DIVERSION
HYD-BR-06-20250907,BR-06,Naranarayan Setu (Jogighopa-Pancharatna),Brahmaputra,Assam,2025-09-07T00:00:00,30.73,29.2,30.15,28927.0,5.97,4.76,4.2,8.0,CRITICAL_PIER_EROSION,CLOSED_EMERGENCY_DIVERSION
HYD-BR-06-20250908,BR-06,Naranarayan Setu (Jogighopa-Pancharatna),Brahmaputra,Assam,2025-09-08T00:00:00,29.72,29.2,30.15,28354.0,3.71,2.87,4.2,7.92,HIGH_STRESS_MONITORING,SPEED_LIMIT_15KMH_SINGLE_CONVOY
HYD-BR-06-20250909,BR-06,Naranarayan Setu (Jogighopa-Pancharatna),Brahmaputra,Assam,2025-09-09T00:00:00,30.33,29.2,30.15,57917.0,4.16,3.27,4.2,9.51,CRITICAL_PIER_EROSION,CLOSED_EMERGENCY_DIVERSION
HYD-BR-06-20250910,BR-06,Naranarayan Setu (Jogighopa-Pancharatna),Brahmaputra,Assam,2025-09-10T00:00:00,29.49,29.2,30.15,64009.0,5.42,4.23,4.2,4.93,CRITICAL_PIER_EROSION,CLOSED_EMERGENCY_DIVERSION
HYD-BR-06-20250911,BR-06,Naranarayan Setu (Jogighopa-Pancharatna),Brahmaputra,Assam,2025-09-11T00:00:00,29.96,29.2,30.15,30610.0,4.54,2.85,4.2,8.89,HIGH_STRESS_MONITORING,SPEED_LIMIT_15KMH_SINGLE_CONVOY
HYD-BR-06-20250912,BR-06,Naranarayan Setu (Jogighopa-Pancharatna),Brahmaputra,Assam,2025-09-12T00:00:00,28.48,29.2,30.15,51359.0,3.41,3.71,4.2,9.01,HIGH_STRESS_MONITORING,SPEED_LIMIT_15KMH_SINGLE_CONVOY
HYD-BR-06-20250913,BR-06,Naranarayan Setu (Jogighopa-Pancharatna),Brahmaputra,Assam,2025-09-13T00:00:00,27.85,29.2,30.15,19783.0,5.86,1.56,4.2,10.74,NORMAL_STABLE,UNRESTRICTED_TRANSIT
HYD-BR-06-20250914,BR-06,Naranarayan Setu (Jogighopa-Pancharatna),Brahmaputra,Assam,2025-09-14T00:00:00,28.71,29.2,30.15,62886.0,4.15,4.47,4.2,6.03,CRITICAL_PIER_EROSION,CLOSED_EMERGENCY_DIVERSION
HYD-BR-06-20250915,BR-06,Naranarayan Setu (Jogighopa-Pancharatna),Brahmaputra,Assam,2025-09-15T00:00:00,28.03,29.2,30.15,36533.0,5.11,1.79,4.2,12.29,NORMAL_STABLE,UNRESTRICTED_TRANSIT
HYD-BR-06-20250916,BR-06,Naranarayan Setu (Jogighopa-Pancharatna),Brahmaputra,Assam,2025-09-16T00:00:00,31.04,29.2,30.15,26763.0,2.72,1.2,4.2,12.67,CRITICAL_PIER_EROSION,CLOSED_EMERGENCY_DIVERSION
HYD-BR-06-20250917,BR-06,Naranarayan Setu (Jogighopa-Pancharatna),Brahmaputra,Assam,2025-09-17T00:00:00,30.92,29.2,30.15,60724.0,4.58,3.38,4.2,8.25,CRITICAL_PIER_EROSION,CLOSED_EMERGENCY_DIVERSION
HYD-BR-06-20250918,BR-06,Naranarayan Setu (Jogighopa-Pancharatna),Brahmaputra,Assam,2025-09-18T00:00:00,30.47,29.2,30.15,21040.0,3.01,3.63,4.2,5.59,CRITICAL_PIER_EROSION,CLOSED_EMERGENCY_DIVERSION
HYD-BR-06-20250919,BR-06,Naranarayan Setu (Jogighopa-Pancharatna),Brahmaputra,Assam,2025-09-19T00:00:00,29.42,29.2,30.15,15451.0,4.57,4.33,4.2,5.66,CRITICAL_PIER_EROSION,CLOSED_EMERGENCY_DIVERSION
HYD-BR-06-20250920,BR-06,Naranarayan Setu (Jogighopa-Pancharatna),Brahmaputra,Assam,2025-09-20T00:00:00,28.35,29.2,30.15,22952.0,3.32,2.05,4.2,8.81,MODERATE_SCOUR,CAUTION_NO_OVERWEIGHT_FREIGHT
HYD-BR-06-20250921,BR-06,Naranarayan Setu (Jogighopa-Pancharatna),Brahmaputra,Assam,2025-09-21T00:00:00,28.31,29.2,30.15,65022.0,3.42,1.9,4.2,5.82,NORMAL_STABLE,UNRESTRICTED_TRANSIT
HYD-BR-06-20250922,BR-06,Naranarayan Setu (Jogighopa-Pancharatna),Brahmaputra,Assam,2025-09-22T00:00:00,29.29,29.2,30.15,48807.0,3.21,2.81,4.2,7.34,HIGH_STRESS_MONITORING,SPEED_LIMIT_15KMH_SINGLE_CONVOY
HYD-BR-06-20250923,BR-06,Naranarayan Setu (Jogighopa-Pancharatna),Brahmaputra,Assam,2025-09-23T00:00:00,28.26,29.2,30.15,41389.0,5.69,4.22,4.2,11.82,CRITICAL_PIER_EROSION,CLOSED_EMERGENCY_DIVERSION
HYD-BR-06-20250924,BR-06,Naranarayan Setu (Jogighopa-Pancharatna),Brahmaputra,Assam,2025-09-24T00:00:00,30.71,29.2,30.15,65484.0,6.02,1.23,4.2,7.96,CRITICAL_PIER_EROSION,CLOSED_EMERGENCY_DIVERSION
HYD-BR-06-20250925,BR-06,Naranarayan Setu (Jogighopa-Pancharatna),Brahmaputra,Assam,2025-09-25T00:00:00,29.46,29.2,30.15,44242.0,5.05,3.92,4.2,6.64,HIGH_STRESS_MONITORING,SPEED_LIMIT_15KMH_SINGLE_CONVOY
HYD-BR-06-20250926,BR-06,Naranarayan Setu (Jogighopa-Pancharatna),Brahmaputra,Assam,2025-09-26T00:00:00,29.2,29.2,30.15,48242.0,3.63,4.24,4.2,12.76,CRITICAL_PIER_EROSION,CLOSED_EMERGENCY_DIVERSION
HYD-BR-06-20250927,BR-06,Naranarayan Setu (Jogighopa-Pancharatna),Brahmaputra,Assam,2025-09-27T00:00:00,28.0,29.2,30.15,60560.0,3.99,1.71,4.2,10.04,NORMAL_STABLE,UNRESTRICTED_TRANSIT
HYD-BR-06-20250928,BR-06,Naranarayan Setu (Jogighopa-Pancharatna),Brahmaputra,Assam,2025-09-28T00:00:00,31.28,29.2,30.15,62598.0,3.57,1.4,4.2,9.02,CRITICAL_PIER_EROSION,CLOSED_EMERGENCY_DIVERSION
HYD-BR-06-20250929,BR-06,Naranarayan Setu (Jogighopa-Pancharatna),Brahmaputra,Assam,2025-09-29T00:00:00,31.17,29.2,30.15,16042.0,5.37,3.65,4.2,11.58,CRITICAL_PIER_EROSION,CLOSED_EMERGENCY_DIVERSION
HYD-BR-06-20250930,BR-06,Naranarayan Setu (Jogighopa-Pancharatna),Brahmaputra,Assam,2025-09-30T00:00:00,30.73,29.2,30.15,54065.0,2.6,2.71,4.2,7.95,CRITICAL_PIER_EROSION,CLOSED_EMERGENCY_DIVERSION
HYD-BR-06-20251001,BR-06,Naranarayan Setu (Jogighopa-Pancharatna),Brahmaputra,Assam,2025-10-01T00:00:00,24.82,29.2,30.15,10155.0,1.54,0.47,4.2,3.4,NORMAL_STABLE,UNRESTRICTED_TRANSIT
HYD-BR-06-20251002,BR-06,Naranarayan Setu (Jogighopa-Pancharatna),Brahmaputra,Assam,2025-10-02T00:00:00,23.23,29.2,30.15,6026.0,1.54,1.24,4.2,4.04,NORMAL_STABLE,UNRESTRICTED_TRANSIT
HYD-BR-06-20251003,BR-06,Naranarayan Setu (Jogighopa-Pancharatna),Brahmaputra,Assam,2025-10-03T00:00:00,24.27,29.2,30.15,10230.0,1.14,1.0,4.2,4.19,NORMAL_STABLE,UNRESTRICTED_TRANSIT
HYD-BR-06-20251004,BR-06,Naranarayan Setu (Jogighopa-Pancharatna),Brahmaputra,Assam,2025-10-04T00:00:00,24.66,29.2,30.15,5596.0,1.79,0.59,4.2,1.98,NORMAL_STABLE,UNRESTRICTED_TRANSIT
HYD-BR-06-20251005,BR-06,Naranarayan Setu (Jogighopa-Pancharatna),Brahmaputra,Assam,2025-10-05T00:00:00,24.13,29.2,30.15,5519.0,2.05,0.91,4.2,2.4,NORMAL_STABLE,UNRESTRICTED_TRANSIT
HYD-BR-06-20251006,BR-06,Naranarayan Setu (Jogighopa-Pancharatna),Brahmaputra,Assam,2025-10-06T00:00:00,24.33,29.2,30.15,13441.0,0.9,0.32,4.2,2.32,NORMAL_STABLE,UNRESTRICTED_TRANSIT
HYD-BR-06-20251007,BR-06,Naranarayan Setu (Jogighopa-Pancharatna),Brahmaputra,Assam,2025-10-07T00:00:00,25.59,29.2,30.15,5825.0,1.19,1.08,4.2,3.01,NORMAL_STABLE,UNRESTRICTED_TRANSIT
HYD-BR-06-20251008,BR-06,Naranarayan Setu (Jogighopa-Pancharatna),Brahmaputra,Assam,2025-10-08T00:00:00,25.89,29.2,30.15,3382.0,1.28,0.32,4.2,3.6,NORMAL_STABLE,UNRESTRICTED_TRANSIT
HYD-BR-06-20251009,BR-06,Naranarayan Setu (Jogighopa-Pancharatna),Brahmaputra,Assam,2025-10-09T00:00:00,24.45,29.2,30.15,8111.0,2.13,0.93,4.2,3.55,NORMAL_STABLE,UNRESTRICTED_TRANSIT
HYD-BR-06-20251010,BR-06,Naranarayan Setu (Jogighopa-Pancharatna),Brahmaputra,Assam,2025-10-10T00:00:00,24.2,29.2,30.15,13087.0,1.6,1.29,4.2,3.93,NORMAL_STABLE,UNRESTRICTED_TRANSIT
HYD-BR-06-20251011,BR-06,Naranarayan Setu (Jogighopa-Pancharatna),Brahmaputra,Assam,2025-10-11T00:00:00,26.6,29.2,30.15,10675.0,0.88,1.33,4.2,2.53,NORMAL_STABLE,UNRESTRICTED_TRANSIT
HYD-BR-06-20251012,BR-06,Naranarayan Setu (Jogighopa-Pancharatna),Brahmaputra,Assam,2025-10-12T00:00:00,23.7,29.2,30.15,4701.0,0.98,0.53,4.2,1.62,NORMAL_STABLE,UNRESTRICTED_TRANSIT
HYD-BR-06-20251013,BR-06,Naranarayan Setu (Jogighopa-Pancharatna),Brahmaputra,Assam,2025-10-13T00:00:00,25.12,29.2,30.15,13177.0,1.4,0.98,4.2,3.3,NORMAL_STABLE,UNRESTRICTED_TRANSIT
HYD-BR-06-20251014,BR-06,Naranarayan Setu (Jogighopa-Pancharatna),Brahmaputra,Assam,2025-10-14T00:00:00,25.93,29.2,30.15,12567.0,1.11,1.14,4.2,2.15,NORMAL_STABLE,UNRESTRICTED_TRANSIT
HYD-BR-06-20251015,BR-06,Naranarayan Setu (Jogighopa-Pancharatna),Brahmaputra,Assam,2025-10-15T00:00:00,23.93,29.2,30.15,9193.0,1.58,1.38,4.2,3.34,NORMAL_STABLE,UNRESTRICTED_TRANSIT
HYD-BR-06-20251016,BR-06,Naranarayan Setu (Jogighopa-Pancharatna),Brahmaputra,Assam,2025-10-16T00:00:00,26.44,29.2,30.15,3947.0,1.79,0.75,4.2,3.99,NORMAL_STABLE,UNRESTRICTED_TRANSIT
HYD-BR-06-20251017,BR-06,Naranarayan Setu (Jogighopa-Pancharatna),Brahmaputra,Assam,2025-10-17T00:00:00,24.22,29.2,30.15,9737.0,1.58,1.09,4.2,1.5,NORMAL_STABLE,UNRESTRICTED_TRANSIT
HYD-BR-06-20251018,BR-06,Naranarayan Setu (Jogighopa-Pancharatna),Brahmaputra,Assam,2025-10-18T00:00:00,25.75,29.2,30.15,9580.0,1.58,0.4,4.2,2.04,NORMAL_STABLE,UNRESTRICTED_TRANSIT
HYD-BR-06-20251019,BR-06,Naranarayan Setu (Jogighopa-Pancharatna),Brahmaputra,Assam,2025-10-19T00:00:00,26.03,29.2,30.15,10760.0,2.15,0.78,4.2,3.77,NORMAL_STABLE,UNRESTRICTED_TRANSIT
HYD-BR-06-20251020,BR-06,Naranarayan Setu (Jogighopa-Pancharatna),Brahmaputra,Assam,2025-10-20T00:00:00,26.41,29.2,30.15,7956.0,1.9,1.15,4.2,3.42,NORMAL_STABLE,UNRESTRICTED_TRANSIT
HYD-BR-06-20251021,BR-06,Naranarayan Setu (Jogighopa-Pancharatna),Brahmaputra,Assam,2025-10-21T00:00:00,25.69,29.2,30.15,5076.0,1.37,0.74,4.2,1.8,NORMAL_STABLE,UNRESTRICTED_TRANSIT
HYD-BR-06-20251022,BR-06,Naranarayan Setu (Jogighopa-Pancharatna),Brahmaputra,Assam,2025-10-22T00:00:00,24.32,29.2,30.15,3800.0,2.09,0.65,4.2,2.7,NORMAL_STABLE,UNRESTRICTED_TRANSIT
HYD-BR-06-20251023,BR-06,Naranarayan Setu (Jogighopa-Pancharatna),Brahmaputra,Assam,2025-10-23T00:00:00,26.66,29.2,30.15,3233.0,1.09,1.21,4.2,2.48,NORMAL_STABLE,UNRESTRICTED_TRANSIT
HYD-BR-06-20251024,BR-06,Naranarayan Setu (Jogighopa-Pancharatna),Brahmaputra,Assam,2025-10-24T00:00:00,23.57,29.2,30.15,5771.0,2.05,1.02,4.2,1.72,NORMAL_STABLE,UNRESTRICTED_TRANSIT
HYD-BR-06-20251025,BR-06,Naranarayan Setu (Jogighopa-Pancharatna),Brahmaputra,Assam,2025-10-25T00:00:00,25.64,29.2,30.15,12317.0,1.96,1.34,4.2,1.98,NORMAL_STABLE,UNRESTRICTED_TRANSIT
HYD-BR-06-20251026,BR-06,Naranarayan Setu (Jogighopa-Pancharatna),Brahmaputra,Assam,2025-10-26T00:00:00,25.38,29.2,30.15,4923.0,1.33,1.48,4.2,2.49,NORMAL_STABLE,UNRESTRICTED_TRANSIT
HYD-BR-06-20251027,BR-06,Naranarayan Setu (Jogighopa-Pancharatna),Brahmaputra,Assam,2025-10-27T00:00:00,24.73,29.2,30.15,6968.0,1.5,0.39,4.2,4.18,NORMAL_STABLE,UNRESTRICTED_TRANSIT
HYD-BR-06-20251028,BR-06,Naranarayan Setu (Jogighopa-Pancharatna),Brahmaputra,Assam,2025-10-28T00:00:00,23.3,29.2,30.15,5556.0,0.83,0.91,4.2,2.91,NORMAL_STABLE,UNRESTRICTED_TRANSIT
HYD-BR-06-20251029,BR-06,Naranarayan Setu (Jogighopa-Pancharatna),Brahmaputra,Assam,2025-10-29T00:00:00,25.49,29.2,30.15,11075.0,1.83,1.28,4.2,3.42,NORMAL_STABLE,UNRESTRICTED_TRANSIT
HYD-BR-06-20251030,BR-06,Naranarayan Setu (Jogighopa-Pancharatna),Brahmaputra,Assam,2025-10-30T00:00:00,25.35,29.2,30.15,8677.0,1.17,1.19,4.2,3.92,NORMAL_STABLE,UNRESTRICTED_TRANSIT
HYD-BR-06-20251031,BR-06,Naranarayan Setu (Jogighopa-Pancharatna),Brahmaputra,Assam,2025-10-31T00:00:00,25.3,29.2,30.15,13779.0,0.91,0.91,4.2,2.84,NORMAL_STABLE,UNRESTRICTED_TRANSIT
HYD-BR-06-20251101,BR-06,Naranarayan Setu (Jogighopa-Pancharatna),Brahmaputra,Assam,2025-11-01T00:00:00,26.41,29.2,30.15,13604.0,1.45,1.34,4.2,3.56,NORMAL_STABLE,UNRESTRICTED_TRANSIT
HYD-BR-06-20251102,BR-06,Naranarayan Setu (Jogighopa-Pancharatna),Brahmaputra,Assam,2025-11-02T00:00:00,25.22,29.2,30.15,10811.0,1.62,1.3,4.2,2.4,NORMAL_STABLE,UNRESTRICTED_TRANSIT
HYD-BR-06-20251103,BR-06,Naranarayan Setu (Jogighopa-Pancharatna),Brahmaputra,Assam,2025-11-03T00:00:00,24.08,29.2,30.15,12850.0,1.8,0.63,4.2,3.95,NORMAL_STABLE,UNRESTRICTED_TRANSIT
HYD-BR-06-20251104,BR-06,Naranarayan Setu (Jogighopa-Pancharatna),Brahmaputra,Assam,2025-11-04T00:00:00,24.42,29.2,30.15,3289.0,2.02,0.67,4.2,3.67,NORMAL_STABLE,UNRESTRICTED_TRANSIT
HYD-BR-06-20251105,BR-06,Naranarayan Setu (Jogighopa-Pancharatna),Brahmaputra,Assam,2025-11-05T00:00:00,23.36,29.2,30.15,13517.0,0.87,0.62,4.2,2.89,NORMAL_STABLE,UNRESTRICTED_TRANSIT
HYD-BR-06-20251106,BR-06,Naranarayan Setu (Jogighopa-Pancharatna),Brahmaputra,Assam,2025-11-06T00:00:00,24.55,29.2,30.15,8111.0,0.85,1.19,4.2,3.17,NORMAL_STABLE,UNRESTRICTED_TRANSIT
HYD-BR-06-20251107,BR-06,Naranarayan Setu (Jogighopa-Pancharatna),Brahmaputra,Assam,2025-11-07T00:00:00,26.25,29.2,30.15,11762.0,2.07,0.86,4.2,1.53,NORMAL_STABLE,UNRESTRICTED_TRANSIT
HYD-BR-06-20251108,BR-06,Naranarayan Setu (Jogighopa-Pancharatna),Brahmaputra,Assam,2025-11-08T00:00:00,24.62,29.2,30.15,5140.0,1.78,1.44,4.2,1.91,NORMAL_STABLE,UNRESTRICTED_TRANSIT
HYD-BR-06-20251109,BR-06,Naranarayan Setu (Jogighopa-Pancharatna),Brahmaputra,Assam,2025-11-09T00:00:00,23.68,29.2,30.15,3285.0,2.16,1.35,4.2,3.81,NORMAL_STABLE,UNRESTRICTED_TRANSIT
HYD-BR-06-20251110,BR-06,Naranarayan Setu (Jogighopa-Pancharatna),Brahmaputra,Assam,2025-11-10T00:00:00,26.61,29.2,30.15,3217.0,1.95,1.11,4.2,2.95,NORMAL_STABLE,UNRESTRICTED_TRANSIT
HYD-BR-06-20251111,BR-06,Naranarayan Setu (Jogighopa-Pancharatna),Brahmaputra,Assam,2025-11-11T00:00:00,23.92,29.2,30.15,10344.0,2.07,0.64,4.2,3.42,NORMAL_STABLE,UNRESTRICTED_TRANSIT
HYD-BR-06-20251112,BR-06,Naranarayan Setu (Jogighopa-Pancharatna),Brahmaputra,Assam,2025-11-12T00:00:00,24.13,29.2,30.15,5786.0,2.19,1.28,4.2,1.69,NORMAL_STABLE,UNRESTRICTED_TRANSIT
HYD-BR-06-20251113,BR-06,Naranarayan Setu (Jogighopa-Pancharatna),Brahmaputra,Assam,2025-11-13T00:00:00,24.43,29.2,30.15,12744.0,0.88,0.57,4.2,2.61,NORMAL_STABLE,UNRESTRICTED_TRANSIT
HYD-BR-06-20251114,BR-06,Naranarayan Setu (Jogighopa-Pancharatna),Brahmaputra,Assam,2025-11-14T00:00:00,24.32,29.2,30.15,12506.0,1.96,0.74,4.2,1.91,NORMAL_STABLE,UNRESTRICTED_TRANSIT
HYD-BR-06-20251115,BR-06,Naranarayan Setu (Jogighopa-Pancharatna),Brahmaputra,Assam,2025-11-15T00:00:00,24.54,29.2,30.15,9365.0,2.03,0.88,4.2,2.93,NORMAL_STABLE,UNRESTRICTED_TRANSIT
HYD-BR-06-20251116,BR-06,Naranarayan Setu (Jogighopa-Pancharatna),Brahmaputra,Assam,2025-11-16T00:00:00,25.42,29.2,30.15,4699.0,0.96,1.3,4.2,3.42,NORMAL_STABLE,UNRESTRICTED_TRANSIT
HYD-BR-06-20251117,BR-06,Naranarayan Setu (Jogighopa-Pancharatna),Brahmaputra,Assam,2025-11-17T00:00:00,23.5,29.2,30.15,6146.0,1.23,1.39,4.2,3.17,NORMAL_STABLE,UNRESTRICTED_TRANSIT
HYD-BR-06-20251118,BR-06,Naranarayan Setu (Jogighopa-Pancharatna),Brahmaputra,Assam,2025-11-18T00:00:00,24.84,29.2,30.15,13005.0,2.2,0.77,4.2,4.03,NORMAL_STABLE,UNRESTRICTED_TRANSIT
HYD-BR-06-20251119,BR-06,Naranarayan Setu (Jogighopa-Pancharatna),Brahmaputra,Assam,2025-11-19T00:00:00,25.35,29.2,30.15,11079.0,1.71,0.82,4.2,3.96,NORMAL_STABLE,UNRESTRICTED_TRANSIT
HYD-BR-06-20251120,BR-06,Naranarayan Setu (Jogighopa-Pancharatna),Brahmaputra,Assam,2025-11-20T00:00:00,23.85,29.2,30.15,4739.0,1.59,1.21,4.2,1.58,NORMAL_STABLE,UNRESTRICTED_TRANSIT
HYD-BR-06-20251121,BR-06,Naranarayan Setu (Jogighopa-Pancharatna),Brahmaputra,Assam,2025-11-21T00:00:00,25.59,29.2,30.15,4032.0,0.95,0.52,4.2,2.3,NORMAL_STABLE,UNRESTRICTED_TRANSIT
HYD-BR-06-20251122,BR-06,Naranarayan Setu (Jogighopa-Pancharatna),Brahmaputra,Assam,2025-11-22T00:00:00,23.96,29.2,30.15,5961.0,1.59,1.4,4.2,2.52,NORMAL_STABLE,UNRESTRICTED_TRANSIT
HYD-BR-06-20251123,BR-06,Naranarayan Setu (Jogighopa-Pancharatna),Brahmaputra,Assam,2025-11-23T00:00:00,24.48,29.2,30.15,4287.0,2.03,1.37,4.2,2.91,NORMAL_STABLE,UNRESTRICTED_TRANSIT
HYD-BR-06-20251124,BR-06,Naranarayan Setu (Jogighopa-Pancharatna),Brahmaputra,Assam,2025-11-24T00:00:00,26.35,29.2,30.15,10833.0,2.06,0.53,4.2,1.51,NORMAL_STABLE,UNRESTRICTED_TRANSIT
HYD-BR-06-20251125,BR-06,Naranarayan Setu (Jogighopa-Pancharatna),Brahmaputra,Assam,2025-11-25T00:00:00,26.02,29.2,30.15,8379.0,1.64,0.46,4.2,3.14,NORMAL_STABLE,UNRESTRICTED_TRANSIT
HYD-BR-06-20251126,BR-06,Naranarayan Setu (Jogighopa-Pancharatna),Brahmaputra,Assam,2025-11-26T00:00:00,24.44,29.2,30.15,6170.0,1.31,0.33,4.2,3.62,NORMAL_STABLE,UNRESTRICTED_TRANSIT
HYD-BR-06-20251127,BR-06,Naranarayan Setu (Jogighopa-Pancharatna),Brahmaputra,Assam,2025-11-27T00:00:00,25.56,29.2,30.15,13582.0,1.92,0.93,4.2,3.07,NORMAL_STABLE,UNRESTRICTED_TRANSIT
HYD-BR-06-20251128,BR-06,Naranarayan Setu (Jogighopa-Pancharatna),Brahmaputra,Assam,2025-11-28T00:00:00,23.37,29.2,30.15,4434.0,1.21,0.57,4.2,2.03,NORMAL_STABLE,UNRESTRICTED_TRANSIT
HYD-BR-06-20251129,BR-06,Naranarayan Setu (Jogighopa-Pancharatna),Brahmaputra,Assam,2025-11-29T00:00:00,23.84,29.2,30.15,12453.0,1.74,0.36,4.2,2.13,NORMAL_STABLE,UNRESTRICTED_TRANSIT
HYD-BR-06-20251130,BR-06,Naranarayan Setu (Jogighopa-Pancharatna),Brahmaputra,Assam,2025-11-30T00:00:00,26.58,29.2,30.15,5171.0,1.89,1.37,4.2,3.09,NORMAL_STABLE,UNRESTRICTED_TRANSIT
HYD-BR-06-20251201,BR-06,Naranarayan Setu (Jogighopa-Pancharatna),Brahmaputra,Assam,2025-12-01T00:00:00,26.37,29.2,30.15,3290.0,1.52,1.36,4.2,3.0,NORMAL_STABLE,UNRESTRICTED_TRANSIT
HYD-BR-06-20251202,BR-06,Naranarayan Setu (Jogighopa-Pancharatna),Brahmaputra,Assam,2025-12-02T00:00:00,23.39,29.2,30.15,8920.0,0.95,0.6,4.2,1.8,NORMAL_STABLE,UNRESTRICTED_TRANSIT
HYD-BR-06-20251203,BR-06,Naranarayan Setu (Jogighopa-Pancharatna),Brahmaputra,Assam,2025-12-03T00:00:00,26.62,29.2,30.15,9150.0,1.86,0.92,4.2,3.74,NORMAL_STABLE,UNRESTRICTED_TRANSIT
HYD-BR-06-20251204,BR-06,Naranarayan Setu (Jogighopa-Pancharatna),Brahmaputra,Assam,2025-12-04T00:00:00,25.04,29.2,30.15,5247.0,1.78,0.66,4.2,3.47,NORMAL_STABLE,UNRESTRICTED_TRANSIT
HYD-BR-06-20251205,BR-06,Naranarayan Setu (Jogighopa-Pancharatna),Brahmaputra,Assam,2025-12-05T00:00:00,25.09,29.2,30.15,9681.0,1.47,1.35,4.2,1.67,NORMAL_STABLE,UNRESTRICTED_TRANSIT
HYD-BR-06-20251206,BR-06,Naranarayan Setu (Jogighopa-Pancharatna),Brahmaputra,Assam,2025-12-06T00:00:00,25.95,29.2,30.15,7343.0,1.79,1.14,4.2,2.74,NORMAL_STABLE,UNRESTRICTED_TRANSIT
HYD-BR-06-20251207,BR-06,Naranarayan Setu (Jogighopa-Pancharatna),Brahmaputra,Assam,2025-12-07T00:00:00,25.89,29.2,30.15,12200.0,1.55,1.27,4.2,4.19,NORMAL_STABLE,UNRESTRICTED_TRANSIT
HYD-BR-06-20251208,BR-06,Naranarayan Setu (Jogighopa-Pancharatna),Brahmaputra,Assam,2025-12-08T00:00:00,25.03,29.2,30.15,4092.0,1.86,0.7,4.2,2.95,NORMAL_STABLE,UNRESTRICTED_TRANSIT
HYD-BR-06-20251209,BR-06,Naranarayan Setu (Jogighopa-Pancharatna),Brahmaputra,Assam,2025-12-09T00:00:00,26.07,29.2,30.15,3808.0,2.17,0.8,4.2,3.65,NORMAL_STABLE,UNRESTRICTED_TRANSIT
HYD-BR-06-20251210,BR-06,Naranarayan Setu (Jogighopa-Pancharatna),Brahmaputra,Assam,2025-12-10T00:00:00,25.72,29.2,30.15,4990.0,1.59,0.61,4.2,3.0,NORMAL_STABLE,UNRESTRICTED_TRANSIT
HYD-BR-06-20251211,BR-06,Naranarayan Setu (Jogighopa-Pancharatna),Brahmaputra,Assam,2025-12-11T00:00:00,23.91,29.2,30.15,7853.0,1.55,1.17,4.2,2.91,NORMAL_STABLE,UNRESTRICTED_TRANSIT
HYD-BR-06-20251212,BR-06,Naranarayan Setu (Jogighopa-Pancharatna),Brahmaputra,Assam,2025-12-12T00:00:00,25.19,29.2,30.15,4293.0,1.22,0.45,4.2,3.51,NORMAL_STABLE,UNRESTRICTED_TRANSIT
HYD-BR-06-20251213,BR-06,Naranarayan Setu (Jogighopa-Pancharatna),Brahmaputra,Assam,2025-12-13T00:00:00,25.48,29.2,30.15,3672.0,1.98,0.42,4.2,2.25,NORMAL_STABLE,UNRESTRICTED_TRANSIT
HYD-BR-06-20251214,BR-06,Naranarayan Setu (Jogighopa-Pancharatna),Brahmaputra,Assam,2025-12-14T00:00:00,25.66,29.2,30.15,3705.0,1.39,0.4,4.2,2.29,NORMAL_STABLE,UNRESTRICTED_TRANSIT
HYD-BR-06-20251215,BR-06,Naranarayan Setu (Jogighopa-Pancharatna),Brahmaputra,Assam,2025-12-15T00:00:00,23.93,29.2,30.15,3538.0,0.91,0.71,4.2,3.03,NORMAL_STABLE,UNRESTRICTED_TRANSIT
HYD-BR-06-20251216,BR-06,Naranarayan Setu (Jogighopa-Pancharatna),Brahmaputra,Assam,2025-12-16T00:00:00,26.42,29.2,30.15,4018.0,1.07,0.31,4.2,1.98,NORMAL_STABLE,UNRESTRICTED_TRANSIT
HYD-BR-06-20251217,BR-06,Naranarayan Setu (Jogighopa-Pancharatna),Brahmaputra,Assam,2025-12-17T00:00:00,23.77,29.2,30.15,10037.0,1.01,0.51,4.2,2.65,NORMAL_STABLE,UNRESTRICTED_TRANSIT
HYD-BR-06-20251218,BR-06,Naranarayan Setu (Jogighopa-Pancharatna),Brahmaputra,Assam,2025-12-18T00:00:00,26.01,29.2,30.15,13374.0,1.52,0.38,4.2,3.2,NORMAL_STABLE,UNRESTRICTED_TRANSIT
HYD-BR-06-20251219,BR-06,Naranarayan Setu (Jogighopa-Pancharatna),Brahmaputra,Assam,2025-12-19T00:00:00,23.89,29.2,30.15,6204.0,1.15,0.45,4.2,3.77,NORMAL_STABLE,UNRESTRICTED_TRANSIT
HYD-BR-06-20251220,BR-06,Naranarayan Setu (Jogighopa-Pancharatna),Brahmaputra,Assam,2025-12-20T00:00:00,23.31,29.2,30.15,8688.0,1.14,1.26,4.2,2.42,NORMAL_STABLE,UNRESTRICTED_TRANSIT
HYD-BR-06-20251221,BR-06,Naranarayan Setu (Jogighopa-Pancharatna),Brahmaputra,Assam,2025-12-21T00:00:00,23.36,29.2,30.15,10885.0,2.07,0.47,4.2,1.97,NORMAL_STABLE,UNRESTRICTED_TRANSIT
HYD-BR-06-20251222,BR-06,Naranarayan Setu (Jogighopa-Pancharatna),Brahmaputra,Assam,2025-12-22T00:00:00,25.58,29.2,30.15,10935.0,1.31,1.08,4.2,2.55,NORMAL_STABLE,UNRESTRICTED_TRANSIT
HYD-BR-06-20251223,BR-06,Naranarayan Setu (Jogighopa-Pancharatna),Brahmaputra,Assam,2025-12-23T00:00:00,25.9,29.2,30.15,13622.0,1.39,0.51,4.2,2.79,NORMAL_STABLE,UNRESTRICTED_TRANSIT
HYD-BR-06-20251224,BR-06,Naranarayan Setu (Jogighopa-Pancharatna),Brahmaputra,Assam,2025-12-24T00:00:00,25.0,29.2,30.15,6770.0,1.94,0.37,4.2,3.97,NORMAL_STABLE,UNRESTRICTED_TRANSIT
HYD-BR-06-20251225,BR-06,Naranarayan Setu (Jogighopa-Pancharatna),Brahmaputra,Assam,2025-12-25T00:00:00,26.21,29.2,30.15,7135.0,1.61,0.44,4.2,3.89,NORMAL_STABLE,UNRESTRICTED_TRANSIT
HYD-BR-06-20251226,BR-06,Naranarayan Setu (Jogighopa-Pancharatna),Brahmaputra,Assam,2025-12-26T00:00:00,26.32,29.2,30.15,9795.0,1.02,0.9,4.2,2.96,NORMAL_STABLE,UNRESTRICTED_TRANSIT
HYD-BR-06-20251227,BR-06,Naranarayan Setu (Jogighopa-Pancharatna),Brahmaputra,Assam,2025-12-27T00:00:00,25.59,29.2,30.15,11762.0,1.67,0.49,4.2,2.53,NORMAL_STABLE,UNRESTRICTED_TRANSIT
HYD-BR-06-20251228,BR-06,Naranarayan Setu (Jogighopa-Pancharatna),Brahmaputra,Assam,2025-12-28T00:00:00,23.83,29.2,30.15,8766.0,1.17,0.91,4.2,3.04,NORMAL_STABLE,UNRESTRICTED_TRANSIT
HYD-BR-06-20251229,BR-06,Naranarayan Setu (Jogighopa-Pancharatna),Brahmaputra,Assam,2025-12-29T00:00:00,26.5,29.2,30.15,9977.0,2.02,1.35,4.2,1.9,NORMAL_STABLE,UNRESTRICTED_TRANSIT
HYD-BR-06-20251230,BR-06,Naranarayan Setu (Jogighopa-Pancharatna),Brahmaputra,Assam,2025-12-30T00:00:00,23.75,29.2,30.15,4860.0,2.1,0.52,4.2,3.33,NORMAL_STABLE,UNRESTRICTED_TRANSIT
HYD-BR-06-20251231,BR-06,Naranarayan Setu (Jogighopa-Pancharatna),Brahmaputra,Assam,2025-12-31T00:00:00,25.66,29.2,30.15,8272.0,1.25,0.51,4.2,3.4,NORMAL_STABLE,UNRESTRICTED_TRANSIT
HYD-BR-06-20260101,BR-06,Naranarayan Setu (Jogighopa-Pancharatna),Brahmaputra,Assam,2026-01-01T00:00:00,25.33,29.2,30.15,7239.0,1.59,0.93,4.2,2.38,NORMAL_STABLE,UNRESTRICTED_TRANSIT
HYD-BR-06-20260102,BR-06,Naranarayan Setu (Jogighopa-Pancharatna),Brahmaputra,Assam,2026-01-02T00:00:00,26.51,29.2,30.15,13581.0,1.75,0.94,4.2,3.57,NORMAL_STABLE,UNRESTRICTED_TRANSIT
HYD-BR-06-20260103,BR-06,Naranarayan Setu (Jogighopa-Pancharatna),Brahmaputra,Assam,2026-01-03T00:00:00,26.21,29.2,30.15,12088.0,1.13,1.1,4.2,2.48,NORMAL_STABLE,UNRESTRICTED_TRANSIT
HYD-BR-06-20260104,BR-06,Naranarayan Setu (Jogighopa-Pancharatna),Brahmaputra,Assam,2026-01-04T00:00:00,26.18,29.2,30.15,11776.0,2.17,0.64,4.2,3.15,NORMAL_STABLE,UNRESTRICTED_TRANSIT
HYD-BR-06-20260105,BR-06,Naranarayan Setu (Jogighopa-Pancharatna),Brahmaputra,Assam,2026-01-05T00:00:00,26.15,29.2,30.15,5897.0,1.57,0.96,4.2,1.89,NORMAL_STABLE,UNRESTRICTED_TRANSIT
HYD-BR-06-20260106,BR-06,Naranarayan Setu (Jogighopa-Pancharatna),Brahmaputra,Assam,2026-01-06T00:00:00,23.55,29.2,30.15,4832.0,1.57,0.52,4.2,4.08,NORMAL_STABLE,UNRESTRICTED_TRANSIT
HYD-BR-06-20260107,BR-06,Naranarayan Setu (Jogighopa-Pancharatna),Brahmaputra,Assam,2026-01-07T00:00:00,24.8,29.2,30.15,7532.0,1.05,0.33,4.2,1.53,NORMAL_STABLE,UNRESTRICTED_TRANSIT
HYD-BR-06-20260108,BR-06,Naranarayan Setu (Jogighopa-Pancharatna),Brahmaputra,Assam,2026-01-08T00:00:00,25.71,29.2,30.15,13990.0,0.94,1.27,4.2,2.2,NORMAL_STABLE,UNRESTRICTED_TRANSIT
HYD-BR-06-20260109,BR-06,Naranarayan Setu (Jogighopa-Pancharatna),Brahmaputra,Assam,2026-01-09T00:00:00,26.49,29.2,30.15,6088.0,1.49,0.52,4.2,2.48,NORMAL_STABLE,UNRESTRICTED_TRANSIT
HYD-BR-06-20260110,BR-06,Naranarayan Setu (Jogighopa-Pancharatna),Brahmaputra,Assam,2026-01-10T00:00:00,25.85,29.2,30.15,8659.0,1.54,0.73,4.2,3.7,NORMAL_STABLE,UNRESTRICTED_TRANSIT
HYD-BR-06-20260111,BR-06,Naranarayan Setu (Jogighopa-Pancharatna),Brahmaputra,Assam,2026-01-11T00:00:00,26.0,29.2,30.15,4296.0,1.52,1.05,4.2,2.12,NORMAL_STABLE,UNRESTRICTED_TRANSIT
HYD-BR-06-20260112,BR-06,Naranarayan Setu (Jogighopa-Pancharatna),Brahmaputra,Assam,2026-01-12T00:00:00,25.1,29.2,30.15,5264.0,0.86,0.91,4.2,2.07,NORMAL_STABLE,UNRESTRICTED_TRANSIT
HYD-BR-06-20260113,BR-06,Naranarayan Setu (Jogighopa-Pancharatna),Brahmaputra,Assam,2026-01-13T00:00:00,26.32,29.2,30.15,8909.0,1.67,0.66,4.2,3.25,NORMAL_STABLE,UNRESTRICTED_TRANSIT
HYD-BR-06-20260114,BR-06,Naranarayan Setu (Jogighopa-Pancharatna),Brahmaputra,Assam,2026-01-14T00:00:00,23.44,29.2,30.15,6668.0,1.49,1.01,4.2,3.5,NORMAL_STABLE,UNRESTRICTED_TRANSIT
HYD-BR-06-20260115,BR-06,Naranarayan Setu (Jogighopa-Pancharatna),Brahmaputra,Assam,2026-01-15T00:00:00,26.15,29.2,30.15,5665.0,1.85,0.64,4.2,4.18,NORMAL_STABLE,UNRESTRICTED_TRANSIT
HYD-BR-06-20260116,BR-06,Naranarayan Setu (Jogighopa-Pancharatna),Brahmaputra,Assam,2026-01-16T00:00:00,26.48,29.2,30.15,11610.0,1.04,0.55,4.2,2.85,NORMAL_STABLE,UNRESTRICTED_TRANSIT
HYD-BR-06-20260117,BR-06,Naranarayan Setu (Jogighopa-Pancharatna),Brahmaputra,Assam,2026-01-17T00:00:00,25.2,29.2,30.15,12194.0,0.83,0.77,4.2,1.88,NORMAL_STABLE,UNRESTRICTED_TRANSIT
HYD-BR-06-20260118,BR-06,Naranarayan Setu (Jogighopa-Pancharatna),Brahmaputra,Assam,2026-01-18T00:00:00,25.15,29.2,30.15,6635.0,1.34,0.37,4.2,3.51,NORMAL_STABLE,UNRESTRICTED_TRANSIT
HYD-BR-06-20260119,BR-06,Naranarayan Setu (Jogighopa-Pancharatna),Brahmaputra,Assam,2026-01-19T00:00:00,23.82,29.2,30.15,12065.0,1.94,0.95,4.2,2.18,NORMAL_STABLE,UNRESTRICTED_TRANSIT
HYD-BR-06-20260120,BR-06,Naranarayan Setu (Jogighopa-Pancharatna),Brahmaputra,Assam,2026-01-20T00:00:00,24.71,29.2,30.15,10962.0,1.2,0.64,4.2,2.63,NORMAL_STABLE,UNRESTRICTED_TRANSIT
HYD-BR-06-20260121,BR-06,Naranarayan Setu (Jogighopa-Pancharatna),Brahmaputra,Assam,2026-01-21T00:00:00,25.72,29.2,30.15,11630.0,1.05,1.05,4.2,3.48,NORMAL_STABLE,UNRESTRICTED_TRANSIT
HYD-BR-06-20260122,BR-06,Naranarayan Setu (Jogighopa-Pancharatna),Brahmaputra,Assam,2026-01-22T00:00:00,25.45,29.2,30.15,11652.0,1.97,0.92,4.2,2.79,NORMAL_STABLE,UNRESTRICTED_TRANSIT
HYD-BR-06-20260123,BR-06,Naranarayan Setu (Jogighopa-Pancharatna),Brahmaputra,Assam,2026-01-23T00:00:00,26.14,29.2,30.15,4283.0,0.92,0.69,4.2,2.12,NORMAL_STABLE,UNRESTRICTED_TRANSIT
HYD-BR-06-20260124,BR-06,Naranarayan Setu (Jogighopa-Pancharatna),Brahmaputra,Assam,2026-01-24T00:00:00,25.8,29.2,30.15,3634.0,1.87,0.62,4.2,2.72,NORMAL_STABLE,UNRESTRICTED_TRANSIT
HYD-BR-06-20260125,BR-06,Naranarayan Setu (Jogighopa-Pancharatna),Brahmaputra,Assam,2026-01-25T00:00:00,26.23,29.2,30.15,8060.0,1.97,0.81,4.2,3.48,NORMAL_STABLE,UNRESTRICTED_TRANSIT
HYD-BR-06-20260126,BR-06,Naranarayan Setu (Jogighopa-Pancharatna),Brahmaputra,Assam,2026-01-26T00:00:00,23.55,29.2,30.15,9563.0,1.25,0.74,4.2,2.92,NORMAL_STABLE,UNRESTRICTED_TRANSIT
HYD-BR-06-20260127,BR-06,Naranarayan Setu (Jogighopa-Pancharatna),Brahmaputra,Assam,2026-01-27T00:00:00,25.53,29.2,30.15,7729.0,2.18,1.46,4.2,1.66,NORMAL_STABLE,UNRESTRICTED_TRANSIT
HYD-BR-06-20260128,BR-06,Naranarayan Setu (Jogighopa-Pancharatna),Brahmaputra,Assam,2026-01-28T00:00:00,23.61,29.2,30.15,7591.0,1.3,1.48,4.2,3.37,NORMAL_STABLE,UNRESTRICTED_TRANSIT
HYD-BR-06-20260129,BR-06,Naranarayan Setu (Jogighopa-Pancharatna),Brahmaputra,Assam,2026-01-29T00:00:00,24.74,29.2,30.15,8182.0,1.88,1.41,4.2,2.1,NORMAL_STABLE,UNRESTRICTED_TRANSIT
HYD-BR-06-20260130,BR-06,Naranarayan Setu (Jogighopa-Pancharatna),Brahmaputra,Assam,2026-01-30T00:00:00,23.54,29.2,30.15,11091.0,1.43,0.42,4.2,3.36,NORMAL_STABLE,UNRESTRICTED_TRANSIT
HYD-BR-06-20260131,BR-06,Naranarayan Setu (Jogighopa-Pancharatna),Brahmaputra,Assam,2026-01-31T00:00:00,23.89,29.2,30.15,3735.0,1.73,0.52,4.2,1.89,NORMAL_STABLE,UNRESTRICTED_TRANSIT
HYD-BR-06-20260201,BR-06,Naranarayan Setu (Jogighopa-Pancharatna),Brahmaputra,Assam,2026-02-01T00:00:00,23.92,29.2,30.15,7858.0,1.71,0.31,4.2,2.0,NORMAL_STABLE,UNRESTRICTED_TRANSIT
HYD-BR-06-20260202,BR-06,Naranarayan Setu (Jogighopa-Pancharatna),Brahmaputra,Assam,2026-02-02T00:00:00,26.23,29.2,30.15,12595.0,0.9,0.99,4.2,1.98,NORMAL_STABLE,UNRESTRICTED_TRANSIT
HYD-BR-06-20260203,BR-06,Naranarayan Setu (Jogighopa-Pancharatna),Brahmaputra,Assam,2026-02-03T00:00:00,26.08,29.2,30.15,13954.0,1.88,0.43,4.2,2.88,NORMAL_STABLE,UNRESTRICTED_TRANSIT
HYD-BR-06-20260204,BR-06,Naranarayan Setu (Jogighopa-Pancharatna),Brahmaputra,Assam,2026-02-04T00:00:00,26.17,29.2,30.15,13063.0,0.92,1.33,4.2,2.9,NORMAL_STABLE,UNRESTRICTED_TRANSIT
HYD-BR-06-20260205,BR-06,Naranarayan Setu (Jogighopa-Pancharatna),Brahmaputra,Assam,2026-02-05T00:00:00,24.29,29.2,30.15,7056.0,0.94,0.35,4.2,3.75,NORMAL_STABLE,UNRESTRICTED_TRANSIT
HYD-BR-06-20260206,BR-06,Naranarayan Setu (Jogighopa-Pancharatna),Brahmaputra,Assam,2026-02-06T00:00:00,23.59,29.2,30.15,5348.0,1.56,1.43,4.2,3.75,NORMAL_STABLE,UNRESTRICTED_TRANSIT
HYD-BR-06-20260207,BR-06,Naranarayan Setu (Jogighopa-Pancharatna),Brahmaputra,Assam,2026-02-07T00:00:00,25.35,29.2,30.15,9842.0,1.66,0.54,4.2,1.87,NORMAL_STABLE,UNRESTRICTED_TRANSIT
HYD-BR-06-20260208,BR-06,Naranarayan Setu (Jogighopa-Pancharatna),Brahmaputra,Assam,2026-02-08T00:00:00,26.7,29.2,30.15,9140.0,2.05,1.38,4.2,2.32,NORMAL_STABLE,UNRESTRICTED_TRANSIT
HYD-BR-06-20260209,BR-06,Naranarayan Setu (Jogighopa-Pancharatna),Brahmaputra,Assam,2026-02-09T00:00:00,26.68,29.2,30.15,11342.0,1.84,0.98,4.2,2.07,NORMAL_STABLE,UNRESTRICTED_TRANSIT
HYD-BR-06-20260210,BR-06,Naranarayan Setu (Jogighopa-Pancharatna),Brahmaputra,Assam,2026-02-10T00:00:00,24.99,29.2,30.15,9527.0,1.29,1.04,4.2,3.63,NORMAL_STABLE,UNRESTRICTED_TRANSIT
HYD-BR-06-20260211,BR-06,Naranarayan Setu (Jogighopa-Pancharatna),Brahmaputra,Assam,2026-02-11T00:00:00,23.48,29.2,30.15,6213.0,1.67,1.27,4.2,1.66,NORMAL_STABLE,UNRESTRICTED_TRANSIT
HYD-BR-06-20260212,BR-06,Naranarayan Setu (Jogighopa-Pancharatna),Brahmaputra,Assam,2026-02-12T00:00:00,24.1,29.2,30.15,11974.0,1.2,0.64,4.2,3.34,NORMAL_STABLE,UNRESTRICTED_TRANSIT
HYD-BR-06-20260213,BR-06,Naranarayan Setu (Jogighopa-Pancharatna),Brahmaputra,Assam,2026-02-13T00:00:00,23.59,29.2,30.15,11797.0,1.5,1.33,4.2,3.33,NORMAL_STABLE,UNRESTRICTED_TRANSIT
HYD-BR-06-20260214,BR-06,Naranarayan Setu (Jogighopa-Pancharatna),Brahmaputra,Assam,2026-02-14T00:00:00,26.32,29.2,30.15,11820.0,0.96,1.42,4.2,2.45,NORMAL_STABLE,UNRESTRICTED_TRANSIT
HYD-BR-06-20260215,BR-06,Naranarayan Setu (Jogighopa-Pancharatna),Brahmaputra,Assam,2026-02-15T00:00:00,23.32,29.2,30.15,4104.0,1.8,0.58,4.2,2.78,NORMAL_STABLE,UNRESTRICTED_TRANSIT
HYD-BR-06-20260216,BR-06,Naranarayan Setu (Jogighopa-Pancharatna),Brahmaputra,Assam,2026-02-16T00:00:00,26.24,29.2,30.15,6874.0,1.01,0.95,4.2,2.42,NORMAL_STABLE,UNRESTRICTED_TRANSIT
HYD-BR-06-20260217,BR-06,Naranarayan Setu (Jogighopa-Pancharatna),Brahmaputra,Assam,2026-02-17T00:00:00,25.55,29.2,30.15,12025.0,1.22,0.39,4.2,2.89,NORMAL_STABLE,UNRESTRICTED_TRANSIT
HYD-BR-06-20260218,BR-06,Naranarayan Setu (Jogighopa-Pancharatna),Brahmaputra,Assam,2026-02-18T00:00:00,25.25,29.2,30.15,11041.0,1.89,0.81,4.2,2.57,NORMAL_STABLE,UNRESTRICTED_TRANSIT
HYD-BR-06-20260219,BR-06,Naranarayan Setu (Jogighopa-Pancharatna),Brahmaputra,Assam,2026-02-19T00:00:00,25.17,29.2,30.15,13165.0,1.5,0.46,4.2,2.46,NORMAL_STABLE,UNRESTRICTED_TRANSIT
HYD-BR-06-20260220,BR-06,Naranarayan Setu (Jogighopa-Pancharatna),Brahmaputra,Assam,2026-02-20T00:00:00,26.57,29.2,30.15,8057.0,0.89,1.26,4.2,4.2,NORMAL_STABLE,UNRESTRICTED_TRANSIT
HYD-BR-06-20260221,BR-06,Naranarayan Setu (Jogighopa-Pancharatna),Brahmaputra,Assam,2026-02-21T00:00:00,25.39,29.2,30.15,6884.0,1.52,0.83,4.2,2.27,NORMAL_STABLE,UNRESTRICTED_TRANSIT
HYD-BR-06-20260222,BR-06,Naranarayan Setu (Jogighopa-Pancharatna),Brahmaputra,Assam,2026-02-22T00:00:00,26.46,29.2,30.15,7488.0,1.19,0.46,4.2,3.21,NORMAL_STABLE,UNRESTRICTED_TRANSIT
HYD-BR-06-20260223,BR-06,Naranarayan Setu (Jogighopa-Pancharatna),Brahmaputra,Assam,2026-02-23T00:00:00,26.47,29.2,30.15,12651.0,2.07,0.99,4.2,4.18,NORMAL_STABLE,UNRESTRICTED_TRANSIT
HYD-BR-06-20260224,BR-06,Naranarayan Setu (Jogighopa-Pancharatna),Brahmaputra,Assam,2026-02-24T00:00:00,25.75,29.2,30.15,3678.0,2.09,1.41,4.2,4.16,NORMAL_STABLE,UNRESTRICTED_TRANSIT
HYD-BR-06-20260225,BR-06,Naranarayan Setu (Jogighopa-Pancharatna),Brahmaputra,Assam,2026-02-25T00:00:00,25.86,29.2,30.15,8916.0,1.07,0.94,4.2,3.36,NORMAL_STABLE,UNRESTRICTED_TRANSIT
HYD-BR-06-20260226,BR-06,Naranarayan Setu (Jogighopa-Pancharatna),Brahmaputra,Assam,2026-02-26T00:00:00,24.69,29.2,30.15,4010.0,1.32,0.7,4.2,3.51,NORMAL_STABLE,UNRESTRICTED_TRANSIT
HYD-BR-06-20260227,BR-06,Naranarayan Setu (Jogighopa-Pancharatna),Brahmaputra,Assam,2026-02-27T00:00:00,23.99,29.2,30.15,10541.0,1.6,0.96,4.2,2.79,NORMAL_STABLE,UNRESTRICTED_TRANSIT
HYD-BR-06-20260228,BR-06,Naranarayan Setu (Jogighopa-Pancharatna),Brahmaputra,Assam,2026-02-28T00:00:00,25.78,29.2,30.15,5446.0,1.47,1.07,4.2,2.62,NORMAL_STABLE,UNRESTRICTED_TRANSIT
HYD-BR-06-20260301,BR-06,Naranarayan Setu (Jogighopa-Pancharatna),Brahmaputra,Assam,2026-03-01T00:00:00,25.49,29.2,30.15,13596.0,2.11,1.25,4.2,3.55,NORMAL_STABLE,UNRESTRICTED_TRANSIT
HYD-BR-06-20260302,BR-06,Naranarayan Setu (Jogighopa-Pancharatna),Brahmaputra,Assam,2026-03-02T00:00:00,26.46,29.2,30.15,9559.0,0.91,0.46,4.2,4.08,NORMAL_STABLE,UNRESTRICTED_TRANSIT
HYD-BR-06-20260303,BR-06,Naranarayan Setu (Jogighopa-Pancharatna),Brahmaputra,Assam,2026-03-03T00:00:00,24.72,29.2,30.15,5086.0,1.3,1.36,4.2,2.88,NORMAL_STABLE,UNRESTRICTED_TRANSIT
HYD-BR-06-20260304,BR-06,Naranarayan Setu (Jogighopa-Pancharatna),Brahmaputra,Assam,2026-03-04T00:00:00,25.65,29.2,30.15,3945.0,1.14,0.54,4.2,2.33,NORMAL_STABLE,UNRESTRICTED_TRANSIT
HYD-BR-06-20260305,BR-06,Naranarayan Setu (Jogighopa-Pancharatna),Brahmaputra,Assam,2026-03-05T00:00:00,23.29,29.2,30.15,7728.0,1.26,0.85,4.2,3.83,NORMAL_STABLE,UNRESTRICTED_TRANSIT
HYD-BR-06-20260306,BR-06,Naranarayan Setu (Jogighopa-Pancharatna),Brahmaputra,Assam,2026-03-06T00:00:00,25.69,29.2,30.15,10502.0,2.18,0.59,4.2,1.91,NORMAL_STABLE,UNRESTRICTED_TRANSIT
HYD-BR-06-20260307,BR-06,Naranarayan Setu (Jogighopa-Pancharatna),Brahmaputra,Assam,2026-03-07T00:00:00,24.07,29.2,30.15,10931.0,1.52,0.52,4.2,2.63,NORMAL_STABLE,UNRESTRICTED_TRANSIT
HYD-BR-06-20260308,BR-06,Naranarayan Setu (Jogighopa-Pancharatna),Brahmaputra,Assam,2026-03-08T00:00:00,24.1,29.2,30.15,13093.0,1.38,0.61,4.2,1.5,NORMAL_STABLE,UNRESTRICTED_TRANSIT
HYD-BR-06-20260309,BR-06,Naranarayan Setu (Jogighopa-Pancharatna),Brahmaputra,Assam,2026-03-09T00:00:00,24.47,29.2,30.15,5764.0,1.16,0.49,4.2,3.07,NORMAL_STABLE,UNRESTRICTED_TRANSIT
HYD-BR-06-20260310,BR-06,Naranarayan Setu (Jogighopa-Pancharatna),Brahmaputra,Assam,2026-03-10T00:00:00,26.23,29.2,30.15,3444.0,1.13,0.38,4.2,3.9,NORMAL_STABLE,UNRESTRICTED_TRANSIT
HYD-BR-06-20260311,BR-06,Naranarayan Setu (Jogighopa-Pancharatna),Brahmaputra,Assam,2026-03-11T00:00:00,24.9,29.2,30.15,12948.0,1.73,1.01,4.2,3.99,NORMAL_STABLE,UNRESTRICTED_TRANSIT
HYD-BR-06-20260312,BR-06,Naranarayan Setu (Jogighopa-Pancharatna),Brahmaputra,Assam,2026-03-12T00:00:00,24.51,29.2,30.15,3135.0,1.98,0.71,4.2,1.88,NORMAL_STABLE,UNRESTRICTED_TRANSIT
HYD-BR-06-20260313,BR-06,Naranarayan Setu (Jogighopa-Pancharatna),Brahmaputra,Assam,2026-03-13T00:00:00,24.94,29.2,30.15,13031.0,1.19,1.04,4.2,3.21,NORMAL_STABLE,UNRESTRICTED_TRANSIT
HYD-BR-06-20260314,BR-06,Naranarayan Setu (Jogighopa-Pancharatna),Brahmaputra,Assam,2026-03-14T00:00:00,25.65,29.2,30.15,6478.0,1.97,1.39,4.2,2.41,NORMAL_STABLE,UNRESTRICTED_TRANSIT
HYD-BR-06-20260315,BR-06,Naranarayan Setu (Jogighopa-Pancharatna),Brahmaputra,Assam,2026-03-15T00:00:00,25.36,29.2,30.15,3389.0,1.0,0.43,4.2,3.88,NORMAL_STABLE,UNRESTRICTED_TRANSIT
HYD-BR-06-20260316,BR-06,Naranarayan Setu (Jogighopa-Pancharatna),Brahmaputra,Assam,2026-03-16T00:00:00,26.34,29.2,30.15,10207.0,2.0,0.44,4.2,1.86,NORMAL_STABLE,UNRESTRICTED_TRANSIT
HYD-BR-06-20260317,BR-06,Naranarayan Setu (Jogighopa-Pancharatna),Brahmaputra,Assam,2026-03-17T00:00:00,23.65,29.2,30.15,8767.0,1.87,0.78,4.2,2.1,NORMAL_STABLE,UNRESTRICTED_TRANSIT
HYD-BR-06-20260318,BR-06,Naranarayan Setu (Jogighopa-Pancharatna),Brahmaputra,Assam,2026-03-18T00:00:00,24.77,29.2,30.15,13595.0,1.86,1.38,4.2,3.81,NORMAL_STABLE,UNRESTRICTED_TRANSIT
HYD-BR-06-20260319,BR-06,Naranarayan Setu (Jogighopa-Pancharatna),Brahmaputra,Assam,2026-03-19T00:00:00,25.54,29.2,30.15,13933.0,1.08,0.34,4.2,1.59,NORMAL_STABLE,UNRESTRICTED_TRANSIT
HYD-BR-06-20260320,BR-06,Naranarayan Setu (Jogighopa-Pancharatna),Brahmaputra,Assam,2026-03-20T00:00:00,26.64,29.2,30.15,12790.0,1.24,0.37,4.2,4.15,NORMAL_STABLE,UNRESTRICTED_TRANSIT
HYD-BR-06-20260321,BR-06,Naranarayan Setu (Jogighopa-Pancharatna),Brahmaputra,Assam,2026-03-21T00:00:00,23.53,29.2,30.15,4782.0,1.57,1.06,4.2,3.37,NORMAL_STABLE,UNRESTRICTED_TRANSIT
HYD-BR-06-20260322,BR-06,Naranarayan Setu (Jogighopa-Pancharatna),Brahmaputra,Assam,2026-03-22T00:00:00,25.78,29.2,30.15,6159.0,0.8,0.97,4.2,2.03,NORMAL_STABLE,UNRESTRICTED_TRANSIT
HYD-BR-06-20260323,BR-06,Naranarayan Setu (Jogighopa-Pancharatna),Brahmaputra,Assam,2026-03-23T00:00:00,25.6,29.2,30.15,8455.0,2.03,1.4,4.2,4.19,NORMAL_STABLE,UNRESTRICTED_TRANSIT
HYD-BR-06-20260324,BR-06,Naranarayan Setu (Jogighopa-Pancharatna),Brahmaputra,Assam,2026-03-24T00:00:00,26.09,29.2,30.15,3402.0,1.95,1.11,4.2,3.08,NORMAL_STABLE,UNRESTRICTED_TRANSIT
HYD-BR-06-20260325,BR-06,Naranarayan Setu (Jogighopa-Pancharatna),Brahmaputra,Assam,2026-03-25T00:00:00,24.34,29.2,30.15,8718.0,1.68,0.73,4.2,3.93,NORMAL_STABLE,UNRESTRICTED_TRANSIT
HYD-BR-06-20260326,BR-06,Naranarayan Setu (Jogighopa-Pancharatna),Brahmaputra,Assam,2026-03-26T00:00:00,26.36,29.2,30.15,3915.0,2.15,0.62,4.2,3.64,NORMAL_STABLE,UNRESTRICTED_TRANSIT
HYD-BR-06-20260327,BR-06,Naranarayan Setu (Jogighopa-Pancharatna),Brahmaputra,Assam,2026-03-27T00:00:00,24.53,29.2,30.15,5147.0,1.6,0.79,4.2,3.76,NORMAL_STABLE,UNRESTRICTED_TRANSIT
HYD-BR-06-20260328,BR-06,Naranarayan Setu (Jogighopa-Pancharatna),Brahmaputra,Assam,2026-03-28T00:00:00,24.59,29.2,30.15,5309.0,2.14,1.36,4.2,2.81,NORMAL_STABLE,UNRESTRICTED_TRANSIT
HYD-BR-06-20260329,BR-06,Naranarayan Setu (Jogighopa-Pancharatna),Brahmaputra,Assam,2026-03-29T00:00:00,24.28,29.2,30.15,11414.0,1.61,0.58,4.2,2.83,NORMAL_STABLE,UNRESTRICTED_TRANSIT
HYD-BR-06-20260330,BR-06,Naranarayan Setu (Jogighopa-Pancharatna),Brahmaputra,Assam,2026-03-30T00:00:00,24.6,29.2,30.15,9365.0,1.02,0.75,4.2,3.47,NORMAL_STABLE,UNRESTRICTED_TRANSIT
HYD-BR-06-20260331,BR-06,Naranarayan Setu (Jogighopa-Pancharatna),Brahmaputra,Assam,2026-03-31T00:00:00,23.25,29.2,30.15,3754.0,0.81,0.7,4.2,2.79,NORMAL_STABLE,UNRESTRICTED_TRANSIT
HYD-BR-06-20260401,BR-06,Naranarayan Setu (Jogighopa-Pancharatna),Brahmaputra,Assam,2026-04-01T00:00:00,25.95,29.2,30.15,4895.0,1.8,1.36,4.2,3.95,NORMAL_STABLE,UNRESTRICTED_TRANSIT
HYD-BR-06-20260402,BR-06,Naranarayan Setu (Jogighopa-Pancharatna),Brahmaputra,Assam,2026-04-02T00:00:00,23.45,29.2,30.15,10167.0,1.7,0.78,4.2,1.97,NORMAL_STABLE,UNRESTRICTED_TRANSIT
HYD-BR-06-20260403,BR-06,Naranarayan Setu (Jogighopa-Pancharatna),Brahmaputra,Assam,2026-04-03T00:00:00,25.67,29.2,30.15,12201.0,0.92,0.49,4.2,1.99,NORMAL_STABLE,UNRESTRICTED_TRANSIT
HYD-BR-06-20260404,BR-06,Naranarayan Setu (Jogighopa-Pancharatna),Brahmaputra,Assam,2026-04-04T00:00:00,24.15,29.2,30.15,3570.0,2.17,0.97,4.2,2.71,NORMAL_STABLE,UNRESTRICTED_TRANSIT
HYD-BR-06-20260405,BR-06,Naranarayan Setu (Jogighopa-Pancharatna),Brahmaputra,Assam,2026-04-05T00:00:00,23.5,29.2,30.15,13727.0,2.01,1.46,4.2,1.73,NORMAL_STABLE,UNRESTRICTED_TRANSIT
HYD-BR-06-20260406,BR-06,Naranarayan Setu (Jogighopa-Pancharatna),Brahmaputra,Assam,2026-04-06T00:00:00,23.27,29.2,30.15,6332.0,2.06,1.33,4.2,1.52,NORMAL_STABLE,UNRESTRICTED_TRANSIT
HYD-BR-06-20260407,BR-06,Naranarayan Setu (Jogighopa-Pancharatna),Brahmaputra,Assam,2026-04-07T00:00:00,25.38,29.2,30.15,3778.0,1.2,1.46,4.2,2.39,NORMAL_STABLE,UNRESTRICTED_TRANSIT
HYD-BR-06-20260408,BR-06,Naranarayan Setu (Jogighopa-Pancharatna),Brahmaputra,Assam,2026-04-08T00:00:00,23.25,29.2,30.15,10343.0,1.6,1.19,4.2,2.98,NORMAL_STABLE,UNRESTRICTED_TRANSIT
HYD-BR-06-20260409,BR-06,Naranarayan Setu (Jogighopa-Pancharatna),Brahmaputra,Assam,2026-04-09T00:00:00,24.36,29.2,30.15,6887.0,1.0,1.48,4.2,2.9,NORMAL_STABLE,UNRESTRICTED_TRANSIT
HYD-BR-06-20260410,BR-06,Naranarayan Setu (Jogighopa-Pancharatna),Brahmaputra,Assam,2026-04-10T00:00:00,24.7,29.2,30.15,4674.0,1.75,0.98,4.2,3.03,NORMAL_STABLE,UNRESTRICTED_TRANSIT
HYD-BR-06-20260411,BR-06,Naranarayan Setu (Jogighopa-Pancharatna),Brahmaputra,Assam,2026-04-11T00:00:00,26.35,29.2,30.15,10323.0,1.01,1.18,4.2,2.76,NORMAL_STABLE,UNRESTRICTED_TRANSIT
HYD-BR-06-20260412,BR-06,Naranarayan Setu (Jogighopa-Pancharatna),Brahmaputra,Assam,2026-04-12T00:00:00,24.4,29.2,30.15,6049.0,0.83,1.16,4.2,3.36,NORMAL_STABLE,UNRESTRICTED_TRANSIT
HYD-BR-06-20260413,BR-06,Naranarayan Setu (Jogighopa-Pancharatna),Brahmaputra,Assam,2026-04-13T00:00:00,26.48,29.2,30.15,13733.0,1.12,1.08,4.2,3.88,NORMAL_STABLE,UNRESTRICTED_TRANSIT
HYD-BR-06-20260414,BR-06,Naranarayan Setu (Jogighopa-Pancharatna),Brahmaputra,Assam,2026-04-14T00:00:00,26.01,29.2,30.15,9706.0,0.93,0.59,4.2,3.57,NORMAL_STABLE,UNRESTRICTED_TRANSIT
HYD-BR-06-20260415,BR-06,Naranarayan Setu (Jogighopa-Pancharatna),Brahmaputra,Assam,2026-04-15T00:00:00,23.78,29.2,30.15,10796.0,1.61,1.29,4.2,3.88,NORMAL_STABLE,UNRESTRICTED_TRANSIT
HYD-BR-06-20260416,BR-06,Naranarayan Setu (Jogighopa-Pancharatna),Brahmaputra,Assam,2026-04-16T00:00:00,25.1,29.2,30.15,12917.0,1.71,0.93,4.2,2.6,NORMAL_STABLE,UNRESTRICTED_TRANSIT
HYD-BR-06-20260417,BR-06,Naranarayan Setu (Jogighopa-Pancharatna),Brahmaputra,Assam,2026-04-17T00:00:00,26.51,29.2,30.15,13396.0,0.97,1.28,4.2,4.19,NORMAL_STABLE,UNRESTRICTED_TRANSIT
HYD-BR-06-20260418,BR-06,Naranarayan Setu (Jogighopa-Pancharatna),Brahmaputra,Assam,2026-04-18T00:00:00,25.2,29.2,30.15,8787.0,0.89,0.62,4.2,4.17,NORMAL_STABLE,UNRESTRICTED_TRANSIT
HYD-BR-06-20260419,BR-06,Naranarayan Setu (Jogighopa-Pancharatna),Brahmaputra,Assam,2026-04-19T00:00:00,24.72,29.2,30.15,5161.0,1.79,0.81,4.2,1.88,NORMAL_STABLE,UNRESTRICTED_TRANSIT
HYD-BR-06-20260420,BR-06,Naranarayan Setu (Jogighopa-Pancharatna),Brahmaputra,Assam,2026-04-20T00:00:00,26.17,29.2,30.15,8107.0,1.4,1.24,4.2,1.83,NORMAL_STABLE,UNRESTRICTED_TRANSIT
HYD-BR-06-20260421,BR-06,Naranarayan Setu (Jogighopa-Pancharatna),Brahmaputra,Assam,2026-04-21T00:00:00,24.7,29.2,30.15,9529.0,1.67,0.72,4.2,2.7,NORMAL_STABLE,UNRESTRICTED_TRANSIT
HYD-BR-06-20260422,BR-06,Naranarayan Setu (Jogighopa-Pancharatna),Brahmaputra,Assam,2026-04-22T00:00:00,26.18,29.2,30.15,6000.0,0.98,1.36,4.2,2.25,NORMAL_STABLE,UNRESTRICTED_TRANSIT
HYD-BR-06-20260423,BR-06,Naranarayan Setu (Jogighopa-Pancharatna),Brahmaputra,Assam,2026-04-23T00:00:00,26.43,29.2,30.15,6263.0,0.82,0.98,4.2,3.05,NORMAL_STABLE,UNRESTRICTED_TRANSIT
HYD-BR-06-20260424,BR-06,Naranarayan Setu (Jogighopa-Pancharatna),Brahmaputra,Assam,2026-04-24T00:00:00,25.27,29.2,30.15,3510.0,2.08,0.46,4.2,2.86,NORMAL_STABLE,UNRESTRICTED_TRANSIT
HYD-BR-06-20260425,BR-06,Naranarayan Setu (Jogighopa-Pancharatna),Brahmaputra,Assam,2026-04-25T00:00:00,26.48,29.2,30.15,6725.0,2.13,1.3,4.2,2.28,NORMAL_STABLE,UNRESTRICTED_TRANSIT
HYD-BR-06-20260426,BR-06,Naranarayan Setu (Jogighopa-Pancharatna),Brahmaputra,Assam,2026-04-26T00:00:00,25.51,29.2,30.15,8216.0,1.52,1.5,4.2,1.54,NORMAL_STABLE,UNRESTRICTED_TRANSIT
HYD-BR-06-20260427,BR-06,Naranarayan Setu (Jogighopa-Pancharatna),Brahmaputra,Assam,2026-04-27T00:00:00,25.74,29.2,30.15,12119.0,1.9,1.31,4.2,2.75,NORMAL_STABLE,UNRESTRICTED_TRANSIT
HYD-BR-06-20260428,BR-06,Naranarayan Setu (Jogighopa-Pancharatna),Brahmaputra,Assam,2026-04-28T00:00:00,25.04,29.2,30.15,6474.0,1.31,0.91,4.2,3.36,NORMAL_STABLE,UNRESTRICTED_TRANSIT
HYD-BR-06-20260429,BR-06,Naranarayan Setu (Jogighopa-Pancharatna),Brahmaputra,Assam,2026-04-29T00:00:00,25.73,29.2,30.15,8680.0,1.29,0.48,4.2,1.97,NORMAL_STABLE,UNRESTRICTED_TRANSIT
HYD-BR-06-20260430,BR-06,Naranarayan Setu (Jogighopa-Pancharatna),Brahmaputra,Assam,2026-04-30T00:00:00,25.96,29.2,30.15,4331.0,0.96,1.23,4.2,4.12,NORMAL_STABLE,UNRESTRICTED_TRANSIT
HYD-BR-06-20260501,BR-06,Naranarayan Setu (Jogighopa-Pancharatna),Brahmaputra,Assam,2026-05-01T00:00:00,26.53,29.2,30.15,8378.0,1.91,0.95,4.2,2.1,NORMAL_STABLE,UNRESTRICTED_TRANSIT
HYD-BR-06-20260502,BR-06,Naranarayan Setu (Jogighopa-Pancharatna),Brahmaputra,Assam,2026-05-02T00:00:00,23.85,29.2,30.15,11742.0,1.75,0.89,4.2,2.1,NORMAL_STABLE,UNRESTRICTED_TRANSIT
HYD-BR-06-20260503,BR-06,Naranarayan Setu (Jogighopa-Pancharatna),Brahmaputra,Assam,2026-05-03T00:00:00,23.92,29.2,30.15,6147.0,1.25,0.68,4.2,2.71,NORMAL_STABLE,UNRESTRICTED_TRANSIT
HYD-BR-06-20260504,BR-06,Naranarayan Setu (Jogighopa-Pancharatna),Brahmaputra,Assam,2026-05-04T00:00:00,24.94,29.2,30.15,4595.0,1.89,1.35,4.2,1.99,NORMAL_STABLE,UNRESTRICTED_TRANSIT
HYD-BR-06-20260505,BR-06,Naranarayan Setu (Jogighopa-Pancharatna),Brahmaputra,Assam,2026-05-05T00:00:00,25.96,29.2,30.15,7977.0,1.95,0.4,4.2,3.29,NORMAL_STABLE,UNRESTRICTED_TRANSIT
HYD-BR-06-20260506,BR-06,Naranarayan Setu (Jogighopa-Pancharatna),Brahmaputra,Assam,2026-05-06T00:00:00,25.19,29.2,30.15,10291.0,1.44,0.69,4.2,3.84,NORMAL_STABLE,UNRESTRICTED_TRANSIT
HYD-BR-06-20260507,BR-06,Naranarayan Setu (Jogighopa-Pancharatna),Brahmaputra,Assam,2026-05-07T00:00:00,23.42,29.2,30.15,3251.0,1.5,0.53,4.2,4.02,NORMAL_STABLE,UNRESTRICTED_TRANSIT
HYD-BR-06-20260508,BR-06,Naranarayan Setu (Jogighopa-Pancharatna),Brahmaputra,Assam,2026-05-08T00:00:00,23.99,29.2,30.15,8157.0,1.55,1.2,4.2,3.12,NORMAL_STABLE,UNRESTRICTED_TRANSIT
HYD-BR-06-20260509,BR-06,Naranarayan Setu (Jogighopa-Pancharatna),Brahmaputra,Assam,2026-05-09T00:00:00,25.21,29.2,30.15,8233.0,1.25,0.9,4.2,4.09,NORMAL_STABLE,UNRESTRICTED_TRANSIT
HYD-BR-06-20260510,BR-06,Naranarayan Setu (Jogighopa-Pancharatna),Brahmaputra,Assam,2026-05-10T00:00:00,25.76,29.2,30.15,6923.0,0.88,1.37,4.2,3.03,NORMAL_STABLE,UNRESTRICTED_TRANSIT
HYD-BR-06-20260511,BR-06,Naranarayan Setu (Jogighopa-Pancharatna),Brahmaputra,Assam,2026-05-11T00:00:00,25.71,29.2,30.15,10459.0,1.6,0.38,4.2,3.24,NORMAL_STABLE,UNRESTRICTED_TRANSIT
HYD-BR-06-20260512,BR-06,Naranarayan Setu (Jogighopa-Pancharatna),Brahmaputra,Assam,2026-05-12T00:00:00,23.59,29.2,30.15,5858.0,1.64,0.43,4.2,2.86,NORMAL_STABLE,UNRESTRICTED_TRANSIT
HYD-BR-06-20260513,BR-06,Naranarayan Setu (Jogighopa-Pancharatna),Brahmaputra,Assam,2026-05-13T00:00:00,23.33,29.2,30.15,3293.0,2.0,0.6,4.2,2.53,NORMAL_STABLE,UNRESTRICTED_TRANSIT
HYD-BR-06-20260514,BR-06,Naranarayan Setu (Jogighopa-Pancharatna),Brahmaputra,Assam,2026-05-14T00:00:00,24.64,29.2,30.15,9452.0,1.61,0.36,4.2,2.13,NORMAL_STABLE,UNRESTRICTED_TRANSIT
HYD-BR-06-20260515,BR-06,Naranarayan Setu (Jogighopa-Pancharatna),Brahmaputra,Assam,2026-05-15T00:00:00,23.28,29.2,30.15,10738.0,1.17,0.7,4.2,3.54,NORMAL_STABLE,UNRESTRICTED_TRANSIT
HYD-BR-06-20260516,BR-06,Naranarayan Setu (Jogighopa-Pancharatna),Brahmaputra,Assam,2026-05-16T00:00:00,23.32,29.2,30.15,6189.0,1.92,1.03,4.2,3.45,NORMAL_STABLE,UNRESTRICTED_TRANSIT
HYD-BR-06-20260517,BR-06,Naranarayan Setu (Jogighopa-Pancharatna),Brahmaputra,Assam,2026-05-17T00:00:00,24.04,29.2,30.15,8928.0,1.0,0.3,4.2,1.85,NORMAL_STABLE,UNRESTRICTED_TRANSIT
HYD-BR-06-20260518,BR-06,Naranarayan Setu (Jogighopa-Pancharatna),Brahmaputra,Assam,2026-05-18T00:00:00,25.5,29.2,30.15,12123.0,1.66,1.42,4.2,1.84,NORMAL_STABLE,UNRESTRICTED_TRANSIT
HYD-BR-06-20260519,BR-06,Naranarayan Setu (Jogighopa-Pancharatna),Brahmaputra,Assam,2026-05-19T00:00:00,26.12,29.2,30.15,12751.0,1.4,0.78,4.2,1.66,NORMAL_STABLE,UNRESTRICTED_TRANSIT
HYD-BR-06-20260520,BR-06,Naranarayan Setu (Jogighopa-Pancharatna),Brahmaputra,Assam,2026-05-20T00:00:00,24.46,29.2,30.15,4765.0,1.96,0.99,4.2,2.9,NORMAL_STABLE,UNRESTRICTED_TRANSIT
HYD-BR-06-20260521,BR-06,Naranarayan Setu (Jogighopa-Pancharatna),Brahmaputra,Assam,2026-05-21T00:00:00,24.89,29.2,30.15,3073.0,1.16,1.33,4.2,3.92,NORMAL_STABLE,UNRESTRICTED_TRANSIT
HYD-BR-06-20260522,BR-06,Naranarayan Setu (Jogighopa-Pancharatna),Brahmaputra,Assam,2026-05-22T00:00:00,26.14,29.2,30.15,3985.0,1.43,1.36,4.2,3.19,NORMAL_STABLE,UNRESTRICTED_TRANSIT
HYD-BR-06-20260523,BR-06,Naranarayan Setu (Jogighopa-Pancharatna),Brahmaputra,Assam,2026-05-23T00:00:00,25.54,29.2,30.15,13746.0,0.84,0.88,4.2,2.41,NORMAL_STABLE,UNRESTRICTED_TRANSIT
HYD-BR-06-20260524,BR-06,Naranarayan Setu (Jogighopa-Pancharatna),Brahmaputra,Assam,2026-05-24T00:00:00,23.96,29.2,30.15,12399.0,1.7,0.86,4.2,1.89,NORMAL_STABLE,UNRESTRICTED_TRANSIT
HYD-BR-06-20260525,BR-06,Naranarayan Setu (Jogighopa-Pancharatna),Brahmaputra,Assam,2026-05-25T00:00:00,24.89,29.2,30.15,7466.0,0.88,0.6,4.2,1.64,NORMAL_STABLE,UNRESTRICTED_TRANSIT
HYD-BR-06-20260526,BR-06,Naranarayan Setu (Jogighopa-Pancharatna),Brahmaputra,Assam,2026-05-26T00:00:00,23.77,29.2,30.15,10747.0,1.64,0.93,4.2,4.17,NORMAL_STABLE,UNRESTRICTED_TRANSIT
HYD-BR-06-20260527,BR-06,Naranarayan Setu (Jogighopa-Pancharatna),Brahmaputra,Assam,2026-05-27T00:00:00,24.33,29.2,30.15,5717.0,1.6,1.21,4.2,2.38,NORMAL_STABLE,UNRESTRICTED_TRANSIT
HYD-BR-06-20260528,BR-06,Naranarayan Setu (Jogighopa-Pancharatna),Brahmaputra,Assam,2026-05-28T00:00:00,24.34,29.2,30.15,11036.0,1.33,0.67,4.2,2.59,NORMAL_STABLE,UNRESTRICTED_TRANSIT
HYD-BR-06-20260529,BR-06,Naranarayan Setu (Jogighopa-Pancharatna),Brahmaputra,Assam,2026-05-29T00:00:00,24.45,29.2,30.15,7994.0,1.92,1.45,4.2,3.27,NORMAL_STABLE,UNRESTRICTED_TRANSIT
HYD-BR-06-20260530,BR-06,Naranarayan Setu (Jogighopa-Pancharatna),Brahmaputra,Assam,2026-05-30T00:00:00,24.78,29.2,30.15,9265.0,0.98,0.99,4.2,2.02,NORMAL_STABLE,UNRESTRICTED_TRANSIT
HYD-BR-06-20260531,BR-06,Naranarayan Setu (Jogighopa-Pancharatna),Brahmaputra,Assam,2026-05-31T00:00:00,26.67,29.2,30.15,7607.0,1.54,1.09,4.2,1.84,NORMAL_STABLE,UNRESTRICTED_TRANSIT
HYD-BR-07-20250601,BR-07,Irang River Bailey Pre-Stressed Crossing,Irang,Manipur,2025-06-01T00:00:00,207.45,208.5,210.0,66695.0,3.62,4.29,4.2,12.5,CRITICAL_PIER_EROSION,CLOSED_EMERGENCY_DIVERSION
HYD-BR-07-20250602,BR-07,Irang River Bailey Pre-Stressed Crossing,Irang,Manipur,2025-06-02T00:00:00,207.48,208.5,210.0,20451.0,4.63,1.55,4.2,11.28,NORMAL_STABLE,UNRESTRICTED_TRANSIT
HYD-BR-07-20250603,BR-07,Irang River Bailey Pre-Stressed Crossing,Irang,Manipur,2025-06-03T00:00:00,209.48,208.5,210.0,34581.0,2.88,4.53,4.2,6.9,CRITICAL_PIER_EROSION,CLOSED_EMERGENCY_DIVERSION
HYD-BR-07-20250604,BR-07,Irang River Bailey Pre-Stressed Crossing,Irang,Manipur,2025-06-04T00:00:00,209.58,208.5,210.0,38126.0,4.29,1.59,4.2,12.04,HIGH_STRESS_MONITORING,SPEED_LIMIT_15KMH_SINGLE_CONVOY
HYD-BR-07-20250605,BR-07,Irang River Bailey Pre-Stressed Crossing,Irang,Manipur,2025-06-05T00:00:00,207.92,208.5,210.0,15009.0,4.17,3.14,4.2,9.08,HIGH_STRESS_MONITORING,SPEED_LIMIT_15KMH_SINGLE_CONVOY
HYD-BR-07-20250606,BR-07,Irang River Bailey Pre-Stressed Crossing,Irang,Manipur,2025-06-06T00:00:00,207.58,208.5,210.0,40430.0,2.56,1.37,4.2,10.94,NORMAL_STABLE,UNRESTRICTED_TRANSIT
HYD-BR-07-20250607,BR-07,Irang River Bailey Pre-Stressed Crossing,Irang,Manipur,2025-06-07T00:00:00,209.91,208.5,210.0,66487.0,5.08,2.55,4.2,8.88,HIGH_STRESS_MONITORING,SPEED_LIMIT_15KMH_SINGLE_CONVOY
HYD-BR-07-20250608,BR-07,Irang River Bailey Pre-Stressed Crossing,Irang,Manipur,2025-06-08T00:00:00,210.12,208.5,210.0,40015.0,3.12,3.2,4.2,9.74,CRITICAL_PIER_EROSION,CLOSED_EMERGENCY_DIVERSION
HYD-BR-07-20250609,BR-07,Irang River Bailey Pre-Stressed Crossing,Irang,Manipur,2025-06-09T00:00:00,209.49,208.5,210.0,27867.0,3.14,1.76,4.2,11.25,HIGH_STRESS_MONITORING,SPEED_LIMIT_15KMH_SINGLE_CONVOY
HYD-BR-07-20250610,BR-07,Irang River Bailey Pre-Stressed Crossing,Irang,Manipur,2025-06-10T00:00:00,209.46,208.5,210.0,15268.0,3.98,3.25,4.2,8.76,HIGH_STRESS_MONITORING,SPEED_LIMIT_15KMH_SINGLE_CONVOY
HYD-BR-07-20250611,BR-07,Irang River Bailey Pre-Stressed Crossing,Irang,Manipur,2025-06-11T00:00:00,210.63,208.5,210.0,59189.0,5.23,4.38,4.2,10.2,CRITICAL_PIER_EROSION,CLOSED_EMERGENCY_DIVERSION
HYD-BR-07-20250612,BR-07,Irang River Bailey Pre-Stressed Crossing,Irang,Manipur,2025-06-12T00:00:00,210.54,208.5,210.0,35827.0,4.43,1.28,4.2,11.49,CRITICAL_PIER_EROSION,CLOSED_EMERGENCY_DIVERSION
HYD-BR-07-20250613,BR-07,Irang River Bailey Pre-Stressed Crossing,Irang,Manipur,2025-06-13T00:00:00,209.69,208.5,210.0,16514.0,3.77,1.86,4.2,12.15,HIGH_STRESS_MONITORING,SPEED_LIMIT_15KMH_SINGLE_CONVOY
HYD-BR-07-20250614,BR-07,Irang River Bailey Pre-Stressed Crossing,Irang,Manipur,2025-06-14T00:00:00,210.23,208.5,210.0,46353.0,4.41,4.46,4.2,11.13,CRITICAL_PIER_EROSION,CLOSED_EMERGENCY_DIVERSION
HYD-BR-07-20250615,BR-07,Irang River Bailey Pre-Stressed Crossing,Irang,Manipur,2025-06-15T00:00:00,208.57,208.5,210.0,34388.0,5.62,2.08,4.2,10.6,HIGH_STRESS_MONITORING,SPEED_LIMIT_15KMH_SINGLE_CONVOY
HYD-BR-07-20250616,BR-07,Irang River Bailey Pre-Stressed Crossing,Irang,Manipur,2025-06-16T00:00:00,209.55,208.5,210.0,53198.0,5.99,3.64,4.2,8.69,HIGH_STRESS_MONITORING,SPEED_LIMIT_15KMH_SINGLE_CONVOY
HYD-BR-07-20250617,BR-07,Irang River Bailey Pre-Stressed Crossing,Irang,Manipur,2025-06-17T00:00:00,207.76,208.5,210.0,25497.0,3.63,2.64,4.2,9.4,MODERATE_SCOUR,CAUTION_NO_OVERWEIGHT_FREIGHT
HYD-BR-07-20250618,BR-07,Irang River Bailey Pre-Stressed Crossing,Irang,Manipur,2025-06-18T00:00:00,208.16,208.5,210.0,26232.0,3.12,2.56,4.2,9.91,MODERATE_SCOUR,CAUTION_NO_OVERWEIGHT_FREIGHT
HYD-BR-07-20250619,BR-07,Irang River Bailey Pre-Stressed Crossing,Irang,Manipur,2025-06-19T00:00:00,209.09,208.5,210.0,20933.0,5.75,3.86,4.2,11.06,HIGH_STRESS_MONITORING,SPEED_LIMIT_15KMH_SINGLE_CONVOY
HYD-BR-07-20250620,BR-07,Irang River Bailey Pre-Stressed Crossing,Irang,Manipur,2025-06-20T00:00:00,209.62,208.5,210.0,19434.0,5.15,2.1,4.2,11.83,HIGH_STRESS_MONITORING,SPEED_LIMIT_15KMH_SINGLE_CONVOY
HYD-BR-07-20250621,BR-07,Irang River Bailey Pre-Stressed Crossing,Irang,Manipur,2025-06-21T00:00:00,208.04,208.5,210.0,17758.0,3.38,2.02,4.2,8.57,MODERATE_SCOUR,CAUTION_NO_OVERWEIGHT_FREIGHT
HYD-BR-07-20250622,BR-07,Irang River Bailey Pre-Stressed Crossing,Irang,Manipur,2025-06-22T00:00:00,208.05,208.5,210.0,55074.0,3.2,3.42,4.2,11.83,HIGH_STRESS_MONITORING,SPEED_LIMIT_15KMH_SINGLE_CONVOY
HYD-BR-07-20250623,BR-07,Irang River Bailey Pre-Stressed Crossing,Irang,Manipur,2025-06-23T00:00:00,209.21,208.5,210.0,24922.0,2.78,2.04,4.2,10.11,HIGH_STRESS_MONITORING,SPEED_LIMIT_15KMH_SINGLE_CONVOY
HYD-BR-07-20250624,BR-07,Irang River Bailey Pre-Stressed Crossing,Irang,Manipur,2025-06-24T00:00:00,208.79,208.5,210.0,43083.0,4.45,3.76,4.2,8.64,HIGH_STRESS_MONITORING,SPEED_LIMIT_15KMH_SINGLE_CONVOY
HYD-BR-07-20250625,BR-07,Irang River Bailey Pre-Stressed Crossing,Irang,Manipur,2025-06-25T00:00:00,210.46,208.5,210.0,66054.0,4.03,1.3,4.2,6.96,CRITICAL_PIER_EROSION,CLOSED_EMERGENCY_DIVERSION
HYD-BR-07-20250626,BR-07,Irang River Bailey Pre-Stressed Crossing,Irang,Manipur,2025-06-26T00:00:00,209.84,208.5,210.0,43573.0,2.73,2.12,4.2,5.38,HIGH_STRESS_MONITORING,SPEED_LIMIT_15KMH_SINGLE_CONVOY
HYD-BR-07-20250627,BR-07,Irang River Bailey Pre-Stressed Crossing,Irang,Manipur,2025-06-27T00:00:00,209.81,208.5,210.0,38777.0,3.63,3.35,4.2,6.72,HIGH_STRESS_MONITORING,SPEED_LIMIT_15KMH_SINGLE_CONVOY
HYD-BR-07-20250628,BR-07,Irang River Bailey Pre-Stressed Crossing,Irang,Manipur,2025-06-28T00:00:00,207.18,208.5,210.0,37085.0,5.06,2.32,4.2,7.09,MODERATE_SCOUR,CAUTION_NO_OVERWEIGHT_FREIGHT
HYD-BR-07-20250629,BR-07,Irang River Bailey Pre-Stressed Crossing,Irang,Manipur,2025-06-29T00:00:00,208.31,208.5,210.0,30491.0,3.47,4.1,4.2,12.55,HIGH_STRESS_MONITORING,SPEED_LIMIT_15KMH_SINGLE_CONVOY
HYD-BR-07-20250630,BR-07,Irang River Bailey Pre-Stressed Crossing,Irang,Manipur,2025-06-30T00:00:00,207.35,208.5,210.0,26678.0,5.39,3.99,4.2,8.97,HIGH_STRESS_MONITORING,SPEED_LIMIT_15KMH_SINGLE_CONVOY
HYD-BR-07-20250701,BR-07,Irang River Bailey Pre-Stressed Crossing,Irang,Manipur,2025-07-01T00:00:00,208.69,208.5,210.0,62004.0,2.71,2.23,4.2,9.04,HIGH_STRESS_MONITORING,SPEED_LIMIT_15KMH_SINGLE_CONVOY
HYD-BR-07-20250702,BR-07,Irang River Bailey Pre-Stressed Crossing,Irang,Manipur,2025-07-02T00:00:00,210.34,208.5,210.0,32009.0,4.6,2.6,4.2,8.4,CRITICAL_PIER_EROSION,CLOSED_EMERGENCY_DIVERSION
HYD-BR-07-20250703,BR-07,Irang River Bailey Pre-Stressed Crossing,Irang,Manipur,2025-07-03T00:00:00,209.87,208.5,210.0,15566.0,3.71,3.68,4.2,6.28,HIGH_STRESS_MONITORING,SPEED_LIMIT_15KMH_SINGLE_CONVOY
HYD-BR-07-20250704,BR-07,Irang River Bailey Pre-Stressed Crossing,Irang,Manipur,2025-07-04T00:00:00,208.28,208.5,210.0,61978.0,3.44,1.33,4.2,11.16,NORMAL_STABLE,UNRESTRICTED_TRANSIT
HYD-BR-07-20250705,BR-07,Irang River Bailey Pre-Stressed Crossing,Irang,Manipur,2025-07-05T00:00:00,208.94,208.5,210.0,63543.0,5.79,4.36,4.2,9.91,CRITICAL_PIER_EROSION,CLOSED_EMERGENCY_DIVERSION
HYD-BR-07-20250706,BR-07,Irang River Bailey Pre-Stressed Crossing,Irang,Manipur,2025-07-06T00:00:00,210.7,208.5,210.0,31495.0,3.07,3.78,4.2,7.23,CRITICAL_PIER_EROSION,CLOSED_EMERGENCY_DIVERSION
HYD-BR-07-20250707,BR-07,Irang River Bailey Pre-Stressed Crossing,Irang,Manipur,2025-07-07T00:00:00,209.02,208.5,210.0,67387.0,3.25,2.65,4.2,4.66,HIGH_STRESS_MONITORING,SPEED_LIMIT_15KMH_SINGLE_CONVOY
HYD-BR-07-20250708,BR-07,Irang River Bailey Pre-Stressed Crossing,Irang,Manipur,2025-07-08T00:00:00,210.53,208.5,210.0,20901.0,3.42,4.59,4.2,5.86,CRITICAL_PIER_EROSION,CLOSED_EMERGENCY_DIVERSION
HYD-BR-07-20250709,BR-07,Irang River Bailey Pre-Stressed Crossing,Irang,Manipur,2025-07-09T00:00:00,208.58,208.5,210.0,49209.0,4.98,1.56,4.2,8.59,HIGH_STRESS_MONITORING,SPEED_LIMIT_15KMH_SINGLE_CONVOY
HYD-BR-07-20250710,BR-07,Irang River Bailey Pre-Stressed Crossing,Irang,Manipur,2025-07-10T00:00:00,210.57,208.5,210.0,18511.0,5.1,1.48,4.2,11.51,CRITICAL_PIER_EROSION,CLOSED_EMERGENCY_DIVERSION
HYD-BR-07-20250711,BR-07,Irang River Bailey Pre-Stressed Crossing,Irang,Manipur,2025-07-11T00:00:00,207.9,208.5,210.0,21300.0,2.54,4.3,4.2,8.4,CRITICAL_PIER_EROSION,CLOSED_EMERGENCY_DIVERSION
HYD-BR-07-20250712,BR-07,Irang River Bailey Pre-Stressed Crossing,Irang,Manipur,2025-07-12T00:00:00,209.17,208.5,210.0,52750.0,2.78,4.38,4.2,11.23,CRITICAL_PIER_EROSION,CLOSED_EMERGENCY_DIVERSION
HYD-BR-07-20250713,BR-07,Irang River Bailey Pre-Stressed Crossing,Irang,Manipur,2025-07-13T00:00:00,207.43,208.5,210.0,31588.0,2.71,1.63,4.2,6.95,NORMAL_STABLE,UNRESTRICTED_TRANSIT
HYD-BR-07-20250714,BR-07,Irang River Bailey Pre-Stressed Crossing,Irang,Manipur,2025-07-14T00:00:00,207.55,208.5,210.0,51309.0,2.86,1.6,4.2,11.39,NORMAL_STABLE,UNRESTRICTED_TRANSIT
HYD-BR-07-20250715,BR-07,Irang River Bailey Pre-Stressed Crossing,Irang,Manipur,2025-07-15T00:00:00,207.96,208.5,210.0,44704.0,3.42,1.76,4.2,11.86,NORMAL_STABLE,UNRESTRICTED_TRANSIT
HYD-BR-07-20250716,BR-07,Irang River Bailey Pre-Stressed Crossing,Irang,Manipur,2025-07-16T00:00:00,208.15,208.5,210.0,56501.0,6.03,3.19,4.2,12.19,HIGH_STRESS_MONITORING,SPEED_LIMIT_15KMH_SINGLE_CONVOY
HYD-BR-07-20250717,BR-07,Irang River Bailey Pre-Stressed Crossing,Irang,Manipur,2025-07-17T00:00:00,210.49,208.5,210.0,56790.0,2.56,1.32,4.2,12.41,CRITICAL_PIER_EROSION,CLOSED_EMERGENCY_DIVERSION
HYD-BR-07-20250718,BR-07,Irang River Bailey Pre-Stressed Crossing,Irang,Manipur,2025-07-18T00:00:00,210.64,208.5,210.0,32232.0,4.36,1.76,4.2,5.55,CRITICAL_PIER_EROSION,CLOSED_EMERGENCY_DIVERSION
HYD-BR-07-20250719,BR-07,Irang River Bailey Pre-Stressed Crossing,Irang,Manipur,2025-07-19T00:00:00,208.91,208.5,210.0,66962.0,2.76,4.33,4.2,7.91,CRITICAL_PIER_EROSION,CLOSED_EMERGENCY_DIVERSION
HYD-BR-07-20250720,BR-07,Irang River Bailey Pre-Stressed Crossing,Irang,Manipur,2025-07-20T00:00:00,210.1,208.5,210.0,23070.0,5.36,4.53,4.2,10.81,CRITICAL_PIER_EROSION,CLOSED_EMERGENCY_DIVERSION
HYD-BR-07-20250721,BR-07,Irang River Bailey Pre-Stressed Crossing,Irang,Manipur,2025-07-21T00:00:00,209.1,208.5,210.0,28635.0,3.35,3.33,4.2,5.35,HIGH_STRESS_MONITORING,SPEED_LIMIT_15KMH_SINGLE_CONVOY
HYD-BR-07-20250722,BR-07,Irang River Bailey Pre-Stressed Crossing,Irang,Manipur,2025-07-22T00:00:00,207.95,208.5,210.0,65654.0,4.02,4.25,4.2,10.06,CRITICAL_PIER_EROSION,CLOSED_EMERGENCY_DIVERSION
HYD-BR-07-20250723,BR-07,Irang River Bailey Pre-Stressed Crossing,Irang,Manipur,2025-07-23T00:00:00,207.81,208.5,210.0,63394.0,4.71,4.48,4.2,5.96,CRITICAL_PIER_EROSION,CLOSED_EMERGENCY_DIVERSION
HYD-BR-07-20250724,BR-07,Irang River Bailey Pre-Stressed Crossing,Irang,Manipur,2025-07-24T00:00:00,209.3,208.5,210.0,28123.0,4.5,2.48,4.2,9.21,HIGH_STRESS_MONITORING,SPEED_LIMIT_15KMH_SINGLE_CONVOY
HYD-BR-07-20250725,BR-07,Irang River Bailey Pre-Stressed Crossing,Irang,Manipur,2025-07-25T00:00:00,207.27,208.5,210.0,21815.0,4.06,1.32,4.2,12.39,NORMAL_STABLE,UNRESTRICTED_TRANSIT
HYD-BR-07-20250726,BR-07,Irang River Bailey Pre-Stressed Crossing,Irang,Manipur,2025-07-26T00:00:00,207.58,208.5,210.0,45625.0,2.54,3.35,4.2,6.6,HIGH_STRESS_MONITORING,SPEED_LIMIT_15KMH_SINGLE_CONVOY
HYD-BR-07-20250727,BR-07,Irang River Bailey Pre-Stressed Crossing,Irang,Manipur,2025-07-27T00:00:00,207.08,208.5,210.0,21064.0,5.03,3.33,4.2,6.71,HIGH_STRESS_MONITORING,SPEED_LIMIT_15KMH_SINGLE_CONVOY
HYD-BR-07-20250728,BR-07,Irang River Bailey Pre-Stressed Crossing,Irang,Manipur,2025-07-28T00:00:00,207.51,208.5,210.0,63822.0,4.96,1.74,4.2,11.27,NORMAL_STABLE,UNRESTRICTED_TRANSIT
HYD-BR-07-20250729,BR-07,Irang River Bailey Pre-Stressed Crossing,Irang,Manipur,2025-07-29T00:00:00,207.75,208.5,210.0,64139.0,3.79,4.21,4.2,8.72,CRITICAL_PIER_EROSION,CLOSED_EMERGENCY_DIVERSION
HYD-BR-07-20250730,BR-07,Irang River Bailey Pre-Stressed Crossing,Irang,Manipur,2025-07-30T00:00:00,209.77,208.5,210.0,63070.0,2.9,1.95,4.2,11.56,HIGH_STRESS_MONITORING,SPEED_LIMIT_15KMH_SINGLE_CONVOY
HYD-BR-07-20250731,BR-07,Irang River Bailey Pre-Stressed Crossing,Irang,Manipur,2025-07-31T00:00:00,208.43,208.5,210.0,17962.0,2.55,2.56,4.2,10.77,MODERATE_SCOUR,CAUTION_NO_OVERWEIGHT_FREIGHT
HYD-BR-07-20250801,BR-07,Irang River Bailey Pre-Stressed Crossing,Irang,Manipur,2025-08-01T00:00:00,209.73,208.5,210.0,46777.0,6.07,2.45,4.2,10.3,HIGH_STRESS_MONITORING,SPEED_LIMIT_15KMH_SINGLE_CONVOY
HYD-BR-07-20250802,BR-07,Irang River Bailey Pre-Stressed Crossing,Irang,Manipur,2025-08-02T00:00:00,207.16,208.5,210.0,22971.0,3.91,2.63,4.2,6.09,MODERATE_SCOUR,CAUTION_NO_OVERWEIGHT_FREIGHT
HYD-BR-07-20250803,BR-07,Irang River Bailey Pre-Stressed Crossing,Irang,Manipur,2025-08-03T00:00:00,208.82,208.5,210.0,27862.0,2.89,4.21,4.2,8.46,CRITICAL_PIER_EROSION,CLOSED_EMERGENCY_DIVERSION
HYD-BR-07-20250804,BR-07,Irang River Bailey Pre-Stressed Crossing,Irang,Manipur,2025-08-04T00:00:00,208.14,208.5,210.0,29475.0,3.03,3.11,4.2,6.89,HIGH_STRESS_MONITORING,SPEED_LIMIT_15KMH_SINGLE_CONVOY
HYD-BR-07-20250805,BR-07,Irang River Bailey Pre-Stressed Crossing,Irang,Manipur,2025-08-05T00:00:00,209.1,208.5,210.0,59798.0,3.74,4.46,4.2,5.57,CRITICAL_PIER_EROSION,CLOSED_EMERGENCY_DIVERSION
HYD-BR-07-20250806,BR-07,Irang River Bailey Pre-Stressed Crossing,Irang,Manipur,2025-08-06T00:00:00,207.09,208.5,210.0,67909.0,3.34,2.85,4.2,10.37,MODERATE_SCOUR,CAUTION_NO_OVERWEIGHT_FREIGHT
HYD-BR-07-20250807,BR-07,Irang River Bailey Pre-Stressed Crossing,Irang,Manipur,2025-08-07T00:00:00,208.56,208.5,210.0,24649.0,4.07,4.36,4.2,6.82,CRITICAL_PIER_EROSION,CLOSED_EMERGENCY_DIVERSION
HYD-BR-07-20250808,BR-07,Irang River Bailey Pre-Stressed Crossing,Irang,Manipur,2025-08-08T00:00:00,209.51,208.5,210.0,28144.0,3.62,4.22,4.2,8.02,CRITICAL_PIER_EROSION,CLOSED_EMERGENCY_DIVERSION
HYD-BR-07-20250809,BR-07,Irang River Bailey Pre-Stressed Crossing,Irang,Manipur,2025-08-09T00:00:00,208.13,208.5,210.0,36498.0,3.45,2.05,4.2,8.44,MODERATE_SCOUR,CAUTION_NO_OVERWEIGHT_FREIGHT
HYD-BR-07-20250810,BR-07,Irang River Bailey Pre-Stressed Crossing,Irang,Manipur,2025-08-10T00:00:00,210.45,208.5,210.0,54480.0,6.18,4.51,4.2,8.55,CRITICAL_PIER_EROSION,CLOSED_EMERGENCY_DIVERSION
HYD-BR-07-20250811,BR-07,Irang River Bailey Pre-Stressed Crossing,Irang,Manipur,2025-08-11T00:00:00,207.54,208.5,210.0,65718.0,3.47,1.69,4.2,7.08,NORMAL_STABLE,UNRESTRICTED_TRANSIT
HYD-BR-07-20250812,BR-07,Irang River Bailey Pre-Stressed Crossing,Irang,Manipur,2025-08-12T00:00:00,209.14,208.5,210.0,17616.0,5.55,4.33,4.2,9.02,CRITICAL_PIER_EROSION,CLOSED_EMERGENCY_DIVERSION
HYD-BR-07-20250813,BR-07,Irang River Bailey Pre-Stressed Crossing,Irang,Manipur,2025-08-13T00:00:00,207.22,208.5,210.0,24782.0,5.46,4.01,4.2,6.07,HIGH_STRESS_MONITORING,SPEED_LIMIT_15KMH_SINGLE_CONVOY
HYD-BR-07-20250814,BR-07,Irang River Bailey Pre-Stressed Crossing,Irang,Manipur,2025-08-14T00:00:00,209.81,208.5,210.0,44130.0,4.48,3.57,4.2,11.24,HIGH_STRESS_MONITORING,SPEED_LIMIT_15KMH_SINGLE_CONVOY
HYD-BR-07-20250815,BR-07,Irang River Bailey Pre-Stressed Crossing,Irang,Manipur,2025-08-15T00:00:00,207.16,208.5,210.0,35614.0,3.24,1.67,4.2,12.53,NORMAL_STABLE,UNRESTRICTED_TRANSIT
HYD-BR-07-20250816,BR-07,Irang River Bailey Pre-Stressed Crossing,Irang,Manipur,2025-08-16T00:00:00,209.5,208.5,210.0,58765.0,5.94,1.95,4.2,8.87,HIGH_STRESS_MONITORING,SPEED_LIMIT_15KMH_SINGLE_CONVOY
HYD-BR-07-20250817,BR-07,Irang River Bailey Pre-Stressed Crossing,Irang,Manipur,2025-08-17T00:00:00,209.29,208.5,210.0,58937.0,4.05,1.69,4.2,10.29,HIGH_STRESS_MONITORING,SPEED_LIMIT_15KMH_SINGLE_CONVOY
HYD-BR-07-20250818,BR-07,Irang River Bailey Pre-Stressed Crossing,Irang,Manipur,2025-08-18T00:00:00,210.43,208.5,210.0,23321.0,5.46,3.34,4.2,10.1,CRITICAL_PIER_EROSION,CLOSED_EMERGENCY_DIVERSION
HYD-BR-07-20250819,BR-07,Irang River Bailey Pre-Stressed Crossing,Irang,Manipur,2025-08-19T00:00:00,208.88,208.5,210.0,26821.0,4.67,1.93,4.2,12.34,HIGH_STRESS_MONITORING,SPEED_LIMIT_15KMH_SINGLE_CONVOY
HYD-BR-07-20250820,BR-07,Irang River Bailey Pre-Stressed Crossing,Irang,Manipur,2025-08-20T00:00:00,209.79,208.5,210.0,47201.0,5.71,4.08,4.2,12.63,HIGH_STRESS_MONITORING,SPEED_LIMIT_15KMH_SINGLE_CONVOY
HYD-BR-07-20250821,BR-07,Irang River Bailey Pre-Stressed Crossing,Irang,Manipur,2025-08-21T00:00:00,207.54,208.5,210.0,20651.0,2.93,4.55,4.2,9.04,CRITICAL_PIER_EROSION,CLOSED_EMERGENCY_DIVERSION
HYD-BR-07-20250822,BR-07,Irang River Bailey Pre-Stressed Crossing,Irang,Manipur,2025-08-22T00:00:00,208.18,208.5,210.0,31825.0,5.43,3.87,4.2,4.9,HIGH_STRESS_MONITORING,SPEED_LIMIT_15KMH_SINGLE_CONVOY
HYD-BR-07-20250823,BR-07,Irang River Bailey Pre-Stressed Crossing,Irang,Manipur,2025-08-23T00:00:00,209.59,208.5,210.0,42421.0,4.61,3.3,4.2,9.01,HIGH_STRESS_MONITORING,SPEED_LIMIT_15KMH_SINGLE_CONVOY
HYD-BR-07-20250824,BR-07,Irang River Bailey Pre-Stressed Crossing,Irang,Manipur,2025-08-24T00:00:00,208.26,208.5,210.0,20582.0,5.31,4.22,4.2,10.07,CRITICAL_PIER_EROSION,CLOSED_EMERGENCY_DIVERSION
HYD-BR-07-20250825,BR-07,Irang River Bailey Pre-Stressed Crossing,Irang,Manipur,2025-08-25T00:00:00,209.47,208.5,210.0,20973.0,5.04,4.37,4.2,10.85,CRITICAL_PIER_EROSION,CLOSED_EMERGENCY_DIVERSION
HYD-BR-07-20250826,BR-07,Irang River Bailey Pre-Stressed Crossing,Irang,Manipur,2025-08-26T00:00:00,208.43,208.5,210.0,35337.0,2.86,2.68,4.2,5.38,MODERATE_SCOUR,CAUTION_NO_OVERWEIGHT_FREIGHT
HYD-BR-07-20250827,BR-07,Irang River Bailey Pre-Stressed Crossing,Irang,Manipur,2025-08-27T00:00:00,207.79,208.5,210.0,24517.0,5.73,2.65,4.2,10.82,MODERATE_SCOUR,CAUTION_NO_OVERWEIGHT_FREIGHT
HYD-BR-07-20250828,BR-07,Irang River Bailey Pre-Stressed Crossing,Irang,Manipur,2025-08-28T00:00:00,209.54,208.5,210.0,17112.0,4.52,3.4,4.2,6.31,HIGH_STRESS_MONITORING,SPEED_LIMIT_15KMH_SINGLE_CONVOY
HYD-BR-07-20250829,BR-07,Irang River Bailey Pre-Stressed Crossing,Irang,Manipur,2025-08-29T00:00:00,210.38,208.5,210.0,52671.0,4.86,2.83,4.2,5.79,CRITICAL_PIER_EROSION,CLOSED_EMERGENCY_DIVERSION
HYD-BR-07-20250830,BR-07,Irang River Bailey Pre-Stressed Crossing,Irang,Manipur,2025-08-30T00:00:00,208.27,208.5,210.0,49256.0,4.29,3.08,4.2,10.82,HIGH_STRESS_MONITORING,SPEED_LIMIT_15KMH_SINGLE_CONVOY
HYD-BR-07-20250831,BR-07,Irang River Bailey Pre-Stressed Crossing,Irang,Manipur,2025-08-31T00:00:00,207.22,208.5,210.0,18032.0,3.74,3.87,4.2,5.88,HIGH_STRESS_MONITORING,SPEED_LIMIT_15KMH_SINGLE_CONVOY
HYD-BR-07-20250901,BR-07,Irang River Bailey Pre-Stressed Crossing,Irang,Manipur,2025-09-01T00:00:00,210.09,208.5,210.0,53173.0,5.67,4.66,4.2,10.01,CRITICAL_PIER_EROSION,CLOSED_EMERGENCY_DIVERSION
HYD-BR-07-20250902,BR-07,Irang River Bailey Pre-Stressed Crossing,Irang,Manipur,2025-09-02T00:00:00,208.47,208.5,210.0,31622.0,6.14,1.9,4.2,10.22,NORMAL_STABLE,UNRESTRICTED_TRANSIT
HYD-BR-07-20250903,BR-07,Irang River Bailey Pre-Stressed Crossing,Irang,Manipur,2025-09-03T00:00:00,207.19,208.5,210.0,57187.0,4.56,1.56,4.2,9.8,NORMAL_STABLE,UNRESTRICTED_TRANSIT
HYD-BR-07-20250904,BR-07,Irang River Bailey Pre-Stressed Crossing,Irang,Manipur,2025-09-04T00:00:00,208.73,208.5,210.0,52991.0,5.72,1.89,4.2,11.06,HIGH_STRESS_MONITORING,SPEED_LIMIT_15KMH_SINGLE_CONVOY
HYD-BR-07-20250905,BR-07,Irang River Bailey Pre-Stressed Crossing,Irang,Manipur,2025-09-05T00:00:00,207.57,208.5,210.0,18334.0,5.13,3.62,4.2,11.66,HIGH_STRESS_MONITORING,SPEED_LIMIT_15KMH_SINGLE_CONVOY
HYD-BR-07-20250906,BR-07,Irang River Bailey Pre-Stressed Crossing,Irang,Manipur,2025-09-06T00:00:00,207.9,208.5,210.0,41930.0,4.69,3.29,4.2,6.11,HIGH_STRESS_MONITORING,SPEED_LIMIT_15KMH_SINGLE_CONVOY
HYD-BR-07-20250907,BR-07,Irang River Bailey Pre-Stressed Crossing,Irang,Manipur,2025-09-07T00:00:00,208.4,208.5,210.0,25836.0,4.49,3.31,4.2,5.56,HIGH_STRESS_MONITORING,SPEED_LIMIT_15KMH_SINGLE_CONVOY
HYD-BR-07-20250908,BR-07,Irang River Bailey Pre-Stressed Crossing,Irang,Manipur,2025-09-08T00:00:00,209.41,208.5,210.0,30524.0,5.43,4.67,4.2,8.94,CRITICAL_PIER_EROSION,CLOSED_EMERGENCY_DIVERSION
HYD-BR-07-20250909,BR-07,Irang River Bailey Pre-Stressed Crossing,Irang,Manipur,2025-09-09T00:00:00,209.05,208.5,210.0,29309.0,4.42,2.96,4.2,4.53,HIGH_STRESS_MONITORING,SPEED_LIMIT_15KMH_SINGLE_CONVOY
HYD-BR-07-20250910,BR-07,Irang River Bailey Pre-Stressed Crossing,Irang,Manipur,2025-09-10T00:00:00,209.69,208.5,210.0,37257.0,2.87,3.27,4.2,7.71,HIGH_STRESS_MONITORING,SPEED_LIMIT_15KMH_SINGLE_CONVOY
HYD-BR-07-20250911,BR-07,Irang River Bailey Pre-Stressed Crossing,Irang,Manipur,2025-09-11T00:00:00,207.74,208.5,210.0,21485.0,5.58,2.63,4.2,8.27,MODERATE_SCOUR,CAUTION_NO_OVERWEIGHT_FREIGHT
HYD-BR-07-20250912,BR-07,Irang River Bailey Pre-Stressed Crossing,Irang,Manipur,2025-09-12T00:00:00,209.74,208.5,210.0,63352.0,2.96,4.75,4.2,10.76,CRITICAL_PIER_EROSION,CLOSED_EMERGENCY_DIVERSION
HYD-BR-07-20250913,BR-07,Irang River Bailey Pre-Stressed Crossing,Irang,Manipur,2025-09-13T00:00:00,209.26,208.5,210.0,23804.0,4.88,2.78,4.2,11.25,HIGH_STRESS_MONITORING,SPEED_LIMIT_15KMH_SINGLE_CONVOY
HYD-BR-07-20250914,BR-07,Irang River Bailey Pre-Stressed Crossing,Irang,Manipur,2025-09-14T00:00:00,209.21,208.5,210.0,60450.0,2.59,3.42,4.2,4.98,HIGH_STRESS_MONITORING,SPEED_LIMIT_15KMH_SINGLE_CONVOY
HYD-BR-07-20250915,BR-07,Irang River Bailey Pre-Stressed Crossing,Irang,Manipur,2025-09-15T00:00:00,207.39,208.5,210.0,66820.0,2.9,2.08,4.2,6.22,MODERATE_SCOUR,CAUTION_NO_OVERWEIGHT_FREIGHT
HYD-BR-07-20250916,BR-07,Irang River Bailey Pre-Stressed Crossing,Irang,Manipur,2025-09-16T00:00:00,207.51,208.5,210.0,42173.0,2.71,1.72,4.2,5.76,NORMAL_STABLE,UNRESTRICTED_TRANSIT
HYD-BR-07-20250917,BR-07,Irang River Bailey Pre-Stressed Crossing,Irang,Manipur,2025-09-17T00:00:00,208.37,208.5,210.0,16309.0,3.76,4.4,4.2,5.02,CRITICAL_PIER_EROSION,CLOSED_EMERGENCY_DIVERSION
HYD-BR-07-20250918,BR-07,Irang River Bailey Pre-Stressed Crossing,Irang,Manipur,2025-09-18T00:00:00,207.26,208.5,210.0,53963.0,5.44,3.05,4.2,9.23,HIGH_STRESS_MONITORING,SPEED_LIMIT_15KMH_SINGLE_CONVOY
HYD-BR-07-20250919,BR-07,Irang River Bailey Pre-Stressed Crossing,Irang,Manipur,2025-09-19T00:00:00,207.63,208.5,210.0,42993.0,2.75,1.52,4.2,8.06,NORMAL_STABLE,UNRESTRICTED_TRANSIT
HYD-BR-07-20250920,BR-07,Irang River Bailey Pre-Stressed Crossing,Irang,Manipur,2025-09-20T00:00:00,208.6,208.5,210.0,57965.0,5.96,2.01,4.2,5.01,HIGH_STRESS_MONITORING,SPEED_LIMIT_15KMH_SINGLE_CONVOY
HYD-BR-07-20250921,BR-07,Irang River Bailey Pre-Stressed Crossing,Irang,Manipur,2025-09-21T00:00:00,209.16,208.5,210.0,48111.0,3.02,2.37,4.2,12.66,HIGH_STRESS_MONITORING,SPEED_LIMIT_15KMH_SINGLE_CONVOY
HYD-BR-07-20250922,BR-07,Irang River Bailey Pre-Stressed Crossing,Irang,Manipur,2025-09-22T00:00:00,209.79,208.5,210.0,61759.0,5.61,1.74,4.2,11.42,HIGH_STRESS_MONITORING,SPEED_LIMIT_15KMH_SINGLE_CONVOY
HYD-BR-07-20250923,BR-07,Irang River Bailey Pre-Stressed Crossing,Irang,Manipur,2025-09-23T00:00:00,208.48,208.5,210.0,27041.0,5.17,1.7,4.2,9.4,NORMAL_STABLE,UNRESTRICTED_TRANSIT
HYD-BR-07-20250924,BR-07,Irang River Bailey Pre-Stressed Crossing,Irang,Manipur,2025-09-24T00:00:00,210.44,208.5,210.0,54122.0,4.84,3.89,4.2,6.4,CRITICAL_PIER_EROSION,CLOSED_EMERGENCY_DIVERSION
HYD-BR-07-20250925,BR-07,Irang River Bailey Pre-Stressed Crossing,Irang,Manipur,2025-09-25T00:00:00,210.31,208.5,210.0,17270.0,5.62,3.38,4.2,11.61,CRITICAL_PIER_EROSION,CLOSED_EMERGENCY_DIVERSION
HYD-BR-07-20250926,BR-07,Irang River Bailey Pre-Stressed Crossing,Irang,Manipur,2025-09-26T00:00:00,207.02,208.5,210.0,27378.0,4.37,1.68,4.2,7.05,NORMAL_STABLE,UNRESTRICTED_TRANSIT
HYD-BR-07-20250927,BR-07,Irang River Bailey Pre-Stressed Crossing,Irang,Manipur,2025-09-27T00:00:00,208.4,208.5,210.0,57066.0,4.48,2.85,4.2,7.03,MODERATE_SCOUR,CAUTION_NO_OVERWEIGHT_FREIGHT
HYD-BR-07-20250928,BR-07,Irang River Bailey Pre-Stressed Crossing,Irang,Manipur,2025-09-28T00:00:00,207.75,208.5,210.0,46207.0,6.17,2.02,4.2,11.14,MODERATE_SCOUR,CAUTION_NO_OVERWEIGHT_FREIGHT
HYD-BR-07-20250929,BR-07,Irang River Bailey Pre-Stressed Crossing,Irang,Manipur,2025-09-29T00:00:00,208.74,208.5,210.0,40126.0,2.62,4.37,4.2,5.2,CRITICAL_PIER_EROSION,CLOSED_EMERGENCY_DIVERSION
HYD-BR-07-20250930,BR-07,Irang River Bailey Pre-Stressed Crossing,Irang,Manipur,2025-09-30T00:00:00,210.0,208.5,210.0,15535.0,2.74,3.51,4.2,6.49,CRITICAL_PIER_EROSION,CLOSED_EMERGENCY_DIVERSION
HYD-BR-07-20251001,BR-07,Irang River Bailey Pre-Stressed Crossing,Irang,Manipur,2025-10-01T00:00:00,203.55,208.5,210.0,8927.0,1.06,1.09,4.2,4.15,NORMAL_STABLE,UNRESTRICTED_TRANSIT
HYD-BR-07-20251002,BR-07,Irang River Bailey Pre-Stressed Crossing,Irang,Manipur,2025-10-02T00:00:00,205.7,208.5,210.0,6375.0,1.23,0.9,4.2,2.65,NORMAL_STABLE,UNRESTRICTED_TRANSIT
HYD-BR-07-20251003,BR-07,Irang River Bailey Pre-Stressed Crossing,Irang,Manipur,2025-10-03T00:00:00,204.18,208.5,210.0,13388.0,1.61,0.63,4.2,3.87,NORMAL_STABLE,UNRESTRICTED_TRANSIT
HYD-BR-07-20251004,BR-07,Irang River Bailey Pre-Stressed Crossing,Irang,Manipur,2025-10-04T00:00:00,204.07,208.5,210.0,3901.0,1.58,0.73,4.2,2.5,NORMAL_STABLE,UNRESTRICTED_TRANSIT
HYD-BR-07-20251005,BR-07,Irang River Bailey Pre-Stressed Crossing,Irang,Manipur,2025-10-05T00:00:00,205.14,208.5,210.0,11025.0,1.78,1.37,4.2,2.46,NORMAL_STABLE,UNRESTRICTED_TRANSIT
HYD-BR-07-20251006,BR-07,Irang River Bailey Pre-Stressed Crossing,Irang,Manipur,2025-10-06T00:00:00,204.3,208.5,210.0,7258.0,0.89,1.08,4.2,4.09,NORMAL_STABLE,UNRESTRICTED_TRANSIT
HYD-BR-07-20251007,BR-07,Irang River Bailey Pre-Stressed Crossing,Irang,Manipur,2025-10-07T00:00:00,204.02,208.5,210.0,4352.0,1.22,1.43,4.2,2.54,NORMAL_STABLE,UNRESTRICTED_TRANSIT
HYD-BR-07-20251008,BR-07,Irang River Bailey Pre-Stressed Crossing,Irang,Manipur,2025-10-08T00:00:00,205.14,208.5,210.0,6982.0,2.14,0.65,4.2,3.28,NORMAL_STABLE,UNRESTRICTED_TRANSIT
HYD-BR-07-20251009,BR-07,Irang River Bailey Pre-Stressed Crossing,Irang,Manipur,2025-10-09T00:00:00,205.71,208.5,210.0,8502.0,1.43,1.1,4.2,4.12,NORMAL_STABLE,UNRESTRICTED_TRANSIT
HYD-BR-07-20251010,BR-07,Irang River Bailey Pre-Stressed Crossing,Irang,Manipur,2025-10-10T00:00:00,203.71,208.5,210.0,10988.0,1.32,1.17,4.2,2.53,NORMAL_STABLE,UNRESTRICTED_TRANSIT
HYD-BR-07-20251011,BR-07,Irang River Bailey Pre-Stressed Crossing,Irang,Manipur,2025-10-11T00:00:00,205.04,208.5,210.0,11628.0,1.48,0.63,4.2,1.59,NORMAL_STABLE,UNRESTRICTED_TRANSIT
HYD-BR-07-20251012,BR-07,Irang River Bailey Pre-Stressed Crossing,Irang,Manipur,2025-10-12T00:00:00,202.92,208.5,210.0,13315.0,1.67,0.77,4.2,3.23,NORMAL_STABLE,UNRESTRICTED_TRANSIT
HYD-BR-07-20251013,BR-07,Irang River Bailey Pre-Stressed Crossing,Irang,Manipur,2025-10-13T00:00:00,203.6,208.5,210.0,5968.0,1.46,0.7,4.2,3.68,NORMAL_STABLE,UNRESTRICTED_TRANSIT
HYD-BR-07-20251014,BR-07,Irang River Bailey Pre-Stressed Crossing,Irang,Manipur,2025-10-14T00:00:00,205.86,208.5,210.0,13495.0,1.34,1.42,4.2,4.16,NORMAL_STABLE,UNRESTRICTED_TRANSIT
HYD-BR-07-20251015,BR-07,Irang River Bailey Pre-Stressed Crossing,Irang,Manipur,2025-10-15T00:00:00,202.86,208.5,210.0,12993.0,1.78,1.44,4.2,2.94,NORMAL_STABLE,UNRESTRICTED_TRANSIT
HYD-BR-07-20251016,BR-07,Irang River Bailey Pre-Stressed Crossing,Irang,Manipur,2025-10-16T00:00:00,203.95,208.5,210.0,3928.0,0.87,1.08,4.2,2.5,NORMAL_STABLE,UNRESTRICTED_TRANSIT
HYD-BR-07-20251017,BR-07,Irang River Bailey Pre-Stressed Crossing,Irang,Manipur,2025-10-17T00:00:00,204.17,208.5,210.0,10127.0,1.7,0.93,4.2,2.48,NORMAL_STABLE,UNRESTRICTED_TRANSIT
HYD-BR-07-20251018,BR-07,Irang River Bailey Pre-Stressed Crossing,Irang,Manipur,2025-10-18T00:00:00,203.1,208.5,210.0,7775.0,2.1,0.68,4.2,2.58,NORMAL_STABLE,UNRESTRICTED_TRANSIT
HYD-BR-07-20251019,BR-07,Irang River Bailey Pre-Stressed Crossing,Irang,Manipur,2025-10-19T00:00:00,205.69,208.5,210.0,12789.0,1.47,1.19,4.2,3.66,NORMAL_STABLE,UNRESTRICTED_TRANSIT
HYD-BR-07-20251020,BR-07,Irang River Bailey Pre-Stressed Crossing,Irang,Manipur,2025-10-20T00:00:00,203.77,208.5,210.0,7689.0,1.35,0.39,4.2,2.43,NORMAL_STABLE,UNRESTRICTED_TRANSIT
HYD-BR-07-20251021,BR-07,Irang River Bailey Pre-Stressed Crossing,Irang,Manipur,2025-10-21T00:00:00,205.88,208.5,210.0,3928.0,1.28,1.27,4.2,2.86,NORMAL_STABLE,UNRESTRICTED_TRANSIT
HYD-BR-07-20251022,BR-07,Irang River Bailey Pre-Stressed Crossing,Irang,Manipur,2025-10-22T00:00:00,205.31,208.5,210.0,9543.0,0.8,0.78,4.2,3.22,NORMAL_STABLE,UNRESTRICTED_TRANSIT
HYD-BR-07-20251023,BR-07,Irang River Bailey Pre-Stressed Crossing,Irang,Manipur,2025-10-23T00:00:00,203.17,208.5,210.0,7241.0,1.26,0.37,4.2,2.51,NORMAL_STABLE,UNRESTRICTED_TRANSIT
HYD-BR-07-20251024,BR-07,Irang River Bailey Pre-Stressed Crossing,Irang,Manipur,2025-10-24T00:00:00,205.67,208.5,210.0,13325.0,1.7,0.77,4.2,2.36,NORMAL_STABLE,UNRESTRICTED_TRANSIT
HYD-BR-07-20251025,BR-07,Irang River Bailey Pre-Stressed Crossing,Irang,Manipur,2025-10-25T00:00:00,203.74,208.5,210.0,3923.0,1.19,0.51,4.2,2.74,NORMAL_STABLE,UNRESTRICTED_TRANSIT
HYD-BR-07-20251026,BR-07,Irang River Bailey Pre-Stressed Crossing,Irang,Manipur,2025-10-26T00:00:00,205.69,208.5,210.0,5963.0,1.2,0.75,4.2,3.45,NORMAL_STABLE,UNRESTRICTED_TRANSIT
HYD-BR-07-20251027,BR-07,Irang River Bailey Pre-Stressed Crossing,Irang,Manipur,2025-10-27T00:00:00,202.72,208.5,210.0,12129.0,1.7,0.46,4.2,2.27,NORMAL_STABLE,UNRESTRICTED_TRANSIT
HYD-BR-07-20251028,BR-07,Irang River Bailey Pre-Stressed Crossing,Irang,Manipur,2025-10-28T00:00:00,204.9,208.5,210.0,5970.0,1.74,1.36,4.2,1.64,NORMAL_STABLE,UNRESTRICTED_TRANSIT
HYD-BR-07-20251029,BR-07,Irang River Bailey Pre-Stressed Crossing,Irang,Manipur,2025-10-29T00:00:00,204.18,208.5,210.0,9889.0,2.05,0.5,4.2,3.87,NORMAL_STABLE,UNRESTRICTED_TRANSIT
HYD-BR-07-20251030,BR-07,Irang River Bailey Pre-Stressed Crossing,Irang,Manipur,2025-10-30T00:00:00,204.35,208.5,210.0,10128.0,2.06,0.51,4.2,3.26,NORMAL_STABLE,UNRESTRICTED_TRANSIT
HYD-BR-07-20251031,BR-07,Irang River Bailey Pre-Stressed Crossing,Irang,Manipur,2025-10-31T00:00:00,204.72,208.5,210.0,5497.0,1.35,0.63,4.2,2.22,NORMAL_STABLE,UNRESTRICTED_TRANSIT
HYD-BR-07-20251101,BR-07,Irang River Bailey Pre-Stressed Crossing,Irang,Manipur,2025-11-01T00:00:00,202.65,208.5,210.0,12080.0,0.9,0.99,4.2,3.57,NORMAL_STABLE,UNRESTRICTED_TRANSIT
HYD-BR-07-20251102,BR-07,Irang River Bailey Pre-Stressed Crossing,Irang,Manipur,2025-11-02T00:00:00,204.05,208.5,210.0,13112.0,1.46,1.13,4.2,1.83,NORMAL_STABLE,UNRESTRICTED_TRANSIT
HYD-BR-07-20251103,BR-07,Irang River Bailey Pre-Stressed Crossing,Irang,Manipur,2025-11-03T00:00:00,205.29,208.5,210.0,5275.0,1.09,0.76,4.2,2.58,NORMAL_STABLE,UNRESTRICTED_TRANSIT
HYD-BR-07-20251104,BR-07,Irang River Bailey Pre-Stressed Crossing,Irang,Manipur,2025-11-04T00:00:00,205.33,208.5,210.0,11759.0,0.85,0.82,4.2,3.71,NORMAL_STABLE,UNRESTRICTED_TRANSIT
HYD-BR-07-20251105,BR-07,Irang River Bailey Pre-Stressed Crossing,Irang,Manipur,2025-11-05T00:00:00,202.93,208.5,210.0,9593.0,1.59,1.35,4.2,1.7,NORMAL_STABLE,UNRESTRICTED_TRANSIT
HYD-BR-07-20251106,BR-07,Irang River Bailey Pre-Stressed Crossing,Irang,Manipur,2025-11-06T00:00:00,205.64,208.5,210.0,6678.0,1.23,1.23,4.2,2.92,NORMAL_STABLE,UNRESTRICTED_TRANSIT
HYD-BR-07-20251107,BR-07,Irang River Bailey Pre-Stressed Crossing,Irang,Manipur,2025-11-07T00:00:00,203.54,208.5,210.0,13855.0,1.36,1.48,4.2,3.66,NORMAL_STABLE,UNRESTRICTED_TRANSIT
HYD-BR-07-20251108,BR-07,Irang River Bailey Pre-Stressed Crossing,Irang,Manipur,2025-11-08T00:00:00,202.91,208.5,210.0,7096.0,1.1,0.76,4.2,3.49,NORMAL_STABLE,UNRESTRICTED_TRANSIT
HYD-BR-07-20251109,BR-07,Irang River Bailey Pre-Stressed Crossing,Irang,Manipur,2025-11-09T00:00:00,203.28,208.5,210.0,8116.0,2.02,0.58,4.2,1.95,NORMAL_STABLE,UNRESTRICTED_TRANSIT
HYD-BR-07-20251110,BR-07,Irang River Bailey Pre-Stressed Crossing,Irang,Manipur,2025-11-10T00:00:00,205.46,208.5,210.0,4884.0,1.62,0.96,4.2,3.58,NORMAL_STABLE,UNRESTRICTED_TRANSIT
HYD-BR-07-20251111,BR-07,Irang River Bailey Pre-Stressed Crossing,Irang,Manipur,2025-11-11T00:00:00,203.29,208.5,210.0,6482.0,1.89,0.44,4.2,1.99,NORMAL_STABLE,UNRESTRICTED_TRANSIT
HYD-BR-07-20251112,BR-07,Irang River Bailey Pre-Stressed Crossing,Irang,Manipur,2025-11-12T00:00:00,205.16,208.5,210.0,8366.0,1.28,0.83,4.2,3.17,NORMAL_STABLE,UNRESTRICTED_TRANSIT
HYD-BR-07-20251113,BR-07,Irang River Bailey Pre-Stressed Crossing,Irang,Manipur,2025-11-13T00:00:00,204.0,208.5,210.0,11526.0,1.98,0.53,4.2,3.15,NORMAL_STABLE,UNRESTRICTED_TRANSIT
HYD-BR-07-20251114,BR-07,Irang River Bailey Pre-Stressed Crossing,Irang,Manipur,2025-11-14T00:00:00,202.97,208.5,210.0,8933.0,1.0,0.64,4.2,2.21,NORMAL_STABLE,UNRESTRICTED_TRANSIT
HYD-BR-07-20251115,BR-07,Irang River Bailey Pre-Stressed Crossing,Irang,Manipur,2025-11-15T00:00:00,202.51,208.5,210.0,12835.0,0.95,0.49,4.2,2.64,NORMAL_STABLE,UNRESTRICTED_TRANSIT
HYD-BR-07-20251116,BR-07,Irang River Bailey Pre-Stressed Crossing,Irang,Manipur,2025-11-16T00:00:00,203.47,208.5,210.0,10404.0,0.87,0.44,4.2,2.76,NORMAL_STABLE,UNRESTRICTED_TRANSIT
HYD-BR-07-20251117,BR-07,Irang River Bailey Pre-Stressed Crossing,Irang,Manipur,2025-11-17T00:00:00,202.77,208.5,210.0,12213.0,1.87,1.3,4.2,2.97,NORMAL_STABLE,UNRESTRICTED_TRANSIT
HYD-BR-07-20251118,BR-07,Irang River Bailey Pre-Stressed Crossing,Irang,Manipur,2025-11-18T00:00:00,203.25,208.5,210.0,9316.0,1.47,1.15,4.2,1.97,NORMAL_STABLE,UNRESTRICTED_TRANSIT
HYD-BR-07-20251119,BR-07,Irang River Bailey Pre-Stressed Crossing,Irang,Manipur,2025-11-19T00:00:00,204.3,208.5,210.0,6458.0,1.26,0.39,4.2,1.62,NORMAL_STABLE,UNRESTRICTED_TRANSIT
HYD-BR-07-20251120,BR-07,Irang River Bailey Pre-Stressed Crossing,Irang,Manipur,2025-11-20T00:00:00,205.21,208.5,210.0,12578.0,1.7,1.01,4.2,2.68,NORMAL_STABLE,UNRESTRICTED_TRANSIT
HYD-BR-07-20251121,BR-07,Irang River Bailey Pre-Stressed Crossing,Irang,Manipur,2025-11-21T00:00:00,205.51,208.5,210.0,7354.0,1.99,0.99,4.2,3.05,NORMAL_STABLE,UNRESTRICTED_TRANSIT
HYD-BR-07-20251122,BR-07,Irang River Bailey Pre-Stressed Crossing,Irang,Manipur,2025-11-22T00:00:00,204.3,208.5,210.0,3818.0,1.85,1.03,4.2,3.24,NORMAL_STABLE,UNRESTRICTED_TRANSIT
HYD-BR-07-20251123,BR-07,Irang River Bailey Pre-Stressed Crossing,Irang,Manipur,2025-11-23T00:00:00,203.03,208.5,210.0,4350.0,1.13,0.78,4.2,2.98,NORMAL_STABLE,UNRESTRICTED_TRANSIT
HYD-BR-07-20251124,BR-07,Irang River Bailey Pre-Stressed Crossing,Irang,Manipur,2025-11-24T00:00:00,203.09,208.5,210.0,7104.0,1.47,0.65,4.2,3.37,NORMAL_STABLE,UNRESTRICTED_TRANSIT
HYD-BR-07-20251125,BR-07,Irang River Bailey Pre-Stressed Crossing,Irang,Manipur,2025-11-25T00:00:00,202.76,208.5,210.0,9132.0,1.39,0.53,4.2,2.45,NORMAL_STABLE,UNRESTRICTED_TRANSIT
HYD-BR-07-20251126,BR-07,Irang River Bailey Pre-Stressed Crossing,Irang,Manipur,2025-11-26T00:00:00,203.03,208.5,210.0,11203.0,1.65,1.28,4.2,3.93,NORMAL_STABLE,UNRESTRICTED_TRANSIT
HYD-BR-07-20251127,BR-07,Irang River Bailey Pre-Stressed Crossing,Irang,Manipur,2025-11-27T00:00:00,205.57,208.5,210.0,11641.0,1.68,1.23,4.2,3.18,NORMAL_STABLE,UNRESTRICTED_TRANSIT
HYD-BR-07-20251128,BR-07,Irang River Bailey Pre-Stressed Crossing,Irang,Manipur,2025-11-28T00:00:00,202.87,208.5,210.0,12892.0,1.19,1.06,4.2,2.55,NORMAL_STABLE,UNRESTRICTED_TRANSIT
HYD-BR-07-20251129,BR-07,Irang River Bailey Pre-Stressed Crossing,Irang,Manipur,2025-11-29T00:00:00,203.34,208.5,210.0,4646.0,1.03,1.09,4.2,3.31,NORMAL_STABLE,UNRESTRICTED_TRANSIT
HYD-BR-07-20251130,BR-07,Irang River Bailey Pre-Stressed Crossing,Irang,Manipur,2025-11-30T00:00:00,204.15,208.5,210.0,13205.0,1.62,0.63,4.2,3.06,NORMAL_STABLE,UNRESTRICTED_TRANSIT
HYD-BR-07-20251201,BR-07,Irang River Bailey Pre-Stressed Crossing,Irang,Manipur,2025-12-01T00:00:00,205.18,208.5,210.0,12094.0,1.38,1.31,4.2,1.59,NORMAL_STABLE,UNRESTRICTED_TRANSIT
HYD-BR-07-20251202,BR-07,Irang River Bailey Pre-Stressed Crossing,Irang,Manipur,2025-12-02T00:00:00,203.46,208.5,210.0,7243.0,0.88,0.98,4.2,4.01,NORMAL_STABLE,UNRESTRICTED_TRANSIT
HYD-BR-07-20251203,BR-07,Irang River Bailey Pre-Stressed Crossing,Irang,Manipur,2025-12-03T00:00:00,202.67,208.5,210.0,7148.0,2.2,0.33,4.2,3.23,NORMAL_STABLE,UNRESTRICTED_TRANSIT
HYD-BR-07-20251204,BR-07,Irang River Bailey Pre-Stressed Crossing,Irang,Manipur,2025-12-04T00:00:00,203.41,208.5,210.0,10106.0,1.54,1.45,4.2,1.84,NORMAL_STABLE,UNRESTRICTED_TRANSIT
HYD-BR-07-20251205,BR-07,Irang River Bailey Pre-Stressed Crossing,Irang,Manipur,2025-12-05T00:00:00,203.2,208.5,210.0,8836.0,1.15,1.17,4.2,2.89,NORMAL_STABLE,UNRESTRICTED_TRANSIT
HYD-BR-07-20251206,BR-07,Irang River Bailey Pre-Stressed Crossing,Irang,Manipur,2025-12-06T00:00:00,204.42,208.5,210.0,12786.0,2.02,1.3,4.2,4.19,NORMAL_STABLE,UNRESTRICTED_TRANSIT
HYD-BR-07-20251207,BR-07,Irang River Bailey Pre-Stressed Crossing,Irang,Manipur,2025-12-07T00:00:00,204.21,208.5,210.0,7114.0,1.18,1.21,4.2,3.12,NORMAL_STABLE,UNRESTRICTED_TRANSIT
HYD-BR-07-20251208,BR-07,Irang River Bailey Pre-Stressed Crossing,Irang,Manipur,2025-12-08T00:00:00,202.62,208.5,210.0,7635.0,1.15,0.76,4.2,2.79,NORMAL_STABLE,UNRESTRICTED_TRANSIT
HYD-BR-07-20251209,BR-07,Irang River Bailey Pre-Stressed Crossing,Irang,Manipur,2025-12-09T00:00:00,205.96,208.5,210.0,10116.0,1.79,0.99,4.2,2.0,NORMAL_STABLE,UNRESTRICTED_TRANSIT
HYD-BR-07-20251210,BR-07,Irang River Bailey Pre-Stressed Crossing,Irang,Manipur,2025-12-10T00:00:00,205.48,208.5,210.0,10817.0,1.29,1.0,4.2,2.14,NORMAL_STABLE,UNRESTRICTED_TRANSIT
HYD-BR-07-20251211,BR-07,Irang River Bailey Pre-Stressed Crossing,Irang,Manipur,2025-12-11T00:00:00,202.89,208.5,210.0,3741.0,1.61,0.4,4.2,1.7,NORMAL_STABLE,UNRESTRICTED_TRANSIT
HYD-BR-07-20251212,BR-07,Irang River Bailey Pre-Stressed Crossing,Irang,Manipur,2025-12-12T00:00:00,203.75,208.5,210.0,13496.0,1.63,0.72,4.2,4.01,NORMAL_STABLE,UNRESTRICTED_TRANSIT
HYD-BR-07-20251213,BR-07,Irang River Bailey Pre-Stressed Crossing,Irang,Manipur,2025-12-13T00:00:00,205.66,208.5,210.0,9639.0,1.59,0.92,4.2,2.9,NORMAL_STABLE,UNRESTRICTED_TRANSIT
HYD-BR-07-20251214,BR-07,Irang River Bailey Pre-Stressed Crossing,Irang,Manipur,2025-12-14T00:00:00,205.34,208.5,210.0,10494.0,1.57,1.23,4.2,2.42,NORMAL_STABLE,UNRESTRICTED_TRANSIT
HYD-BR-07-20251215,BR-07,Irang River Bailey Pre-Stressed Crossing,Irang,Manipur,2025-12-15T00:00:00,203.99,208.5,210.0,7057.0,0.81,0.73,4.2,1.93,NORMAL_STABLE,UNRESTRICTED_TRANSIT
HYD-BR-07-20251216,BR-07,Irang River Bailey Pre-Stressed Crossing,Irang,Manipur,2025-12-16T00:00:00,203.43,208.5,210.0,13543.0,1.3,0.33,4.2,2.24,NORMAL_STABLE,UNRESTRICTED_TRANSIT
HYD-BR-07-20251217,BR-07,Irang River Bailey Pre-Stressed Crossing,Irang,Manipur,2025-12-17T00:00:00,205.01,208.5,210.0,9992.0,1.44,1.16,4.2,3.43,NORMAL_STABLE,UNRESTRICTED_TRANSIT
HYD-BR-07-20251218,BR-07,Irang River Bailey Pre-Stressed Crossing,Irang,Manipur,2025-12-18T00:00:00,204.81,208.5,210.0,8886.0,0.84,1.13,4.2,3.4,NORMAL_STABLE,UNRESTRICTED_TRANSIT
HYD-BR-07-20251219,BR-07,Irang River Bailey Pre-Stressed Crossing,Irang,Manipur,2025-12-19T00:00:00,203.4,208.5,210.0,10690.0,1.35,0.82,4.2,2.61,NORMAL_STABLE,UNRESTRICTED_TRANSIT
HYD-BR-07-20251220,BR-07,Irang River Bailey Pre-Stressed Crossing,Irang,Manipur,2025-12-20T00:00:00,204.72,208.5,210.0,9430.0,1.69,0.42,4.2,2.93,NORMAL_STABLE,UNRESTRICTED_TRANSIT
HYD-BR-07-20251221,BR-07,Irang River Bailey Pre-Stressed Crossing,Irang,Manipur,2025-12-21T00:00:00,204.34,208.5,210.0,4105.0,1.58,0.57,4.2,2.49,NORMAL_STABLE,UNRESTRICTED_TRANSIT
HYD-BR-07-20251222,BR-07,Irang River Bailey Pre-Stressed Crossing,Irang,Manipur,2025-12-22T00:00:00,203.68,208.5,210.0,7820.0,1.38,1.32,4.2,1.64,NORMAL_STABLE,UNRESTRICTED_TRANSIT
HYD-BR-07-20251223,BR-07,Irang River Bailey Pre-Stressed Crossing,Irang,Manipur,2025-12-23T00:00:00,203.2,208.5,210.0,9884.0,2.05,1.0,4.2,4.08,NORMAL_STABLE,UNRESTRICTED_TRANSIT
HYD-BR-07-20251224,BR-07,Irang River Bailey Pre-Stressed Crossing,Irang,Manipur,2025-12-24T00:00:00,205.25,208.5,210.0,3406.0,0.95,1.12,4.2,3.52,NORMAL_STABLE,UNRESTRICTED_TRANSIT
HYD-BR-07-20251225,BR-07,Irang River Bailey Pre-Stressed Crossing,Irang,Manipur,2025-12-25T00:00:00,204.86,208.5,210.0,3246.0,1.61,0.46,4.2,2.25,NORMAL_STABLE,UNRESTRICTED_TRANSIT
HYD-BR-07-20251226,BR-07,Irang River Bailey Pre-Stressed Crossing,Irang,Manipur,2025-12-26T00:00:00,205.45,208.5,210.0,6985.0,1.52,0.47,4.2,1.65,NORMAL_STABLE,UNRESTRICTED_TRANSIT
HYD-BR-07-20251227,BR-07,Irang River Bailey Pre-Stressed Crossing,Irang,Manipur,2025-12-27T00:00:00,203.08,208.5,210.0,7533.0,0.94,0.58,4.2,3.39,NORMAL_STABLE,UNRESTRICTED_TRANSIT
HYD-BR-07-20251228,BR-07,Irang River Bailey Pre-Stressed Crossing,Irang,Manipur,2025-12-28T00:00:00,203.73,208.5,210.0,6537.0,1.25,0.43,4.2,4.04,NORMAL_STABLE,UNRESTRICTED_TRANSIT
HYD-BR-07-20251229,BR-07,Irang River Bailey Pre-Stressed Crossing,Irang,Manipur,2025-12-29T00:00:00,205.47,208.5,210.0,7195.0,1.45,0.53,4.2,2.53,NORMAL_STABLE,UNRESTRICTED_TRANSIT
HYD-BR-07-20251230,BR-07,Irang River Bailey Pre-Stressed Crossing,Irang,Manipur,2025-12-30T00:00:00,203.87,208.5,210.0,5450.0,0.84,0.96,4.2,2.63,NORMAL_STABLE,UNRESTRICTED_TRANSIT
HYD-BR-07-20251231,BR-07,Irang River Bailey Pre-Stressed Crossing,Irang,Manipur,2025-12-31T00:00:00,203.03,208.5,210.0,11595.0,1.62,0.71,4.2,1.84,NORMAL_STABLE,UNRESTRICTED_TRANSIT
HYD-BR-07-20260101,BR-07,Irang River Bailey Pre-Stressed Crossing,Irang,Manipur,2026-01-01T00:00:00,205.97,208.5,210.0,12680.0,1.64,1.01,4.2,3.8,NORMAL_STABLE,UNRESTRICTED_TRANSIT
HYD-BR-07-20260102,BR-07,Irang River Bailey Pre-Stressed Crossing,Irang,Manipur,2026-01-02T00:00:00,205.96,208.5,210.0,4208.0,1.77,1.05,4.2,3.91,NORMAL_STABLE,UNRESTRICTED_TRANSIT
HYD-BR-07-20260103,BR-07,Irang River Bailey Pre-Stressed Crossing,Irang,Manipur,2026-01-03T00:00:00,202.58,208.5,210.0,13903.0,1.42,0.72,4.2,1.71,NORMAL_STABLE,UNRESTRICTED_TRANSIT
HYD-BR-07-20260104,BR-07,Irang River Bailey Pre-Stressed Crossing,Irang,Manipur,2026-01-04T00:00:00,203.74,208.5,210.0,7413.0,1.32,0.86,4.2,3.08,NORMAL_STABLE,UNRESTRICTED_TRANSIT
HYD-BR-07-20260105,BR-07,Irang River Bailey Pre-Stressed Crossing,Irang,Manipur,2026-01-05T00:00:00,204.71,208.5,210.0,3183.0,1.88,0.37,4.2,3.9,NORMAL_STABLE,UNRESTRICTED_TRANSIT
HYD-BR-07-20260106,BR-07,Irang River Bailey Pre-Stressed Crossing,Irang,Manipur,2026-01-06T00:00:00,202.64,208.5,210.0,9381.0,1.41,0.72,4.2,2.82,NORMAL_STABLE,UNRESTRICTED_TRANSIT
HYD-BR-07-20260107,BR-07,Irang River Bailey Pre-Stressed Crossing,Irang,Manipur,2026-01-07T00:00:00,205.63,208.5,210.0,13189.0,2.16,0.51,4.2,1.55,NORMAL_STABLE,UNRESTRICTED_TRANSIT
HYD-BR-07-20260108,BR-07,Irang River Bailey Pre-Stressed Crossing,Irang,Manipur,2026-01-08T00:00:00,205.9,208.5,210.0,12712.0,1.37,1.12,4.2,3.72,NORMAL_STABLE,UNRESTRICTED_TRANSIT
HYD-BR-07-20260109,BR-07,Irang River Bailey Pre-Stressed Crossing,Irang,Manipur,2026-01-09T00:00:00,204.95,208.5,210.0,6520.0,1.03,0.92,4.2,1.87,NORMAL_STABLE,UNRESTRICTED_TRANSIT
HYD-BR-07-20260110,BR-07,Irang River Bailey Pre-Stressed Crossing,Irang,Manipur,2026-01-10T00:00:00,205.47,208.5,210.0,9651.0,1.5,0.91,4.2,1.86,NORMAL_STABLE,UNRESTRICTED_TRANSIT
HYD-BR-07-20260111,BR-07,Irang River Bailey Pre-Stressed Crossing,Irang,Manipur,2026-01-11T00:00:00,202.79,208.5,210.0,13967.0,2.2,0.97,4.2,4.14,NORMAL_STABLE,UNRESTRICTED_TRANSIT
HYD-BR-07-20260112,BR-07,Irang River Bailey Pre-Stressed Crossing,Irang,Manipur,2026-01-12T00:00:00,205.72,208.5,210.0,13107.0,0.94,1.49,4.2,3.77,NORMAL_STABLE,UNRESTRICTED_TRANSIT
HYD-BR-07-20260113,BR-07,Irang River Bailey Pre-Stressed Crossing,Irang,Manipur,2026-01-13T00:00:00,205.46,208.5,210.0,6369.0,1.78,0.41,4.2,2.38,NORMAL_STABLE,UNRESTRICTED_TRANSIT
HYD-BR-07-20260114,BR-07,Irang River Bailey Pre-Stressed Crossing,Irang,Manipur,2026-01-14T00:00:00,204.64,208.5,210.0,4180.0,1.58,1.31,4.2,2.64,NORMAL_STABLE,UNRESTRICTED_TRANSIT
HYD-BR-07-20260115,BR-07,Irang River Bailey Pre-Stressed Crossing,Irang,Manipur,2026-01-15T00:00:00,204.65,208.5,210.0,12318.0,1.53,0.84,4.2,3.15,NORMAL_STABLE,UNRESTRICTED_TRANSIT
HYD-BR-07-20260116,BR-07,Irang River Bailey Pre-Stressed Crossing,Irang,Manipur,2026-01-16T00:00:00,205.92,208.5,210.0,8398.0,1.56,1.27,4.2,3.13,NORMAL_STABLE,UNRESTRICTED_TRANSIT
HYD-BR-07-20260117,BR-07,Irang River Bailey Pre-Stressed Crossing,Irang,Manipur,2026-01-17T00:00:00,203.34,208.5,210.0,13337.0,2.05,1.39,4.2,1.63,NORMAL_STABLE,UNRESTRICTED_TRANSIT
HYD-BR-07-20260118,BR-07,Irang River Bailey Pre-Stressed Crossing,Irang,Manipur,2026-01-18T00:00:00,205.82,208.5,210.0,9962.0,0.95,0.43,4.2,4.19,NORMAL_STABLE,UNRESTRICTED_TRANSIT
HYD-BR-07-20260119,BR-07,Irang River Bailey Pre-Stressed Crossing,Irang,Manipur,2026-01-19T00:00:00,205.03,208.5,210.0,13615.0,0.84,0.63,4.2,2.38,NORMAL_STABLE,UNRESTRICTED_TRANSIT
HYD-BR-07-20260120,BR-07,Irang River Bailey Pre-Stressed Crossing,Irang,Manipur,2026-01-20T00:00:00,203.26,208.5,210.0,3678.0,1.62,0.91,4.2,2.1,NORMAL_STABLE,UNRESTRICTED_TRANSIT
HYD-BR-07-20260121,BR-07,Irang River Bailey Pre-Stressed Crossing,Irang,Manipur,2026-01-21T00:00:00,205.29,208.5,210.0,3352.0,1.62,0.87,4.2,3.48,NORMAL_STABLE,UNRESTRICTED_TRANSIT
HYD-BR-07-20260122,BR-07,Irang River Bailey Pre-Stressed Crossing,Irang,Manipur,2026-01-22T00:00:00,203.34,208.5,210.0,8838.0,2.11,0.36,4.2,2.77,NORMAL_STABLE,UNRESTRICTED_TRANSIT
HYD-BR-07-20260123,BR-07,Irang River Bailey Pre-Stressed Crossing,Irang,Manipur,2026-01-23T00:00:00,204.87,208.5,210.0,7473.0,1.81,1.25,4.2,3.32,NORMAL_STABLE,UNRESTRICTED_TRANSIT
HYD-BR-07-20260124,BR-07,Irang River Bailey Pre-Stressed Crossing,Irang,Manipur,2026-01-24T00:00:00,205.93,208.5,210.0,13761.0,1.36,0.78,4.2,2.03,NORMAL_STABLE,UNRESTRICTED_TRANSIT
HYD-BR-07-20260125,BR-07,Irang River Bailey Pre-Stressed Crossing,Irang,Manipur,2026-01-25T00:00:00,203.89,208.5,210.0,3491.0,1.01,0.48,4.2,2.47,NORMAL_STABLE,UNRESTRICTED_TRANSIT
HYD-BR-07-20260126,BR-07,Irang River Bailey Pre-Stressed Crossing,Irang,Manipur,2026-01-26T00:00:00,203.26,208.5,210.0,3775.0,0.97,1.14,4.2,4.15,NORMAL_STABLE,UNRESTRICTED_TRANSIT
HYD-BR-07-20260127,BR-07,Irang River Bailey Pre-Stressed Crossing,Irang,Manipur,2026-01-27T00:00:00,204.04,208.5,210.0,10983.0,0.89,0.33,4.2,1.8,NORMAL_STABLE,UNRESTRICTED_TRANSIT
HYD-BR-07-20260128,BR-07,Irang River Bailey Pre-Stressed Crossing,Irang,Manipur,2026-01-28T00:00:00,202.55,208.5,210.0,6647.0,1.24,1.32,4.2,3.14,NORMAL_STABLE,UNRESTRICTED_TRANSIT
HYD-BR-07-20260129,BR-07,Irang River Bailey Pre-Stressed Crossing,Irang,Manipur,2026-01-29T00:00:00,206.0,208.5,210.0,13669.0,0.96,0.44,4.2,1.7,NORMAL_STABLE,UNRESTRICTED_TRANSIT
HYD-BR-07-20260130,BR-07,Irang River Bailey Pre-Stressed Crossing,Irang,Manipur,2026-01-30T00:00:00,202.98,208.5,210.0,8618.0,1.79,1.26,4.2,3.8,NORMAL_STABLE,UNRESTRICTED_TRANSIT
HYD-BR-07-20260131,BR-07,Irang River Bailey Pre-Stressed Crossing,Irang,Manipur,2026-01-31T00:00:00,205.59,208.5,210.0,3880.0,1.83,0.85,4.2,2.65,NORMAL_STABLE,UNRESTRICTED_TRANSIT
HYD-BR-07-20260201,BR-07,Irang River Bailey Pre-Stressed Crossing,Irang,Manipur,2026-02-01T00:00:00,204.91,208.5,210.0,12687.0,1.77,0.62,4.2,1.87,NORMAL_STABLE,UNRESTRICTED_TRANSIT
HYD-BR-07-20260202,BR-07,Irang River Bailey Pre-Stressed Crossing,Irang,Manipur,2026-02-02T00:00:00,203.62,208.5,210.0,5654.0,0.99,1.35,4.2,4.12,NORMAL_STABLE,UNRESTRICTED_TRANSIT
HYD-BR-07-20260203,BR-07,Irang River Bailey Pre-Stressed Crossing,Irang,Manipur,2026-02-03T00:00:00,205.56,208.5,210.0,3664.0,1.89,0.56,4.2,3.81,NORMAL_STABLE,UNRESTRICTED_TRANSIT
HYD-BR-07-20260204,BR-07,Irang River Bailey Pre-Stressed Crossing,Irang,Manipur,2026-02-04T00:00:00,205.11,208.5,210.0,13634.0,1.84,0.9,4.2,3.97,NORMAL_STABLE,UNRESTRICTED_TRANSIT
HYD-BR-07-20260205,BR-07,Irang River Bailey Pre-Stressed Crossing,Irang,Manipur,2026-02-05T00:00:00,203.1,208.5,210.0,7796.0,2.09,0.98,4.2,1.83,NORMAL_STABLE,UNRESTRICTED_TRANSIT
HYD-BR-07-20260206,BR-07,Irang River Bailey Pre-Stressed Crossing,Irang,Manipur,2026-02-06T00:00:00,204.86,208.5,210.0,11954.0,1.31,1.0,4.2,3.76,NORMAL_STABLE,UNRESTRICTED_TRANSIT
HYD-BR-07-20260207,BR-07,Irang River Bailey Pre-Stressed Crossing,Irang,Manipur,2026-02-07T00:00:00,202.88,208.5,210.0,8411.0,0.92,0.6,4.2,3.38,NORMAL_STABLE,UNRESTRICTED_TRANSIT
HYD-BR-07-20260208,BR-07,Irang River Bailey Pre-Stressed Crossing,Irang,Manipur,2026-02-08T00:00:00,204.52,208.5,210.0,4504.0,1.54,1.27,4.2,2.28,NORMAL_STABLE,UNRESTRICTED_TRANSIT
HYD-BR-07-20260209,BR-07,Irang River Bailey Pre-Stressed Crossing,Irang,Manipur,2026-02-09T00:00:00,203.09,208.5,210.0,13473.0,1.48,1.03,4.2,4.03,NORMAL_STABLE,UNRESTRICTED_TRANSIT
HYD-BR-07-20260210,BR-07,Irang River Bailey Pre-Stressed Crossing,Irang,Manipur,2026-02-10T00:00:00,203.23,208.5,210.0,8635.0,1.62,0.49,4.2,3.67,NORMAL_STABLE,UNRESTRICTED_TRANSIT
HYD-BR-07-20260211,BR-07,Irang River Bailey Pre-Stressed Crossing,Irang,Manipur,2026-02-11T00:00:00,203.48,208.5,210.0,13888.0,1.85,0.92,4.2,3.57,NORMAL_STABLE,UNRESTRICTED_TRANSIT
HYD-BR-07-20260212,BR-07,Irang River Bailey Pre-Stressed Crossing,Irang,Manipur,2026-02-12T00:00:00,202.72,208.5,210.0,11116.0,1.65,1.21,4.2,1.91,NORMAL_STABLE,UNRESTRICTED_TRANSIT
HYD-BR-07-20260213,BR-07,Irang River Bailey Pre-Stressed Crossing,Irang,Manipur,2026-02-13T00:00:00,205.72,208.5,210.0,5086.0,1.5,0.76,4.2,2.41,NORMAL_STABLE,UNRESTRICTED_TRANSIT
HYD-BR-07-20260214,BR-07,Irang River Bailey Pre-Stressed Crossing,Irang,Manipur,2026-02-14T00:00:00,204.45,208.5,210.0,12724.0,1.81,0.36,4.2,1.66,NORMAL_STABLE,UNRESTRICTED_TRANSIT
HYD-BR-07-20260215,BR-07,Irang River Bailey Pre-Stressed Crossing,Irang,Manipur,2026-02-15T00:00:00,203.24,208.5,210.0,4870.0,1.27,0.47,4.2,1.54,NORMAL_STABLE,UNRESTRICTED_TRANSIT
HYD-BR-07-20260216,BR-07,Irang River Bailey Pre-Stressed Crossing,Irang,Manipur,2026-02-16T00:00:00,203.23,208.5,210.0,5820.0,1.07,0.84,4.2,2.81,NORMAL_STABLE,UNRESTRICTED_TRANSIT
HYD-BR-07-20260217,BR-07,Irang River Bailey Pre-Stressed Crossing,Irang,Manipur,2026-02-17T00:00:00,204.54,208.5,210.0,4392.0,1.81,1.41,4.2,2.7,NORMAL_STABLE,UNRESTRICTED_TRANSIT
HYD-BR-07-20260218,BR-07,Irang River Bailey Pre-Stressed Crossing,Irang,Manipur,2026-02-18T00:00:00,205.3,208.5,210.0,11019.0,1.0,1.06,4.2,1.81,NORMAL_STABLE,UNRESTRICTED_TRANSIT
HYD-BR-07-20260219,BR-07,Irang River Bailey Pre-Stressed Crossing,Irang,Manipur,2026-02-19T00:00:00,204.29,208.5,210.0,3318.0,1.12,0.51,4.2,1.88,NORMAL_STABLE,UNRESTRICTED_TRANSIT
HYD-BR-07-20260220,BR-07,Irang River Bailey Pre-Stressed Crossing,Irang,Manipur,2026-02-20T00:00:00,203.54,208.5,210.0,4548.0,1.96,0.89,4.2,3.85,NORMAL_STABLE,UNRESTRICTED_TRANSIT
HYD-BR-07-20260221,BR-07,Irang River Bailey Pre-Stressed Crossing,Irang,Manipur,2026-02-21T00:00:00,204.14,208.5,210.0,5874.0,1.98,1.42,4.2,2.99,NORMAL_STABLE,UNRESTRICTED_TRANSIT
HYD-BR-07-20260222,BR-07,Irang River Bailey Pre-Stressed Crossing,Irang,Manipur,2026-02-22T00:00:00,205.98,208.5,210.0,12094.0,0.88,0.91,4.2,2.22,NORMAL_STABLE,UNRESTRICTED_TRANSIT
HYD-BR-07-20260223,BR-07,Irang River Bailey Pre-Stressed Crossing,Irang,Manipur,2026-02-23T00:00:00,205.24,208.5,210.0,12368.0,1.63,1.43,4.2,2.73,NORMAL_STABLE,UNRESTRICTED_TRANSIT
HYD-BR-07-20260224,BR-07,Irang River Bailey Pre-Stressed Crossing,Irang,Manipur,2026-02-24T00:00:00,203.16,208.5,210.0,11321.0,1.83,1.25,4.2,3.07,NORMAL_STABLE,UNRESTRICTED_TRANSIT
HYD-BR-07-20260225,BR-07,Irang River Bailey Pre-Stressed Crossing,Irang,Manipur,2026-02-25T00:00:00,205.59,208.5,210.0,12751.0,1.14,1.11,4.2,1.61,NORMAL_STABLE,UNRESTRICTED_TRANSIT
HYD-BR-07-20260226,BR-07,Irang River Bailey Pre-Stressed Crossing,Irang,Manipur,2026-02-26T00:00:00,203.3,208.5,210.0,8494.0,1.3,0.85,4.2,2.04,NORMAL_STABLE,UNRESTRICTED_TRANSIT
HYD-BR-07-20260227,BR-07,Irang River Bailey Pre-Stressed Crossing,Irang,Manipur,2026-02-27T00:00:00,205.86,208.5,210.0,12386.0,1.31,0.52,4.2,2.31,NORMAL_STABLE,UNRESTRICTED_TRANSIT
HYD-BR-07-20260228,BR-07,Irang River Bailey Pre-Stressed Crossing,Irang,Manipur,2026-02-28T00:00:00,205.56,208.5,210.0,11572.0,2.17,0.91,4.2,3.81,NORMAL_STABLE,UNRESTRICTED_TRANSIT
HYD-BR-07-20260301,BR-07,Irang River Bailey Pre-Stressed Crossing,Irang,Manipur,2026-03-01T00:00:00,202.54,208.5,210.0,5716.0,1.23,0.87,4.2,3.92,NORMAL_STABLE,UNRESTRICTED_TRANSIT
HYD-BR-07-20260302,BR-07,Irang River Bailey Pre-Stressed Crossing,Irang,Manipur,2026-03-02T00:00:00,204.54,208.5,210.0,11961.0,0.9,0.47,4.2,3.79,NORMAL_STABLE,UNRESTRICTED_TRANSIT
HYD-BR-07-20260303,BR-07,Irang River Bailey Pre-Stressed Crossing,Irang,Manipur,2026-03-03T00:00:00,203.21,208.5,210.0,6585.0,1.68,0.44,4.2,3.22,NORMAL_STABLE,UNRESTRICTED_TRANSIT
HYD-BR-07-20260304,BR-07,Irang River Bailey Pre-Stressed Crossing,Irang,Manipur,2026-03-04T00:00:00,203.49,208.5,210.0,9373.0,2.06,0.69,4.2,1.87,NORMAL_STABLE,UNRESTRICTED_TRANSIT
HYD-BR-07-20260305,BR-07,Irang River Bailey Pre-Stressed Crossing,Irang,Manipur,2026-03-05T00:00:00,203.19,208.5,210.0,9302.0,0.88,0.3,4.2,2.85,NORMAL_STABLE,UNRESTRICTED_TRANSIT
HYD-BR-07-20260306,BR-07,Irang River Bailey Pre-Stressed Crossing,Irang,Manipur,2026-03-06T00:00:00,205.37,208.5,210.0,4346.0,1.6,1.08,4.2,2.09,NORMAL_STABLE,UNRESTRICTED_TRANSIT
HYD-BR-07-20260307,BR-07,Irang River Bailey Pre-Stressed Crossing,Irang,Manipur,2026-03-07T00:00:00,204.27,208.5,210.0,11256.0,1.96,0.52,4.2,3.59,NORMAL_STABLE,UNRESTRICTED_TRANSIT
HYD-BR-07-20260308,BR-07,Irang River Bailey Pre-Stressed Crossing,Irang,Manipur,2026-03-08T00:00:00,203.55,208.5,210.0,13822.0,1.53,0.58,4.2,1.65,NORMAL_STABLE,UNRESTRICTED_TRANSIT
HYD-BR-07-20260309,BR-07,Irang River Bailey Pre-Stressed Crossing,Irang,Manipur,2026-03-09T00:00:00,202.5,208.5,210.0,13417.0,1.17,0.74,4.2,2.58,NORMAL_STABLE,UNRESTRICTED_TRANSIT
HYD-BR-07-20260310,BR-07,Irang River Bailey Pre-Stressed Crossing,Irang,Manipur,2026-03-10T00:00:00,203.66,208.5,210.0,8179.0,1.61,1.13,4.2,3.8,NORMAL_STABLE,UNRESTRICTED_TRANSIT
HYD-BR-07-20260311,BR-07,Irang River Bailey Pre-Stressed Crossing,Irang,Manipur,2026-03-11T00:00:00,205.63,208.5,210.0,7919.0,1.7,0.95,4.2,3.7,NORMAL_STABLE,UNRESTRICTED_TRANSIT
HYD-BR-07-20260312,BR-07,Irang River Bailey Pre-Stressed Crossing,Irang,Manipur,2026-03-12T00:00:00,204.73,208.5,210.0,11702.0,1.3,1.3,4.2,3.87,NORMAL_STABLE,UNRESTRICTED_TRANSIT
HYD-BR-07-20260313,BR-07,Irang River Bailey Pre-Stressed Crossing,Irang,Manipur,2026-03-13T00:00:00,205.11,208.5,210.0,5977.0,1.05,1.07,4.2,3.19,NORMAL_STABLE,UNRESTRICTED_TRANSIT
HYD-BR-07-20260314,BR-07,Irang River Bailey Pre-Stressed Crossing,Irang,Manipur,2026-03-14T00:00:00,203.88,208.5,210.0,3211.0,0.8,1.48,4.2,2.06,NORMAL_STABLE,UNRESTRICTED_TRANSIT
HYD-BR-07-20260315,BR-07,Irang River Bailey Pre-Stressed Crossing,Irang,Manipur,2026-03-15T00:00:00,205.48,208.5,210.0,11053.0,1.75,0.96,4.2,2.97,NORMAL_STABLE,UNRESTRICTED_TRANSIT
HYD-BR-07-20260316,BR-07,Irang River Bailey Pre-Stressed Crossing,Irang,Manipur,2026-03-16T00:00:00,203.99,208.5,210.0,11259.0,1.23,0.81,4.2,1.58,NORMAL_STABLE,UNRESTRICTED_TRANSIT
HYD-BR-07-20260317,BR-07,Irang River Bailey Pre-Stressed Crossing,Irang,Manipur,2026-03-17T00:00:00,204.22,208.5,210.0,9620.0,2.01,1.39,4.2,3.49,NORMAL_STABLE,UNRESTRICTED_TRANSIT
HYD-BR-07-20260318,BR-07,Irang River Bailey Pre-Stressed Crossing,Irang,Manipur,2026-03-18T00:00:00,202.66,208.5,210.0,4281.0,1.85,1.1,4.2,2.64,NORMAL_STABLE,UNRESTRICTED_TRANSIT
HYD-BR-07-20260319,BR-07,Irang River Bailey Pre-Stressed Crossing,Irang,Manipur,2026-03-19T00:00:00,203.07,208.5,210.0,4232.0,2.04,0.79,4.2,1.92,NORMAL_STABLE,UNRESTRICTED_TRANSIT
HYD-BR-07-20260320,BR-07,Irang River Bailey Pre-Stressed Crossing,Irang,Manipur,2026-03-20T00:00:00,203.3,208.5,210.0,5871.0,2.2,1.36,4.2,2.34,NORMAL_STABLE,UNRESTRICTED_TRANSIT
HYD-BR-07-20260321,BR-07,Irang River Bailey Pre-Stressed Crossing,Irang,Manipur,2026-03-21T00:00:00,203.59,208.5,210.0,5499.0,1.37,1.4,4.2,3.53,NORMAL_STABLE,UNRESTRICTED_TRANSIT
HYD-BR-07-20260322,BR-07,Irang River Bailey Pre-Stressed Crossing,Irang,Manipur,2026-03-22T00:00:00,203.12,208.5,210.0,12923.0,2.12,1.29,4.2,3.4,NORMAL_STABLE,UNRESTRICTED_TRANSIT
HYD-BR-07-20260323,BR-07,Irang River Bailey Pre-Stressed Crossing,Irang,Manipur,2026-03-23T00:00:00,203.98,208.5,210.0,9591.0,1.19,0.67,4.2,3.58,NORMAL_STABLE,UNRESTRICTED_TRANSIT
HYD-BR-07-20260324,BR-07,Irang River Bailey Pre-Stressed Crossing,Irang,Manipur,2026-03-24T00:00:00,204.96,208.5,210.0,10988.0,1.96,0.41,4.2,3.42,NORMAL_STABLE,UNRESTRICTED_TRANSIT
HYD-BR-07-20260325,BR-07,Irang River Bailey Pre-Stressed Crossing,Irang,Manipur,2026-03-25T00:00:00,204.48,208.5,210.0,10854.0,1.3,0.92,4.2,1.67,NORMAL_STABLE,UNRESTRICTED_TRANSIT
HYD-BR-07-20260326,BR-07,Irang River Bailey Pre-Stressed Crossing,Irang,Manipur,2026-03-26T00:00:00,204.11,208.5,210.0,3975.0,0.92,0.94,4.2,4.08,NORMAL_STABLE,UNRESTRICTED_TRANSIT
HYD-BR-07-20260327,BR-07,Irang River Bailey Pre-Stressed Crossing,Irang,Manipur,2026-03-27T00:00:00,205.21,208.5,210.0,7958.0,1.2,0.33,4.2,3.41,NORMAL_STABLE,UNRESTRICTED_TRANSIT
HYD-BR-07-20260328,BR-07,Irang River Bailey Pre-Stressed Crossing,Irang,Manipur,2026-03-28T00:00:00,204.85,208.5,210.0,13045.0,1.79,1.29,4.2,3.91,NORMAL_STABLE,UNRESTRICTED_TRANSIT
HYD-BR-07-20260329,BR-07,Irang River Bailey Pre-Stressed Crossing,Irang,Manipur,2026-03-29T00:00:00,204.26,208.5,210.0,10525.0,2.01,1.08,4.2,3.66,NORMAL_STABLE,UNRESTRICTED_TRANSIT
HYD-BR-07-20260330,BR-07,Irang River Bailey Pre-Stressed Crossing,Irang,Manipur,2026-03-30T00:00:00,204.64,208.5,210.0,10478.0,1.76,1.22,4.2,4.01,NORMAL_STABLE,UNRESTRICTED_TRANSIT
HYD-BR-07-20260331,BR-07,Irang River Bailey Pre-Stressed Crossing,Irang,Manipur,2026-03-31T00:00:00,204.46,208.5,210.0,5380.0,0.85,1.02,4.2,1.84,NORMAL_STABLE,UNRESTRICTED_TRANSIT
HYD-BR-07-20260401,BR-07,Irang River Bailey Pre-Stressed Crossing,Irang,Manipur,2026-04-01T00:00:00,203.7,208.5,210.0,5534.0,1.62,1.39,4.2,1.6,NORMAL_STABLE,UNRESTRICTED_TRANSIT
HYD-BR-07-20260402,BR-07,Irang River Bailey Pre-Stressed Crossing,Irang,Manipur,2026-04-02T00:00:00,204.2,208.5,210.0,3427.0,2.1,1.47,4.2,2.27,NORMAL_STABLE,UNRESTRICTED_TRANSIT
HYD-BR-07-20260403,BR-07,Irang River Bailey Pre-Stressed Crossing,Irang,Manipur,2026-04-03T00:00:00,203.18,208.5,210.0,13564.0,1.51,1.09,4.2,2.04,NORMAL_STABLE,UNRESTRICTED_TRANSIT
HYD-BR-07-20260404,BR-07,Irang River Bailey Pre-Stressed Crossing,Irang,Manipur,2026-04-04T00:00:00,203.57,208.5,210.0,12620.0,1.43,0.4,4.2,2.34,NORMAL_STABLE,UNRESTRICTED_TRANSIT
HYD-BR-07-20260405,BR-07,Irang River Bailey Pre-Stressed Crossing,Irang,Manipur,2026-04-05T00:00:00,204.82,208.5,210.0,4761.0,1.74,1.03,4.2,2.11,NORMAL_STABLE,UNRESTRICTED_TRANSIT
HYD-BR-07-20260406,BR-07,Irang River Bailey Pre-Stressed Crossing,Irang,Manipur,2026-04-06T00:00:00,204.91,208.5,210.0,13936.0,0.92,1.03,4.2,3.9,NORMAL_STABLE,UNRESTRICTED_TRANSIT
HYD-BR-07-20260407,BR-07,Irang River Bailey Pre-Stressed Crossing,Irang,Manipur,2026-04-07T00:00:00,202.88,208.5,210.0,4341.0,1.88,1.28,4.2,1.73,NORMAL_STABLE,UNRESTRICTED_TRANSIT
HYD-BR-07-20260408,BR-07,Irang River Bailey Pre-Stressed Crossing,Irang,Manipur,2026-04-08T00:00:00,205.32,208.5,210.0,4733.0,1.27,1.48,4.2,3.28,NORMAL_STABLE,UNRESTRICTED_TRANSIT
HYD-BR-07-20260409,BR-07,Irang River Bailey Pre-Stressed Crossing,Irang,Manipur,2026-04-09T00:00:00,203.99,208.5,210.0,12203.0,1.57,1.11,4.2,1.63,NORMAL_STABLE,UNRESTRICTED_TRANSIT
HYD-BR-07-20260410,BR-07,Irang River Bailey Pre-Stressed Crossing,Irang,Manipur,2026-04-10T00:00:00,205.63,208.5,210.0,13839.0,1.28,0.92,4.2,4.07,NORMAL_STABLE,UNRESTRICTED_TRANSIT
HYD-BR-07-20260411,BR-07,Irang River Bailey Pre-Stressed Crossing,Irang,Manipur,2026-04-11T00:00:00,204.67,208.5,210.0,8846.0,2.12,0.58,4.2,4.06,NORMAL_STABLE,UNRESTRICTED_TRANSIT
HYD-BR-07-20260412,BR-07,Irang River Bailey Pre-Stressed Crossing,Irang,Manipur,2026-04-12T00:00:00,205.66,208.5,210.0,13221.0,1.3,0.66,4.2,1.68,NORMAL_STABLE,UNRESTRICTED_TRANSIT
HYD-BR-07-20260413,BR-07,Irang River Bailey Pre-Stressed Crossing,Irang,Manipur,2026-04-13T00:00:00,202.58,208.5,210.0,10222.0,1.8,0.59,4.2,4.03,NORMAL_STABLE,UNRESTRICTED_TRANSIT
HYD-BR-07-20260414,BR-07,Irang River Bailey Pre-Stressed Crossing,Irang,Manipur,2026-04-14T00:00:00,205.18,208.5,210.0,6031.0,1.91,1.04,4.2,2.18,NORMAL_STABLE,UNRESTRICTED_TRANSIT
HYD-BR-07-20260415,BR-07,Irang River Bailey Pre-Stressed Crossing,Irang,Manipur,2026-04-15T00:00:00,205.35,208.5,210.0,8695.0,0.92,0.97,4.2,3.54,NORMAL_STABLE,UNRESTRICTED_TRANSIT
HYD-BR-07-20260416,BR-07,Irang River Bailey Pre-Stressed Crossing,Irang,Manipur,2026-04-16T00:00:00,204.07,208.5,210.0,10879.0,1.2,0.41,4.2,2.96,NORMAL_STABLE,UNRESTRICTED_TRANSIT
HYD-BR-07-20260417,BR-07,Irang River Bailey Pre-Stressed Crossing,Irang,Manipur,2026-04-17T00:00:00,204.18,208.5,210.0,9542.0,0.81,0.53,4.2,2.58,NORMAL_STABLE,UNRESTRICTED_TRANSIT
HYD-BR-07-20260418,BR-07,Irang River Bailey Pre-Stressed Crossing,Irang,Manipur,2026-04-18T00:00:00,205.55,208.5,210.0,11517.0,2.2,0.82,4.2,2.77,NORMAL_STABLE,UNRESTRICTED_TRANSIT
HYD-BR-07-20260419,BR-07,Irang River Bailey Pre-Stressed Crossing,Irang,Manipur,2026-04-19T00:00:00,203.94,208.5,210.0,3147.0,1.07,0.73,4.2,2.52,NORMAL_STABLE,UNRESTRICTED_TRANSIT
HYD-BR-07-20260420,BR-07,Irang River Bailey Pre-Stressed Crossing,Irang,Manipur,2026-04-20T00:00:00,205.24,208.5,210.0,13353.0,1.55,1.47,4.2,1.87,NORMAL_STABLE,UNRESTRICTED_TRANSIT
HYD-BR-07-20260421,BR-07,Irang River Bailey Pre-Stressed Crossing,Irang,Manipur,2026-04-21T00:00:00,203.7,208.5,210.0,5180.0,1.22,1.25,4.2,3.23,NORMAL_STABLE,UNRESTRICTED_TRANSIT
HYD-BR-07-20260422,BR-07,Irang River Bailey Pre-Stressed Crossing,Irang,Manipur,2026-04-22T00:00:00,205.27,208.5,210.0,13014.0,0.86,0.53,4.2,2.73,NORMAL_STABLE,UNRESTRICTED_TRANSIT
HYD-BR-07-20260423,BR-07,Irang River Bailey Pre-Stressed Crossing,Irang,Manipur,2026-04-23T00:00:00,205.21,208.5,210.0,3066.0,1.56,1.33,4.2,2.64,NORMAL_STABLE,UNRESTRICTED_TRANSIT
HYD-BR-07-20260424,BR-07,Irang River Bailey Pre-Stressed Crossing,Irang,Manipur,2026-04-24T00:00:00,202.59,208.5,210.0,10726.0,1.68,0.92,4.2,2.37,NORMAL_STABLE,UNRESTRICTED_TRANSIT
HYD-BR-07-20260425,BR-07,Irang River Bailey Pre-Stressed Crossing,Irang,Manipur,2026-04-25T00:00:00,202.88,208.5,210.0,3221.0,1.99,0.85,4.2,2.33,NORMAL_STABLE,UNRESTRICTED_TRANSIT
HYD-BR-07-20260426,BR-07,Irang River Bailey Pre-Stressed Crossing,Irang,Manipur,2026-04-26T00:00:00,204.95,208.5,210.0,7098.0,0.89,0.39,4.2,3.53,NORMAL_STABLE,UNRESTRICTED_TRANSIT
HYD-BR-07-20260427,BR-07,Irang River Bailey Pre-Stressed Crossing,Irang,Manipur,2026-04-27T00:00:00,203.72,208.5,210.0,11039.0,1.2,0.57,4.2,2.14,NORMAL_STABLE,UNRESTRICTED_TRANSIT
HYD-BR-07-20260428,BR-07,Irang River Bailey Pre-Stressed Crossing,Irang,Manipur,2026-04-28T00:00:00,205.92,208.5,210.0,4945.0,1.05,0.38,4.2,2.29,NORMAL_STABLE,UNRESTRICTED_TRANSIT
HYD-BR-07-20260429,BR-07,Irang River Bailey Pre-Stressed Crossing,Irang,Manipur,2026-04-29T00:00:00,203.09,208.5,210.0,13662.0,1.9,1.0,4.2,2.03,NORMAL_STABLE,UNRESTRICTED_TRANSIT
HYD-BR-07-20260430,BR-07,Irang River Bailey Pre-Stressed Crossing,Irang,Manipur,2026-04-30T00:00:00,202.57,208.5,210.0,10800.0,1.51,0.98,4.2,2.12,NORMAL_STABLE,UNRESTRICTED_TRANSIT
HYD-BR-07-20260501,BR-07,Irang River Bailey Pre-Stressed Crossing,Irang,Manipur,2026-05-01T00:00:00,205.4,208.5,210.0,11238.0,1.64,0.97,4.2,3.67,NORMAL_STABLE,UNRESTRICTED_TRANSIT
HYD-BR-07-20260502,BR-07,Irang River Bailey Pre-Stressed Crossing,Irang,Manipur,2026-05-02T00:00:00,205.85,208.5,210.0,7946.0,1.63,0.39,4.2,3.48,NORMAL_STABLE,UNRESTRICTED_TRANSIT
HYD-BR-07-20260503,BR-07,Irang River Bailey Pre-Stressed Crossing,Irang,Manipur,2026-05-03T00:00:00,203.93,208.5,210.0,13634.0,2.08,0.5,4.2,3.6,NORMAL_STABLE,UNRESTRICTED_TRANSIT
HYD-BR-07-20260504,BR-07,Irang River Bailey Pre-Stressed Crossing,Irang,Manipur,2026-05-04T00:00:00,204.45,208.5,210.0,3933.0,1.63,1.47,4.2,2.82,NORMAL_STABLE,UNRESTRICTED_TRANSIT
HYD-BR-07-20260505,BR-07,Irang River Bailey Pre-Stressed Crossing,Irang,Manipur,2026-05-05T00:00:00,203.46,208.5,210.0,10342.0,2.11,0.95,4.2,3.0,NORMAL_STABLE,UNRESTRICTED_TRANSIT
HYD-BR-07-20260506,BR-07,Irang River Bailey Pre-Stressed Crossing,Irang,Manipur,2026-05-06T00:00:00,205.83,208.5,210.0,7131.0,1.94,1.19,4.2,3.56,NORMAL_STABLE,UNRESTRICTED_TRANSIT
HYD-BR-07-20260507,BR-07,Irang River Bailey Pre-Stressed Crossing,Irang,Manipur,2026-05-07T00:00:00,203.26,208.5,210.0,11639.0,1.74,1.47,4.2,2.6,NORMAL_STABLE,UNRESTRICTED_TRANSIT
HYD-BR-07-20260508,BR-07,Irang River Bailey Pre-Stressed Crossing,Irang,Manipur,2026-05-08T00:00:00,204.82,208.5,210.0,11322.0,2.02,1.28,4.2,3.25,NORMAL_STABLE,UNRESTRICTED_TRANSIT
HYD-BR-07-20260509,BR-07,Irang River Bailey Pre-Stressed Crossing,Irang,Manipur,2026-05-09T00:00:00,205.02,208.5,210.0,6945.0,1.77,0.44,4.2,2.88,NORMAL_STABLE,UNRESTRICTED_TRANSIT
HYD-BR-07-20260510,BR-07,Irang River Bailey Pre-Stressed Crossing,Irang,Manipur,2026-05-10T00:00:00,204.12,208.5,210.0,3021.0,0.97,0.72,4.2,2.9,NORMAL_STABLE,UNRESTRICTED_TRANSIT
HYD-BR-07-20260511,BR-07,Irang River Bailey Pre-Stressed Crossing,Irang,Manipur,2026-05-11T00:00:00,204.8,208.5,210.0,6348.0,1.0,1.1,4.2,4.17,NORMAL_STABLE,UNRESTRICTED_TRANSIT
HYD-BR-07-20260512,BR-07,Irang River Bailey Pre-Stressed Crossing,Irang,Manipur,2026-05-12T00:00:00,202.82,208.5,210.0,7152.0,1.62,0.5,4.2,1.9,NORMAL_STABLE,UNRESTRICTED_TRANSIT
HYD-BR-07-20260513,BR-07,Irang River Bailey Pre-Stressed Crossing,Irang,Manipur,2026-05-13T00:00:00,203.28,208.5,210.0,11101.0,1.14,0.52,4.2,3.85,NORMAL_STABLE,UNRESTRICTED_TRANSIT
HYD-BR-07-20260514,BR-07,Irang River Bailey Pre-Stressed Crossing,Irang,Manipur,2026-05-14T00:00:00,203.79,208.5,210.0,4383.0,2.18,1.12,4.2,1.73,NORMAL_STABLE,UNRESTRICTED_TRANSIT
HYD-BR-07-20260515,BR-07,Irang River Bailey Pre-Stressed Crossing,Irang,Manipur,2026-05-15T00:00:00,205.47,208.5,210.0,13871.0,0.96,0.72,4.2,1.93,NORMAL_STABLE,UNRESTRICTED_TRANSIT
HYD-BR-07-20260516,BR-07,Irang River Bailey Pre-Stressed Crossing,Irang,Manipur,2026-05-16T00:00:00,205.44,208.5,210.0,5125.0,1.59,1.06,4.2,3.55,NORMAL_STABLE,UNRESTRICTED_TRANSIT
HYD-BR-07-20260517,BR-07,Irang River Bailey Pre-Stressed Crossing,Irang,Manipur,2026-05-17T00:00:00,202.67,208.5,210.0,8572.0,1.68,0.4,4.2,3.29,NORMAL_STABLE,UNRESTRICTED_TRANSIT
HYD-BR-07-20260518,BR-07,Irang River Bailey Pre-Stressed Crossing,Irang,Manipur,2026-05-18T00:00:00,204.23,208.5,210.0,7924.0,2.13,0.81,4.2,2.06,NORMAL_STABLE,UNRESTRICTED_TRANSIT
HYD-BR-07-20260519,BR-07,Irang River Bailey Pre-Stressed Crossing,Irang,Manipur,2026-05-19T00:00:00,204.87,208.5,210.0,3986.0,1.81,0.84,4.2,2.79,NORMAL_STABLE,UNRESTRICTED_TRANSIT
HYD-BR-07-20260520,BR-07,Irang River Bailey Pre-Stressed Crossing,Irang,Manipur,2026-05-20T00:00:00,205.85,208.5,210.0,7166.0,0.82,1.18,4.2,2.74,NORMAL_STABLE,UNRESTRICTED_TRANSIT
HYD-BR-07-20260521,BR-07,Irang River Bailey Pre-Stressed Crossing,Irang,Manipur,2026-05-21T00:00:00,204.01,208.5,210.0,8178.0,1.21,0.84,4.2,2.21,NORMAL_STABLE,UNRESTRICTED_TRANSIT
HYD-BR-07-20260522,BR-07,Irang River Bailey Pre-Stressed Crossing,Irang,Manipur,2026-05-22T00:00:00,204.9,208.5,210.0,10350.0,0.99,0.35,4.2,2.51,NORMAL_STABLE,UNRESTRICTED_TRANSIT
HYD-BR-07-20260523,BR-07,Irang River Bailey Pre-Stressed Crossing,Irang,Manipur,2026-05-23T00:00:00,205.78,208.5,210.0,3585.0,1.46,1.17,4.2,3.22,NORMAL_STABLE,UNRESTRICTED_TRANSIT
HYD-BR-07-20260524,BR-07,Irang River Bailey Pre-Stressed Crossing,Irang,Manipur,2026-05-24T00:00:00,204.54,208.5,210.0,4286.0,1.23,1.05,4.2,2.32,NORMAL_STABLE,UNRESTRICTED_TRANSIT
HYD-BR-07-20260525,BR-07,Irang River Bailey Pre-Stressed Crossing,Irang,Manipur,2026-05-25T00:00:00,205.4,208.5,210.0,10109.0,2.03,0.34,4.2,1.86,NORMAL_STABLE,UNRESTRICTED_TRANSIT
HYD-BR-07-20260526,BR-07,Irang River Bailey Pre-Stressed Crossing,Irang,Manipur,2026-05-26T00:00:00,202.68,208.5,210.0,3338.0,1.27,1.39,4.2,2.04,NORMAL_STABLE,UNRESTRICTED_TRANSIT
HYD-BR-07-20260527,BR-07,Irang River Bailey Pre-Stressed Crossing,Irang,Manipur,2026-05-27T00:00:00,205.77,208.5,210.0,7371.0,0.82,1.21,4.2,3.76,NORMAL_STABLE,UNRESTRICTED_TRANSIT
HYD-BR-07-20260528,BR-07,Irang River Bailey Pre-Stressed Crossing,Irang,Manipur,2026-05-28T00:00:00,204.47,208.5,210.0,4801.0,1.71,1.41,4.2,3.85,NORMAL_STABLE,UNRESTRICTED_TRANSIT
HYD-BR-07-20260529,BR-07,Irang River Bailey Pre-Stressed Crossing,Irang,Manipur,2026-05-29T00:00:00,205.94,208.5,210.0,5052.0,1.61,1.35,4.2,2.81,NORMAL_STABLE,UNRESTRICTED_TRANSIT
HYD-BR-07-20260530,BR-07,Irang River Bailey Pre-Stressed Crossing,Irang,Manipur,2026-05-30T00:00:00,205.68,208.5,210.0,6344.0,1.5,0.3,4.2,3.91,NORMAL_STABLE,UNRESTRICTED_TRANSIT
HYD-BR-07-20260531,BR-07,Irang River Bailey Pre-Stressed Crossing,Irang,Manipur,2026-05-31T00:00:00,202.56,208.5,210.0,11294.0,1.35,0.8,4.2,2.05,NORMAL_STABLE,UNRESTRICTED_TRANSIT
HYD-BR-08-20250601,BR-08,Subansiri Hydro Gorge Bridge,Subansiri,Arunachal Pradesh,2025-06-01T00:00:00,142.22,143.2,145.0,63783.0,2.64,4.53,4.2,8.16,CRITICAL_PIER_EROSION,CLOSED_EMERGENCY_DIVERSION
HYD-BR-08-20250602,BR-08,Subansiri Hydro Gorge Bridge,Subansiri,Arunachal Pradesh,2025-06-02T00:00:00,144.23,143.2,145.0,53427.0,4.54,1.58,4.2,9.51,HIGH_STRESS_MONITORING,SPEED_LIMIT_15KMH_SINGLE_CONVOY
HYD-BR-08-20250603,BR-08,Subansiri Hydro Gorge Bridge,Subansiri,Arunachal Pradesh,2025-06-03T00:00:00,143.78,143.2,145.0,47480.0,5.74,1.87,4.2,5.01,HIGH_STRESS_MONITORING,SPEED_LIMIT_15KMH_SINGLE_CONVOY
HYD-BR-08-20250604,BR-08,Subansiri Hydro Gorge Bridge,Subansiri,Arunachal Pradesh,2025-06-04T00:00:00,145.35,143.2,145.0,60019.0,5.09,4.2,4.2,12.59,CRITICAL_PIER_EROSION,CLOSED_EMERGENCY_DIVERSION
HYD-BR-08-20250605,BR-08,Subansiri Hydro Gorge Bridge,Subansiri,Arunachal Pradesh,2025-06-05T00:00:00,143.08,143.2,145.0,57079.0,4.66,4.52,4.2,10.02,CRITICAL_PIER_EROSION,CLOSED_EMERGENCY_DIVERSION
HYD-BR-08-20250606,BR-08,Subansiri Hydro Gorge Bridge,Subansiri,Arunachal Pradesh,2025-06-06T00:00:00,142.32,143.2,145.0,46765.0,5.94,2.65,4.2,11.06,MODERATE_SCOUR,CAUTION_NO_OVERWEIGHT_FREIGHT
HYD-BR-08-20250607,BR-08,Subansiri Hydro Gorge Bridge,Subansiri,Arunachal Pradesh,2025-06-07T00:00:00,143.23,143.2,145.0,45283.0,5.49,4.6,4.2,9.13,CRITICAL_PIER_EROSION,CLOSED_EMERGENCY_DIVERSION
HYD-BR-08-20250608,BR-08,Subansiri Hydro Gorge Bridge,Subansiri,Arunachal Pradesh,2025-06-08T00:00:00,145.33,143.2,145.0,19074.0,5.25,4.76,4.2,11.31,CRITICAL_PIER_EROSION,CLOSED_EMERGENCY_DIVERSION
HYD-BR-08-20250609,BR-08,Subansiri Hydro Gorge Bridge,Subansiri,Arunachal Pradesh,2025-06-09T00:00:00,145.11,143.2,145.0,19849.0,2.96,2.7,4.2,9.54,CRITICAL_PIER_EROSION,CLOSED_EMERGENCY_DIVERSION
HYD-BR-08-20250610,BR-08,Subansiri Hydro Gorge Bridge,Subansiri,Arunachal Pradesh,2025-06-10T00:00:00,144.74,143.2,145.0,48348.0,3.17,4.51,4.2,5.12,CRITICAL_PIER_EROSION,CLOSED_EMERGENCY_DIVERSION
HYD-BR-08-20250611,BR-08,Subansiri Hydro Gorge Bridge,Subansiri,Arunachal Pradesh,2025-06-11T00:00:00,144.0,143.2,145.0,48105.0,5.57,1.57,4.2,8.5,HIGH_STRESS_MONITORING,SPEED_LIMIT_15KMH_SINGLE_CONVOY
HYD-BR-08-20250612,BR-08,Subansiri Hydro Gorge Bridge,Subansiri,Arunachal Pradesh,2025-06-12T00:00:00,142.8,143.2,145.0,46116.0,6.13,3.5,4.2,8.21,HIGH_STRESS_MONITORING,SPEED_LIMIT_15KMH_SINGLE_CONVOY
HYD-BR-08-20250613,BR-08,Subansiri Hydro Gorge Bridge,Subansiri,Arunachal Pradesh,2025-06-13T00:00:00,144.37,143.2,145.0,41477.0,5.14,2.31,4.2,8.51,HIGH_STRESS_MONITORING,SPEED_LIMIT_15KMH_SINGLE_CONVOY
HYD-BR-08-20250614,BR-08,Subansiri Hydro Gorge Bridge,Subansiri,Arunachal Pradesh,2025-06-14T00:00:00,143.81,143.2,145.0,40306.0,5.35,3.61,4.2,11.55,HIGH_STRESS_MONITORING,SPEED_LIMIT_15KMH_SINGLE_CONVOY
HYD-BR-08-20250615,BR-08,Subansiri Hydro Gorge Bridge,Subansiri,Arunachal Pradesh,2025-06-15T00:00:00,145.22,143.2,145.0,18872.0,5.48,1.57,4.2,7.89,CRITICAL_PIER_EROSION,CLOSED_EMERGENCY_DIVERSION
HYD-BR-08-20250616,BR-08,Subansiri Hydro Gorge Bridge,Subansiri,Arunachal Pradesh,2025-06-16T00:00:00,145.28,143.2,145.0,59078.0,4.07,1.48,4.2,9.0,CRITICAL_PIER_EROSION,CLOSED_EMERGENCY_DIVERSION
HYD-BR-08-20250617,BR-08,Subansiri Hydro Gorge Bridge,Subansiri,Arunachal Pradesh,2025-06-17T00:00:00,143.92,143.2,145.0,46250.0,5.5,3.54,4.2,5.28,HIGH_STRESS_MONITORING,SPEED_LIMIT_15KMH_SINGLE_CONVOY
HYD-BR-08-20250618,BR-08,Subansiri Hydro Gorge Bridge,Subansiri,Arunachal Pradesh,2025-06-18T00:00:00,142.32,143.2,145.0,26501.0,3.39,4.11,4.2,12.13,HIGH_STRESS_MONITORING,SPEED_LIMIT_15KMH_SINGLE_CONVOY
HYD-BR-08-20250619,BR-08,Subansiri Hydro Gorge Bridge,Subansiri,Arunachal Pradesh,2025-06-19T00:00:00,144.33,143.2,145.0,66616.0,5.75,4.67,4.2,6.9,CRITICAL_PIER_EROSION,CLOSED_EMERGENCY_DIVERSION
HYD-BR-08-20250620,BR-08,Subansiri Hydro Gorge Bridge,Subansiri,Arunachal Pradesh,2025-06-20T00:00:00,142.85,143.2,145.0,28979.0,4.24,4.21,4.2,10.49,CRITICAL_PIER_EROSION,CLOSED_EMERGENCY_DIVERSION
HYD-BR-08-20250621,BR-08,Subansiri Hydro Gorge Bridge,Subansiri,Arunachal Pradesh,2025-06-21T00:00:00,144.62,143.2,145.0,26085.0,4.04,4.41,4.2,5.24,CRITICAL_PIER_EROSION,CLOSED_EMERGENCY_DIVERSION
HYD-BR-08-20250622,BR-08,Subansiri Hydro Gorge Bridge,Subansiri,Arunachal Pradesh,2025-06-22T00:00:00,144.89,143.2,145.0,33197.0,5.86,1.37,4.2,11.58,HIGH_STRESS_MONITORING,SPEED_LIMIT_15KMH_SINGLE_CONVOY
HYD-BR-08-20250623,BR-08,Subansiri Hydro Gorge Bridge,Subansiri,Arunachal Pradesh,2025-06-23T00:00:00,143.98,143.2,145.0,25362.0,4.42,3.39,4.2,8.19,HIGH_STRESS_MONITORING,SPEED_LIMIT_15KMH_SINGLE_CONVOY
HYD-BR-08-20250624,BR-08,Subansiri Hydro Gorge Bridge,Subansiri,Arunachal Pradesh,2025-06-24T00:00:00,142.43,143.2,145.0,15903.0,4.89,2.69,4.2,10.19,MODERATE_SCOUR,CAUTION_NO_OVERWEIGHT_FREIGHT
HYD-BR-08-20250625,BR-08,Subansiri Hydro Gorge Bridge,Subansiri,Arunachal Pradesh,2025-06-25T00:00:00,144.32,143.2,145.0,33492.0,5.86,1.61,4.2,8.71,HIGH_STRESS_MONITORING,SPEED_LIMIT_15KMH_SINGLE_CONVOY
HYD-BR-08-20250626,BR-08,Subansiri Hydro Gorge Bridge,Subansiri,Arunachal Pradesh,2025-06-26T00:00:00,144.71,143.2,145.0,37072.0,4.29,3.63,4.2,5.35,HIGH_STRESS_MONITORING,SPEED_LIMIT_15KMH_SINGLE_CONVOY
HYD-BR-08-20250627,BR-08,Subansiri Hydro Gorge Bridge,Subansiri,Arunachal Pradesh,2025-06-27T00:00:00,141.71,143.2,145.0,42128.0,5.9,4.36,4.2,12.55,CRITICAL_PIER_EROSION,CLOSED_EMERGENCY_DIVERSION
HYD-BR-08-20250628,BR-08,Subansiri Hydro Gorge Bridge,Subansiri,Arunachal Pradesh,2025-06-28T00:00:00,141.84,143.2,145.0,23882.0,5.91,1.99,4.2,11.7,NORMAL_STABLE,UNRESTRICTED_TRANSIT
HYD-BR-08-20250629,BR-08,Subansiri Hydro Gorge Bridge,Subansiri,Arunachal Pradesh,2025-06-29T00:00:00,145.08,143.2,145.0,33528.0,5.84,1.65,4.2,6.58,CRITICAL_PIER_EROSION,CLOSED_EMERGENCY_DIVERSION
HYD-BR-08-20250630,BR-08,Subansiri Hydro Gorge Bridge,Subansiri,Arunachal Pradesh,2025-06-30T00:00:00,141.94,143.2,145.0,61133.0,6.02,3.34,4.2,9.71,HIGH_STRESS_MONITORING,SPEED_LIMIT_15KMH_SINGLE_CONVOY
HYD-BR-08-20250701,BR-08,Subansiri Hydro Gorge Bridge,Subansiri,Arunachal Pradesh,2025-07-01T00:00:00,141.95,143.2,145.0,32840.0,5.63,3.96,4.2,9.87,HIGH_STRESS_MONITORING,SPEED_LIMIT_15KMH_SINGLE_CONVOY
HYD-BR-08-20250702,BR-08,Subansiri Hydro Gorge Bridge,Subansiri,Arunachal Pradesh,2025-07-02T00:00:00,143.68,143.2,145.0,16821.0,4.29,3.05,4.2,7.73,HIGH_STRESS_MONITORING,SPEED_LIMIT_15KMH_SINGLE_CONVOY
HYD-BR-08-20250703,BR-08,Subansiri Hydro Gorge Bridge,Subansiri,Arunachal Pradesh,2025-07-03T00:00:00,144.27,143.2,145.0,27220.0,4.75,2.06,4.2,6.7,HIGH_STRESS_MONITORING,SPEED_LIMIT_15KMH_SINGLE_CONVOY
HYD-BR-08-20250704,BR-08,Subansiri Hydro Gorge Bridge,Subansiri,Arunachal Pradesh,2025-07-04T00:00:00,144.74,143.2,145.0,22409.0,3.54,1.89,4.2,8.51,HIGH_STRESS_MONITORING,SPEED_LIMIT_15KMH_SINGLE_CONVOY
HYD-BR-08-20250705,BR-08,Subansiri Hydro Gorge Bridge,Subansiri,Arunachal Pradesh,2025-07-05T00:00:00,145.21,143.2,145.0,41487.0,3.81,2.53,4.2,12.12,CRITICAL_PIER_EROSION,CLOSED_EMERGENCY_DIVERSION
HYD-BR-08-20250706,BR-08,Subansiri Hydro Gorge Bridge,Subansiri,Arunachal Pradesh,2025-07-06T00:00:00,144.09,143.2,145.0,37374.0,3.78,1.2,4.2,5.46,HIGH_STRESS_MONITORING,SPEED_LIMIT_15KMH_SINGLE_CONVOY
HYD-BR-08-20250707,BR-08,Subansiri Hydro Gorge Bridge,Subansiri,Arunachal Pradesh,2025-07-07T00:00:00,144.0,143.2,145.0,59365.0,4.48,2.85,4.2,5.12,HIGH_STRESS_MONITORING,SPEED_LIMIT_15KMH_SINGLE_CONVOY
HYD-BR-08-20250708,BR-08,Subansiri Hydro Gorge Bridge,Subansiri,Arunachal Pradesh,2025-07-08T00:00:00,143.52,143.2,145.0,52411.0,2.93,3.24,4.2,5.05,HIGH_STRESS_MONITORING,SPEED_LIMIT_15KMH_SINGLE_CONVOY
HYD-BR-08-20250709,BR-08,Subansiri Hydro Gorge Bridge,Subansiri,Arunachal Pradesh,2025-07-09T00:00:00,143.7,143.2,145.0,39347.0,4.06,4.37,4.2,7.78,CRITICAL_PIER_EROSION,CLOSED_EMERGENCY_DIVERSION
HYD-BR-08-20250710,BR-08,Subansiri Hydro Gorge Bridge,Subansiri,Arunachal Pradesh,2025-07-10T00:00:00,143.3,143.2,145.0,46279.0,4.24,3.52,4.2,12.43,HIGH_STRESS_MONITORING,SPEED_LIMIT_15KMH_SINGLE_CONVOY
HYD-BR-08-20250711,BR-08,Subansiri Hydro Gorge Bridge,Subansiri,Arunachal Pradesh,2025-07-11T00:00:00,142.5,143.2,145.0,51293.0,4.11,3.45,4.2,5.93,HIGH_STRESS_MONITORING,SPEED_LIMIT_15KMH_SINGLE_CONVOY
HYD-BR-08-20250712,BR-08,Subansiri Hydro Gorge Bridge,Subansiri,Arunachal Pradesh,2025-07-12T00:00:00,142.47,143.2,145.0,49724.0,4.24,1.97,4.2,8.16,NORMAL_STABLE,UNRESTRICTED_TRANSIT
HYD-BR-08-20250713,BR-08,Subansiri Hydro Gorge Bridge,Subansiri,Arunachal Pradesh,2025-07-13T00:00:00,143.1,143.2,145.0,49003.0,3.7,4.28,4.2,9.08,CRITICAL_PIER_EROSION,CLOSED_EMERGENCY_DIVERSION
HYD-BR-08-20250714,BR-08,Subansiri Hydro Gorge Bridge,Subansiri,Arunachal Pradesh,2025-07-14T00:00:00,144.42,143.2,145.0,33570.0,4.63,2.97,4.2,10.32,HIGH_STRESS_MONITORING,SPEED_LIMIT_15KMH_SINGLE_CONVOY
HYD-BR-08-20250715,BR-08,Subansiri Hydro Gorge Bridge,Subansiri,Arunachal Pradesh,2025-07-15T00:00:00,145.04,143.2,145.0,41447.0,2.68,2.07,4.2,12.46,CRITICAL_PIER_EROSION,CLOSED_EMERGENCY_DIVERSION
HYD-BR-08-20250716,BR-08,Subansiri Hydro Gorge Bridge,Subansiri,Arunachal Pradesh,2025-07-16T00:00:00,143.82,143.2,145.0,26742.0,3.11,1.71,4.2,11.75,HIGH_STRESS_MONITORING,SPEED_LIMIT_15KMH_SINGLE_CONVOY
HYD-BR-08-20250717,BR-08,Subansiri Hydro Gorge Bridge,Subansiri,Arunachal Pradesh,2025-07-17T00:00:00,144.76,143.2,145.0,15246.0,3.54,4.11,4.2,5.55,HIGH_STRESS_MONITORING,SPEED_LIMIT_15KMH_SINGLE_CONVOY
HYD-BR-08-20250718,BR-08,Subansiri Hydro Gorge Bridge,Subansiri,Arunachal Pradesh,2025-07-18T00:00:00,142.0,143.2,145.0,49796.0,5.02,2.04,4.2,6.1,MODERATE_SCOUR,CAUTION_NO_OVERWEIGHT_FREIGHT
HYD-BR-08-20250719,BR-08,Subansiri Hydro Gorge Bridge,Subansiri,Arunachal Pradesh,2025-07-19T00:00:00,143.22,143.2,145.0,56142.0,5.37,2.69,4.2,11.45,HIGH_STRESS_MONITORING,SPEED_LIMIT_15KMH_SINGLE_CONVOY
HYD-BR-08-20250720,BR-08,Subansiri Hydro Gorge Bridge,Subansiri,Arunachal Pradesh,2025-07-20T00:00:00,144.3,143.2,145.0,49145.0,3.94,3.5,4.2,5.53,HIGH_STRESS_MONITORING,SPEED_LIMIT_15KMH_SINGLE_CONVOY
HYD-BR-08-20250721,BR-08,Subansiri Hydro Gorge Bridge,Subansiri,Arunachal Pradesh,2025-07-21T00:00:00,144.39,143.2,145.0,34632.0,4.34,2.62,4.2,12.33,HIGH_STRESS_MONITORING,SPEED_LIMIT_15KMH_SINGLE_CONVOY
HYD-BR-08-20250722,BR-08,Subansiri Hydro Gorge Bridge,Subansiri,Arunachal Pradesh,2025-07-22T00:00:00,144.54,143.2,145.0,27663.0,5.88,3.62,4.2,10.22,HIGH_STRESS_MONITORING,SPEED_LIMIT_15KMH_SINGLE_CONVOY
HYD-BR-08-20250723,BR-08,Subansiri Hydro Gorge Bridge,Subansiri,Arunachal Pradesh,2025-07-23T00:00:00,145.31,143.2,145.0,37003.0,6.12,3.38,4.2,10.34,CRITICAL_PIER_EROSION,CLOSED_EMERGENCY_DIVERSION
HYD-BR-08-20250724,BR-08,Subansiri Hydro Gorge Bridge,Subansiri,Arunachal Pradesh,2025-07-24T00:00:00,144.04,143.2,145.0,24923.0,4.85,2.72,4.2,7.28,HIGH_STRESS_MONITORING,SPEED_LIMIT_15KMH_SINGLE_CONVOY
HYD-BR-08-20250725,BR-08,Subansiri Hydro Gorge Bridge,Subansiri,Arunachal Pradesh,2025-07-25T00:00:00,143.51,143.2,145.0,49050.0,4.5,2.67,4.2,8.29,HIGH_STRESS_MONITORING,SPEED_LIMIT_15KMH_SINGLE_CONVOY
HYD-BR-08-20250726,BR-08,Subansiri Hydro Gorge Bridge,Subansiri,Arunachal Pradesh,2025-07-26T00:00:00,145.03,143.2,145.0,59902.0,2.6,2.87,4.2,4.97,CRITICAL_PIER_EROSION,CLOSED_EMERGENCY_DIVERSION
HYD-BR-08-20250727,BR-08,Subansiri Hydro Gorge Bridge,Subansiri,Arunachal Pradesh,2025-07-27T00:00:00,145.09,143.2,145.0,35890.0,5.09,1.89,4.2,12.14,CRITICAL_PIER_EROSION,CLOSED_EMERGENCY_DIVERSION
HYD-BR-08-20250728,BR-08,Subansiri Hydro Gorge Bridge,Subansiri,Arunachal Pradesh,2025-07-28T00:00:00,141.9,143.2,145.0,16533.0,4.66,3.78,4.2,12.18,HIGH_STRESS_MONITORING,SPEED_LIMIT_15KMH_SINGLE_CONVOY
HYD-BR-08-20250729,BR-08,Subansiri Hydro Gorge Bridge,Subansiri,Arunachal Pradesh,2025-07-29T00:00:00,145.27,143.2,145.0,56638.0,5.99,4.54,4.2,8.52,CRITICAL_PIER_EROSION,CLOSED_EMERGENCY_DIVERSION
HYD-BR-08-20250730,BR-08,Subansiri Hydro Gorge Bridge,Subansiri,Arunachal Pradesh,2025-07-30T00:00:00,145.38,143.2,145.0,64725.0,6.2,4.14,4.2,5.83,CRITICAL_PIER_EROSION,CLOSED_EMERGENCY_DIVERSION
HYD-BR-08-20250731,BR-08,Subansiri Hydro Gorge Bridge,Subansiri,Arunachal Pradesh,2025-07-31T00:00:00,144.62,143.2,145.0,27340.0,3.82,2.73,4.2,6.26,HIGH_STRESS_MONITORING,SPEED_LIMIT_15KMH_SINGLE_CONVOY
HYD-BR-08-20250801,BR-08,Subansiri Hydro Gorge Bridge,Subansiri,Arunachal Pradesh,2025-08-01T00:00:00,144.02,143.2,145.0,22857.0,3.15,3.89,4.2,8.68,HIGH_STRESS_MONITORING,SPEED_LIMIT_15KMH_SINGLE_CONVOY
HYD-BR-08-20250802,BR-08,Subansiri Hydro Gorge Bridge,Subansiri,Arunachal Pradesh,2025-08-02T00:00:00,141.96,143.2,145.0,64130.0,2.52,1.82,4.2,10.0,NORMAL_STABLE,UNRESTRICTED_TRANSIT
HYD-BR-08-20250803,BR-08,Subansiri Hydro Gorge Bridge,Subansiri,Arunachal Pradesh,2025-08-03T00:00:00,144.54,143.2,145.0,26111.0,5.09,3.69,4.2,12.02,HIGH_STRESS_MONITORING,SPEED_LIMIT_15KMH_SINGLE_CONVOY
HYD-BR-08-20250804,BR-08,Subansiri Hydro Gorge Bridge,Subansiri,Arunachal Pradesh,2025-08-04T00:00:00,142.33,143.2,145.0,37526.0,4.12,3.95,4.2,6.6,HIGH_STRESS_MONITORING,SPEED_LIMIT_15KMH_SINGLE_CONVOY
HYD-BR-08-20250805,BR-08,Subansiri Hydro Gorge Bridge,Subansiri,Arunachal Pradesh,2025-08-05T00:00:00,143.97,143.2,145.0,47019.0,6.1,3.05,4.2,12.39,HIGH_STRESS_MONITORING,SPEED_LIMIT_15KMH_SINGLE_CONVOY
HYD-BR-08-20250806,BR-08,Subansiri Hydro Gorge Bridge,Subansiri,Arunachal Pradesh,2025-08-06T00:00:00,144.44,143.2,145.0,33529.0,2.83,3.58,4.2,7.59,HIGH_STRESS_MONITORING,SPEED_LIMIT_15KMH_SINGLE_CONVOY
HYD-BR-08-20250807,BR-08,Subansiri Hydro Gorge Bridge,Subansiri,Arunachal Pradesh,2025-08-07T00:00:00,143.53,143.2,145.0,55369.0,2.82,1.65,4.2,6.87,HIGH_STRESS_MONITORING,SPEED_LIMIT_15KMH_SINGLE_CONVOY
HYD-BR-08-20250808,BR-08,Subansiri Hydro Gorge Bridge,Subansiri,Arunachal Pradesh,2025-08-08T00:00:00,144.38,143.2,145.0,39466.0,4.51,2.57,4.2,10.95,HIGH_STRESS_MONITORING,SPEED_LIMIT_15KMH_SINGLE_CONVOY
HYD-BR-08-20250809,BR-08,Subansiri Hydro Gorge Bridge,Subansiri,Arunachal Pradesh,2025-08-09T00:00:00,143.78,143.2,145.0,55442.0,5.17,3.04,4.2,9.3,HIGH_STRESS_MONITORING,SPEED_LIMIT_15KMH_SINGLE_CONVOY
HYD-BR-08-20250810,BR-08,Subansiri Hydro Gorge Bridge,Subansiri,Arunachal Pradesh,2025-08-10T00:00:00,144.28,143.2,145.0,20875.0,4.33,2.64,4.2,9.34,HIGH_STRESS_MONITORING,SPEED_LIMIT_15KMH_SINGLE_CONVOY
HYD-BR-08-20250811,BR-08,Subansiri Hydro Gorge Bridge,Subansiri,Arunachal Pradesh,2025-08-11T00:00:00,144.64,143.2,145.0,35622.0,5.44,1.34,4.2,12.56,HIGH_STRESS_MONITORING,SPEED_LIMIT_15KMH_SINGLE_CONVOY
HYD-BR-08-20250812,BR-08,Subansiri Hydro Gorge Bridge,Subansiri,Arunachal Pradesh,2025-08-12T00:00:00,142.79,143.2,145.0,45829.0,3.1,3.42,4.2,5.96,HIGH_STRESS_MONITORING,SPEED_LIMIT_15KMH_SINGLE_CONVOY
HYD-BR-08-20250813,BR-08,Subansiri Hydro Gorge Bridge,Subansiri,Arunachal Pradesh,2025-08-13T00:00:00,142.3,143.2,145.0,38103.0,2.74,3.47,4.2,12.21,HIGH_STRESS_MONITORING,SPEED_LIMIT_15KMH_SINGLE_CONVOY
HYD-BR-08-20250814,BR-08,Subansiri Hydro Gorge Bridge,Subansiri,Arunachal Pradesh,2025-08-14T00:00:00,142.51,143.2,145.0,31414.0,2.59,3.39,4.2,7.2,HIGH_STRESS_MONITORING,SPEED_LIMIT_15KMH_SINGLE_CONVOY
HYD-BR-08-20250815,BR-08,Subansiri Hydro Gorge Bridge,Subansiri,Arunachal Pradesh,2025-08-15T00:00:00,141.93,143.2,145.0,65193.0,4.55,4.47,4.2,7.84,CRITICAL_PIER_EROSION,CLOSED_EMERGENCY_DIVERSION
HYD-BR-08-20250816,BR-08,Subansiri Hydro Gorge Bridge,Subansiri,Arunachal Pradesh,2025-08-16T00:00:00,144.44,143.2,145.0,23759.0,2.95,1.49,4.2,10.08,HIGH_STRESS_MONITORING,SPEED_LIMIT_15KMH_SINGLE_CONVOY
HYD-BR-08-20250817,BR-08,Subansiri Hydro Gorge Bridge,Subansiri,Arunachal Pradesh,2025-08-17T00:00:00,144.62,143.2,145.0,50784.0,5.01,3.03,4.2,7.49,HIGH_STRESS_MONITORING,SPEED_LIMIT_15KMH_SINGLE_CONVOY
HYD-BR-08-20250818,BR-08,Subansiri Hydro Gorge Bridge,Subansiri,Arunachal Pradesh,2025-08-18T00:00:00,142.64,143.2,145.0,56928.0,4.62,2.98,4.2,4.67,MODERATE_SCOUR,CAUTION_NO_OVERWEIGHT_FREIGHT
HYD-BR-08-20250819,BR-08,Subansiri Hydro Gorge Bridge,Subansiri,Arunachal Pradesh,2025-08-19T00:00:00,144.02,143.2,145.0,64338.0,3.4,1.29,4.2,4.54,HIGH_STRESS_MONITORING,SPEED_LIMIT_15KMH_SINGLE_CONVOY
HYD-BR-08-20250820,BR-08,Subansiri Hydro Gorge Bridge,Subansiri,Arunachal Pradesh,2025-08-20T00:00:00,145.09,143.2,145.0,51210.0,6.1,1.8,4.2,9.34,CRITICAL_PIER_EROSION,CLOSED_EMERGENCY_DIVERSION
HYD-BR-08-20250821,BR-08,Subansiri Hydro Gorge Bridge,Subansiri,Arunachal Pradesh,2025-08-21T00:00:00,142.23,143.2,145.0,57261.0,5.87,3.3,4.2,7.5,HIGH_STRESS_MONITORING,SPEED_LIMIT_15KMH_SINGLE_CONVOY
HYD-BR-08-20250822,BR-08,Subansiri Hydro Gorge Bridge,Subansiri,Arunachal Pradesh,2025-08-22T00:00:00,144.37,143.2,145.0,20237.0,2.76,2.62,4.2,11.7,HIGH_STRESS_MONITORING,SPEED_LIMIT_15KMH_SINGLE_CONVOY
HYD-BR-08-20250823,BR-08,Subansiri Hydro Gorge Bridge,Subansiri,Arunachal Pradesh,2025-08-23T00:00:00,142.21,143.2,145.0,39668.0,4.62,3.7,4.2,5.33,HIGH_STRESS_MONITORING,SPEED_LIMIT_15KMH_SINGLE_CONVOY
HYD-BR-08-20250824,BR-08,Subansiri Hydro Gorge Bridge,Subansiri,Arunachal Pradesh,2025-08-24T00:00:00,144.67,143.2,145.0,63177.0,3.19,2.63,4.2,4.54,HIGH_STRESS_MONITORING,SPEED_LIMIT_15KMH_SINGLE_CONVOY
HYD-BR-08-20250825,BR-08,Subansiri Hydro Gorge Bridge,Subansiri,Arunachal Pradesh,2025-08-25T00:00:00,143.61,143.2,145.0,28977.0,3.52,4.52,4.2,7.06,CRITICAL_PIER_EROSION,CLOSED_EMERGENCY_DIVERSION
HYD-BR-08-20250826,BR-08,Subansiri Hydro Gorge Bridge,Subansiri,Arunachal Pradesh,2025-08-26T00:00:00,141.8,143.2,145.0,48164.0,5.39,2.11,4.2,12.47,MODERATE_SCOUR,CAUTION_NO_OVERWEIGHT_FREIGHT
HYD-BR-08-20250827,BR-08,Subansiri Hydro Gorge Bridge,Subansiri,Arunachal Pradesh,2025-08-27T00:00:00,142.58,143.2,145.0,58409.0,3.14,1.79,4.2,4.54,NORMAL_STABLE,UNRESTRICTED_TRANSIT
HYD-BR-08-20250828,BR-08,Subansiri Hydro Gorge Bridge,Subansiri,Arunachal Pradesh,2025-08-28T00:00:00,143.47,143.2,145.0,52818.0,2.65,2.91,4.2,10.88,HIGH_STRESS_MONITORING,SPEED_LIMIT_15KMH_SINGLE_CONVOY
HYD-BR-08-20250829,BR-08,Subansiri Hydro Gorge Bridge,Subansiri,Arunachal Pradesh,2025-08-29T00:00:00,141.71,143.2,145.0,41094.0,5.97,1.42,4.2,9.69,NORMAL_STABLE,UNRESTRICTED_TRANSIT
HYD-BR-08-20250830,BR-08,Subansiri Hydro Gorge Bridge,Subansiri,Arunachal Pradesh,2025-08-30T00:00:00,144.88,143.2,145.0,53446.0,5.22,4.34,4.2,8.15,CRITICAL_PIER_EROSION,CLOSED_EMERGENCY_DIVERSION
HYD-BR-08-20250831,BR-08,Subansiri Hydro Gorge Bridge,Subansiri,Arunachal Pradesh,2025-08-31T00:00:00,144.1,143.2,145.0,49240.0,3.04,1.89,4.2,4.66,HIGH_STRESS_MONITORING,SPEED_LIMIT_15KMH_SINGLE_CONVOY
HYD-BR-08-20250901,BR-08,Subansiri Hydro Gorge Bridge,Subansiri,Arunachal Pradesh,2025-09-01T00:00:00,141.71,143.2,145.0,37982.0,4.95,4.79,4.2,8.79,CRITICAL_PIER_EROSION,CLOSED_EMERGENCY_DIVERSION
HYD-BR-08-20250902,BR-08,Subansiri Hydro Gorge Bridge,Subansiri,Arunachal Pradesh,2025-09-02T00:00:00,143.49,143.2,145.0,50635.0,4.46,4.57,4.2,10.7,CRITICAL_PIER_EROSION,CLOSED_EMERGENCY_DIVERSION
HYD-BR-08-20250903,BR-08,Subansiri Hydro Gorge Bridge,Subansiri,Arunachal Pradesh,2025-09-03T00:00:00,142.89,143.2,145.0,24867.0,5.9,1.75,4.2,11.85,NORMAL_STABLE,UNRESTRICTED_TRANSIT
HYD-BR-08-20250904,BR-08,Subansiri Hydro Gorge Bridge,Subansiri,Arunachal Pradesh,2025-09-04T00:00:00,142.76,143.2,145.0,34419.0,6.06,3.49,4.2,6.13,HIGH_STRESS_MONITORING,SPEED_LIMIT_15KMH_SINGLE_CONVOY
HYD-BR-08-20250905,BR-08,Subansiri Hydro Gorge Bridge,Subansiri,Arunachal Pradesh,2025-09-05T00:00:00,142.92,143.2,145.0,54330.0,4.88,3.43,4.2,10.1,HIGH_STRESS_MONITORING,SPEED_LIMIT_15KMH_SINGLE_CONVOY
HYD-BR-08-20250906,BR-08,Subansiri Hydro Gorge Bridge,Subansiri,Arunachal Pradesh,2025-09-06T00:00:00,144.37,143.2,145.0,32042.0,5.05,2.56,4.2,6.23,HIGH_STRESS_MONITORING,SPEED_LIMIT_15KMH_SINGLE_CONVOY
HYD-BR-08-20250907,BR-08,Subansiri Hydro Gorge Bridge,Subansiri,Arunachal Pradesh,2025-09-07T00:00:00,144.78,143.2,145.0,24343.0,5.59,1.63,4.2,6.81,HIGH_STRESS_MONITORING,SPEED_LIMIT_15KMH_SINGLE_CONVOY
HYD-BR-08-20250908,BR-08,Subansiri Hydro Gorge Bridge,Subansiri,Arunachal Pradesh,2025-09-08T00:00:00,145.15,143.2,145.0,41571.0,2.64,3.62,4.2,7.32,CRITICAL_PIER_EROSION,CLOSED_EMERGENCY_DIVERSION
HYD-BR-08-20250909,BR-08,Subansiri Hydro Gorge Bridge,Subansiri,Arunachal Pradesh,2025-09-09T00:00:00,145.3,143.2,145.0,65674.0,5.11,3.0,4.2,6.9,CRITICAL_PIER_EROSION,CLOSED_EMERGENCY_DIVERSION
HYD-BR-08-20250910,BR-08,Subansiri Hydro Gorge Bridge,Subansiri,Arunachal Pradesh,2025-09-10T00:00:00,144.75,143.2,145.0,37965.0,3.57,2.74,4.2,11.95,HIGH_STRESS_MONITORING,SPEED_LIMIT_15KMH_SINGLE_CONVOY
HYD-BR-08-20250911,BR-08,Subansiri Hydro Gorge Bridge,Subansiri,Arunachal Pradesh,2025-09-11T00:00:00,143.86,143.2,145.0,15975.0,3.7,3.89,4.2,10.37,HIGH_STRESS_MONITORING,SPEED_LIMIT_15KMH_SINGLE_CONVOY
HYD-BR-08-20250912,BR-08,Subansiri Hydro Gorge Bridge,Subansiri,Arunachal Pradesh,2025-09-12T00:00:00,143.03,143.2,145.0,26486.0,4.9,3.56,4.2,7.78,HIGH_STRESS_MONITORING,SPEED_LIMIT_15KMH_SINGLE_CONVOY
HYD-BR-08-20250913,BR-08,Subansiri Hydro Gorge Bridge,Subansiri,Arunachal Pradesh,2025-09-13T00:00:00,144.69,143.2,145.0,27668.0,2.62,4.37,4.2,12.0,CRITICAL_PIER_EROSION,CLOSED_EMERGENCY_DIVERSION
HYD-BR-08-20250914,BR-08,Subansiri Hydro Gorge Bridge,Subansiri,Arunachal Pradesh,2025-09-14T00:00:00,144.49,143.2,145.0,16560.0,4.81,2.96,4.2,10.26,HIGH_STRESS_MONITORING,SPEED_LIMIT_15KMH_SINGLE_CONVOY
HYD-BR-08-20250915,BR-08,Subansiri Hydro Gorge Bridge,Subansiri,Arunachal Pradesh,2025-09-15T00:00:00,144.91,143.2,145.0,66973.0,2.63,1.87,4.2,10.06,HIGH_STRESS_MONITORING,SPEED_LIMIT_15KMH_SINGLE_CONVOY
HYD-BR-08-20250916,BR-08,Subansiri Hydro Gorge Bridge,Subansiri,Arunachal Pradesh,2025-09-16T00:00:00,141.9,143.2,145.0,59917.0,5.45,3.8,4.2,11.24,HIGH_STRESS_MONITORING,SPEED_LIMIT_15KMH_SINGLE_CONVOY
HYD-BR-08-20250917,BR-08,Subansiri Hydro Gorge Bridge,Subansiri,Arunachal Pradesh,2025-09-17T00:00:00,143.02,143.2,145.0,36698.0,3.21,3.55,4.2,7.74,HIGH_STRESS_MONITORING,SPEED_LIMIT_15KMH_SINGLE_CONVOY
HYD-BR-08-20250918,BR-08,Subansiri Hydro Gorge Bridge,Subansiri,Arunachal Pradesh,2025-09-18T00:00:00,141.77,143.2,145.0,51036.0,4.54,3.68,4.2,11.14,HIGH_STRESS_MONITORING,SPEED_LIMIT_15KMH_SINGLE_CONVOY
HYD-BR-08-20250919,BR-08,Subansiri Hydro Gorge Bridge,Subansiri,Arunachal Pradesh,2025-09-19T00:00:00,143.08,143.2,145.0,28935.0,3.17,4.1,4.2,5.33,HIGH_STRESS_MONITORING,SPEED_LIMIT_15KMH_SINGLE_CONVOY
HYD-BR-08-20250920,BR-08,Subansiri Hydro Gorge Bridge,Subansiri,Arunachal Pradesh,2025-09-20T00:00:00,142.18,143.2,145.0,64960.0,2.97,1.55,4.2,5.74,NORMAL_STABLE,UNRESTRICTED_TRANSIT
HYD-BR-08-20250921,BR-08,Subansiri Hydro Gorge Bridge,Subansiri,Arunachal Pradesh,2025-09-21T00:00:00,142.15,143.2,145.0,38971.0,5.68,3.0,4.2,4.93,HIGH_STRESS_MONITORING,SPEED_LIMIT_15KMH_SINGLE_CONVOY
HYD-BR-08-20250922,BR-08,Subansiri Hydro Gorge Bridge,Subansiri,Arunachal Pradesh,2025-09-22T00:00:00,143.81,143.2,145.0,57861.0,5.72,1.34,4.2,9.58,HIGH_STRESS_MONITORING,SPEED_LIMIT_15KMH_SINGLE_CONVOY
HYD-BR-08-20250923,BR-08,Subansiri Hydro Gorge Bridge,Subansiri,Arunachal Pradesh,2025-09-23T00:00:00,145.35,143.2,145.0,56461.0,4.01,4.49,4.2,11.49,CRITICAL_PIER_EROSION,CLOSED_EMERGENCY_DIVERSION
HYD-BR-08-20250924,BR-08,Subansiri Hydro Gorge Bridge,Subansiri,Arunachal Pradesh,2025-09-24T00:00:00,144.31,143.2,145.0,17642.0,4.48,4.02,4.2,9.6,HIGH_STRESS_MONITORING,SPEED_LIMIT_15KMH_SINGLE_CONVOY
HYD-BR-08-20250925,BR-08,Subansiri Hydro Gorge Bridge,Subansiri,Arunachal Pradesh,2025-09-25T00:00:00,144.75,143.2,145.0,16059.0,4.48,4.53,4.2,9.95,CRITICAL_PIER_EROSION,CLOSED_EMERGENCY_DIVERSION
HYD-BR-08-20250926,BR-08,Subansiri Hydro Gorge Bridge,Subansiri,Arunachal Pradesh,2025-09-26T00:00:00,142.02,143.2,145.0,16213.0,2.93,1.36,4.2,7.13,NORMAL_STABLE,UNRESTRICTED_TRANSIT
HYD-BR-08-20250927,BR-08,Subansiri Hydro Gorge Bridge,Subansiri,Arunachal Pradesh,2025-09-27T00:00:00,144.74,143.2,145.0,20203.0,3.95,4.08,4.2,12.24,HIGH_STRESS_MONITORING,SPEED_LIMIT_15KMH_SINGLE_CONVOY
HYD-BR-08-20250928,BR-08,Subansiri Hydro Gorge Bridge,Subansiri,Arunachal Pradesh,2025-09-28T00:00:00,144.5,143.2,145.0,58490.0,2.52,1.63,4.2,8.53,HIGH_STRESS_MONITORING,SPEED_LIMIT_15KMH_SINGLE_CONVOY
HYD-BR-08-20250929,BR-08,Subansiri Hydro Gorge Bridge,Subansiri,Arunachal Pradesh,2025-09-29T00:00:00,143.25,143.2,145.0,17665.0,4.66,4.76,4.2,10.89,CRITICAL_PIER_EROSION,CLOSED_EMERGENCY_DIVERSION
HYD-BR-08-20250930,BR-08,Subansiri Hydro Gorge Bridge,Subansiri,Arunachal Pradesh,2025-09-30T00:00:00,143.84,143.2,145.0,26302.0,4.94,2.34,4.2,9.82,HIGH_STRESS_MONITORING,SPEED_LIMIT_15KMH_SINGLE_CONVOY
HYD-BR-08-20251001,BR-08,Subansiri Hydro Gorge Bridge,Subansiri,Arunachal Pradesh,2025-10-01T00:00:00,137.21,143.2,145.0,12607.0,1.7,1.32,4.2,2.47,NORMAL_STABLE,UNRESTRICTED_TRANSIT
HYD-BR-08-20251002,BR-08,Subansiri Hydro Gorge Bridge,Subansiri,Arunachal Pradesh,2025-10-02T00:00:00,137.4,143.2,145.0,5669.0,1.29,0.85,4.2,1.71,NORMAL_STABLE,UNRESTRICTED_TRANSIT
HYD-BR-08-20251003,BR-08,Subansiri Hydro Gorge Bridge,Subansiri,Arunachal Pradesh,2025-10-03T00:00:00,137.92,143.2,145.0,12075.0,2.07,0.39,4.2,3.29,NORMAL_STABLE,UNRESTRICTED_TRANSIT
HYD-BR-08-20251004,BR-08,Subansiri Hydro Gorge Bridge,Subansiri,Arunachal Pradesh,2025-10-04T00:00:00,140.11,143.2,145.0,4959.0,0.99,0.73,4.2,4.05,NORMAL_STABLE,UNRESTRICTED_TRANSIT
HYD-BR-08-20251005,BR-08,Subansiri Hydro Gorge Bridge,Subansiri,Arunachal Pradesh,2025-10-05T00:00:00,140.41,143.2,145.0,6433.0,0.84,0.91,4.2,4.13,NORMAL_STABLE,UNRESTRICTED_TRANSIT
HYD-BR-08-20251006,BR-08,Subansiri Hydro Gorge Bridge,Subansiri,Arunachal Pradesh,2025-10-06T00:00:00,138.81,143.2,145.0,10630.0,1.97,1.02,4.2,3.59,NORMAL_STABLE,UNRESTRICTED_TRANSIT
HYD-BR-08-20251007,BR-08,Subansiri Hydro Gorge Bridge,Subansiri,Arunachal Pradesh,2025-10-07T00:00:00,137.3,143.2,145.0,8151.0,2.15,1.07,4.2,1.93,NORMAL_STABLE,UNRESTRICTED_TRANSIT
HYD-BR-08-20251008,BR-08,Subansiri Hydro Gorge Bridge,Subansiri,Arunachal Pradesh,2025-10-08T00:00:00,140.38,143.2,145.0,11885.0,0.99,1.23,4.2,4.03,NORMAL_STABLE,UNRESTRICTED_TRANSIT
HYD-BR-08-20251009,BR-08,Subansiri Hydro Gorge Bridge,Subansiri,Arunachal Pradesh,2025-10-09T00:00:00,139.09,143.2,145.0,7721.0,2.09,0.88,4.2,2.29,NORMAL_STABLE,UNRESTRICTED_TRANSIT
HYD-BR-08-20251010,BR-08,Subansiri Hydro Gorge Bridge,Subansiri,Arunachal Pradesh,2025-10-10T00:00:00,139.59,143.2,145.0,12709.0,1.94,0.41,4.2,3.52,NORMAL_STABLE,UNRESTRICTED_TRANSIT
HYD-BR-08-20251011,BR-08,Subansiri Hydro Gorge Bridge,Subansiri,Arunachal Pradesh,2025-10-11T00:00:00,139.28,143.2,145.0,3454.0,1.83,0.75,4.2,4.2,NORMAL_STABLE,UNRESTRICTED_TRANSIT
HYD-BR-08-20251012,BR-08,Subansiri Hydro Gorge Bridge,Subansiri,Arunachal Pradesh,2025-10-12T00:00:00,138.86,143.2,145.0,13306.0,1.47,0.73,4.2,1.55,NORMAL_STABLE,UNRESTRICTED_TRANSIT
HYD-BR-08-20251013,BR-08,Subansiri Hydro Gorge Bridge,Subansiri,Arunachal Pradesh,2025-10-13T00:00:00,138.36,143.2,145.0,10674.0,1.17,1.12,4.2,3.0,NORMAL_STABLE,UNRESTRICTED_TRANSIT
HYD-BR-08-20251014,BR-08,Subansiri Hydro Gorge Bridge,Subansiri,Arunachal Pradesh,2025-10-14T00:00:00,139.28,143.2,145.0,8479.0,0.91,0.77,4.2,2.51,NORMAL_STABLE,UNRESTRICTED_TRANSIT
HYD-BR-08-20251015,BR-08,Subansiri Hydro Gorge Bridge,Subansiri,Arunachal Pradesh,2025-10-15T00:00:00,137.2,143.2,145.0,8175.0,1.96,1.3,4.2,2.06,NORMAL_STABLE,UNRESTRICTED_TRANSIT
HYD-BR-08-20251016,BR-08,Subansiri Hydro Gorge Bridge,Subansiri,Arunachal Pradesh,2025-10-16T00:00:00,137.3,143.2,145.0,3292.0,1.16,1.44,4.2,3.68,NORMAL_STABLE,UNRESTRICTED_TRANSIT
HYD-BR-08-20251017,BR-08,Subansiri Hydro Gorge Bridge,Subansiri,Arunachal Pradesh,2025-10-17T00:00:00,139.49,143.2,145.0,12537.0,0.97,0.65,4.2,3.31,NORMAL_STABLE,UNRESTRICTED_TRANSIT
HYD-BR-08-20251018,BR-08,Subansiri Hydro Gorge Bridge,Subansiri,Arunachal Pradesh,2025-10-18T00:00:00,140.35,143.2,145.0,3890.0,1.55,1.06,4.2,2.14,NORMAL_STABLE,UNRESTRICTED_TRANSIT
HYD-BR-08-20251019,BR-08,Subansiri Hydro Gorge Bridge,Subansiri,Arunachal Pradesh,2025-10-19T00:00:00,138.78,143.2,145.0,6635.0,1.33,0.48,4.2,1.99,NORMAL_STABLE,UNRESTRICTED_TRANSIT
HYD-BR-08-20251020,BR-08,Subansiri Hydro Gorge Bridge,Subansiri,Arunachal Pradesh,2025-10-20T00:00:00,140.12,143.2,145.0,7665.0,1.55,1.27,4.2,2.57,NORMAL_STABLE,UNRESTRICTED_TRANSIT
HYD-BR-08-20251021,BR-08,Subansiri Hydro Gorge Bridge,Subansiri,Arunachal Pradesh,2025-10-21T00:00:00,137.34,143.2,145.0,4707.0,1.81,1.22,4.2,2.28,NORMAL_STABLE,UNRESTRICTED_TRANSIT
HYD-BR-08-20251022,BR-08,Subansiri Hydro Gorge Bridge,Subansiri,Arunachal Pradesh,2025-10-22T00:00:00,139.89,143.2,145.0,11217.0,0.96,0.49,4.2,1.54,NORMAL_STABLE,UNRESTRICTED_TRANSIT
HYD-BR-08-20251023,BR-08,Subansiri Hydro Gorge Bridge,Subansiri,Arunachal Pradesh,2025-10-23T00:00:00,140.47,143.2,145.0,9094.0,1.7,1.24,4.2,1.51,NORMAL_STABLE,UNRESTRICTED_TRANSIT
HYD-BR-08-20251024,BR-08,Subansiri Hydro Gorge Bridge,Subansiri,Arunachal Pradesh,2025-10-24T00:00:00,140.37,143.2,145.0,8406.0,1.57,0.72,4.2,1.86,NORMAL_STABLE,UNRESTRICTED_TRANSIT
HYD-BR-08-20251025,BR-08,Subansiri Hydro Gorge Bridge,Subansiri,Arunachal Pradesh,2025-10-25T00:00:00,138.37,143.2,145.0,13023.0,1.0,0.69,4.2,3.73,NORMAL_STABLE,UNRESTRICTED_TRANSIT
HYD-BR-08-20251026,BR-08,Subansiri Hydro Gorge Bridge,Subansiri,Arunachal Pradesh,2025-10-26T00:00:00,137.27,143.2,145.0,10948.0,1.01,0.69,4.2,2.12,NORMAL_STABLE,UNRESTRICTED_TRANSIT
HYD-BR-08-20251027,BR-08,Subansiri Hydro Gorge Bridge,Subansiri,Arunachal Pradesh,2025-10-27T00:00:00,139.2,143.2,145.0,8838.0,0.81,1.23,4.2,1.82,NORMAL_STABLE,UNRESTRICTED_TRANSIT
HYD-BR-08-20251028,BR-08,Subansiri Hydro Gorge Bridge,Subansiri,Arunachal Pradesh,2025-10-28T00:00:00,138.03,143.2,145.0,6296.0,1.33,0.9,4.2,3.56,NORMAL_STABLE,UNRESTRICTED_TRANSIT
HYD-BR-08-20251029,BR-08,Subansiri Hydro Gorge Bridge,Subansiri,Arunachal Pradesh,2025-10-29T00:00:00,139.92,143.2,145.0,8137.0,1.32,1.17,4.2,4.16,NORMAL_STABLE,UNRESTRICTED_TRANSIT
HYD-BR-08-20251030,BR-08,Subansiri Hydro Gorge Bridge,Subansiri,Arunachal Pradesh,2025-10-30T00:00:00,139.62,143.2,145.0,4858.0,1.81,1.2,4.2,4.03,NORMAL_STABLE,UNRESTRICTED_TRANSIT
HYD-BR-08-20251031,BR-08,Subansiri Hydro Gorge Bridge,Subansiri,Arunachal Pradesh,2025-10-31T00:00:00,138.36,143.2,145.0,9926.0,0.83,0.36,4.2,2.67,NORMAL_STABLE,UNRESTRICTED_TRANSIT
HYD-BR-08-20251101,BR-08,Subansiri Hydro Gorge Bridge,Subansiri,Arunachal Pradesh,2025-11-01T00:00:00,138.47,143.2,145.0,9816.0,1.6,1.41,4.2,4.18,NORMAL_STABLE,UNRESTRICTED_TRANSIT
HYD-BR-08-20251102,BR-08,Subansiri Hydro Gorge Bridge,Subansiri,Arunachal Pradesh,2025-11-02T00:00:00,138.23,143.2,145.0,12449.0,0.86,0.54,4.2,3.13,NORMAL_STABLE,UNRESTRICTED_TRANSIT
HYD-BR-08-20251103,BR-08,Subansiri Hydro Gorge Bridge,Subansiri,Arunachal Pradesh,2025-11-03T00:00:00,139.77,143.2,145.0,3376.0,1.96,0.47,4.2,3.09,NORMAL_STABLE,UNRESTRICTED_TRANSIT
HYD-BR-08-20251104,BR-08,Subansiri Hydro Gorge Bridge,Subansiri,Arunachal Pradesh,2025-11-04T00:00:00,138.74,143.2,145.0,13925.0,1.92,1.06,4.2,3.98,NORMAL_STABLE,UNRESTRICTED_TRANSIT
HYD-BR-08-20251105,BR-08,Subansiri Hydro Gorge Bridge,Subansiri,Arunachal Pradesh,2025-11-05T00:00:00,140.6,143.2,145.0,3645.0,2.18,0.59,4.2,2.87,NORMAL_STABLE,UNRESTRICTED_TRANSIT
HYD-BR-08-20251106,BR-08,Subansiri Hydro Gorge Bridge,Subansiri,Arunachal Pradesh,2025-11-06T00:00:00,138.98,143.2,145.0,13190.0,2.18,1.43,4.2,2.6,NORMAL_STABLE,UNRESTRICTED_TRANSIT
HYD-BR-08-20251107,BR-08,Subansiri Hydro Gorge Bridge,Subansiri,Arunachal Pradesh,2025-11-07T00:00:00,139.01,143.2,145.0,7713.0,0.96,1.25,4.2,1.59,NORMAL_STABLE,UNRESTRICTED_TRANSIT
HYD-BR-08-20251108,BR-08,Subansiri Hydro Gorge Bridge,Subansiri,Arunachal Pradesh,2025-11-08T00:00:00,139.43,143.2,145.0,4034.0,1.76,0.83,4.2,2.81,NORMAL_STABLE,UNRESTRICTED_TRANSIT
HYD-BR-08-20251109,BR-08,Subansiri Hydro Gorge Bridge,Subansiri,Arunachal Pradesh,2025-11-09T00:00:00,137.59,143.2,145.0,8341.0,1.71,1.34,4.2,3.55,NORMAL_STABLE,UNRESTRICTED_TRANSIT
HYD-BR-08-20251110,BR-08,Subansiri Hydro Gorge Bridge,Subansiri,Arunachal Pradesh,2025-11-10T00:00:00,137.57,143.2,145.0,12932.0,1.26,1.14,4.2,1.52,NORMAL_STABLE,UNRESTRICTED_TRANSIT
HYD-BR-08-20251111,BR-08,Subansiri Hydro Gorge Bridge,Subansiri,Arunachal Pradesh,2025-11-11T00:00:00,139.3,143.2,145.0,10503.0,1.58,0.85,4.2,2.93,NORMAL_STABLE,UNRESTRICTED_TRANSIT
HYD-BR-08-20251112,BR-08,Subansiri Hydro Gorge Bridge,Subansiri,Arunachal Pradesh,2025-11-12T00:00:00,137.5,143.2,145.0,12346.0,2.06,0.3,4.2,1.72,NORMAL_STABLE,UNRESTRICTED_TRANSIT
HYD-BR-08-20251113,BR-08,Subansiri Hydro Gorge Bridge,Subansiri,Arunachal Pradesh,2025-11-13T00:00:00,138.28,143.2,145.0,10390.0,1.85,0.98,4.2,3.38,NORMAL_STABLE,UNRESTRICTED_TRANSIT
HYD-BR-08-20251114,BR-08,Subansiri Hydro Gorge Bridge,Subansiri,Arunachal Pradesh,2025-11-14T00:00:00,140.19,143.2,145.0,11694.0,1.97,0.49,4.2,3.93,NORMAL_STABLE,UNRESTRICTED_TRANSIT
HYD-BR-08-20251115,BR-08,Subansiri Hydro Gorge Bridge,Subansiri,Arunachal Pradesh,2025-11-15T00:00:00,138.59,143.2,145.0,6453.0,1.78,0.53,4.2,2.61,NORMAL_STABLE,UNRESTRICTED_TRANSIT
HYD-BR-08-20251116,BR-08,Subansiri Hydro Gorge Bridge,Subansiri,Arunachal Pradesh,2025-11-16T00:00:00,138.13,143.2,145.0,12236.0,1.87,1.32,4.2,2.29,NORMAL_STABLE,UNRESTRICTED_TRANSIT
HYD-BR-08-20251117,BR-08,Subansiri Hydro Gorge Bridge,Subansiri,Arunachal Pradesh,2025-11-17T00:00:00,140.65,143.2,145.0,9612.0,0.95,0.88,4.2,1.61,NORMAL_STABLE,UNRESTRICTED_TRANSIT
HYD-BR-08-20251118,BR-08,Subansiri Hydro Gorge Bridge,Subansiri,Arunachal Pradesh,2025-11-18T00:00:00,138.26,143.2,145.0,5063.0,0.88,0.52,4.2,2.54,NORMAL_STABLE,UNRESTRICTED_TRANSIT
HYD-BR-08-20251119,BR-08,Subansiri Hydro Gorge Bridge,Subansiri,Arunachal Pradesh,2025-11-19T00:00:00,137.21,143.2,145.0,8879.0,1.2,1.21,4.2,3.22,NORMAL_STABLE,UNRESTRICTED_TRANSIT
HYD-BR-08-20251120,BR-08,Subansiri Hydro Gorge Bridge,Subansiri,Arunachal Pradesh,2025-11-20T00:00:00,138.84,143.2,145.0,8777.0,1.52,0.46,4.2,4.11,NORMAL_STABLE,UNRESTRICTED_TRANSIT
HYD-BR-08-20251121,BR-08,Subansiri Hydro Gorge Bridge,Subansiri,Arunachal Pradesh,2025-11-21T00:00:00,140.55,143.2,145.0,5838.0,2.06,1.06,4.2,2.04,NORMAL_STABLE,UNRESTRICTED_TRANSIT
HYD-BR-08-20251122,BR-08,Subansiri Hydro Gorge Bridge,Subansiri,Arunachal Pradesh,2025-11-22T00:00:00,138.24,143.2,145.0,13362.0,1.85,1.21,4.2,2.36,NORMAL_STABLE,UNRESTRICTED_TRANSIT
HYD-BR-08-20251123,BR-08,Subansiri Hydro Gorge Bridge,Subansiri,Arunachal Pradesh,2025-11-23T00:00:00,140.43,143.2,145.0,5032.0,1.2,0.67,4.2,2.32,NORMAL_STABLE,UNRESTRICTED_TRANSIT
HYD-BR-08-20251124,BR-08,Subansiri Hydro Gorge Bridge,Subansiri,Arunachal Pradesh,2025-11-24T00:00:00,139.8,143.2,145.0,12915.0,1.68,0.51,4.2,1.81,NORMAL_STABLE,UNRESTRICTED_TRANSIT
HYD-BR-08-20251125,BR-08,Subansiri Hydro Gorge Bridge,Subansiri,Arunachal Pradesh,2025-11-25T00:00:00,137.23,143.2,145.0,13606.0,0.97,0.69,4.2,3.37,NORMAL_STABLE,UNRESTRICTED_TRANSIT
HYD-BR-08-20251126,BR-08,Subansiri Hydro Gorge Bridge,Subansiri,Arunachal Pradesh,2025-11-26T00:00:00,137.67,143.2,145.0,6402.0,1.18,0.61,4.2,3.54,NORMAL_STABLE,UNRESTRICTED_TRANSIT
HYD-BR-08-20251127,BR-08,Subansiri Hydro Gorge Bridge,Subansiri,Arunachal Pradesh,2025-11-27T00:00:00,138.03,143.2,145.0,9190.0,0.93,0.9,4.2,2.72,NORMAL_STABLE,UNRESTRICTED_TRANSIT
HYD-BR-08-20251128,BR-08,Subansiri Hydro Gorge Bridge,Subansiri,Arunachal Pradesh,2025-11-28T00:00:00,139.43,143.2,145.0,13244.0,1.16,0.52,4.2,2.97,NORMAL_STABLE,UNRESTRICTED_TRANSIT
HYD-BR-08-20251129,BR-08,Subansiri Hydro Gorge Bridge,Subansiri,Arunachal Pradesh,2025-11-29T00:00:00,138.13,143.2,145.0,5756.0,1.53,0.9,4.2,2.38,NORMAL_STABLE,UNRESTRICTED_TRANSIT
HYD-BR-08-20251130,BR-08,Subansiri Hydro Gorge Bridge,Subansiri,Arunachal Pradesh,2025-11-30T00:00:00,140.21,143.2,145.0,10247.0,1.16,0.47,4.2,2.63,NORMAL_STABLE,UNRESTRICTED_TRANSIT
HYD-BR-08-20251201,BR-08,Subansiri Hydro Gorge Bridge,Subansiri,Arunachal Pradesh,2025-12-01T00:00:00,140.34,143.2,145.0,11314.0,1.81,0.84,4.2,4.08,NORMAL_STABLE,UNRESTRICTED_TRANSIT
HYD-BR-08-20251202,BR-08,Subansiri Hydro Gorge Bridge,Subansiri,Arunachal Pradesh,2025-12-02T00:00:00,139.54,143.2,145.0,3382.0,1.79,1.19,4.2,2.08,NORMAL_STABLE,UNRESTRICTED_TRANSIT
HYD-BR-08-20251203,BR-08,Subansiri Hydro Gorge Bridge,Subansiri,Arunachal Pradesh,2025-12-03T00:00:00,140.43,143.2,145.0,6766.0,1.9,0.59,4.2,1.57,NORMAL_STABLE,UNRESTRICTED_TRANSIT
HYD-BR-08-20251204,BR-08,Subansiri Hydro Gorge Bridge,Subansiri,Arunachal Pradesh,2025-12-04T00:00:00,140.49,143.2,145.0,3321.0,1.15,1.02,4.2,3.36,NORMAL_STABLE,UNRESTRICTED_TRANSIT
HYD-BR-08-20251205,BR-08,Subansiri Hydro Gorge Bridge,Subansiri,Arunachal Pradesh,2025-12-05T00:00:00,140.51,143.2,145.0,5430.0,1.75,0.82,4.2,2.13,NORMAL_STABLE,UNRESTRICTED_TRANSIT
HYD-BR-08-20251206,BR-08,Subansiri Hydro Gorge Bridge,Subansiri,Arunachal Pradesh,2025-12-06T00:00:00,137.4,143.2,145.0,4151.0,1.98,0.74,4.2,4.0,NORMAL_STABLE,UNRESTRICTED_TRANSIT
HYD-BR-08-20251207,BR-08,Subansiri Hydro Gorge Bridge,Subansiri,Arunachal Pradesh,2025-12-07T00:00:00,140.26,143.2,145.0,4605.0,1.95,1.39,4.2,2.51,NORMAL_STABLE,UNRESTRICTED_TRANSIT
HYD-BR-08-20251208,BR-08,Subansiri Hydro Gorge Bridge,Subansiri,Arunachal Pradesh,2025-12-08T00:00:00,139.59,143.2,145.0,6104.0,1.42,0.75,4.2,1.61,NORMAL_STABLE,UNRESTRICTED_TRANSIT
HYD-BR-08-20251209,BR-08,Subansiri Hydro Gorge Bridge,Subansiri,Arunachal Pradesh,2025-12-09T00:00:00,138.55,143.2,145.0,10828.0,0.94,0.31,4.2,2.8,NORMAL_STABLE,UNRESTRICTED_TRANSIT
HYD-BR-08-20251210,BR-08,Subansiri Hydro Gorge Bridge,Subansiri,Arunachal Pradesh,2025-12-10T00:00:00,139.71,143.2,145.0,6205.0,1.5,1.31,4.2,2.67,NORMAL_STABLE,UNRESTRICTED_TRANSIT
HYD-BR-08-20251211,BR-08,Subansiri Hydro Gorge Bridge,Subansiri,Arunachal Pradesh,2025-12-11T00:00:00,138.23,143.2,145.0,7605.0,0.91,0.7,4.2,2.89,NORMAL_STABLE,UNRESTRICTED_TRANSIT
HYD-BR-08-20251212,BR-08,Subansiri Hydro Gorge Bridge,Subansiri,Arunachal Pradesh,2025-12-12T00:00:00,138.35,143.2,145.0,4259.0,1.1,0.46,4.2,2.66,NORMAL_STABLE,UNRESTRICTED_TRANSIT
HYD-BR-08-20251213,BR-08,Subansiri Hydro Gorge Bridge,Subansiri,Arunachal Pradesh,2025-12-13T00:00:00,139.82,143.2,145.0,13760.0,1.17,1.05,4.2,3.51,NORMAL_STABLE,UNRESTRICTED_TRANSIT
HYD-BR-08-20251214,BR-08,Subansiri Hydro Gorge Bridge,Subansiri,Arunachal Pradesh,2025-12-14T00:00:00,139.12,143.2,145.0,5015.0,1.97,0.43,4.2,2.14,NORMAL_STABLE,UNRESTRICTED_TRANSIT
HYD-BR-08-20251215,BR-08,Subansiri Hydro Gorge Bridge,Subansiri,Arunachal Pradesh,2025-12-15T00:00:00,139.54,143.2,145.0,13590.0,1.3,0.63,4.2,3.71,NORMAL_STABLE,UNRESTRICTED_TRANSIT
HYD-BR-08-20251216,BR-08,Subansiri Hydro Gorge Bridge,Subansiri,Arunachal Pradesh,2025-12-16T00:00:00,137.75,143.2,145.0,4024.0,1.62,0.7,4.2,2.18,NORMAL_STABLE,UNRESTRICTED_TRANSIT
HYD-BR-08-20251217,BR-08,Subansiri Hydro Gorge Bridge,Subansiri,Arunachal Pradesh,2025-12-17T00:00:00,137.79,143.2,145.0,10047.0,1.69,1.08,4.2,2.8,NORMAL_STABLE,UNRESTRICTED_TRANSIT
HYD-BR-08-20251218,BR-08,Subansiri Hydro Gorge Bridge,Subansiri,Arunachal Pradesh,2025-12-18T00:00:00,138.03,143.2,145.0,11649.0,1.71,1.45,4.2,4.16,NORMAL_STABLE,UNRESTRICTED_TRANSIT
HYD-BR-08-20251219,BR-08,Subansiri Hydro Gorge Bridge,Subansiri,Arunachal Pradesh,2025-12-19T00:00:00,137.54,143.2,145.0,3850.0,0.85,0.93,4.2,2.57,NORMAL_STABLE,UNRESTRICTED_TRANSIT
HYD-BR-08-20251220,BR-08,Subansiri Hydro Gorge Bridge,Subansiri,Arunachal Pradesh,2025-12-20T00:00:00,140.02,143.2,145.0,6060.0,1.4,1.16,4.2,2.75,NORMAL_STABLE,UNRESTRICTED_TRANSIT
HYD-BR-08-20251221,BR-08,Subansiri Hydro Gorge Bridge,Subansiri,Arunachal Pradesh,2025-12-21T00:00:00,137.22,143.2,145.0,9453.0,1.5,1.03,4.2,3.94,NORMAL_STABLE,UNRESTRICTED_TRANSIT
HYD-BR-08-20251222,BR-08,Subansiri Hydro Gorge Bridge,Subansiri,Arunachal Pradesh,2025-12-22T00:00:00,140.22,143.2,145.0,3604.0,0.99,0.74,4.2,4.05,NORMAL_STABLE,UNRESTRICTED_TRANSIT
HYD-BR-08-20251223,BR-08,Subansiri Hydro Gorge Bridge,Subansiri,Arunachal Pradesh,2025-12-23T00:00:00,137.9,143.2,145.0,4073.0,1.83,0.81,4.2,3.72,NORMAL_STABLE,UNRESTRICTED_TRANSIT
HYD-BR-08-20251224,BR-08,Subansiri Hydro Gorge Bridge,Subansiri,Arunachal Pradesh,2025-12-24T00:00:00,137.66,143.2,145.0,11457.0,1.68,0.61,4.2,2.31,NORMAL_STABLE,UNRESTRICTED_TRANSIT
HYD-BR-08-20251225,BR-08,Subansiri Hydro Gorge Bridge,Subansiri,Arunachal Pradesh,2025-12-25T00:00:00,137.98,143.2,145.0,10877.0,2.09,0.73,4.2,3.25,NORMAL_STABLE,UNRESTRICTED_TRANSIT
HYD-BR-08-20251226,BR-08,Subansiri Hydro Gorge Bridge,Subansiri,Arunachal Pradesh,2025-12-26T00:00:00,139.54,143.2,145.0,12095.0,1.16,0.72,4.2,3.64,NORMAL_STABLE,UNRESTRICTED_TRANSIT
HYD-BR-08-20251227,BR-08,Subansiri Hydro Gorge Bridge,Subansiri,Arunachal Pradesh,2025-12-27T00:00:00,139.33,143.2,145.0,7523.0,1.24,1.31,4.2,2.12,NORMAL_STABLE,UNRESTRICTED_TRANSIT
HYD-BR-08-20251228,BR-08,Subansiri Hydro Gorge Bridge,Subansiri,Arunachal Pradesh,2025-12-28T00:00:00,139.89,143.2,145.0,8780.0,1.42,0.33,4.2,2.86,NORMAL_STABLE,UNRESTRICTED_TRANSIT
HYD-BR-08-20251229,BR-08,Subansiri Hydro Gorge Bridge,Subansiri,Arunachal Pradesh,2025-12-29T00:00:00,137.92,143.2,145.0,4709.0,1.45,1.46,4.2,3.27,NORMAL_STABLE,UNRESTRICTED_TRANSIT
HYD-BR-08-20251230,BR-08,Subansiri Hydro Gorge Bridge,Subansiri,Arunachal Pradesh,2025-12-30T00:00:00,138.2,143.2,145.0,8031.0,1.87,0.82,4.2,2.66,NORMAL_STABLE,UNRESTRICTED_TRANSIT
HYD-BR-08-20251231,BR-08,Subansiri Hydro Gorge Bridge,Subansiri,Arunachal Pradesh,2025-12-31T00:00:00,138.42,143.2,145.0,13259.0,1.3,1.23,4.2,2.45,NORMAL_STABLE,UNRESTRICTED_TRANSIT
HYD-BR-08-20260101,BR-08,Subansiri Hydro Gorge Bridge,Subansiri,Arunachal Pradesh,2026-01-01T00:00:00,140.19,143.2,145.0,6942.0,1.42,0.49,4.2,1.74,NORMAL_STABLE,UNRESTRICTED_TRANSIT
HYD-BR-08-20260102,BR-08,Subansiri Hydro Gorge Bridge,Subansiri,Arunachal Pradesh,2026-01-02T00:00:00,138.85,143.2,145.0,10541.0,2.09,0.41,4.2,1.58,NORMAL_STABLE,UNRESTRICTED_TRANSIT
HYD-BR-08-20260103,BR-08,Subansiri Hydro Gorge Bridge,Subansiri,Arunachal Pradesh,2026-01-03T00:00:00,137.92,143.2,145.0,11054.0,1.36,0.66,4.2,4.0,NORMAL_STABLE,UNRESTRICTED_TRANSIT
HYD-BR-08-20260104,BR-08,Subansiri Hydro Gorge Bridge,Subansiri,Arunachal Pradesh,2026-01-04T00:00:00,140.58,143.2,145.0,6965.0,1.31,0.79,4.2,3.97,NORMAL_STABLE,UNRESTRICTED_TRANSIT
HYD-BR-08-20260105,BR-08,Subansiri Hydro Gorge Bridge,Subansiri,Arunachal Pradesh,2026-01-05T00:00:00,138.01,143.2,145.0,8987.0,2.11,0.35,4.2,3.64,NORMAL_STABLE,UNRESTRICTED_TRANSIT
HYD-BR-08-20260106,BR-08,Subansiri Hydro Gorge Bridge,Subansiri,Arunachal Pradesh,2026-01-06T00:00:00,137.8,143.2,145.0,12039.0,0.81,1.02,4.2,2.12,NORMAL_STABLE,UNRESTRICTED_TRANSIT
HYD-BR-08-20260107,BR-08,Subansiri Hydro Gorge Bridge,Subansiri,Arunachal Pradesh,2026-01-07T00:00:00,138.54,143.2,145.0,5380.0,1.44,0.92,4.2,2.43,NORMAL_STABLE,UNRESTRICTED_TRANSIT
HYD-BR-08-20260108,BR-08,Subansiri Hydro Gorge Bridge,Subansiri,Arunachal Pradesh,2026-01-08T00:00:00,137.99,143.2,145.0,11106.0,1.22,1.0,4.2,3.37,NORMAL_STABLE,UNRESTRICTED_TRANSIT
HYD-BR-08-20260109,BR-08,Subansiri Hydro Gorge Bridge,Subansiri,Arunachal Pradesh,2026-01-09T00:00:00,138.44,143.2,145.0,8776.0,1.96,0.93,4.2,2.33,NORMAL_STABLE,UNRESTRICTED_TRANSIT
HYD-BR-08-20260110,BR-08,Subansiri Hydro Gorge Bridge,Subansiri,Arunachal Pradesh,2026-01-10T00:00:00,139.68,143.2,145.0,12586.0,1.16,0.44,4.2,3.03,NORMAL_STABLE,UNRESTRICTED_TRANSIT
HYD-BR-08-20260111,BR-08,Subansiri Hydro Gorge Bridge,Subansiri,Arunachal Pradesh,2026-01-11T00:00:00,140.54,143.2,145.0,9396.0,1.08,1.08,4.2,2.06,NORMAL_STABLE,UNRESTRICTED_TRANSIT
HYD-BR-08-20260112,BR-08,Subansiri Hydro Gorge Bridge,Subansiri,Arunachal Pradesh,2026-01-12T00:00:00,139.22,143.2,145.0,5247.0,1.08,0.6,4.2,2.94,NORMAL_STABLE,UNRESTRICTED_TRANSIT
HYD-BR-08-20260113,BR-08,Subansiri Hydro Gorge Bridge,Subansiri,Arunachal Pradesh,2026-01-13T00:00:00,140.27,143.2,145.0,13131.0,1.51,1.19,4.2,4.15,NORMAL_STABLE,UNRESTRICTED_TRANSIT
HYD-BR-08-20260114,BR-08,Subansiri Hydro Gorge Bridge,Subansiri,Arunachal Pradesh,2026-01-14T00:00:00,137.29,143.2,145.0,10358.0,1.47,1.28,4.2,3.94,NORMAL_STABLE,UNRESTRICTED_TRANSIT
HYD-BR-08-20260115,BR-08,Subansiri Hydro Gorge Bridge,Subansiri,Arunachal Pradesh,2026-01-15T00:00:00,139.49,143.2,145.0,6453.0,0.87,1.4,4.2,4.03,NORMAL_STABLE,UNRESTRICTED_TRANSIT
HYD-BR-08-20260116,BR-08,Subansiri Hydro Gorge Bridge,Subansiri,Arunachal Pradesh,2026-01-16T00:00:00,138.83,143.2,145.0,7817.0,1.47,1.19,4.2,3.34,NORMAL_STABLE,UNRESTRICTED_TRANSIT
HYD-BR-08-20260117,BR-08,Subansiri Hydro Gorge Bridge,Subansiri,Arunachal Pradesh,2026-01-17T00:00:00,137.98,143.2,145.0,4509.0,1.19,1.15,4.2,1.55,NORMAL_STABLE,UNRESTRICTED_TRANSIT
HYD-BR-08-20260118,BR-08,Subansiri Hydro Gorge Bridge,Subansiri,Arunachal Pradesh,2026-01-18T00:00:00,140.21,143.2,145.0,6066.0,0.8,0.44,4.2,1.86,NORMAL_STABLE,UNRESTRICTED_TRANSIT
HYD-BR-08-20260119,BR-08,Subansiri Hydro Gorge Bridge,Subansiri,Arunachal Pradesh,2026-01-19T00:00:00,138.23,143.2,145.0,13075.0,2.15,0.51,4.2,2.5,NORMAL_STABLE,UNRESTRICTED_TRANSIT
HYD-BR-08-20260120,BR-08,Subansiri Hydro Gorge Bridge,Subansiri,Arunachal Pradesh,2026-01-20T00:00:00,138.51,143.2,145.0,5793.0,1.02,1.41,4.2,2.08,NORMAL_STABLE,UNRESTRICTED_TRANSIT
HYD-BR-08-20260121,BR-08,Subansiri Hydro Gorge Bridge,Subansiri,Arunachal Pradesh,2026-01-21T00:00:00,137.5,143.2,145.0,11754.0,2.04,0.9,4.2,3.68,NORMAL_STABLE,UNRESTRICTED_TRANSIT
HYD-BR-08-20260122,BR-08,Subansiri Hydro Gorge Bridge,Subansiri,Arunachal Pradesh,2026-01-22T00:00:00,139.26,143.2,145.0,8075.0,1.33,1.41,4.2,2.25,NORMAL_STABLE,UNRESTRICTED_TRANSIT
HYD-BR-08-20260123,BR-08,Subansiri Hydro Gorge Bridge,Subansiri,Arunachal Pradesh,2026-01-23T00:00:00,140.16,143.2,145.0,4126.0,1.88,0.9,4.2,2.45,NORMAL_STABLE,UNRESTRICTED_TRANSIT
HYD-BR-08-20260124,BR-08,Subansiri Hydro Gorge Bridge,Subansiri,Arunachal Pradesh,2026-01-24T00:00:00,137.66,143.2,145.0,4400.0,1.78,0.89,4.2,1.55,NORMAL_STABLE,UNRESTRICTED_TRANSIT
HYD-BR-08-20260125,BR-08,Subansiri Hydro Gorge Bridge,Subansiri,Arunachal Pradesh,2026-01-25T00:00:00,137.24,143.2,145.0,12873.0,1.66,0.88,4.2,1.82,NORMAL_STABLE,UNRESTRICTED_TRANSIT
HYD-BR-08-20260126,BR-08,Subansiri Hydro Gorge Bridge,Subansiri,Arunachal Pradesh,2026-01-26T00:00:00,139.35,143.2,145.0,3560.0,1.16,0.7,4.2,4.15,NORMAL_STABLE,UNRESTRICTED_TRANSIT
HYD-BR-08-20260127,BR-08,Subansiri Hydro Gorge Bridge,Subansiri,Arunachal Pradesh,2026-01-27T00:00:00,139.56,143.2,145.0,11279.0,1.45,1.18,4.2,2.44,NORMAL_STABLE,UNRESTRICTED_TRANSIT
HYD-BR-08-20260128,BR-08,Subansiri Hydro Gorge Bridge,Subansiri,Arunachal Pradesh,2026-01-28T00:00:00,140.7,143.2,145.0,3560.0,1.41,0.7,4.2,4.15,NORMAL_STABLE,UNRESTRICTED_TRANSIT
HYD-BR-08-20260129,BR-08,Subansiri Hydro Gorge Bridge,Subansiri,Arunachal Pradesh,2026-01-29T00:00:00,137.84,143.2,145.0,12503.0,2.1,0.76,4.2,2.84,NORMAL_STABLE,UNRESTRICTED_TRANSIT
HYD-BR-08-20260130,BR-08,Subansiri Hydro Gorge Bridge,Subansiri,Arunachal Pradesh,2026-01-30T00:00:00,137.98,143.2,145.0,4803.0,1.69,1.0,4.2,3.84,NORMAL_STABLE,UNRESTRICTED_TRANSIT
HYD-BR-08-20260131,BR-08,Subansiri Hydro Gorge Bridge,Subansiri,Arunachal Pradesh,2026-01-31T00:00:00,138.86,143.2,145.0,7649.0,1.63,1.48,4.2,2.59,NORMAL_STABLE,UNRESTRICTED_TRANSIT
HYD-BR-08-20260201,BR-08,Subansiri Hydro Gorge Bridge,Subansiri,Arunachal Pradesh,2026-02-01T00:00:00,139.32,143.2,145.0,11683.0,1.15,1.29,4.2,3.6,NORMAL_STABLE,UNRESTRICTED_TRANSIT
HYD-BR-08-20260202,BR-08,Subansiri Hydro Gorge Bridge,Subansiri,Arunachal Pradesh,2026-02-02T00:00:00,139.47,143.2,145.0,6668.0,2.14,1.06,4.2,3.28,NORMAL_STABLE,UNRESTRICTED_TRANSIT
HYD-BR-08-20260203,BR-08,Subansiri Hydro Gorge Bridge,Subansiri,Arunachal Pradesh,2026-02-03T00:00:00,138.69,143.2,145.0,6731.0,1.88,0.73,4.2,1.88,NORMAL_STABLE,UNRESTRICTED_TRANSIT
HYD-BR-08-20260204,BR-08,Subansiri Hydro Gorge Bridge,Subansiri,Arunachal Pradesh,2026-02-04T00:00:00,140.49,143.2,145.0,6901.0,1.61,0.67,4.2,3.71,NORMAL_STABLE,UNRESTRICTED_TRANSIT
HYD-BR-08-20260205,BR-08,Subansiri Hydro Gorge Bridge,Subansiri,Arunachal Pradesh,2026-02-05T00:00:00,138.74,143.2,145.0,9873.0,0.83,0.64,4.2,1.58,NORMAL_STABLE,UNRESTRICTED_TRANSIT
HYD-BR-08-20260206,BR-08,Subansiri Hydro Gorge Bridge,Subansiri,Arunachal Pradesh,2026-02-06T00:00:00,140.53,143.2,145.0,11264.0,1.18,0.35,4.2,3.29,NORMAL_STABLE,UNRESTRICTED_TRANSIT
HYD-BR-08-20260207,BR-08,Subansiri Hydro Gorge Bridge,Subansiri,Arunachal Pradesh,2026-02-07T00:00:00,137.32,143.2,145.0,7597.0,1.05,0.75,4.2,2.36,NORMAL_STABLE,UNRESTRICTED_TRANSIT
HYD-BR-08-20260208,BR-08,Subansiri Hydro Gorge Bridge,Subansiri,Arunachal Pradesh,2026-02-08T00:00:00,138.98,143.2,145.0,3130.0,1.3,0.66,4.2,2.15,NORMAL_STABLE,UNRESTRICTED_TRANSIT
HYD-BR-08-20260209,BR-08,Subansiri Hydro Gorge Bridge,Subansiri,Arunachal Pradesh,2026-02-09T00:00:00,138.2,143.2,145.0,13032.0,1.93,1.01,4.2,2.34,NORMAL_STABLE,UNRESTRICTED_TRANSIT
HYD-BR-08-20260210,BR-08,Subansiri Hydro Gorge Bridge,Subansiri,Arunachal Pradesh,2026-02-10T00:00:00,138.69,143.2,145.0,9878.0,0.85,0.74,4.2,1.59,NORMAL_STABLE,UNRESTRICTED_TRANSIT
HYD-BR-08-20260211,BR-08,Subansiri Hydro Gorge Bridge,Subansiri,Arunachal Pradesh,2026-02-11T00:00:00,140.57,143.2,145.0,13673.0,1.68,0.64,4.2,2.1,NORMAL_STABLE,UNRESTRICTED_TRANSIT
HYD-BR-08-20260212,BR-08,Subansiri Hydro Gorge Bridge,Subansiri,Arunachal Pradesh,2026-02-12T00:00:00,138.41,143.2,145.0,3770.0,0.96,1.25,4.2,3.45,NORMAL_STABLE,UNRESTRICTED_TRANSIT
HYD-BR-08-20260213,BR-08,Subansiri Hydro Gorge Bridge,Subansiri,Arunachal Pradesh,2026-02-13T00:00:00,138.91,143.2,145.0,4136.0,1.77,0.65,4.2,1.83,NORMAL_STABLE,UNRESTRICTED_TRANSIT
HYD-BR-08-20260214,BR-08,Subansiri Hydro Gorge Bridge,Subansiri,Arunachal Pradesh,2026-02-14T00:00:00,137.5,143.2,145.0,6276.0,1.44,0.77,4.2,2.92,NORMAL_STABLE,UNRESTRICTED_TRANSIT
HYD-BR-08-20260215,BR-08,Subansiri Hydro Gorge Bridge,Subansiri,Arunachal Pradesh,2026-02-15T00:00:00,140.0,143.2,145.0,5091.0,1.67,1.39,4.2,3.0,NORMAL_STABLE,UNRESTRICTED_TRANSIT
HYD-BR-08-20260216,BR-08,Subansiri Hydro Gorge Bridge,Subansiri,Arunachal Pradesh,2026-02-16T00:00:00,139.0,143.2,145.0,6617.0,0.98,1.42,4.2,3.95,NORMAL_STABLE,UNRESTRICTED_TRANSIT
HYD-BR-08-20260217,BR-08,Subansiri Hydro Gorge Bridge,Subansiri,Arunachal Pradesh,2026-02-17T00:00:00,139.4,143.2,145.0,11369.0,1.78,0.45,4.2,3.26,NORMAL_STABLE,UNRESTRICTED_TRANSIT
HYD-BR-08-20260218,BR-08,Subansiri Hydro Gorge Bridge,Subansiri,Arunachal Pradesh,2026-02-18T00:00:00,138.4,143.2,145.0,12302.0,1.23,0.53,4.2,3.27,NORMAL_STABLE,UNRESTRICTED_TRANSIT
HYD-BR-08-20260219,BR-08,Subansiri Hydro Gorge Bridge,Subansiri,Arunachal Pradesh,2026-02-19T00:00:00,139.55,143.2,145.0,10802.0,1.79,0.4,4.2,2.26,NORMAL_STABLE,UNRESTRICTED_TRANSIT
HYD-BR-08-20260220,BR-08,Subansiri Hydro Gorge Bridge,Subansiri,Arunachal Pradesh,2026-02-20T00:00:00,140.48,143.2,145.0,12054.0,1.35,0.95,4.2,3.02,NORMAL_STABLE,UNRESTRICTED_TRANSIT
HYD-BR-08-20260221,BR-08,Subansiri Hydro Gorge Bridge,Subansiri,Arunachal Pradesh,2026-02-21T00:00:00,140.41,143.2,145.0,3690.0,1.79,1.22,4.2,4.06,NORMAL_STABLE,UNRESTRICTED_TRANSIT
HYD-BR-08-20260222,BR-08,Subansiri Hydro Gorge Bridge,Subansiri,Arunachal Pradesh,2026-02-22T00:00:00,139.31,143.2,145.0,13894.0,1.75,0.95,4.2,2.55,NORMAL_STABLE,UNRESTRICTED_TRANSIT
HYD-BR-08-20260223,BR-08,Subansiri Hydro Gorge Bridge,Subansiri,Arunachal Pradesh,2026-02-23T00:00:00,140.33,143.2,145.0,10115.0,1.34,1.25,4.2,2.96,NORMAL_STABLE,UNRESTRICTED_TRANSIT
HYD-BR-08-20260224,BR-08,Subansiri Hydro Gorge Bridge,Subansiri,Arunachal Pradesh,2026-02-24T00:00:00,137.96,143.2,145.0,8161.0,0.82,1.46,4.2,2.63,NORMAL_STABLE,UNRESTRICTED_TRANSIT
HYD-BR-08-20260225,BR-08,Subansiri Hydro Gorge Bridge,Subansiri,Arunachal Pradesh,2026-02-25T00:00:00,137.64,143.2,145.0,3436.0,1.44,0.63,4.2,4.06,NORMAL_STABLE,UNRESTRICTED_TRANSIT
HYD-BR-08-20260226,BR-08,Subansiri Hydro Gorge Bridge,Subansiri,Arunachal Pradesh,2026-02-26T00:00:00,138.04,143.2,145.0,3745.0,1.88,1.03,4.2,4.16,NORMAL_STABLE,UNRESTRICTED_TRANSIT
HYD-BR-08-20260227,BR-08,Subansiri Hydro Gorge Bridge,Subansiri,Arunachal Pradesh,2026-02-27T00:00:00,139.7,143.2,145.0,13263.0,0.89,1.04,4.2,3.42,NORMAL_STABLE,UNRESTRICTED_TRANSIT
HYD-BR-08-20260228,BR-08,Subansiri Hydro Gorge Bridge,Subansiri,Arunachal Pradesh,2026-02-28T00:00:00,139.09,143.2,145.0,3664.0,1.82,0.59,4.2,2.45,NORMAL_STABLE,UNRESTRICTED_TRANSIT
HYD-BR-08-20260301,BR-08,Subansiri Hydro Gorge Bridge,Subansiri,Arunachal Pradesh,2026-03-01T00:00:00,138.61,143.2,145.0,10224.0,0.81,1.01,4.2,3.26,NORMAL_STABLE,UNRESTRICTED_TRANSIT
HYD-BR-08-20260302,BR-08,Subansiri Hydro Gorge Bridge,Subansiri,Arunachal Pradesh,2026-03-02T00:00:00,138.05,143.2,145.0,12386.0,1.75,0.81,4.2,3.49,NORMAL_STABLE,UNRESTRICTED_TRANSIT
HYD-BR-08-20260303,BR-08,Subansiri Hydro Gorge Bridge,Subansiri,Arunachal Pradesh,2026-03-03T00:00:00,139.96,143.2,145.0,5075.0,2.05,0.93,4.2,2.88,NORMAL_STABLE,UNRESTRICTED_TRANSIT
HYD-BR-08-20260304,BR-08,Subansiri Hydro Gorge Bridge,Subansiri,Arunachal Pradesh,2026-03-04T00:00:00,138.05,143.2,145.0,10799.0,1.54,0.94,4.2,2.46,NORMAL_STABLE,UNRESTRICTED_TRANSIT
HYD-BR-08-20260305,BR-08,Subansiri Hydro Gorge Bridge,Subansiri,Arunachal Pradesh,2026-03-05T00:00:00,138.45,143.2,145.0,7294.0,1.67,1.12,4.2,3.8,NORMAL_STABLE,UNRESTRICTED_TRANSIT
HYD-BR-08-20260306,BR-08,Subansiri Hydro Gorge Bridge,Subansiri,Arunachal Pradesh,2026-03-06T00:00:00,138.71,143.2,145.0,12724.0,1.87,1.38,4.2,2.52,NORMAL_STABLE,UNRESTRICTED_TRANSIT
HYD-BR-08-20260307,BR-08,Subansiri Hydro Gorge Bridge,Subansiri,Arunachal Pradesh,2026-03-07T00:00:00,139.06,143.2,145.0,12142.0,2.09,0.4,4.2,3.37,NORMAL_STABLE,UNRESTRICTED_TRANSIT
HYD-BR-08-20260308,BR-08,Subansiri Hydro Gorge Bridge,Subansiri,Arunachal Pradesh,2026-03-08T00:00:00,139.73,143.2,145.0,9560.0,0.97,0.32,4.2,4.02,NORMAL_STABLE,UNRESTRICTED_TRANSIT
HYD-BR-08-20260309,BR-08,Subansiri Hydro Gorge Bridge,Subansiri,Arunachal Pradesh,2026-03-09T00:00:00,138.55,143.2,145.0,3046.0,2.08,0.63,4.2,4.01,NORMAL_STABLE,UNRESTRICTED_TRANSIT
HYD-BR-08-20260310,BR-08,Subansiri Hydro Gorge Bridge,Subansiri,Arunachal Pradesh,2026-03-10T00:00:00,137.65,143.2,145.0,3642.0,2.19,1.39,4.2,2.23,NORMAL_STABLE,UNRESTRICTED_TRANSIT
HYD-BR-08-20260311,BR-08,Subansiri Hydro Gorge Bridge,Subansiri,Arunachal Pradesh,2026-03-11T00:00:00,138.42,143.2,145.0,5763.0,1.85,1.44,4.2,1.92,NORMAL_STABLE,UNRESTRICTED_TRANSIT
HYD-BR-08-20260312,BR-08,Subansiri Hydro Gorge Bridge,Subansiri,Arunachal Pradesh,2026-03-12T00:00:00,138.5,143.2,145.0,5047.0,1.61,1.04,4.2,3.05,NORMAL_STABLE,UNRESTRICTED_TRANSIT
HYD-BR-08-20260313,BR-08,Subansiri Hydro Gorge Bridge,Subansiri,Arunachal Pradesh,2026-03-13T00:00:00,139.59,143.2,145.0,8629.0,1.58,0.51,4.2,3.26,NORMAL_STABLE,UNRESTRICTED_TRANSIT
HYD-BR-08-20260314,BR-08,Subansiri Hydro Gorge Bridge,Subansiri,Arunachal Pradesh,2026-03-14T00:00:00,138.05,143.2,145.0,9819.0,1.09,0.66,4.2,2.63,NORMAL_STABLE,UNRESTRICTED_TRANSIT
HYD-BR-08-20260315,BR-08,Subansiri Hydro Gorge Bridge,Subansiri,Arunachal Pradesh,2026-03-15T00:00:00,140.16,143.2,145.0,12768.0,1.12,0.85,4.2,3.7,NORMAL_STABLE,UNRESTRICTED_TRANSIT
HYD-BR-08-20260316,BR-08,Subansiri Hydro Gorge Bridge,Subansiri,Arunachal Pradesh,2026-03-16T00:00:00,140.42,143.2,145.0,11182.0,1.32,0.37,4.2,2.07,NORMAL_STABLE,UNRESTRICTED_TRANSIT
HYD-BR-08-20260317,BR-08,Subansiri Hydro Gorge Bridge,Subansiri,Arunachal Pradesh,2026-03-17T00:00:00,137.48,143.2,145.0,11140.0,1.47,1.13,4.2,2.11,NORMAL_STABLE,UNRESTRICTED_TRANSIT
HYD-BR-08-20260318,BR-08,Subansiri Hydro Gorge Bridge,Subansiri,Arunachal Pradesh,2026-03-18T00:00:00,137.28,143.2,145.0,13523.0,1.06,0.87,4.2,3.98,NORMAL_STABLE,UNRESTRICTED_TRANSIT
HYD-BR-08-20260319,BR-08,Subansiri Hydro Gorge Bridge,Subansiri,Arunachal Pradesh,2026-03-19T00:00:00,139.55,143.2,145.0,9709.0,1.37,1.27,4.2,1.97,NORMAL_STABLE,UNRESTRICTED_TRANSIT
HYD-BR-08-20260320,BR-08,Subansiri Hydro Gorge Bridge,Subansiri,Arunachal Pradesh,2026-03-20T00:00:00,140.55,143.2,145.0,3359.0,1.32,1.06,4.2,3.73,NORMAL_STABLE,UNRESTRICTED_TRANSIT
HYD-BR-08-20260321,BR-08,Subansiri Hydro Gorge Bridge,Subansiri,Arunachal Pradesh,2026-03-21T00:00:00,139.06,143.2,145.0,10002.0,0.82,0.61,4.2,3.14,NORMAL_STABLE,UNRESTRICTED_TRANSIT
HYD-BR-08-20260322,BR-08,Subansiri Hydro Gorge Bridge,Subansiri,Arunachal Pradesh,2026-03-22T00:00:00,139.91,143.2,145.0,3695.0,1.2,0.65,4.2,2.27,NORMAL_STABLE,UNRESTRICTED_TRANSIT
HYD-BR-08-20260323,BR-08,Subansiri Hydro Gorge Bridge,Subansiri,Arunachal Pradesh,2026-03-23T00:00:00,138.88,143.2,145.0,11915.0,1.83,0.31,4.2,2.63,NORMAL_STABLE,UNRESTRICTED_TRANSIT
HYD-BR-08-20260324,BR-08,Subansiri Hydro Gorge Bridge,Subansiri,Arunachal Pradesh,2026-03-24T00:00:00,140.5,143.2,145.0,5980.0,1.53,0.8,4.2,2.14,NORMAL_STABLE,UNRESTRICTED_TRANSIT
HYD-BR-08-20260325,BR-08,Subansiri Hydro Gorge Bridge,Subansiri,Arunachal Pradesh,2026-03-25T00:00:00,138.3,143.2,145.0,8212.0,2.08,0.83,4.2,3.8,NORMAL_STABLE,UNRESTRICTED_TRANSIT
HYD-BR-08-20260326,BR-08,Subansiri Hydro Gorge Bridge,Subansiri,Arunachal Pradesh,2026-03-26T00:00:00,139.7,143.2,145.0,4841.0,1.65,0.32,4.2,3.42,NORMAL_STABLE,UNRESTRICTED_TRANSIT
HYD-BR-08-20260327,BR-08,Subansiri Hydro Gorge Bridge,Subansiri,Arunachal Pradesh,2026-03-27T00:00:00,137.35,143.2,145.0,13301.0,2.09,1.03,4.2,1.67,NORMAL_STABLE,UNRESTRICTED_TRANSIT
HYD-BR-08-20260328,BR-08,Subansiri Hydro Gorge Bridge,Subansiri,Arunachal Pradesh,2026-03-28T00:00:00,140.7,143.2,145.0,12759.0,1.68,0.71,4.2,2.23,NORMAL_STABLE,UNRESTRICTED_TRANSIT
HYD-BR-08-20260329,BR-08,Subansiri Hydro Gorge Bridge,Subansiri,Arunachal Pradesh,2026-03-29T00:00:00,138.83,143.2,145.0,9153.0,1.03,1.37,4.2,4.03,NORMAL_STABLE,UNRESTRICTED_TRANSIT
HYD-BR-08-20260330,BR-08,Subansiri Hydro Gorge Bridge,Subansiri,Arunachal Pradesh,2026-03-30T00:00:00,140.18,143.2,145.0,6915.0,0.86,0.71,4.2,2.18,NORMAL_STABLE,UNRESTRICTED_TRANSIT
HYD-BR-08-20260331,BR-08,Subansiri Hydro Gorge Bridge,Subansiri,Arunachal Pradesh,2026-03-31T00:00:00,138.8,143.2,145.0,9052.0,1.15,0.77,4.2,3.84,NORMAL_STABLE,UNRESTRICTED_TRANSIT
HYD-BR-08-20260401,BR-08,Subansiri Hydro Gorge Bridge,Subansiri,Arunachal Pradesh,2026-04-01T00:00:00,138.81,143.2,145.0,4564.0,1.75,0.89,4.2,1.54,NORMAL_STABLE,UNRESTRICTED_TRANSIT
HYD-BR-08-20260402,BR-08,Subansiri Hydro Gorge Bridge,Subansiri,Arunachal Pradesh,2026-04-02T00:00:00,139.6,143.2,145.0,9778.0,1.63,0.39,4.2,2.04,NORMAL_STABLE,UNRESTRICTED_TRANSIT
HYD-BR-08-20260403,BR-08,Subansiri Hydro Gorge Bridge,Subansiri,Arunachal Pradesh,2026-04-03T00:00:00,138.88,143.2,145.0,12064.0,1.25,0.54,4.2,2.49,NORMAL_STABLE,UNRESTRICTED_TRANSIT
HYD-BR-08-20260404,BR-08,Subansiri Hydro Gorge Bridge,Subansiri,Arunachal Pradesh,2026-04-04T00:00:00,138.55,143.2,145.0,13845.0,1.27,1.32,4.2,2.3,NORMAL_STABLE,UNRESTRICTED_TRANSIT
HYD-BR-08-20260405,BR-08,Subansiri Hydro Gorge Bridge,Subansiri,Arunachal Pradesh,2026-04-05T00:00:00,138.76,143.2,145.0,6375.0,1.06,0.49,4.2,2.65,NORMAL_STABLE,UNRESTRICTED_TRANSIT
HYD-BR-08-20260406,BR-08,Subansiri Hydro Gorge Bridge,Subansiri,Arunachal Pradesh,2026-04-06T00:00:00,138.35,143.2,145.0,9760.0,1.37,1.34,4.2,3.35,NORMAL_STABLE,UNRESTRICTED_TRANSIT
HYD-BR-08-20260407,BR-08,Subansiri Hydro Gorge Bridge,Subansiri,Arunachal Pradesh,2026-04-07T00:00:00,138.74,143.2,145.0,9182.0,1.28,0.48,4.2,2.65,NORMAL_STABLE,UNRESTRICTED_TRANSIT
HYD-BR-08-20260408,BR-08,Subansiri Hydro Gorge Bridge,Subansiri,Arunachal Pradesh,2026-04-08T00:00:00,138.86,143.2,145.0,10436.0,0.86,0.76,4.2,1.52,NORMAL_STABLE,UNRESTRICTED_TRANSIT
HYD-BR-08-20260409,BR-08,Subansiri Hydro Gorge Bridge,Subansiri,Arunachal Pradesh,2026-04-09T00:00:00,137.28,143.2,145.0,11349.0,1.29,0.73,4.2,1.72,NORMAL_STABLE,UNRESTRICTED_TRANSIT
HYD-BR-08-20260410,BR-08,Subansiri Hydro Gorge Bridge,Subansiri,Arunachal Pradesh,2026-04-10T00:00:00,140.63,143.2,145.0,4326.0,1.54,0.78,4.2,3.62,NORMAL_STABLE,UNRESTRICTED_TRANSIT
HYD-BR-08-20260411,BR-08,Subansiri Hydro Gorge Bridge,Subansiri,Arunachal Pradesh,2026-04-11T00:00:00,139.88,143.2,145.0,10429.0,2.11,0.65,4.2,1.72,NORMAL_STABLE,UNRESTRICTED_TRANSIT
HYD-BR-08-20260412,BR-08,Subansiri Hydro Gorge Bridge,Subansiri,Arunachal Pradesh,2026-04-12T00:00:00,140.47,143.2,145.0,8433.0,1.93,1.17,4.2,1.62,NORMAL_STABLE,UNRESTRICTED_TRANSIT
HYD-BR-08-20260413,BR-08,Subansiri Hydro Gorge Bridge,Subansiri,Arunachal Pradesh,2026-04-13T00:00:00,140.37,143.2,145.0,11353.0,1.31,1.35,4.2,1.93,NORMAL_STABLE,UNRESTRICTED_TRANSIT
HYD-BR-08-20260414,BR-08,Subansiri Hydro Gorge Bridge,Subansiri,Arunachal Pradesh,2026-04-14T00:00:00,139.04,143.2,145.0,8345.0,1.65,0.61,4.2,2.5,NORMAL_STABLE,UNRESTRICTED_TRANSIT
HYD-BR-08-20260415,BR-08,Subansiri Hydro Gorge Bridge,Subansiri,Arunachal Pradesh,2026-04-15T00:00:00,140.39,143.2,145.0,13720.0,2.14,0.3,4.2,3.57,NORMAL_STABLE,UNRESTRICTED_TRANSIT
HYD-BR-08-20260416,BR-08,Subansiri Hydro Gorge Bridge,Subansiri,Arunachal Pradesh,2026-04-16T00:00:00,138.29,143.2,145.0,9788.0,1.04,0.42,4.2,3.93,NORMAL_STABLE,UNRESTRICTED_TRANSIT
HYD-BR-08-20260417,BR-08,Subansiri Hydro Gorge Bridge,Subansiri,Arunachal Pradesh,2026-04-17T00:00:00,137.81,143.2,145.0,9344.0,1.79,1.05,4.2,3.05,NORMAL_STABLE,UNRESTRICTED_TRANSIT
HYD-BR-08-20260418,BR-08,Subansiri Hydro Gorge Bridge,Subansiri,Arunachal Pradesh,2026-04-18T00:00:00,139.42,143.2,145.0,4992.0,1.55,0.34,4.2,2.31,NORMAL_STABLE,UNRESTRICTED_TRANSIT
HYD-BR-08-20260419,BR-08,Subansiri Hydro Gorge Bridge,Subansiri,Arunachal Pradesh,2026-04-19T00:00:00,138.23,143.2,145.0,9106.0,1.35,1.25,4.2,3.8,NORMAL_STABLE,UNRESTRICTED_TRANSIT
HYD-BR-08-20260420,BR-08,Subansiri Hydro Gorge Bridge,Subansiri,Arunachal Pradesh,2026-04-20T00:00:00,137.31,143.2,145.0,6023.0,1.97,0.85,4.2,1.61,NORMAL_STABLE,UNRESTRICTED_TRANSIT
HYD-BR-08-20260421,BR-08,Subansiri Hydro Gorge Bridge,Subansiri,Arunachal Pradesh,2026-04-21T00:00:00,140.4,143.2,145.0,13072.0,1.38,1.45,4.2,3.38,NORMAL_STABLE,UNRESTRICTED_TRANSIT
HYD-BR-08-20260422,BR-08,Subansiri Hydro Gorge Bridge,Subansiri,Arunachal Pradesh,2026-04-22T00:00:00,138.17,143.2,145.0,6992.0,2.11,0.76,4.2,2.19,NORMAL_STABLE,UNRESTRICTED_TRANSIT
HYD-BR-08-20260423,BR-08,Subansiri Hydro Gorge Bridge,Subansiri,Arunachal Pradesh,2026-04-23T00:00:00,138.47,143.2,145.0,7519.0,2.06,0.42,4.2,2.89,NORMAL_STABLE,UNRESTRICTED_TRANSIT
HYD-BR-08-20260424,BR-08,Subansiri Hydro Gorge Bridge,Subansiri,Arunachal Pradesh,2026-04-24T00:00:00,137.86,143.2,145.0,8685.0,1.09,0.3,4.2,1.99,NORMAL_STABLE,UNRESTRICTED_TRANSIT
HYD-BR-08-20260425,BR-08,Subansiri Hydro Gorge Bridge,Subansiri,Arunachal Pradesh,2026-04-25T00:00:00,138.5,143.2,145.0,9968.0,1.71,0.34,4.2,1.98,NORMAL_STABLE,UNRESTRICTED_TRANSIT
HYD-BR-08-20260426,BR-08,Subansiri Hydro Gorge Bridge,Subansiri,Arunachal Pradesh,2026-04-26T00:00:00,139.35,143.2,145.0,4870.0,0.9,0.48,4.2,3.12,NORMAL_STABLE,UNRESTRICTED_TRANSIT
HYD-BR-08-20260427,BR-08,Subansiri Hydro Gorge Bridge,Subansiri,Arunachal Pradesh,2026-04-27T00:00:00,138.41,143.2,145.0,4927.0,2.03,0.61,4.2,2.84,NORMAL_STABLE,UNRESTRICTED_TRANSIT
HYD-BR-08-20260428,BR-08,Subansiri Hydro Gorge Bridge,Subansiri,Arunachal Pradesh,2026-04-28T00:00:00,138.93,143.2,145.0,13336.0,1.85,1.05,4.2,2.55,NORMAL_STABLE,UNRESTRICTED_TRANSIT
HYD-BR-08-20260429,BR-08,Subansiri Hydro Gorge Bridge,Subansiri,Arunachal Pradesh,2026-04-29T00:00:00,138.06,143.2,145.0,4153.0,0.97,0.69,4.2,1.77,NORMAL_STABLE,UNRESTRICTED_TRANSIT
HYD-BR-08-20260430,BR-08,Subansiri Hydro Gorge Bridge,Subansiri,Arunachal Pradesh,2026-04-30T00:00:00,138.06,143.2,145.0,13728.0,1.75,0.62,4.2,2.72,NORMAL_STABLE,UNRESTRICTED_TRANSIT
HYD-BR-08-20260501,BR-08,Subansiri Hydro Gorge Bridge,Subansiri,Arunachal Pradesh,2026-05-01T00:00:00,139.93,143.2,145.0,5631.0,1.89,1.15,4.2,1.68,NORMAL_STABLE,UNRESTRICTED_TRANSIT
HYD-BR-08-20260502,BR-08,Subansiri Hydro Gorge Bridge,Subansiri,Arunachal Pradesh,2026-05-02T00:00:00,140.24,143.2,145.0,11623.0,1.45,1.04,4.2,2.58,NORMAL_STABLE,UNRESTRICTED_TRANSIT
HYD-BR-08-20260503,BR-08,Subansiri Hydro Gorge Bridge,Subansiri,Arunachal Pradesh,2026-05-03T00:00:00,138.62,143.2,145.0,5144.0,0.95,0.47,4.2,2.14,NORMAL_STABLE,UNRESTRICTED_TRANSIT
HYD-BR-08-20260504,BR-08,Subansiri Hydro Gorge Bridge,Subansiri,Arunachal Pradesh,2026-05-04T00:00:00,140.25,143.2,145.0,11614.0,1.26,0.46,4.2,2.8,NORMAL_STABLE,UNRESTRICTED_TRANSIT
HYD-BR-08-20260505,BR-08,Subansiri Hydro Gorge Bridge,Subansiri,Arunachal Pradesh,2026-05-05T00:00:00,138.75,143.2,145.0,12741.0,1.01,0.39,4.2,1.67,NORMAL_STABLE,UNRESTRICTED_TRANSIT
HYD-BR-08-20260506,BR-08,Subansiri Hydro Gorge Bridge,Subansiri,Arunachal Pradesh,2026-05-06T00:00:00,139.98,143.2,145.0,8426.0,1.62,1.0,4.2,3.9,NORMAL_STABLE,UNRESTRICTED_TRANSIT
HYD-BR-08-20260507,BR-08,Subansiri Hydro Gorge Bridge,Subansiri,Arunachal Pradesh,2026-05-07T00:00:00,138.39,143.2,145.0,13142.0,1.92,0.35,4.2,3.93,NORMAL_STABLE,UNRESTRICTED_TRANSIT
HYD-BR-08-20260508,BR-08,Subansiri Hydro Gorge Bridge,Subansiri,Arunachal Pradesh,2026-05-08T00:00:00,138.55,143.2,145.0,9106.0,0.96,1.2,4.2,2.71,NORMAL_STABLE,UNRESTRICTED_TRANSIT
HYD-BR-08-20260509,BR-08,Subansiri Hydro Gorge Bridge,Subansiri,Arunachal Pradesh,2026-05-09T00:00:00,139.46,143.2,145.0,5443.0,1.1,0.78,4.2,2.64,NORMAL_STABLE,UNRESTRICTED_TRANSIT
HYD-BR-08-20260510,BR-08,Subansiri Hydro Gorge Bridge,Subansiri,Arunachal Pradesh,2026-05-10T00:00:00,138.31,143.2,145.0,3385.0,2.02,1.09,4.2,3.67,NORMAL_STABLE,UNRESTRICTED_TRANSIT
HYD-BR-08-20260511,BR-08,Subansiri Hydro Gorge Bridge,Subansiri,Arunachal Pradesh,2026-05-11T00:00:00,138.27,143.2,145.0,9948.0,1.64,0.31,4.2,3.62,NORMAL_STABLE,UNRESTRICTED_TRANSIT
HYD-BR-08-20260512,BR-08,Subansiri Hydro Gorge Bridge,Subansiri,Arunachal Pradesh,2026-05-12T00:00:00,137.59,143.2,145.0,7321.0,1.65,1.42,4.2,3.77,NORMAL_STABLE,UNRESTRICTED_TRANSIT
HYD-BR-08-20260513,BR-08,Subansiri Hydro Gorge Bridge,Subansiri,Arunachal Pradesh,2026-05-13T00:00:00,137.83,143.2,145.0,7456.0,1.03,0.89,4.2,1.94,NORMAL_STABLE,UNRESTRICTED_TRANSIT
HYD-BR-08-20260514,BR-08,Subansiri Hydro Gorge Bridge,Subansiri,Arunachal Pradesh,2026-05-14T00:00:00,139.33,143.2,145.0,12275.0,0.98,0.33,4.2,3.46,NORMAL_STABLE,UNRESTRICTED_TRANSIT
HYD-BR-08-20260515,BR-08,Subansiri Hydro Gorge Bridge,Subansiri,Arunachal Pradesh,2026-05-15T00:00:00,139.99,143.2,145.0,5987.0,2.04,1.47,4.2,1.68,NORMAL_STABLE,UNRESTRICTED_TRANSIT
HYD-BR-08-20260516,BR-08,Subansiri Hydro Gorge Bridge,Subansiri,Arunachal Pradesh,2026-05-16T00:00:00,138.47,143.2,145.0,12095.0,1.62,0.45,4.2,1.89,NORMAL_STABLE,UNRESTRICTED_TRANSIT
HYD-BR-08-20260517,BR-08,Subansiri Hydro Gorge Bridge,Subansiri,Arunachal Pradesh,2026-05-17T00:00:00,139.28,143.2,145.0,8321.0,1.06,1.32,4.2,1.53,NORMAL_STABLE,UNRESTRICTED_TRANSIT
HYD-BR-08-20260518,BR-08,Subansiri Hydro Gorge Bridge,Subansiri,Arunachal Pradesh,2026-05-18T00:00:00,139.06,143.2,145.0,8536.0,2.06,0.86,4.2,2.21,NORMAL_STABLE,UNRESTRICTED_TRANSIT
HYD-BR-08-20260519,BR-08,Subansiri Hydro Gorge Bridge,Subansiri,Arunachal Pradesh,2026-05-19T00:00:00,139.11,143.2,145.0,13200.0,1.11,1.25,4.2,4.03,NORMAL_STABLE,UNRESTRICTED_TRANSIT
HYD-BR-08-20260520,BR-08,Subansiri Hydro Gorge Bridge,Subansiri,Arunachal Pradesh,2026-05-20T00:00:00,138.62,143.2,145.0,9890.0,1.96,0.8,4.2,1.76,NORMAL_STABLE,UNRESTRICTED_TRANSIT
HYD-BR-08-20260521,BR-08,Subansiri Hydro Gorge Bridge,Subansiri,Arunachal Pradesh,2026-05-21T00:00:00,137.52,143.2,145.0,12990.0,1.83,0.97,4.2,4.14,NORMAL_STABLE,UNRESTRICTED_TRANSIT
HYD-BR-08-20260522,BR-08,Subansiri Hydro Gorge Bridge,Subansiri,Arunachal Pradesh,2026-05-22T00:00:00,137.93,143.2,145.0,8104.0,0.82,0.82,4.2,1.87,NORMAL_STABLE,UNRESTRICTED_TRANSIT
HYD-BR-08-20260523,BR-08,Subansiri Hydro Gorge Bridge,Subansiri,Arunachal Pradesh,2026-05-23T00:00:00,139.06,143.2,145.0,9924.0,2.14,1.33,4.2,4.06,NORMAL_STABLE,UNRESTRICTED_TRANSIT
HYD-BR-08-20260524,BR-08,Subansiri Hydro Gorge Bridge,Subansiri,Arunachal Pradesh,2026-05-24T00:00:00,137.41,143.2,145.0,5993.0,1.02,0.38,4.2,2.43,NORMAL_STABLE,UNRESTRICTED_TRANSIT
HYD-BR-08-20260525,BR-08,Subansiri Hydro Gorge Bridge,Subansiri,Arunachal Pradesh,2026-05-25T00:00:00,140.41,143.2,145.0,3271.0,1.8,1.23,4.2,2.17,NORMAL_STABLE,UNRESTRICTED_TRANSIT
HYD-BR-08-20260526,BR-08,Subansiri Hydro Gorge Bridge,Subansiri,Arunachal Pradesh,2026-05-26T00:00:00,138.44,143.2,145.0,3808.0,1.46,1.17,4.2,3.12,NORMAL_STABLE,UNRESTRICTED_TRANSIT
HYD-BR-08-20260527,BR-08,Subansiri Hydro Gorge Bridge,Subansiri,Arunachal Pradesh,2026-05-27T00:00:00,137.55,143.2,145.0,12901.0,0.97,0.71,4.2,2.1,NORMAL_STABLE,UNRESTRICTED_TRANSIT
HYD-BR-08-20260528,BR-08,Subansiri Hydro Gorge Bridge,Subansiri,Arunachal Pradesh,2026-05-28T00:00:00,139.52,143.2,145.0,6230.0,0.85,0.38,4.2,4.17,NORMAL_STABLE,UNRESTRICTED_TRANSIT
HYD-BR-08-20260529,BR-08,Subansiri Hydro Gorge Bridge,Subansiri,Arunachal Pradesh,2026-05-29T00:00:00,138.68,143.2,145.0,10044.0,0.89,1.47,4.2,3.18,NORMAL_STABLE,UNRESTRICTED_TRANSIT
HYD-BR-08-20260530,BR-08,Subansiri Hydro Gorge Bridge,Subansiri,Arunachal Pradesh,2026-05-30T00:00:00,140.44,143.2,145.0,5778.0,1.46,0.95,4.2,1.86,NORMAL_STABLE,UNRESTRICTED_TRANSIT
HYD-BR-08-20260531,BR-08,Subansiri Hydro Gorge Bridge,Subansiri,Arunachal Pradesh,2026-05-31T00:00:00,140.21,143.2,145.0,13977.0,1.18,0.99,4.2,3.19,NORMAL_STABLE,UNRESTRICTED_TRANSIT
