record_id,district_id,district_name,state,latitude,longitude,year,month,monthly_normal_mm,actual_rainfall_mm,deviation_pct,max_24h_rainfall_mm,cloudburst_events_count,monsoon_intensity_tier,mean_temp_c,humidity_pct,soil_saturation_index
MET-AS-KAM-2015-01,AS-KAM,Kamrup Metropolitan (Guwahati),Assam,26.14,91.73,2015,1,27.3,23.0,-15.8,14.9,0,DRY_PERIOD,21.5,63.4,0.391
MET-AS-KAM-2015-02,AS-KAM,Kamrup Metropolitan (Guwahati),Assam,26.14,91.73,2015,2,27.3,21.7,-20.5,10.8,0,DRY_PERIOD,24.0,67.2,0.369
MET-AS-KAM-2015-03,AS-KAM,Kamrup Metropolitan (Guwahati),Assam,26.14,91.73,2015,3,27.3,20.5,-24.9,10.0,0,DRY_PERIOD,27.2,71.5,0.348
MET-AS-KAM-2015-04,AS-KAM,Kamrup Metropolitan (Guwahati),Assam,26.14,91.73,2015,4,109.2,97.7,-10.5,49.6,0,MODERATE_SHOWERS,28.9,76.2,0.585
MET-AS-KAM-2015-05,AS-KAM,Kamrup Metropolitan (Guwahati),Assam,26.14,91.73,2015,5,254.8,183.2,-28.1,45.0,0,MODERATE_SHOWERS,26.4,76.4,0.47
MET-AS-KAM-2015-06,AS-KAM,Kamrup Metropolitan (Guwahati),Assam,26.14,91.73,2015,6,400.4,505.6,26.3,176.9,1,SEVERE_MONSOON_BURST,26.9,99.0,0.826
MET-AS-KAM-2015-07,AS-KAM,Kamrup Metropolitan (Guwahati),Assam,26.14,91.73,2015,7,400.4,299.3,-25.2,76.3,0,HEAVY_MONSOON,25.8,93.3,0.489
MET-AS-KAM-2015-08,AS-KAM,Kamrup Metropolitan (Guwahati),Assam,26.14,91.73,2015,8,400.4,510.8,27.6,215.6,1,SEVERE_MONSOON_BURST,28.1,97.0,0.834
MET-AS-KAM-2015-09,AS-KAM,Kamrup Metropolitan (Guwahati),Assam,26.14,91.73,2015,9,254.8,266.4,4.6,89.0,0,HEAVY_MONSOON,27.8,82.3,0.684
MET-AS-KAM-2015-10,AS-KAM,Kamrup Metropolitan (Guwahati),Assam,26.14,91.73,2015,10,109.2,173.8,59.2,66.4,0,MODERATE_SHOWERS,28.7,81.8,1.0
MET-AS-KAM-2015-11,AS-KAM,Kamrup Metropolitan (Guwahati),Assam,26.14,91.73,2015,11,27.3,44.6,63.4,33.4,0,DRY_PERIOD,25.9,60.2,0.758
MET-AS-KAM-2015-12,AS-KAM,Kamrup Metropolitan (Guwahati),Assam,26.14,91.73,2015,12,27.3,47.1,72.5,26.6,0,DRY_PERIOD,21.5,67.3,0.801
MET-AS-KAM-2016-01,AS-KAM,Kamrup Metropolitan (Guwahati),Assam,26.14,91.73,2016,1,27.3,30.9,13.2,22.8,0,DRY_PERIOD,23.7,69.4,0.525
MET-AS-KAM-2016-02,AS-KAM,Kamrup Metropolitan (Guwahati),Assam,26.14,91.73,2016,2,27.3,41.4,51.6,31.2,0,DRY_PERIOD,23.8,70.3,0.704
MET-AS-KAM-2016-03,AS-KAM,Kamrup Metropolitan (Guwahati),Assam,26.14,91.73,2016,3,27.3,30.0,9.9,12.7,0,DRY_PERIOD,26.2,63.1,0.51
MET-AS-KAM-2016-04,AS-KAM,Kamrup Metropolitan (Guwahati),Assam,26.14,91.73,2016,4,109.2,155.1,42.0,62.2,0,MODERATE_SHOWERS,27.3,78.5,0.929
MET-AS-KAM-2016-05,AS-KAM,Kamrup Metropolitan (Guwahati),Assam,26.14,91.73,2016,5,254.8,257.7,1.1,79.1,0,HEAVY_MONSOON,28.5,77.1,0.661
MET-AS-KAM-2016-06,AS-KAM,Kamrup Metropolitan (Guwahati),Assam,26.14,91.73,2016,6,400.4,492.4,23.0,192.8,0,SEVERE_MONSOON_BURST,28.5,99.0,0.804
MET-AS-KAM-2016-07,AS-KAM,Kamrup Metropolitan (Guwahati),Assam,26.14,91.73,2016,7,400.4,269.1,-32.8,100.3,0,HEAVY_MONSOON,28.9,78.4,0.439
MET-AS-KAM-2016-08,AS-KAM,Kamrup Metropolitan (Guwahati),Assam,26.14,91.73,2016,8,400.4,474.7,18.6,201.8,0,SEVERE_MONSOON_BURST,26.2,99.0,0.775
MET-AS-KAM-2016-09,AS-KAM,Kamrup Metropolitan (Guwahati),Assam,26.14,91.73,2016,9,254.8,359.9,41.2,147.0,0,HEAVY_MONSOON,26.3,93.7,0.924
MET-AS-KAM-2016-10,AS-KAM,Kamrup Metropolitan (Guwahati),Assam,26.14,91.73,2016,10,109.2,118.2,8.2,49.9,0,MODERATE_SHOWERS,25.8,75.2,0.708
MET-AS-KAM-2016-11,AS-KAM,Kamrup Metropolitan (Guwahati),Assam,26.14,91.73,2016,11,27.3,25.8,-5.5,17.1,0,DRY_PERIOD,27.9,61.3,0.439
MET-AS-KAM-2016-12,AS-KAM,Kamrup Metropolitan (Guwahati),Assam,26.14,91.73,2016,12,27.3,53.1,94.5,37.0,0,DRY_PERIOD,23.8,73.7,0.903
MET-AS-KAM-2017-01,AS-KAM,Kamrup Metropolitan (Guwahati),Assam,26.14,91.73,2017,1,27.3,34.7,27.1,26.7,0,DRY_PERIOD,24.5,59.0,0.59
MET-AS-KAM-2017-02,AS-KAM,Kamrup Metropolitan (Guwahati),Assam,26.14,91.73,2017,2,27.3,36.9,35.2,28.5,0,DRY_PERIOD,23.2,58.5,0.627
MET-AS-KAM-2017-03,AS-KAM,Kamrup Metropolitan (Guwahati),Assam,26.14,91.73,2017,3,27.3,18.0,-34.1,13.3,0,DRY_PERIOD,27.5,61.9,0.306
MET-AS-KAM-2017-04,AS-KAM,Kamrup Metropolitan (Guwahati),Assam,26.14,91.73,2017,4,109.2,108.9,-0.3,81.4,0,MODERATE_SHOWERS,27.6,74.9,0.652
MET-AS-KAM-2017-05,AS-KAM,Kamrup Metropolitan (Guwahati),Assam,26.14,91.73,2017,5,254.8,371.2,45.7,163.4,0,SEVERE_MONSOON_BURST,26.3,96.6,0.953
MET-AS-KAM-2017-06,AS-KAM,Kamrup Metropolitan (Guwahati),Assam,26.14,91.73,2017,6,400.4,314.6,-21.4,88.2,0,HEAVY_MONSOON,28.9,81.0,0.514
MET-AS-KAM-2017-07,AS-KAM,Kamrup Metropolitan (Guwahati),Assam,26.14,91.73,2017,7,400.4,336.7,-15.9,99.3,0,HEAVY_MONSOON,28.7,84.5,0.55
MET-AS-KAM-2017-08,AS-KAM,Kamrup Metropolitan (Guwahati),Assam,26.14,91.73,2017,8,400.4,568.6,42.0,193.3,0,SEVERE_MONSOON_BURST,25.6,99.0,0.929
MET-AS-KAM-2017-09,AS-KAM,Kamrup Metropolitan (Guwahati),Assam,26.14,91.73,2017,9,254.8,365.7,43.5,99.2,0,HEAVY_MONSOON,28.7,95.3,0.938
MET-AS-KAM-2017-10,AS-KAM,Kamrup Metropolitan (Guwahati),Assam,26.14,91.73,2017,10,109.2,138.7,27.0,30.4,0,MODERATE_SHOWERS,25.6,67.1,0.83
MET-AS-KAM-2017-11,AS-KAM,Kamrup Metropolitan (Guwahati),Assam,26.14,91.73,2017,11,27.3,21.9,-19.8,16.2,0,DRY_PERIOD,27.8,60.8,0.372
MET-AS-KAM-2017-12,AS-KAM,Kamrup Metropolitan (Guwahati),Assam,26.14,91.73,2017,12,27.3,19.5,-28.6,14.1,0,DRY_PERIOD,24.6,61.1,0.332
MET-AS-KAM-2018-01,AS-KAM,Kamrup Metropolitan (Guwahati),Assam,26.14,91.73,2018,1,27.3,45.2,65.6,33.4,0,DRY_PERIOD,22.1,62.0,0.768
MET-AS-KAM-2018-02,AS-KAM,Kamrup Metropolitan (Guwahati),Assam,26.14,91.73,2018,2,27.3,47.9,75.5,36.9,0,DRY_PERIOD,23.6,73.3,0.814
MET-AS-KAM-2018-03,AS-KAM,Kamrup Metropolitan (Guwahati),Assam,26.14,91.73,2018,3,27.3,44.8,64.1,35.5,0,DRY_PERIOD,28.8,67.8,0.762
MET-AS-KAM-2018-04,AS-KAM,Kamrup Metropolitan (Guwahati),Assam,26.14,91.73,2018,4,109.2,131.0,20.0,87.0,0,MODERATE_SHOWERS,28.3,77.5,0.784
MET-AS-KAM-2018-05,AS-KAM,Kamrup Metropolitan (Guwahati),Assam,26.14,91.73,2018,5,254.8,259.8,2.0,93.7,0,HEAVY_MONSOON,27.1,78.6,0.667
MET-AS-KAM-2018-06,AS-KAM,Kamrup Metropolitan (Guwahati),Assam,26.14,91.73,2018,6,400.4,296.8,-25.9,70.7,0,HEAVY_MONSOON,27.3,89.0,0.485
MET-AS-KAM-2018-07,AS-KAM,Kamrup Metropolitan (Guwahati),Assam,26.14,91.73,2018,7,400.4,264.5,-33.9,85.4,0,HEAVY_MONSOON,26.9,81.2,0.432
MET-AS-KAM-2018-08,AS-KAM,Kamrup Metropolitan (Guwahati),Assam,26.14,91.73,2018,8,400.4,314.0,-21.6,126.9,1,HEAVY_MONSOON,25.5,92.6,0.513
MET-AS-KAM-2018-09,AS-KAM,Kamrup Metropolitan (Guwahati),Assam,26.14,91.73,2018,9,254.8,203.9,-20.0,64.6,0,MODERATE_SHOWERS,28.4,83.1,0.523
MET-AS-KAM-2018-10,AS-KAM,Kamrup Metropolitan (Guwahati),Assam,26.14,91.73,2018,10,109.2,158.4,45.1,45.1,0,MODERATE_SHOWERS,26.3,75.5,0.948
MET-AS-KAM-2018-11,AS-KAM,Kamrup Metropolitan (Guwahati),Assam,26.14,91.73,2018,11,27.3,40.8,49.5,22.4,0,DRY_PERIOD,28.7,61.5,0.694
MET-AS-KAM-2018-12,AS-KAM,Kamrup Metropolitan (Guwahati),Assam,26.14,91.73,2018,12,27.3,48.2,76.6,33.2,0,DRY_PERIOD,24.6,65.2,0.819
MET-AS-KAM-2019-01,AS-KAM,Kamrup Metropolitan (Guwahati),Assam,26.14,91.73,2019,1,27.3,51.1,87.2,22.8,0,DRY_PERIOD,22.3,72.7,0.869
MET-AS-KAM-2019-02,AS-KAM,Kamrup Metropolitan (Guwahati),Assam,26.14,91.73,2019,2,27.3,29.2,7.0,13.3,0,DRY_PERIOD,23.9,62.6,0.496
MET-AS-KAM-2019-03,AS-KAM,Kamrup Metropolitan (Guwahati),Assam,26.14,91.73,2019,3,27.3,20.0,-26.7,12.4,0,DRY_PERIOD,27.8,64.2,0.34
MET-AS-KAM-2019-04,AS-KAM,Kamrup Metropolitan (Guwahati),Assam,26.14,91.73,2019,4,109.2,116.6,6.8,85.0,0,MODERATE_SHOWERS,25.6,76.4,0.698
MET-AS-KAM-2019-05,AS-KAM,Kamrup Metropolitan (Guwahati),Assam,26.14,91.73,2019,5,254.8,223.4,-12.3,82.7,0,MODERATE_SHOWERS,26.8,75.2,0.573
MET-AS-KAM-2019-06,AS-KAM,Kamrup Metropolitan (Guwahati),Assam,26.14,91.73,2019,6,400.4,510.7,27.5,205.7,0,SEVERE_MONSOON_BURST,25.8,99.0,0.834
MET-AS-KAM-2019-07,AS-KAM,Kamrup Metropolitan (Guwahati),Assam,26.14,91.73,2019,7,400.4,293.6,-26.7,87.6,0,HEAVY_MONSOON,25.7,89.7,0.479
MET-AS-KAM-2019-08,AS-KAM,Kamrup Metropolitan (Guwahati),Assam,26.14,91.73,2019,8,400.4,408.1,1.9,155.8,1,SEVERE_MONSOON_BURST,29.0,89.0,0.666
MET-AS-KAM-2019-09,AS-KAM,Kamrup Metropolitan (Guwahati),Assam,26.14,91.73,2019,9,254.8,356.9,40.1,147.7,0,HEAVY_MONSOON,27.0,91.5,0.916
MET-AS-KAM-2019-10,AS-KAM,Kamrup Metropolitan (Guwahati),Assam,26.14,91.73,2019,10,109.2,159.7,46.2,37.3,0,MODERATE_SHOWERS,28.0,68.0,0.956
MET-AS-KAM-2019-11,AS-KAM,Kamrup Metropolitan (Guwahati),Assam,26.14,91.73,2019,11,27.3,50.9,86.4,34.2,0,DRY_PERIOD,28.8,65.1,0.865
MET-AS-KAM-2019-12,AS-KAM,Kamrup Metropolitan (Guwahati),Assam,26.14,91.73,2019,12,27.3,25.4,-7.0,15.8,0,DRY_PERIOD,22.5,68.1,0.432
MET-AS-KAM-2020-01,AS-KAM,Kamrup Metropolitan (Guwahati),Assam,26.14,91.73,2020,1,27.3,24.5,-10.3,11.9,0,DRY_PERIOD,23.1,65.7,0.416
MET-AS-KAM-2020-02,AS-KAM,Kamrup Metropolitan (Guwahati),Assam,26.14,91.73,2020,2,27.3,20.9,-23.4,14.3,0,DRY_PERIOD,22.2,60.7,0.355
MET-AS-KAM-2020-03,AS-KAM,Kamrup Metropolitan (Guwahati),Assam,26.14,91.73,2020,3,27.3,32.0,17.2,24.0,0,DRY_PERIOD,27.7,68.0,0.544
MET-AS-KAM-2020-04,AS-KAM,Kamrup Metropolitan (Guwahati),Assam,26.14,91.73,2020,4,109.2,118.7,8.7,73.8,0,MODERATE_SHOWERS,28.9,77.2,0.711
MET-AS-KAM-2020-05,AS-KAM,Kamrup Metropolitan (Guwahati),Assam,26.14,91.73,2020,5,254.8,330.1,29.6,78.2,0,HEAVY_MONSOON,26.7,86.8,0.847
MET-AS-KAM-2020-06,AS-KAM,Kamrup Metropolitan (Guwahati),Assam,26.14,91.73,2020,6,400.4,312.8,-21.9,116.8,0,HEAVY_MONSOON,26.1,80.5,0.511
MET-AS-KAM-2020-07,AS-KAM,Kamrup Metropolitan (Guwahati),Assam,26.14,91.73,2020,7,400.4,487.2,21.7,104.4,0,HEAVY_MONSOON,26.2,99.0,0.796
MET-AS-KAM-2020-08,AS-KAM,Kamrup Metropolitan (Guwahati),Assam,26.14,91.73,2020,8,400.4,477.5,19.3,97.6,0,HEAVY_MONSOON,26.4,99.0,0.78
MET-AS-KAM-2020-09,AS-KAM,Kamrup Metropolitan (Guwahati),Assam,26.14,91.73,2020,9,254.8,319.3,25.3,61.7,0,HEAVY_MONSOON,28.0,86.6,0.819
MET-AS-KAM-2020-10,AS-KAM,Kamrup Metropolitan (Guwahati),Assam,26.14,91.73,2020,10,109.2,125.7,15.1,47.3,0,MODERATE_SHOWERS,28.4,67.9,0.753
MET-AS-KAM-2020-11,AS-KAM,Kamrup Metropolitan (Guwahati),Assam,26.14,91.73,2020,11,27.3,34.8,27.5,26.5,0,DRY_PERIOD,25.1,57.8,0.592
MET-AS-KAM-2020-12,AS-KAM,Kamrup Metropolitan (Guwahati),Assam,26.14,91.73,2020,12,27.3,39.8,45.8,27.3,0,DRY_PERIOD,23.5,69.9,0.677
MET-AS-KAM-2021-01,AS-KAM,Kamrup Metropolitan (Guwahati),Assam,26.14,91.73,2021,1,27.3,12.7,-53.5,6.1,0,DRY_PERIOD,21.6,57.3,0.216
MET-AS-KAM-2021-02,AS-KAM,Kamrup Metropolitan (Guwahati),Assam,26.14,91.73,2021,2,27.3,31.2,14.3,17.8,0,DRY_PERIOD,23.6,61.9,0.53
MET-AS-KAM-2021-03,AS-KAM,Kamrup Metropolitan (Guwahati),Assam,26.14,91.73,2021,3,27.3,40.6,48.7,18.5,0,DRY_PERIOD,28.8,70.8,0.69
MET-AS-KAM-2021-04,AS-KAM,Kamrup Metropolitan (Guwahati),Assam,26.14,91.73,2021,4,109.2,139.4,27.7,69.5,0,MODERATE_SHOWERS,26.4,77.4,0.835
MET-AS-KAM-2021-05,AS-KAM,Kamrup Metropolitan (Guwahati),Assam,26.14,91.73,2021,5,254.8,310.4,21.8,138.8,0,HEAVY_MONSOON,28.7,89.3,0.797
MET-AS-KAM-2021-06,AS-KAM,Kamrup Metropolitan (Guwahati),Assam,26.14,91.73,2021,6,400.4,465.5,16.3,205.6,0,SEVERE_MONSOON_BURST,27.1,92.7,0.76
MET-AS-KAM-2021-07,AS-KAM,Kamrup Metropolitan (Guwahati),Assam,26.14,91.73,2021,7,400.4,478.6,19.5,162.5,0,SEVERE_MONSOON_BURST,27.1,94.3,0.782
MET-AS-KAM-2021-08,AS-KAM,Kamrup Metropolitan (Guwahati),Assam,26.14,91.73,2021,8,400.4,333.9,-16.6,77.7,0,HEAVY_MONSOON,27.6,94.9,0.545
MET-AS-KAM-2021-09,AS-KAM,Kamrup Metropolitan (Guwahati),Assam,26.14,91.73,2021,9,254.8,325.5,27.7,96.8,0,HEAVY_MONSOON,27.2,93.2,0.835
MET-AS-KAM-2021-10,AS-KAM,Kamrup Metropolitan (Guwahati),Assam,26.14,91.73,2021,10,109.2,141.2,29.3,46.0,0,MODERATE_SHOWERS,27.7,72.3,0.845
MET-AS-KAM-2021-11,AS-KAM,Kamrup Metropolitan (Guwahati),Assam,26.14,91.73,2021,11,27.3,12.2,-55.3,7.3,0,DRY_PERIOD,25.6,68.6,0.207
MET-AS-KAM-2021-12,AS-KAM,Kamrup Metropolitan (Guwahati),Assam,26.14,91.73,2021,12,27.3,55.4,102.9,34.5,0,DRY_PERIOD,22.4,66.2,0.942
MET-AS-KAM-2022-01,AS-KAM,Kamrup Metropolitan (Guwahati),Assam,26.14,91.73,2022,1,27.3,29.0,6.2,21.4,0,DRY_PERIOD,23.7,67.6,0.493
MET-AS-KAM-2022-02,AS-KAM,Kamrup Metropolitan (Guwahati),Assam,26.14,91.73,2022,2,27.3,20.2,-26.0,11.6,0,DRY_PERIOD,24.5,59.4,0.343
MET-AS-KAM-2022-03,AS-KAM,Kamrup Metropolitan (Guwahati),Assam,26.14,91.73,2022,3,27.3,26.1,-4.4,19.4,0,DRY_PERIOD,28.0,66.2,0.444
MET-AS-KAM-2022-04,AS-KAM,Kamrup Metropolitan (Guwahati),Assam,26.14,91.73,2022,4,109.2,125.5,14.9,68.2,0,MODERATE_SHOWERS,28.1,69.4,0.751
MET-AS-KAM-2022-05,AS-KAM,Kamrup Metropolitan (Guwahati),Assam,26.14,91.73,2022,5,254.8,161.2,-36.7,32.2,0,MODERATE_SHOWERS,28.4,69.8,0.414
MET-AS-KAM-2022-06,AS-KAM,Kamrup Metropolitan (Guwahati),Assam,26.14,91.73,2022,6,400.4,537.9,34.3,231.3,1,SEVERE_MONSOON_BURST,27.6,99.0,0.878
MET-AS-KAM-2022-07,AS-KAM,Kamrup Metropolitan (Guwahati),Assam,26.14,91.73,2022,7,400.4,496.7,24.1,95.0,0,HEAVY_MONSOON,27.0,99.0,0.811
MET-AS-KAM-2022-08,AS-KAM,Kamrup Metropolitan (Guwahati),Assam,26.14,91.73,2022,8,400.4,508.3,26.9,118.3,0,SEVERE_MONSOON_BURST,25.5,99.0,0.83
MET-AS-KAM-2022-09,AS-KAM,Kamrup Metropolitan (Guwahati),Assam,26.14,91.73,2022,9,254.8,311.8,22.4,129.6,0,HEAVY_MONSOON,28.6,83.2,0.8
MET-AS-KAM-2022-10,AS-KAM,Kamrup Metropolitan (Guwahati),Assam,26.14,91.73,2022,10,109.2,95.6,-12.5,32.2,0,MODERATE_SHOWERS,27.5,68.9,0.572
MET-AS-KAM-2022-11,AS-KAM,Kamrup Metropolitan (Guwahati),Assam,26.14,91.73,2022,11,27.3,29.5,8.1,20.5,0,DRY_PERIOD,26.2,71.2,0.501
MET-AS-KAM-2022-12,AS-KAM,Kamrup Metropolitan (Guwahati),Assam,26.14,91.73,2022,12,27.3,43.7,60.1,21.5,0,DRY_PERIOD,21.5,61.3,0.743
MET-AS-KAM-2023-01,AS-KAM,Kamrup Metropolitan (Guwahati),Assam,26.14,91.73,2023,1,27.3,47.0,72.2,31.1,0,DRY_PERIOD,24.5,72.2,0.799
MET-AS-KAM-2023-02,AS-KAM,Kamrup Metropolitan (Guwahati),Assam,26.14,91.73,2023,2,27.3,41.1,50.5,28.0,0,DRY_PERIOD,22.5,63.9,0.699
MET-AS-KAM-2023-03,AS-KAM,Kamrup Metropolitan (Guwahati),Assam,26.14,91.73,2023,3,27.3,55.0,101.5,42.0,0,DRY_PERIOD,25.5,60.8,0.935
MET-AS-KAM-2023-04,AS-KAM,Kamrup Metropolitan (Guwahati),Assam,26.14,91.73,2023,4,109.2,123.7,13.3,60.0,0,MODERATE_SHOWERS,27.4,70.3,0.741
MET-AS-KAM-2023-05,AS-KAM,Kamrup Metropolitan (Guwahati),Assam,26.14,91.73,2023,5,254.8,294.3,15.5,103.3,0,HEAVY_MONSOON,28.8,92.1,0.755
MET-AS-KAM-2023-06,AS-KAM,Kamrup Metropolitan (Guwahati),Assam,26.14,91.73,2023,6,400.4,446.5,11.5,173.7,0,SEVERE_MONSOON_BURST,25.3,92.8,0.729
MET-AS-KAM-2023-07,AS-KAM,Kamrup Metropolitan (Guwahati),Assam,26.14,91.73,2023,7,400.4,465.4,16.2,166.4,1,SEVERE_MONSOON_BURST,26.9,97.8,0.76
MET-AS-KAM-2023-08,AS-KAM,Kamrup Metropolitan (Guwahati),Assam,26.14,91.73,2023,8,400.4,596.6,49.0,119.4,0,SEVERE_MONSOON_BURST,27.8,99.0,0.974
MET-AS-KAM-2023-09,AS-KAM,Kamrup Metropolitan (Guwahati),Assam,26.14,91.73,2023,9,254.8,300.4,17.9,95.0,0,HEAVY_MONSOON,28.2,87.3,0.771
MET-AS-KAM-2023-10,AS-KAM,Kamrup Metropolitan (Guwahati),Assam,26.14,91.73,2023,10,109.2,122.5,12.2,47.2,0,MODERATE_SHOWERS,28.8,67.3,0.733
MET-AS-KAM-2023-11,AS-KAM,Kamrup Metropolitan (Guwahati),Assam,26.14,91.73,2023,11,27.3,48.3,76.9,38.6,0,DRY_PERIOD,26.4,66.5,0.821
MET-AS-KAM-2023-12,AS-KAM,Kamrup Metropolitan (Guwahati),Assam,26.14,91.73,2023,12,27.3,29.8,9.2,22.3,0,DRY_PERIOD,24.2,57.6,0.507
MET-AS-KAM-2024-01,AS-KAM,Kamrup Metropolitan (Guwahati),Assam,26.14,91.73,2024,1,27.3,27.4,0.4,18.6,0,DRY_PERIOD,24.1,58.7,0.466
MET-AS-KAM-2024-02,AS-KAM,Kamrup Metropolitan (Guwahati),Assam,26.14,91.73,2024,2,27.3,54.0,97.8,41.5,0,DRY_PERIOD,23.7,71.5,0.918
MET-AS-KAM-2024-03,AS-KAM,Kamrup Metropolitan (Guwahati),Assam,26.14,91.73,2024,3,27.3,33.9,24.2,17.6,0,DRY_PERIOD,25.3,62.4,0.576
MET-AS-KAM-2024-04,AS-KAM,Kamrup Metropolitan (Guwahati),Assam,26.14,91.73,2024,4,109.2,122.5,12.2,66.7,0,MODERATE_SHOWERS,25.3,68.2,0.733
MET-AS-KAM-2024-05,AS-KAM,Kamrup Metropolitan (Guwahati),Assam,26.14,91.73,2024,5,254.8,347.5,36.4,141.8,1,HEAVY_MONSOON,26.4,94.5,0.892
MET-AS-KAM-2024-06,AS-KAM,Kamrup Metropolitan (Guwahati),Assam,26.14,91.73,2024,6,400.4,567.3,41.7,231.0,0,SEVERE_MONSOON_BURST,28.7,99.0,0.926
MET-AS-KAM-2024-07,AS-KAM,Kamrup Metropolitan (Guwahati),Assam,26.14,91.73,2024,7,400.4,585.3,46.2,201.9,0,SEVERE_MONSOON_BURST,28.1,99.0,0.956
MET-AS-KAM-2024-08,AS-KAM,Kamrup Metropolitan (Guwahati),Assam,26.14,91.73,2024,8,400.4,341.9,-14.6,97.4,0,HEAVY_MONSOON,25.2,88.7,0.558
MET-AS-KAM-2024-09,AS-KAM,Kamrup Metropolitan (Guwahati),Assam,26.14,91.73,2024,9,254.8,269.8,5.9,106.9,0,HEAVY_MONSOON,27.5,77.8,0.692
MET-AS-KAM-2024-10,AS-KAM,Kamrup Metropolitan (Guwahati),Assam,26.14,91.73,2024,10,109.2,116.2,6.4,22.1,0,MODERATE_SHOWERS,27.9,68.6,0.696
MET-AS-KAM-2024-11,AS-KAM,Kamrup Metropolitan (Guwahati),Assam,26.14,91.73,2024,11,27.3,50.8,86.1,37.8,0,DRY_PERIOD,26.0,63.4,0.864
MET-AS-KAM-2024-12,AS-KAM,Kamrup Metropolitan (Guwahati),Assam,26.14,91.73,2024,12,27.3,43.6,59.7,22.3,0,DRY_PERIOD,22.8,65.2,0.741
MET-AS-KAM-2025-01,AS-KAM,Kamrup Metropolitan (Guwahati),Assam,26.14,91.73,2025,1,27.3,35.6,30.4,15.9,0,DRY_PERIOD,23.7,71.9,0.605
MET-AS-KAM-2025-02,AS-KAM,Kamrup Metropolitan (Guwahati),Assam,26.14,91.73,2025,2,27.3,39.2,43.6,23.3,0,DRY_PERIOD,23.2,59.5,0.666
MET-AS-KAM-2025-03,AS-KAM,Kamrup Metropolitan (Guwahati),Assam,26.14,91.73,2025,3,27.3,15.5,-43.2,9.7,0,DRY_PERIOD,27.7,60.8,0.264
MET-AS-KAM-2025-04,AS-KAM,Kamrup Metropolitan (Guwahati),Assam,26.14,91.73,2025,4,109.2,134.2,22.9,82.0,0,MODERATE_SHOWERS,28.4,80.7,0.804
MET-AS-KAM-2025-05,AS-KAM,Kamrup Metropolitan (Guwahati),Assam,26.14,91.73,2025,5,254.8,290.8,14.1,129.4,0,HEAVY_MONSOON,26.9,85.6,0.746
MET-AS-KAM-2025-06,AS-KAM,Kamrup Metropolitan (Guwahati),Assam,26.14,91.73,2025,6,400.4,505.6,26.3,119.1,0,SEVERE_MONSOON_BURST,25.2,99.0,0.826
MET-AS-KAM-2025-07,AS-KAM,Kamrup Metropolitan (Guwahati),Assam,26.14,91.73,2025,7,400.4,283.5,-29.2,62.2,0,HEAVY_MONSOON,28.7,89.0,0.463
MET-AS-KAM-2025-08,AS-KAM,Kamrup Metropolitan (Guwahati),Assam,26.14,91.73,2025,8,400.4,505.6,26.3,105.7,0,SEVERE_MONSOON_BURST,26.5,99.0,0.826
MET-AS-KAM-2025-09,AS-KAM,Kamrup Metropolitan (Guwahati),Assam,26.14,91.73,2025,9,254.8,204.8,-19.6,50.7,0,MODERATE_SHOWERS,28.7,72.6,0.526
MET-AS-KAM-2025-10,AS-KAM,Kamrup Metropolitan (Guwahati),Assam,26.14,91.73,2025,10,109.2,112.8,3.3,34.7,0,MODERATE_SHOWERS,26.4,74.1,0.675
MET-AS-KAM-2025-11,AS-KAM,Kamrup Metropolitan (Guwahati),Assam,26.14,91.73,2025,11,27.3,28.4,4.0,21.2,0,DRY_PERIOD,25.8,67.1,0.483
MET-AS-KAM-2025-12,AS-KAM,Kamrup Metropolitan (Guwahati),Assam,26.14,91.73,2025,12,27.3,45.7,67.4,36.1,0,DRY_PERIOD,22.3,68.6,0.777
MET-AS-KAM-2026-01,AS-KAM,Kamrup Metropolitan (Guwahati),Assam,26.14,91.73,2026,1,27.3,49.8,82.4,33.4,0,DRY_PERIOD,22.0,71.3,0.847
MET-AS-KAM-2026-02,AS-KAM,Kamrup Metropolitan (Guwahati),Assam,26.14,91.73,2026,2,27.3,23.4,-14.3,10.6,0,DRY_PERIOD,24.3,64.8,0.398
MET-AS-KAM-2026-03,AS-KAM,Kamrup Metropolitan (Guwahati),Assam,26.14,91.73,2026,3,27.3,33.3,22.0,20.1,0,DRY_PERIOD,25.8,62.9,0.566
MET-AS-KAM-2026-04,AS-KAM,Kamrup Metropolitan (Guwahati),Assam,26.14,91.73,2026,4,109.2,110.0,0.7,80.1,0,MODERATE_SHOWERS,27.9,65.1,0.659
MET-AS-KAM-2026-05,AS-KAM,Kamrup Metropolitan (Guwahati),Assam,26.14,91.73,2026,5,254.8,256.2,0.5,67.1,0,HEAVY_MONSOON,25.2,80.3,0.657
MET-AS-KAM-2026-06,AS-KAM,Kamrup Metropolitan (Guwahati),Assam,26.14,91.73,2026,6,400.4,299.4,-25.2,133.9,0,HEAVY_MONSOON,26.0,80.6,0.489
MET-AS-KAM-2026-07,AS-KAM,Kamrup Metropolitan (Guwahati),Assam,26.14,91.73,2026,7,400.4,256.2,-36.0,76.5,0,HEAVY_MONSOON,27.5,86.7,0.418
MET-AS-KAM-2026-08,AS-KAM,Kamrup Metropolitan (Guwahati),Assam,26.14,91.73,2026,8,400.4,522.7,30.5,122.1,0,SEVERE_MONSOON_BURST,27.9,99.0,0.854
MET-AS-KAM-2026-09,AS-KAM,Kamrup Metropolitan (Guwahati),Assam,26.14,91.73,2026,9,254.8,297.3,16.7,109.9,0,HEAVY_MONSOON,28.3,92.4,0.763
MET-AS-KAM-2026-10,AS-KAM,Kamrup Metropolitan (Guwahati),Assam,26.14,91.73,2026,10,109.2,161.7,48.1,46.6,0,MODERATE_SHOWERS,26.3,74.9,0.968
MET-AS-KAM-2026-11,AS-KAM,Kamrup Metropolitan (Guwahati),Assam,26.14,91.73,2026,11,27.3,31.9,16.8,14.6,0,DRY_PERIOD,27.2,66.2,0.542
MET-AS-KAM-2026-12,AS-KAM,Kamrup Metropolitan (Guwahati),Assam,26.14,91.73,2026,12,27.3,26.1,-4.4,14.4,0,DRY_PERIOD,21.3,63.6,0.444
MET-AS-CACH-2015-01,AS-CACH,Cachar (Silchar),Assam,24.83,92.77,2015,1,47.2,68.7,45.6,34.8,0,DRY_PERIOD,23.2,62.9,0.952
MET-AS-CACH-2015-02,AS-CACH,Cachar (Silchar),Assam,24.83,92.77,2015,2,47.2,27.4,-41.9,21.5,0,DRY_PERIOD,23.7,57.9,0.38
MET-AS-CACH-2015-03,AS-CACH,Cachar (Silchar),Assam,24.83,92.77,2015,3,47.2,76.2,61.4,54.2,0,DRY_PERIOD,27.9,65.8,1.0
MET-AS-CACH-2015-04,AS-CACH,Cachar (Silchar),Assam,24.83,92.77,2015,4,189.0,162.1,-14.2,127.6,0,MODERATE_SHOWERS,28.3,79.1,0.561
MET-AS-CACH-2015-05,AS-CACH,Cachar (Silchar),Assam,24.83,92.77,2015,5,441.0,560.0,27.0,235.2,0,SEVERE_MONSOON_BURST,27.9,99.0,0.83
MET-AS-CACH-2015-06,AS-CACH,Cachar (Silchar),Assam,24.83,92.77,2015,6,693.0,727.2,4.9,156.9,0,SEVERE_MONSOON_BURST,25.1,99.0,0.686
MET-AS-CACH-2015-07,AS-CACH,Cachar (Silchar),Assam,24.83,92.77,2015,7,693.0,543.7,-21.5,215.8,1,SEVERE_MONSOON_BURST,28.4,99.0,0.513
MET-AS-CACH-2015-08,AS-CACH,Cachar (Silchar),Assam,24.83,92.77,2015,8,693.0,943.6,36.2,306.0,0,SEVERE_MONSOON_BURST,26.9,99.0,0.89
MET-AS-CACH-2015-09,AS-CACH,Cachar (Silchar),Assam,24.83,92.77,2015,9,441.0,376.0,-14.7,69.2,0,HEAVY_MONSOON,29.0,94.4,0.557
MET-AS-CACH-2015-10,AS-CACH,Cachar (Silchar),Assam,24.83,92.77,2015,10,189.0,256.1,35.5,93.3,0,HEAVY_MONSOON,27.4,85.1,0.886
MET-AS-CACH-2015-11,AS-CACH,Cachar (Silchar),Assam,24.83,92.77,2015,11,47.2,50.2,6.4,32.2,0,DRY_PERIOD,26.8,63.0,0.695
MET-AS-CACH-2015-12,AS-CACH,Cachar (Silchar),Assam,24.83,92.77,2015,12,47.2,33.1,-29.9,15.8,0,DRY_PERIOD,22.8,60.9,0.459
MET-AS-CACH-2016-01,AS-CACH,Cachar (Silchar),Assam,24.83,92.77,2016,1,47.2,50.3,6.6,35.1,0,DRY_PERIOD,23.6,60.5,0.697
MET-AS-CACH-2016-02,AS-CACH,Cachar (Silchar),Assam,24.83,92.77,2016,2,47.2,58.0,22.9,28.5,0,DRY_PERIOD,22.5,70.5,0.803
MET-AS-CACH-2016-03,AS-CACH,Cachar (Silchar),Assam,24.83,92.77,2016,3,47.2,47.5,0.6,22.0,0,DRY_PERIOD,26.7,60.3,0.658
MET-AS-CACH-2016-04,AS-CACH,Cachar (Silchar),Assam,24.83,92.77,2016,4,189.0,148.6,-21.4,96.1,0,MODERATE_SHOWERS,28.4,78.6,0.514
MET-AS-CACH-2016-05,AS-CACH,Cachar (Silchar),Assam,24.83,92.77,2016,5,441.0,284.7,-35.4,62.1,0,HEAVY_MONSOON,27.5,80.5,0.422
MET-AS-CACH-2016-06,AS-CACH,Cachar (Silchar),Assam,24.83,92.77,2016,6,693.0,826.7,19.3,220.6,0,SEVERE_MONSOON_BURST,28.6,99.0,0.78
MET-AS-CACH-2016-07,AS-CACH,Cachar (Silchar),Assam,24.83,92.77,2016,7,693.0,477.8,-31.1,108.6,0,HEAVY_MONSOON,28.6,97.6,0.451
MET-AS-CACH-2016-08,AS-CACH,Cachar (Silchar),Assam,24.83,92.77,2016,8,693.0,989.7,42.8,395.8,1,SEVERE_MONSOON_BURST,27.0,99.0,0.934
MET-AS-CACH-2016-09,AS-CACH,Cachar (Silchar),Assam,24.83,92.77,2016,9,441.0,320.1,-27.4,90.5,0,HEAVY_MONSOON,27.0,85.9,0.475
MET-AS-CACH-2016-10,AS-CACH,Cachar (Silchar),Assam,24.83,92.77,2016,10,189.0,181.0,-4.2,80.6,0,MODERATE_SHOWERS,28.4,76.7,0.626
MET-AS-CACH-2016-11,AS-CACH,Cachar (Silchar),Assam,24.83,92.77,2016,11,47.2,72.1,52.8,33.1,0,DRY_PERIOD,28.6,61.1,0.999
MET-AS-CACH-2016-12,AS-CACH,Cachar (Silchar),Assam,24.83,92.77,2016,12,47.2,67.9,43.9,42.9,0,DRY_PERIOD,22.5,62.8,0.941
MET-AS-CACH-2017-01,AS-CACH,Cachar (Silchar),Assam,24.83,92.77,2017,1,47.2,38.3,-18.9,29.1,0,DRY_PERIOD,23.3,67.3,0.531
MET-AS-CACH-2017-02,AS-CACH,Cachar (Silchar),Assam,24.83,92.77,2017,2,47.2,36.9,-21.8,15.7,0,DRY_PERIOD,21.9,68.2,0.511
MET-AS-CACH-2017-03,AS-CACH,Cachar (Silchar),Assam,24.83,92.77,2017,3,47.2,57.7,22.2,34.4,0,DRY_PERIOD,28.9,64.9,0.799
MET-AS-CACH-2017-04,AS-CACH,Cachar (Silchar),Assam,24.83,92.77,2017,4,189.0,250.7,32.6,120.2,1,HEAVY_MONSOON,25.0,79.6,0.867
MET-AS-CACH-2017-05,AS-CACH,Cachar (Silchar),Assam,24.83,92.77,2017,5,441.0,370.5,-16.0,73.2,0,HEAVY_MONSOON,26.1,95.5,0.549
MET-AS-CACH-2017-06,AS-CACH,Cachar (Silchar),Assam,24.83,92.77,2017,6,693.0,675.2,-2.6,134.8,0,SEVERE_MONSOON_BURST,27.9,99.0,0.637
MET-AS-CACH-2017-07,AS-CACH,Cachar (Silchar),Assam,24.83,92.77,2017,7,693.0,907.1,30.9,401.8,1,SEVERE_MONSOON_BURST,26.7,99.0,0.856
MET-AS-CACH-2017-08,AS-CACH,Cachar (Silchar),Assam,24.83,92.77,2017,8,693.0,713.5,3.0,310.6,1,SEVERE_MONSOON_BURST,28.0,99.0,0.673
MET-AS-CACH-2017-09,AS-CACH,Cachar (Silchar),Assam,24.83,92.77,2017,9,441.0,352.3,-20.1,70.9,0,HEAVY_MONSOON,28.9,89.0,0.522
MET-AS-CACH-2017-10,AS-CACH,Cachar (Silchar),Assam,24.83,92.77,2017,10,189.0,141.5,-25.1,41.9,0,MODERATE_SHOWERS,25.7,75.0,0.49
MET-AS-CACH-2017-11,AS-CACH,Cachar (Silchar),Assam,24.83,92.77,2017,11,47.2,34.8,-26.3,15.7,0,DRY_PERIOD,26.5,67.8,0.482
MET-AS-CACH-2017-12,AS-CACH,Cachar (Silchar),Assam,24.83,92.77,2017,12,47.2,67.4,42.8,31.7,0,DRY_PERIOD,23.7,66.1,0.934
MET-AS-CACH-2018-01,AS-CACH,Cachar (Silchar),Assam,24.83,92.77,2018,1,47.2,39.9,-15.5,25.2,0,DRY_PERIOD,21.1,59.0,0.553
MET-AS-CACH-2018-02,AS-CACH,Cachar (Silchar),Assam,24.83,92.77,2018,2,47.2,33.2,-29.7,25.7,0,DRY_PERIOD,24.7,69.5,0.46
MET-AS-CACH-2018-03,AS-CACH,Cachar (Silchar),Assam,24.83,92.77,2018,3,47.2,58.1,23.1,32.0,0,DRY_PERIOD,25.7,69.8,0.805
MET-AS-CACH-2018-04,AS-CACH,Cachar (Silchar),Assam,24.83,92.77,2018,4,189.0,196.5,4.0,123.3,0,MODERATE_SHOWERS,28.4,71.4,0.68
MET-AS-CACH-2018-05,AS-CACH,Cachar (Silchar),Assam,24.83,92.77,2018,5,441.0,602.1,36.5,143.0,1,SEVERE_MONSOON_BURST,27.6,99.0,0.893
MET-AS-CACH-2018-06,AS-CACH,Cachar (Silchar),Assam,24.83,92.77,2018,6,693.0,928.1,33.9,409.3,0,SEVERE_MONSOON_BURST,25.2,99.0,0.876
MET-AS-CACH-2018-07,AS-CACH,Cachar (Silchar),Assam,24.83,92.77,2018,7,693.0,636.5,-8.2,234.7,1,SEVERE_MONSOON_BURST,27.1,99.0,0.601
MET-AS-CACH-2018-08,AS-CACH,Cachar (Silchar),Assam,24.83,92.77,2018,8,693.0,940.4,35.7,174.5,0,SEVERE_MONSOON_BURST,25.0,99.0,0.887
MET-AS-CACH-2018-09,AS-CACH,Cachar (Silchar),Assam,24.83,92.77,2018,9,441.0,317.1,-28.1,128.0,0,HEAVY_MONSOON,26.6,91.3,0.47
MET-AS-CACH-2018-10,AS-CACH,Cachar (Silchar),Assam,24.83,92.77,2018,10,189.0,249.1,31.8,96.3,0,MODERATE_SHOWERS,25.6,78.7,0.862
MET-AS-CACH-2018-11,AS-CACH,Cachar (Silchar),Assam,24.83,92.77,2018,11,47.2,77.6,64.4,51.2,0,DRY_PERIOD,25.3,73.8,1.0
MET-AS-CACH-2018-12,AS-CACH,Cachar (Silchar),Assam,24.83,92.77,2018,12,47.2,62.2,31.8,27.5,0,DRY_PERIOD,23.6,64.6,0.862
MET-AS-CACH-2019-01,AS-CACH,Cachar (Silchar),Assam,24.83,92.77,2019,1,47.2,25.9,-45.1,19.0,0,DRY_PERIOD,23.9,60.4,0.359
MET-AS-CACH-2019-02,AS-CACH,Cachar (Silchar),Assam,24.83,92.77,2019,2,47.2,58.7,24.4,40.2,0,DRY_PERIOD,23.1,66.7,0.813
MET-AS-CACH-2019-03,AS-CACH,Cachar (Silchar),Assam,24.83,92.77,2019,3,47.2,56.1,18.9,39.1,0,DRY_PERIOD,27.6,71.1,0.777
MET-AS-CACH-2019-04,AS-CACH,Cachar (Silchar),Assam,24.83,92.77,2019,4,189.0,125.8,-33.4,96.7,0,MODERATE_SHOWERS,25.6,74.6,0.435
MET-AS-CACH-2019-05,AS-CACH,Cachar (Silchar),Assam,24.83,92.77,2019,5,441.0,628.9,42.6,142.9,0,SEVERE_MONSOON_BURST,26.0,99.0,0.932
MET-AS-CACH-2019-06,AS-CACH,Cachar (Silchar),Assam,24.83,92.77,2019,6,693.0,711.7,2.7,248.8,0,SEVERE_MONSOON_BURST,26.8,99.0,0.671
MET-AS-CACH-2019-07,AS-CACH,Cachar (Silchar),Assam,24.83,92.77,2019,7,693.0,859.9,24.1,210.7,1,SEVERE_MONSOON_BURST,25.6,99.0,0.811
MET-AS-CACH-2019-08,AS-CACH,Cachar (Silchar),Assam,24.83,92.77,2019,8,693.0,772.2,11.4,173.9,1,SEVERE_MONSOON_BURST,27.2,99.0,0.729
MET-AS-CACH-2019-09,AS-CACH,Cachar (Silchar),Assam,24.83,92.77,2019,9,441.0,383.7,-13.0,71.3,0,HEAVY_MONSOON,25.7,94.3,0.569
MET-AS-CACH-2019-10,AS-CACH,Cachar (Silchar),Assam,24.83,92.77,2019,10,189.0,174.2,-7.8,56.9,0,MODERATE_SHOWERS,28.2,75.8,0.603
MET-AS-CACH-2019-11,AS-CACH,Cachar (Silchar),Assam,24.83,92.77,2019,11,47.2,38.9,-17.6,18.2,0,DRY_PERIOD,26.9,58.4,0.539
MET-AS-CACH-2019-12,AS-CACH,Cachar (Silchar),Assam,24.83,92.77,2019,12,47.2,42.6,-9.7,28.8,0,DRY_PERIOD,23.1,60.3,0.59
MET-AS-CACH-2020-01,AS-CACH,Cachar (Silchar),Assam,24.83,92.77,2020,1,47.2,55.2,16.9,23.3,0,DRY_PERIOD,23.9,71.9,0.765
MET-AS-CACH-2020-02,AS-CACH,Cachar (Silchar),Assam,24.83,92.77,2020,2,47.2,71.1,50.6,51.0,0,DRY_PERIOD,21.3,67.8,0.985
MET-AS-CACH-2020-03,AS-CACH,Cachar (Silchar),Assam,24.83,92.77,2020,3,47.2,39.5,-16.3,21.6,0,DRY_PERIOD,27.0,72.3,0.547
MET-AS-CACH-2020-04,AS-CACH,Cachar (Silchar),Assam,24.83,92.77,2020,4,189.0,172.6,-8.7,131.0,1,MODERATE_SHOWERS,25.4,73.7,0.597
MET-AS-CACH-2020-05,AS-CACH,Cachar (Silchar),Assam,24.83,92.77,2020,5,441.0,455.4,3.3,99.9,0,HEAVY_MONSOON,27.9,98.0,0.675
MET-AS-CACH-2020-06,AS-CACH,Cachar (Silchar),Assam,24.83,92.77,2020,6,693.0,995.8,43.7,300.9,1,SEVERE_MONSOON_BURST,27.4,99.0,0.94
MET-AS-CACH-2020-07,AS-CACH,Cachar (Silchar),Assam,24.83,92.77,2020,7,693.0,815.3,17.6,258.7,1,SEVERE_MONSOON_BURST,25.8,99.0,0.769
MET-AS-CACH-2020-08,AS-CACH,Cachar (Silchar),Assam,24.83,92.77,2020,8,693.0,707.2,2.0,222.5,0,SEVERE_MONSOON_BURST,25.5,99.0,0.667
MET-AS-CACH-2020-09,AS-CACH,Cachar (Silchar),Assam,24.83,92.77,2020,9,441.0,559.3,26.8,234.7,1,SEVERE_MONSOON_BURST,26.0,99.0,0.829
MET-AS-CACH-2020-10,AS-CACH,Cachar (Silchar),Assam,24.83,92.77,2020,10,189.0,209.6,10.9,85.9,0,MODERATE_SHOWERS,28.4,84.2,0.725
MET-AS-CACH-2020-11,AS-CACH,Cachar (Silchar),Assam,24.83,92.77,2020,11,47.2,47.5,0.6,24.2,0,DRY_PERIOD,28.3,60.1,0.658
MET-AS-CACH-2020-12,AS-CACH,Cachar (Silchar),Assam,24.83,92.77,2020,12,47.2,58.8,24.6,34.9,0,DRY_PERIOD,24.1,62.0,0.815
MET-AS-CACH-2021-01,AS-CACH,Cachar (Silchar),Assam,24.83,92.77,2021,1,47.2,36.1,-23.5,14.9,0,DRY_PERIOD,22.5,58.1,0.5
MET-AS-CACH-2021-02,AS-CACH,Cachar (Silchar),Assam,24.83,92.77,2021,2,47.2,58.9,24.8,33.3,0,DRY_PERIOD,21.2,60.9,0.816
MET-AS-CACH-2021-03,AS-CACH,Cachar (Silchar),Assam,24.83,92.77,2021,3,47.2,51.1,8.3,38.7,0,DRY_PERIOD,26.4,66.7,0.708
MET-AS-CACH-2021-04,AS-CACH,Cachar (Silchar),Assam,24.83,92.77,2021,4,189.0,255.8,35.3,163.2,0,SEVERE_MONSOON_BURST,26.7,80.6,0.885
MET-AS-CACH-2021-05,AS-CACH,Cachar (Silchar),Assam,24.83,92.77,2021,5,441.0,411.1,-6.8,103.8,0,HEAVY_MONSOON,28.1,99.0,0.61
MET-AS-CACH-2021-06,AS-CACH,Cachar (Silchar),Assam,24.83,92.77,2021,6,693.0,844.8,21.9,254.7,0,SEVERE_MONSOON_BURST,27.8,99.0,0.797
MET-AS-CACH-2021-07,AS-CACH,Cachar (Silchar),Assam,24.83,92.77,2021,7,693.0,860.5,24.2,212.7,0,SEVERE_MONSOON_BURST,26.2,99.0,0.812
MET-AS-CACH-2021-08,AS-CACH,Cachar (Silchar),Assam,24.83,92.77,2021,8,693.0,711.2,2.6,161.6,1,SEVERE_MONSOON_BURST,25.6,99.0,0.671
MET-AS-CACH-2021-09,AS-CACH,Cachar (Silchar),Assam,24.83,92.77,2021,9,441.0,370.2,-16.1,140.3,1,HEAVY_MONSOON,27.1,86.5,0.549
MET-AS-CACH-2021-10,AS-CACH,Cachar (Silchar),Assam,24.83,92.77,2021,10,189.0,210.1,11.2,60.1,0,MODERATE_SHOWERS,25.6,82.2,0.727
MET-AS-CACH-2021-11,AS-CACH,Cachar (Silchar),Assam,24.83,92.77,2021,11,47.2,60.7,28.6,47.3,0,DRY_PERIOD,28.3,61.8,0.841
MET-AS-CACH-2021-12,AS-CACH,Cachar (Silchar),Assam,24.83,92.77,2021,12,47.2,87.0,84.3,55.4,0,MODERATE_SHOWERS,24.1,65.3,1.0
MET-AS-CACH-2022-01,AS-CACH,Cachar (Silchar),Assam,24.83,92.77,2022,1,47.2,49.4,4.7,38.8,0,DRY_PERIOD,24.6,69.6,0.684
MET-AS-CACH-2022-02,AS-CACH,Cachar (Silchar),Assam,24.83,92.77,2022,2,47.2,57.5,21.8,27.4,0,DRY_PERIOD,22.0,67.2,0.797
MET-AS-CACH-2022-03,AS-CACH,Cachar (Silchar),Assam,24.83,92.77,2022,3,47.2,43.1,-8.7,26.2,0,DRY_PERIOD,26.2,69.9,0.597
MET-AS-CACH-2022-04,AS-CACH,Cachar (Silchar),Assam,24.83,92.77,2022,4,189.0,189.2,0.1,118.8,0,MODERATE_SHOWERS,26.9,72.1,0.655
MET-AS-CACH-2022-05,AS-CACH,Cachar (Silchar),Assam,24.83,92.77,2022,5,441.0,604.4,37.1,110.6,0,SEVERE_MONSOON_BURST,26.2,99.0,0.896
MET-AS-CACH-2022-06,AS-CACH,Cachar (Silchar),Assam,24.83,92.77,2022,6,693.0,965.9,39.4,329.3,0,SEVERE_MONSOON_BURST,26.8,99.0,0.911
MET-AS-CACH-2022-07,AS-CACH,Cachar (Silchar),Assam,24.83,92.77,2022,7,693.0,517.7,-25.3,232.5,1,SEVERE_MONSOON_BURST,26.1,96.5,0.488
MET-AS-CACH-2022-08,AS-CACH,Cachar (Silchar),Assam,24.83,92.77,2022,8,693.0,859.0,24.0,370.4,0,SEVERE_MONSOON_BURST,28.5,99.0,0.81
MET-AS-CACH-2022-09,AS-CACH,Cachar (Silchar),Assam,24.83,92.77,2022,9,441.0,525.6,19.2,107.6,0,SEVERE_MONSOON_BURST,28.2,99.0,0.779
MET-AS-CACH-2022-10,AS-CACH,Cachar (Silchar),Assam,24.83,92.77,2022,10,189.0,136.6,-27.7,57.7,0,MODERATE_SHOWERS,28.1,76.4,0.473
MET-AS-CACH-2022-11,AS-CACH,Cachar (Silchar),Assam,24.83,92.77,2022,11,47.2,29.4,-37.7,14.3,0,DRY_PERIOD,28.6,59.5,0.407
MET-AS-CACH-2022-12,AS-CACH,Cachar (Silchar),Assam,24.83,92.77,2022,12,47.2,66.5,40.9,38.2,0,DRY_PERIOD,21.6,60.8,0.921
MET-AS-CACH-2023-01,AS-CACH,Cachar (Silchar),Assam,24.83,92.77,2023,1,47.2,53.0,12.3,26.3,0,DRY_PERIOD,24.9,65.6,0.734
MET-AS-CACH-2023-02,AS-CACH,Cachar (Silchar),Assam,24.83,92.77,2023,2,47.2,66.5,40.9,33.8,0,DRY_PERIOD,23.0,66.5,0.921
MET-AS-CACH-2023-03,AS-CACH,Cachar (Silchar),Assam,24.83,92.77,2023,3,47.2,22.5,-52.3,12.1,0,DRY_PERIOD,25.3,64.5,0.312
MET-AS-CACH-2023-04,AS-CACH,Cachar (Silchar),Assam,24.83,92.77,2023,4,189.0,190.9,1.0,123.4,0,MODERATE_SHOWERS,27.4,78.7,0.66
MET-AS-CACH-2023-05,AS-CACH,Cachar (Silchar),Assam,24.83,92.77,2023,5,441.0,351.9,-20.2,71.9,0,HEAVY_MONSOON,28.1,93.4,0.522
MET-AS-CACH-2023-06,AS-CACH,Cachar (Silchar),Assam,24.83,92.77,2023,6,693.0,622.9,-10.1,191.6,1,SEVERE_MONSOON_BURST,26.3,99.0,0.588
MET-AS-CACH-2023-07,AS-CACH,Cachar (Silchar),Assam,24.83,92.77,2023,7,693.0,721.8,4.2,179.9,0,SEVERE_MONSOON_BURST,27.6,99.0,0.681
MET-AS-CACH-2023-08,AS-CACH,Cachar (Silchar),Assam,24.83,92.77,2023,8,693.0,710.1,2.5,230.6,0,SEVERE_MONSOON_BURST,25.8,99.0,0.67
MET-AS-CACH-2023-09,AS-CACH,Cachar (Silchar),Assam,24.83,92.77,2023,9,441.0,627.1,42.2,260.2,0,SEVERE_MONSOON_BURST,25.5,99.0,0.93
MET-AS-CACH-2023-10,AS-CACH,Cachar (Silchar),Assam,24.83,92.77,2023,10,189.0,113.9,-39.7,36.0,0,MODERATE_SHOWERS,25.4,77.2,0.394
MET-AS-CACH-2023-11,AS-CACH,Cachar (Silchar),Assam,24.83,92.77,2023,11,47.2,73.2,55.1,54.1,0,DRY_PERIOD,27.5,61.6,1.0
MET-AS-CACH-2023-12,AS-CACH,Cachar (Silchar),Assam,24.83,92.77,2023,12,47.2,50.9,7.8,25.4,0,DRY_PERIOD,22.9,63.8,0.705
MET-AS-CACH-2024-01,AS-CACH,Cachar (Silchar),Assam,24.83,92.77,2024,1,47.2,62.6,32.6,32.6,0,DRY_PERIOD,23.1,69.8,0.867
MET-AS-CACH-2024-02,AS-CACH,Cachar (Silchar),Assam,24.83,92.77,2024,2,47.2,66.5,40.9,29.5,0,DRY_PERIOD,24.2,70.2,0.921
MET-AS-CACH-2024-03,AS-CACH,Cachar (Silchar),Assam,24.83,92.77,2024,3,47.2,75.2,59.3,30.1,0,DRY_PERIOD,28.6,68.9,1.0
MET-AS-CACH-2024-04,AS-CACH,Cachar (Silchar),Assam,24.83,92.77,2024,4,189.0,138.2,-26.9,98.1,0,MODERATE_SHOWERS,27.4,80.6,0.478
MET-AS-CACH-2024-05,AS-CACH,Cachar (Silchar),Assam,24.83,92.77,2024,5,441.0,476.8,8.1,158.5,0,SEVERE_MONSOON_BURST,27.8,96.9,0.707
MET-AS-CACH-2024-06,AS-CACH,Cachar (Silchar),Assam,24.83,92.77,2024,6,693.0,501.8,-27.6,191.6,0,SEVERE_MONSOON_BURST,28.3,99.0,0.473
MET-AS-CACH-2024-07,AS-CACH,Cachar (Silchar),Assam,24.83,92.77,2024,7,693.0,974.4,40.6,250.9,1,SEVERE_MONSOON_BURST,27.0,99.0,0.919
MET-AS-CACH-2024-08,AS-CACH,Cachar (Silchar),Assam,24.83,92.77,2024,8,693.0,732.9,5.8,251.4,1,SEVERE_MONSOON_BURST,25.1,99.0,0.691
MET-AS-CACH-2024-09,AS-CACH,Cachar (Silchar),Assam,24.83,92.77,2024,9,441.0,577.9,31.0,233.4,1,SEVERE_MONSOON_BURST,26.9,99.0,0.857
MET-AS-CACH-2024-10,AS-CACH,Cachar (Silchar),Assam,24.83,92.77,2024,10,189.0,260.2,37.7,70.7,0,HEAVY_MONSOON,27.1,84.0,0.9
MET-AS-CACH-2024-11,AS-CACH,Cachar (Silchar),Assam,24.83,92.77,2024,11,47.2,51.3,8.7,23.0,0,DRY_PERIOD,27.6,60.6,0.711
MET-AS-CACH-2024-12,AS-CACH,Cachar (Silchar),Assam,24.83,92.77,2024,12,47.2,76.2,61.4,30.7,0,DRY_PERIOD,24.3,62.4,1.0
MET-AS-CACH-2025-01,AS-CACH,Cachar (Silchar),Assam,24.83,92.77,2025,1,47.2,86.8,83.9,48.1,0,MODERATE_SHOWERS,23.6,74.2,1.0
MET-AS-CACH-2025-02,AS-CACH,Cachar (Silchar),Assam,24.83,92.77,2025,2,47.2,64.2,36.0,50.4,0,DRY_PERIOD,22.0,66.7,0.889
MET-AS-CACH-2025-03,AS-CACH,Cachar (Silchar),Assam,24.83,92.77,2025,3,47.2,57.8,22.5,28.0,0,DRY_PERIOD,25.3,62.4,0.801
MET-AS-CACH-2025-04,AS-CACH,Cachar (Silchar),Assam,24.83,92.77,2025,4,189.0,195.7,3.5,138.6,1,MODERATE_SHOWERS,26.7,81.2,0.677
MET-AS-CACH-2025-05,AS-CACH,Cachar (Silchar),Assam,24.83,92.77,2025,5,441.0,469.0,6.3,86.4,0,HEAVY_MONSOON,28.9,99.0,0.695
MET-AS-CACH-2025-06,AS-CACH,Cachar (Silchar),Assam,24.83,92.77,2025,6,693.0,558.6,-19.4,160.8,0,SEVERE_MONSOON_BURST,25.5,99.0,0.527
MET-AS-CACH-2025-07,AS-CACH,Cachar (Silchar),Assam,24.83,92.77,2025,7,693.0,857.0,23.7,297.0,0,SEVERE_MONSOON_BURST,28.7,99.0,0.809
MET-AS-CACH-2025-08,AS-CACH,Cachar (Silchar),Assam,24.83,92.77,2025,8,693.0,571.1,-17.6,227.9,0,SEVERE_MONSOON_BURST,26.3,99.0,0.539
MET-AS-CACH-2025-09,AS-CACH,Cachar (Silchar),Assam,24.83,92.77,2025,9,441.0,494.5,12.1,148.0,1,HEAVY_MONSOON,28.5,98.8,0.733
MET-AS-CACH-2025-10,AS-CACH,Cachar (Silchar),Assam,24.83,92.77,2025,10,189.0,197.7,4.6,76.2,0,MODERATE_SHOWERS,25.9,72.8,0.684
MET-AS-CACH-2025-11,AS-CACH,Cachar (Silchar),Assam,24.83,92.77,2025,11,47.2,44.0,-6.8,22.6,0,DRY_PERIOD,26.9,69.4,0.61
MET-AS-CACH-2025-12,AS-CACH,Cachar (Silchar),Assam,24.83,92.77,2025,12,47.2,69.0,46.2,29.5,0,DRY_PERIOD,23.6,63.7,0.956
MET-AS-CACH-2026-01,AS-CACH,Cachar (Silchar),Assam,24.83,92.77,2026,1,47.2,45.3,-4.0,19.8,0,DRY_PERIOD,22.3,69.4,0.628
MET-AS-CACH-2026-02,AS-CACH,Cachar (Silchar),Assam,24.83,92.77,2026,2,47.2,32.8,-30.5,17.5,0,DRY_PERIOD,25.0,68.9,0.454
MET-AS-CACH-2026-03,AS-CACH,Cachar (Silchar),Assam,24.83,92.77,2026,3,47.2,51.6,9.3,23.0,0,DRY_PERIOD,25.3,60.2,0.715
MET-AS-CACH-2026-04,AS-CACH,Cachar (Silchar),Assam,24.83,92.77,2026,4,189.0,246.5,30.4,133.9,0,MODERATE_SHOWERS,25.1,75.8,0.853
MET-AS-CACH-2026-05,AS-CACH,Cachar (Silchar),Assam,24.83,92.77,2026,5,441.0,467.8,6.1,139.6,1,HEAVY_MONSOON,28.8,93.9,0.694
MET-AS-CACH-2026-06,AS-CACH,Cachar (Silchar),Assam,24.83,92.77,2026,6,693.0,954.0,37.7,176.9,0,SEVERE_MONSOON_BURST,27.6,99.0,0.9
MET-AS-CACH-2026-07,AS-CACH,Cachar (Silchar),Assam,24.83,92.77,2026,7,693.0,814.9,17.6,285.3,0,SEVERE_MONSOON_BURST,28.7,99.0,0.769
MET-AS-CACH-2026-08,AS-CACH,Cachar (Silchar),Assam,24.83,92.77,2026,8,693.0,815.1,17.6,326.4,0,SEVERE_MONSOON_BURST,25.3,99.0,0.769
MET-AS-CACH-2026-09,AS-CACH,Cachar (Silchar),Assam,24.83,92.77,2026,9,441.0,531.8,20.6,104.9,0,SEVERE_MONSOON_BURST,27.9,99.0,0.788
MET-AS-CACH-2026-10,AS-CACH,Cachar (Silchar),Assam,24.83,92.77,2026,10,189.0,266.7,41.1,86.8,0,HEAVY_MONSOON,26.4,91.2,0.923
MET-AS-CACH-2026-11,AS-CACH,Cachar (Silchar),Assam,24.83,92.77,2026,11,47.2,82.7,75.2,58.4,0,MODERATE_SHOWERS,27.9,63.7,1.0
MET-AS-CACH-2026-12,AS-CACH,Cachar (Silchar),Assam,24.83,92.77,2026,12,47.2,82.0,73.7,55.2,0,MODERATE_SHOWERS,22.7,63.6,1.0
MET-AS-NC-2015-01,AS-NC,Dima Hasao (Haflong),Assam,25.18,93.02,2015,1,39.8,37.0,-7.0,26.3,0,DRY_PERIOD,21.6,65.4,0.608
MET-AS-NC-2015-02,AS-NC,Dima Hasao (Haflong),Assam,25.18,93.02,2015,2,39.8,58.3,46.5,35.1,0,DRY_PERIOD,21.8,64.5,0.958
MET-AS-NC-2015-03,AS-NC,Dima Hasao (Haflong),Assam,25.18,93.02,2015,3,39.8,57.9,45.5,39.0,0,DRY_PERIOD,27.1,66.1,0.951
MET-AS-NC-2015-04,AS-NC,Dima Hasao (Haflong),Assam,25.18,93.02,2015,4,159.0,193.8,21.9,136.9,0,MODERATE_SHOWERS,27.8,76.0,0.797
MET-AS-NC-2015-05,AS-NC,Dima Hasao (Haflong),Assam,25.18,93.02,2015,5,371.0,509.2,37.3,157.0,0,SEVERE_MONSOON_BURST,26.7,99.0,0.897
MET-AS-NC-2015-06,AS-NC,Dima Hasao (Haflong),Assam,25.18,93.02,2015,6,583.0,795.2,36.4,152.5,1,SEVERE_MONSOON_BURST,26.8,99.0,0.892
MET-AS-NC-2015-07,AS-NC,Dima Hasao (Haflong),Assam,25.18,93.02,2015,7,583.0,780.0,33.8,176.5,1,SEVERE_MONSOON_BURST,27.5,99.0,0.875
MET-AS-NC-2015-08,AS-NC,Dima Hasao (Haflong),Assam,25.18,93.02,2015,8,583.0,661.4,13.4,261.5,1,SEVERE_MONSOON_BURST,25.1,99.0,0.742
MET-AS-NC-2015-09,AS-NC,Dima Hasao (Haflong),Assam,25.18,93.02,2015,9,371.0,290.0,-21.8,79.6,0,HEAVY_MONSOON,28.5,80.8,0.511
MET-AS-NC-2015-10,AS-NC,Dima Hasao (Haflong),Assam,25.18,93.02,2015,10,159.0,235.3,48.0,88.9,0,MODERATE_SHOWERS,25.1,83.5,0.968
MET-AS-NC-2015-11,AS-NC,Dima Hasao (Haflong),Assam,25.18,93.02,2015,11,39.8,61.2,53.8,45.1,0,DRY_PERIOD,26.1,64.6,1.0
MET-AS-NC-2015-12,AS-NC,Dima Hasao (Haflong),Assam,25.18,93.02,2015,12,39.8,74.9,88.2,58.1,0,DRY_PERIOD,23.0,70.8,1.0
MET-AS-NC-2016-01,AS-NC,Dima Hasao (Haflong),Assam,25.18,93.02,2016,1,39.8,48.6,22.1,20.6,0,DRY_PERIOD,21.4,70.2,0.798
MET-AS-NC-2016-02,AS-NC,Dima Hasao (Haflong),Assam,25.18,93.02,2016,2,39.8,32.7,-17.8,13.7,0,DRY_PERIOD,24.6,57.8,0.537
MET-AS-NC-2016-03,AS-NC,Dima Hasao (Haflong),Assam,25.18,93.02,2016,3,39.8,68.2,71.4,40.3,0,DRY_PERIOD,25.6,65.5,1.0
MET-AS-NC-2016-04,AS-NC,Dima Hasao (Haflong),Assam,25.18,93.02,2016,4,159.0,164.6,3.5,98.8,0,MODERATE_SHOWERS,26.4,76.4,0.677
MET-AS-NC-2016-05,AS-NC,Dima Hasao (Haflong),Assam,25.18,93.02,2016,5,371.0,484.7,30.6,153.7,1,SEVERE_MONSOON_BURST,26.2,95.2,0.854
MET-AS-NC-2016-06,AS-NC,Dima Hasao (Haflong),Assam,25.18,93.02,2016,6,583.0,399.6,-31.5,110.6,0,HEAVY_MONSOON,26.1,88.1,0.448
MET-AS-NC-2016-07,AS-NC,Dima Hasao (Haflong),Assam,25.18,93.02,2016,7,583.0,639.2,9.6,164.9,0,SEVERE_MONSOON_BURST,28.0,99.0,0.717
MET-AS-NC-2016-08,AS-NC,Dima Hasao (Haflong),Assam,25.18,93.02,2016,8,583.0,828.6,42.1,176.3,0,SEVERE_MONSOON_BURST,26.9,99.0,0.929
MET-AS-NC-2016-09,AS-NC,Dima Hasao (Haflong),Assam,25.18,93.02,2016,9,371.0,282.1,-24.0,125.7,1,HEAVY_MONSOON,28.0,90.7,0.497
MET-AS-NC-2016-10,AS-NC,Dima Hasao (Haflong),Assam,25.18,93.02,2016,10,159.0,192.5,21.1,55.8,0,MODERATE_SHOWERS,26.7,83.0,0.792
MET-AS-NC-2016-11,AS-NC,Dima Hasao (Haflong),Assam,25.18,93.02,2016,11,39.8,56.4,41.7,32.2,0,DRY_PERIOD,25.3,67.1,0.927
MET-AS-NC-2016-12,AS-NC,Dima Hasao (Haflong),Assam,25.18,93.02,2016,12,39.8,56.1,41.0,38.8,0,DRY_PERIOD,21.1,73.4,0.922
MET-AS-NC-2017-01,AS-NC,Dima Hasao (Haflong),Assam,25.18,93.02,2017,1,39.8,21.8,-45.2,9.8,0,DRY_PERIOD,21.2,62.7,0.358
MET-AS-NC-2017-02,AS-NC,Dima Hasao (Haflong),Assam,25.18,93.02,2017,2,39.8,67.6,69.8,30.0,0,DRY_PERIOD,21.7,70.5,1.0
MET-AS-NC-2017-03,AS-NC,Dima Hasao (Haflong),Assam,25.18,93.02,2017,3,39.8,44.6,12.1,25.7,0,DRY_PERIOD,28.8,70.1,0.733
MET-AS-NC-2017-04,AS-NC,Dima Hasao (Haflong),Assam,25.18,93.02,2017,4,159.0,221.5,39.3,161.6,0,SEVERE_MONSOON_BURST,25.4,75.6,0.911
MET-AS-NC-2017-05,AS-NC,Dima Hasao (Haflong),Assam,25.18,93.02,2017,5,371.0,304.8,-17.8,124.9,0,HEAVY_MONSOON,28.0,82.0,0.537
MET-AS-NC-2017-06,AS-NC,Dima Hasao (Haflong),Assam,25.18,93.02,2017,6,583.0,800.0,37.2,276.8,0,SEVERE_MONSOON_BURST,25.5,99.0,0.897
MET-AS-NC-2017-07,AS-NC,Dima Hasao (Haflong),Assam,25.18,93.02,2017,7,583.0,604.2,3.6,182.6,0,SEVERE_MONSOON_BURST,25.8,99.0,0.678
MET-AS-NC-2017-08,AS-NC,Dima Hasao (Haflong),Assam,25.18,93.02,2017,8,583.0,425.2,-27.1,178.2,1,SEVERE_MONSOON_BURST,25.2,98.6,0.477
MET-AS-NC-2017-09,AS-NC,Dima Hasao (Haflong),Assam,25.18,93.02,2017,9,371.0,429.8,15.8,143.6,0,HEAVY_MONSOON,26.8,89.5,0.757
MET-AS-NC-2017-10,AS-NC,Dima Hasao (Haflong),Assam,25.18,93.02,2017,10,159.0,127.6,-19.7,30.6,0,MODERATE_SHOWERS,28.8,75.2,0.525
MET-AS-NC-2017-11,AS-NC,Dima Hasao (Haflong),Assam,25.18,93.02,2017,11,39.8,65.0,63.3,49.3,0,DRY_PERIOD,25.9,70.7,1.0
MET-AS-NC-2017-12,AS-NC,Dima Hasao (Haflong),Assam,25.18,93.02,2017,12,39.8,60.7,52.5,48.2,0,DRY_PERIOD,22.4,68.7,0.997
MET-AS-NC-2018-01,AS-NC,Dima Hasao (Haflong),Assam,25.18,93.02,2018,1,39.8,49.3,23.9,37.5,0,DRY_PERIOD,23.0,60.7,0.81
MET-AS-NC-2018-02,AS-NC,Dima Hasao (Haflong),Assam,25.18,93.02,2018,2,39.8,59.1,48.5,26.4,0,DRY_PERIOD,23.8,72.0,0.971
MET-AS-NC-2018-03,AS-NC,Dima Hasao (Haflong),Assam,25.18,93.02,2018,3,39.8,55.7,39.9,38.2,0,DRY_PERIOD,25.6,66.3,0.915
MET-AS-NC-2018-04,AS-NC,Dima Hasao (Haflong),Assam,25.18,93.02,2018,4,159.0,180.4,13.5,101.1,0,MODERATE_SHOWERS,27.9,77.3,0.742
MET-AS-NC-2018-05,AS-NC,Dima Hasao (Haflong),Assam,25.18,93.02,2018,5,371.0,507.1,36.7,227.1,1,SEVERE_MONSOON_BURST,25.9,99.0,0.894
MET-AS-NC-2018-06,AS-NC,Dima Hasao (Haflong),Assam,25.18,93.02,2018,6,583.0,733.7,25.8,277.1,0,SEVERE_MONSOON_BURST,27.4,99.0,0.823
MET-AS-NC-2018-07,AS-NC,Dima Hasao (Haflong),Assam,25.18,93.02,2018,7,583.0,661.0,13.4,157.0,0,SEVERE_MONSOON_BURST,27.9,99.0,0.741
MET-AS-NC-2018-08,AS-NC,Dima Hasao (Haflong),Assam,25.18,93.02,2018,8,583.0,508.4,-12.8,170.3,0,SEVERE_MONSOON_BURST,26.3,99.0,0.57
MET-AS-NC-2018-09,AS-NC,Dima Hasao (Haflong),Assam,25.18,93.02,2018,9,371.0,268.3,-27.7,79.4,0,HEAVY_MONSOON,28.6,77.5,0.473
MET-AS-NC-2018-10,AS-NC,Dima Hasao (Haflong),Assam,25.18,93.02,2018,10,159.0,216.7,36.3,85.4,0,MODERATE_SHOWERS,26.7,78.2,0.891
MET-AS-NC-2018-11,AS-NC,Dima Hasao (Haflong),Assam,25.18,93.02,2018,11,39.8,48.7,22.4,34.1,0,DRY_PERIOD,25.7,64.2,0.8
MET-AS-NC-2018-12,AS-NC,Dima Hasao (Haflong),Assam,25.18,93.02,2018,12,39.8,39.5,-0.8,16.8,0,DRY_PERIOD,23.4,73.1,0.649
MET-AS-NC-2019-01,AS-NC,Dima Hasao (Haflong),Assam,25.18,93.02,2019,1,39.8,51.2,28.6,32.1,0,DRY_PERIOD,24.1,69.5,0.841
MET-AS-NC-2019-02,AS-NC,Dima Hasao (Haflong),Assam,25.18,93.02,2019,2,39.8,65.0,63.3,45.2,0,DRY_PERIOD,22.9,66.0,1.0
MET-AS-NC-2019-03,AS-NC,Dima Hasao (Haflong),Assam,25.18,93.02,2019,3,39.8,66.8,67.8,30.4,0,DRY_PERIOD,25.6,73.3,1.0
MET-AS-NC-2019-04,AS-NC,Dima Hasao (Haflong),Assam,25.18,93.02,2019,4,159.0,211.4,33.0,149.9,0,MODERATE_SHOWERS,25.6,78.5,0.869
MET-AS-NC-2019-05,AS-NC,Dima Hasao (Haflong),Assam,25.18,93.02,2019,5,371.0,276.3,-25.5,76.9,0,HEAVY_MONSOON,26.8,81.6,0.487
MET-AS-NC-2019-06,AS-NC,Dima Hasao (Haflong),Assam,25.18,93.02,2019,6,583.0,541.8,-7.1,99.6,0,SEVERE_MONSOON_BURST,25.6,99.0,0.608
MET-AS-NC-2019-07,AS-NC,Dima Hasao (Haflong),Assam,25.18,93.02,2019,7,583.0,471.4,-19.1,197.6,1,SEVERE_MONSOON_BURST,25.9,99.0,0.529
MET-AS-NC-2019-08,AS-NC,Dima Hasao (Haflong),Assam,25.18,93.02,2019,8,583.0,734.8,26.0,288.8,0,SEVERE_MONSOON_BURST,27.5,99.0,0.824
MET-AS-NC-2019-09,AS-NC,Dima Hasao (Haflong),Assam,25.18,93.02,2019,9,371.0,523.5,41.1,221.0,0,SEVERE_MONSOON_BURST,26.3,99.0,0.923
MET-AS-NC-2019-10,AS-NC,Dima Hasao (Haflong),Assam,25.18,93.02,2019,10,159.0,133.0,-16.4,33.7,0,MODERATE_SHOWERS,27.5,67.1,0.547
MET-AS-NC-2019-11,AS-NC,Dima Hasao (Haflong),Assam,25.18,93.02,2019,11,39.8,45.2,13.6,34.0,0,DRY_PERIOD,28.3,59.7,0.743
MET-AS-NC-2019-12,AS-NC,Dima Hasao (Haflong),Assam,25.18,93.02,2019,12,39.8,47.6,19.6,26.7,0,DRY_PERIOD,21.3,62.0,0.782
MET-AS-NC-2020-01,AS-NC,Dima Hasao (Haflong),Assam,25.18,93.02,2020,1,39.8,37.0,-7.0,15.4,0,DRY_PERIOD,24.1,70.2,0.608
MET-AS-NC-2020-02,AS-NC,Dima Hasao (Haflong),Assam,25.18,93.02,2020,2,39.8,49.7,24.9,25.7,0,DRY_PERIOD,22.1,63.7,0.816
MET-AS-NC-2020-03,AS-NC,Dima Hasao (Haflong),Assam,25.18,93.02,2020,3,39.8,37.1,-6.8,25.2,0,DRY_PERIOD,26.2,64.6,0.609
MET-AS-NC-2020-04,AS-NC,Dima Hasao (Haflong),Assam,25.18,93.02,2020,4,159.0,161.8,1.8,71.7,0,MODERATE_SHOWERS,26.6,79.4,0.665
MET-AS-NC-2020-05,AS-NC,Dima Hasao (Haflong),Assam,25.18,93.02,2020,5,371.0,516.9,39.3,130.0,1,SEVERE_MONSOON_BURST,25.2,99.0,0.911
MET-AS-NC-2020-06,AS-NC,Dima Hasao (Haflong),Assam,25.18,93.02,2020,6,583.0,785.5,34.7,243.7,0,SEVERE_MONSOON_BURST,28.1,99.0,0.881
MET-AS-NC-2020-07,AS-NC,Dima Hasao (Haflong),Assam,25.18,93.02,2020,7,583.0,394.8,-32.3,99.6,0,HEAVY_MONSOON,27.4,99.0,0.443
MET-AS-NC-2020-08,AS-NC,Dima Hasao (Haflong),Assam,25.18,93.02,2020,8,583.0,817.8,40.3,354.3,0,SEVERE_MONSOON_BURST,26.3,99.0,0.917
MET-AS-NC-2020-09,AS-NC,Dima Hasao (Haflong),Assam,25.18,93.02,2020,9,371.0,308.8,-16.8,88.0,0,HEAVY_MONSOON,25.9,86.3,0.544
MET-AS-NC-2020-10,AS-NC,Dima Hasao (Haflong),Assam,25.18,93.02,2020,10,159.0,228.3,43.6,100.8,0,MODERATE_SHOWERS,28.3,84.4,0.939
MET-AS-NC-2020-11,AS-NC,Dima Hasao (Haflong),Assam,25.18,93.02,2020,11,39.8,42.9,7.8,29.8,0,DRY_PERIOD,28.6,61.6,0.705
MET-AS-NC-2020-12,AS-NC,Dima Hasao (Haflong),Assam,25.18,93.02,2020,12,39.8,65.1,63.6,34.1,0,DRY_PERIOD,24.0,62.4,1.0
MET-AS-NC-2021-01,AS-NC,Dima Hasao (Haflong),Assam,25.18,93.02,2021,1,39.8,40.8,2.5,20.8,0,DRY_PERIOD,22.4,68.2,0.67
MET-AS-NC-2021-02,AS-NC,Dima Hasao (Haflong),Assam,25.18,93.02,2021,2,39.8,63.6,59.8,43.4,0,DRY_PERIOD,23.8,64.2,1.0
MET-AS-NC-2021-03,AS-NC,Dima Hasao (Haflong),Assam,25.18,93.02,2021,3,39.8,52.3,31.4,34.8,0,DRY_PERIOD,27.4,62.1,0.859
MET-AS-NC-2021-04,AS-NC,Dima Hasao (Haflong),Assam,25.18,93.02,2021,4,159.0,164.1,3.2,115.4,0,MODERATE_SHOWERS,28.8,75.6,0.675
MET-AS-NC-2021-05,AS-NC,Dima Hasao (Haflong),Assam,25.18,93.02,2021,5,371.0,366.7,-1.2,98.2,0,HEAVY_MONSOON,25.6,86.3,0.646
MET-AS-NC-2021-06,AS-NC,Dima Hasao (Haflong),Assam,25.18,93.02,2021,6,583.0,615.2,5.5,147.3,1,SEVERE_MONSOON_BURST,25.0,99.0,0.69
MET-AS-NC-2021-07,AS-NC,Dima Hasao (Haflong),Assam,25.18,93.02,2021,7,583.0,572.6,-1.8,149.9,1,SEVERE_MONSOON_BURST,25.2,99.0,0.642
MET-AS-NC-2021-08,AS-NC,Dima Hasao (Haflong),Assam,25.18,93.02,2021,8,583.0,802.9,37.7,247.6,0,SEVERE_MONSOON_BURST,25.9,99.0,0.9
MET-AS-NC-2021-09,AS-NC,Dima Hasao (Haflong),Assam,25.18,93.02,2021,9,371.0,362.2,-2.4,111.3,0,HEAVY_MONSOON,25.0,92.7,0.638
MET-AS-NC-2021-10,AS-NC,Dima Hasao (Haflong),Assam,25.18,93.02,2021,10,159.0,199.1,25.2,66.4,0,MODERATE_SHOWERS,27.1,83.1,0.819
MET-AS-NC-2021-11,AS-NC,Dima Hasao (Haflong),Assam,25.18,93.02,2021,11,39.8,56.1,41.0,38.6,0,DRY_PERIOD,27.2,59.5,0.922
MET-AS-NC-2021-12,AS-NC,Dima Hasao (Haflong),Assam,25.18,93.02,2021,12,39.8,28.5,-28.4,12.2,0,DRY_PERIOD,24.7,58.8,0.468
MET-AS-NC-2022-01,AS-NC,Dima Hasao (Haflong),Assam,25.18,93.02,2022,1,39.8,35.3,-11.3,18.1,0,DRY_PERIOD,23.8,66.3,0.58
MET-AS-NC-2022-02,AS-NC,Dima Hasao (Haflong),Assam,25.18,93.02,2022,2,39.8,42.3,6.3,32.7,0,DRY_PERIOD,22.6,66.5,0.695
MET-AS-NC-2022-03,AS-NC,Dima Hasao (Haflong),Assam,25.18,93.02,2022,3,39.8,22.9,-42.5,14.8,0,DRY_PERIOD,25.4,67.3,0.376
MET-AS-NC-2022-04,AS-NC,Dima Hasao (Haflong),Assam,25.18,93.02,2022,4,159.0,158.7,-0.2,121.2,0,MODERATE_SHOWERS,27.8,72.3,0.653
MET-AS-NC-2022-05,AS-NC,Dima Hasao (Haflong),Assam,25.18,93.02,2022,5,371.0,281.6,-24.1,81.4,0,HEAVY_MONSOON,25.1,78.0,0.496
MET-AS-NC-2022-06,AS-NC,Dima Hasao (Haflong),Assam,25.18,93.02,2022,6,583.0,757.2,29.9,319.8,0,SEVERE_MONSOON_BURST,25.6,99.0,0.849
MET-AS-NC-2022-07,AS-NC,Dima Hasao (Haflong),Assam,25.18,93.02,2022,7,583.0,542.4,-7.0,159.2,0,SEVERE_MONSOON_BURST,27.7,99.0,0.608
MET-AS-NC-2022-08,AS-NC,Dima Hasao (Haflong),Assam,25.18,93.02,2022,8,583.0,729.1,25.1,316.2,1,SEVERE_MONSOON_BURST,27.7,99.0,0.818
MET-AS-NC-2022-09,AS-NC,Dima Hasao (Haflong),Assam,25.18,93.02,2022,9,371.0,399.0,7.5,177.9,0,SEVERE_MONSOON_BURST,28.3,99.0,0.703
MET-AS-NC-2022-10,AS-NC,Dima Hasao (Haflong),Assam,25.18,93.02,2022,10,159.0,140.1,-11.9,29.7,0,MODERATE_SHOWERS,26.5,75.9,0.576
MET-AS-NC-2022-11,AS-NC,Dima Hasao (Haflong),Assam,25.18,93.02,2022,11,39.8,47.7,19.8,23.3,0,DRY_PERIOD,26.5,70.8,0.784
MET-AS-NC-2022-12,AS-NC,Dima Hasao (Haflong),Assam,25.18,93.02,2022,12,39.8,55.2,38.7,28.1,0,DRY_PERIOD,22.6,67.0,0.907
MET-AS-NC-2023-01,AS-NC,Dima Hasao (Haflong),Assam,25.18,93.02,2023,1,39.8,48.4,21.6,31.8,0,DRY_PERIOD,21.4,68.5,0.795
MET-AS-NC-2023-02,AS-NC,Dima Hasao (Haflong),Assam,25.18,93.02,2023,2,39.8,49.2,23.6,26.0,0,DRY_PERIOD,24.7,62.9,0.808
MET-AS-NC-2023-03,AS-NC,Dima Hasao (Haflong),Assam,25.18,93.02,2023,3,39.8,60.8,52.8,29.5,0,DRY_PERIOD,28.8,62.2,0.999
MET-AS-NC-2023-04,AS-NC,Dima Hasao (Haflong),Assam,25.18,93.02,2023,4,159.0,150.5,-5.3,118.8,0,MODERATE_SHOWERS,27.1,80.1,0.619
MET-AS-NC-2023-05,AS-NC,Dima Hasao (Haflong),Assam,25.18,93.02,2023,5,371.0,268.0,-27.8,89.2,0,HEAVY_MONSOON,26.8,89.3,0.472
MET-AS-NC-2023-06,AS-NC,Dima Hasao (Haflong),Assam,25.18,93.02,2023,6,583.0,772.9,32.6,282.9,0,SEVERE_MONSOON_BURST,26.3,99.0,0.867
MET-AS-NC-2023-07,AS-NC,Dima Hasao (Haflong),Assam,25.18,93.02,2023,7,583.0,488.2,-16.3,109.2,0,HEAVY_MONSOON,27.8,99.0,0.548
MET-AS-NC-2023-08,AS-NC,Dima Hasao (Haflong),Assam,25.18,93.02,2023,8,583.0,465.6,-20.1,155.1,0,SEVERE_MONSOON_BURST,25.9,96.4,0.522
MET-AS-NC-2023-09,AS-NC,Dima Hasao (Haflong),Assam,25.18,93.02,2023,9,371.0,465.9,25.6,199.4,0,SEVERE_MONSOON_BURST,28.8,98.8,0.821
MET-AS-NC-2023-10,AS-NC,Dima Hasao (Haflong),Assam,25.18,93.02,2023,10,159.0,222.4,39.9,98.7,0,MODERATE_SHOWERS,28.1,80.9,0.915
MET-AS-NC-2023-11,AS-NC,Dima Hasao (Haflong),Assam,25.18,93.02,2023,11,39.8,50.9,27.9,24.4,0,DRY_PERIOD,25.5,64.1,0.836
MET-AS-NC-2023-12,AS-NC,Dima Hasao (Haflong),Assam,25.18,93.02,2023,12,39.8,29.2,-26.6,12.9,0,DRY_PERIOD,24.7,69.4,0.48
MET-AS-NC-2024-01,AS-NC,Dima Hasao (Haflong),Assam,25.18,93.02,2024,1,39.8,44.8,12.6,34.7,0,DRY_PERIOD,24.6,62.0,0.736
MET-AS-NC-2024-02,AS-NC,Dima Hasao (Haflong),Assam,25.18,93.02,2024,2,39.8,58.5,47.0,27.6,0,DRY_PERIOD,21.4,68.2,0.961
MET-AS-NC-2024-03,AS-NC,Dima Hasao (Haflong),Assam,25.18,93.02,2024,3,39.8,23.7,-40.5,17.1,0,DRY_PERIOD,25.1,69.6,0.389
MET-AS-NC-2024-04,AS-NC,Dima Hasao (Haflong),Assam,25.18,93.02,2024,4,159.0,177.6,11.7,92.4,0,MODERATE_SHOWERS,28.3,74.7,0.73
MET-AS-NC-2024-05,AS-NC,Dima Hasao (Haflong),Assam,25.18,93.02,2024,5,371.0,317.8,-14.3,131.9,0,HEAVY_MONSOON,25.6,84.6,0.56
MET-AS-NC-2024-06,AS-NC,Dima Hasao (Haflong),Assam,25.18,93.02,2024,6,583.0,830.5,42.5,345.7,0,SEVERE_MONSOON_BURST,28.3,99.0,0.931
MET-AS-NC-2024-07,AS-NC,Dima Hasao (Haflong),Assam,25.18,93.02,2024,7,583.0,789.9,35.5,154.9,0,SEVERE_MONSOON_BURST,27.5,99.0,0.886
MET-AS-NC-2024-08,AS-NC,Dima Hasao (Haflong),Assam,25.18,93.02,2024,8,583.0,482.3,-17.3,142.7,0,HEAVY_MONSOON,25.0,99.0,0.541
MET-AS-NC-2024-09,AS-NC,Dima Hasao (Haflong),Assam,25.18,93.02,2024,9,371.0,413.0,11.3,177.6,0,SEVERE_MONSOON_BURST,25.6,89.1,0.728
MET-AS-NC-2024-10,AS-NC,Dima Hasao (Haflong),Assam,25.18,93.02,2024,10,159.0,112.3,-29.4,45.0,0,MODERATE_SHOWERS,25.5,78.8,0.462
MET-AS-NC-2024-11,AS-NC,Dima Hasao (Haflong),Assam,25.18,93.02,2024,11,39.8,48.0,20.6,19.5,0,DRY_PERIOD,27.5,69.9,0.789
MET-AS-NC-2024-12,AS-NC,Dima Hasao (Haflong),Assam,25.18,93.02,2024,12,39.8,25.7,-35.4,18.1,0,DRY_PERIOD,21.3,71.9,0.422
MET-AS-NC-2025-01,AS-NC,Dima Hasao (Haflong),Assam,25.18,93.02,2025,1,39.8,29.0,-27.1,12.8,0,DRY_PERIOD,23.9,60.5,0.476
MET-AS-NC-2025-02,AS-NC,Dima Hasao (Haflong),Assam,25.18,93.02,2025,2,39.8,24.5,-38.4,12.9,0,DRY_PERIOD,24.7,58.3,0.402
MET-AS-NC-2025-03,AS-NC,Dima Hasao (Haflong),Assam,25.18,93.02,2025,3,39.8,50.1,25.9,32.3,0,DRY_PERIOD,27.1,64.5,0.823
MET-AS-NC-2025-04,AS-NC,Dima Hasao (Haflong),Assam,25.18,93.02,2025,4,159.0,223.2,40.4,152.6,1,SEVERE_MONSOON_BURST,27.0,73.9,0.918
MET-AS-NC-2025-05,AS-NC,Dima Hasao (Haflong),Assam,25.18,93.02,2025,5,371.0,360.4,-2.9,123.6,0,HEAVY_MONSOON,27.3,95.2,0.635
MET-AS-NC-2025-06,AS-NC,Dima Hasao (Haflong),Assam,25.18,93.02,2025,6,583.0,765.8,31.4,218.7,0,SEVERE_MONSOON_BURST,25.9,99.0,0.859
MET-AS-NC-2025-07,AS-NC,Dima Hasao (Haflong),Assam,25.18,93.02,2025,7,583.0,517.0,-11.3,178.9,0,SEVERE_MONSOON_BURST,25.6,97.4,0.58
MET-AS-NC-2025-08,AS-NC,Dima Hasao (Haflong),Assam,25.18,93.02,2025,8,583.0,831.8,42.7,286.0,0,SEVERE_MONSOON_BURST,25.9,99.0,0.933
MET-AS-NC-2025-09,AS-NC,Dima Hasao (Haflong),Assam,25.18,93.02,2025,9,371.0,301.0,-18.9,75.9,0,HEAVY_MONSOON,25.4,82.5,0.53
MET-AS-NC-2025-10,AS-NC,Dima Hasao (Haflong),Assam,25.18,93.02,2025,10,159.0,148.1,-6.9,37.9,0,MODERATE_SHOWERS,26.3,78.1,0.609
MET-AS-NC-2025-11,AS-NC,Dima Hasao (Haflong),Assam,25.18,93.02,2025,11,39.8,70.9,78.1,41.4,0,DRY_PERIOD,25.4,72.1,1.0
MET-AS-NC-2025-12,AS-NC,Dima Hasao (Haflong),Assam,25.18,93.02,2025,12,39.8,47.8,20.1,38.0,0,DRY_PERIOD,23.5,68.5,0.785
MET-AS-NC-2026-01,AS-NC,Dima Hasao (Haflong),Assam,25.18,93.02,2026,1,39.8,44.1,10.8,19.9,0,DRY_PERIOD,23.6,72.7,0.724
MET-AS-NC-2026-02,AS-NC,Dima Hasao (Haflong),Assam,25.18,93.02,2026,2,39.8,44.5,11.8,27.0,0,DRY_PERIOD,23.4,62.5,0.731
MET-AS-NC-2026-03,AS-NC,Dima Hasao (Haflong),Assam,25.18,93.02,2026,3,39.8,55.6,39.7,26.5,0,DRY_PERIOD,26.7,62.8,0.913
MET-AS-NC-2026-04,AS-NC,Dima Hasao (Haflong),Assam,25.18,93.02,2026,4,159.0,200.4,26.0,80.9,0,MODERATE_SHOWERS,27.6,75.5,0.824
MET-AS-NC-2026-05,AS-NC,Dima Hasao (Haflong),Assam,25.18,93.02,2026,5,371.0,470.3,26.8,158.0,1,SEVERE_MONSOON_BURST,27.6,99.0,0.829
MET-AS-NC-2026-06,AS-NC,Dima Hasao (Haflong),Assam,25.18,93.02,2026,6,583.0,797.3,36.8,298.9,0,SEVERE_MONSOON_BURST,27.6,99.0,0.894
MET-AS-NC-2026-07,AS-NC,Dima Hasao (Haflong),Assam,25.18,93.02,2026,7,583.0,761.3,30.6,183.4,0,SEVERE_MONSOON_BURST,27.9,99.0,0.854
MET-AS-NC-2026-08,AS-NC,Dima Hasao (Haflong),Assam,25.18,93.02,2026,8,583.0,807.5,38.5,301.6,1,SEVERE_MONSOON_BURST,28.8,99.0,0.906
MET-AS-NC-2026-09,AS-NC,Dima Hasao (Haflong),Assam,25.18,93.02,2026,9,371.0,330.7,-10.9,107.7,0,HEAVY_MONSOON,27.3,89.2,0.583
MET-AS-NC-2026-10,AS-NC,Dima Hasao (Haflong),Assam,25.18,93.02,2026,10,159.0,224.2,41.0,99.9,0,MODERATE_SHOWERS,27.2,84.2,0.922
MET-AS-NC-2026-11,AS-NC,Dima Hasao (Haflong),Assam,25.18,93.02,2026,11,39.8,61.1,53.5,48.1,0,DRY_PERIOD,26.4,70.2,1.0
MET-AS-NC-2026-12,AS-NC,Dima Hasao (Haflong),Assam,25.18,93.02,2026,12,39.8,63.1,58.5,37.6,0,DRY_PERIOD,22.9,74.2,1.0
MET-AS-DIB-2015-01,AS-DIB,Dibrugarh,Assam,27.47,94.91,2015,1,41.2,35.0,-15.0,18.8,0,DRY_PERIOD,22.8,63.5,0.555
MET-AS-DIB-2015-02,AS-DIB,Dibrugarh,Assam,27.47,94.91,2015,2,41.2,42.4,2.9,21.4,0,DRY_PERIOD,22.8,65.7,0.673
MET-AS-DIB-2015-03,AS-DIB,Dibrugarh,Assam,27.47,94.91,2015,3,41.2,40.8,-1.0,27.3,0,DRY_PERIOD,25.8,66.7,0.647
MET-AS-DIB-2015-04,AS-DIB,Dibrugarh,Assam,27.47,94.91,2015,4,165.0,251.3,52.3,115.9,0,HEAVY_MONSOON,28.0,78.6,0.996
MET-AS-DIB-2015-05,AS-DIB,Dibrugarh,Assam,27.47,94.91,2015,5,385.0,436.8,13.5,81.6,0,HEAVY_MONSOON,26.0,94.1,0.742
MET-AS-DIB-2015-06,AS-DIB,Dibrugarh,Assam,27.47,94.91,2015,6,605.0,417.8,-30.9,172.9,0,SEVERE_MONSOON_BURST,27.7,92.1,0.452
MET-AS-DIB-2015-07,AS-DIB,Dibrugarh,Assam,27.47,94.91,2015,7,605.0,742.3,22.7,322.5,0,SEVERE_MONSOON_BURST,26.3,99.0,0.802
MET-AS-DIB-2015-08,AS-DIB,Dibrugarh,Assam,27.47,94.91,2015,8,605.0,853.8,41.1,192.7,0,SEVERE_MONSOON_BURST,25.9,99.0,0.923
MET-AS-DIB-2015-09,AS-DIB,Dibrugarh,Assam,27.47,94.91,2015,9,385.0,285.1,-25.9,113.6,0,HEAVY_MONSOON,26.6,85.4,0.484
MET-AS-DIB-2015-10,AS-DIB,Dibrugarh,Assam,27.47,94.91,2015,10,165.0,197.7,19.8,47.0,0,MODERATE_SHOWERS,28.9,81.6,0.783
MET-AS-DIB-2015-11,AS-DIB,Dibrugarh,Assam,27.47,94.91,2015,11,41.2,47.3,14.8,19.1,0,DRY_PERIOD,26.4,72.9,0.751
MET-AS-DIB-2015-12,AS-DIB,Dibrugarh,Assam,27.47,94.91,2015,12,41.2,55.8,35.4,36.3,0,DRY_PERIOD,21.8,69.6,0.886
MET-AS-DIB-2016-01,AS-DIB,Dibrugarh,Assam,27.47,94.91,2016,1,41.2,45.6,10.7,20.9,0,DRY_PERIOD,24.8,61.9,0.724
MET-AS-DIB-2016-02,AS-DIB,Dibrugarh,Assam,27.47,94.91,2016,2,41.2,67.8,64.6,43.1,0,DRY_PERIOD,23.2,65.3,1.0
MET-AS-DIB-2016-03,AS-DIB,Dibrugarh,Assam,27.47,94.91,2016,3,41.2,42.7,3.6,28.8,0,DRY_PERIOD,26.6,62.3,0.678
MET-AS-DIB-2016-04,AS-DIB,Dibrugarh,Assam,27.47,94.91,2016,4,165.0,135.6,-17.8,60.6,0,MODERATE_SHOWERS,28.5,66.2,0.537
MET-AS-DIB-2016-05,AS-DIB,Dibrugarh,Assam,27.47,94.91,2016,5,385.0,461.4,19.8,110.4,0,HEAVY_MONSOON,25.9,96.5,0.784
MET-AS-DIB-2016-06,AS-DIB,Dibrugarh,Assam,27.47,94.91,2016,6,605.0,843.8,39.5,317.7,0,SEVERE_MONSOON_BURST,27.5,99.0,0.912
MET-AS-DIB-2016-07,AS-DIB,Dibrugarh,Assam,27.47,94.91,2016,7,605.0,785.4,29.8,325.7,1,SEVERE_MONSOON_BURST,28.8,99.0,0.849
MET-AS-DIB-2016-08,AS-DIB,Dibrugarh,Assam,27.47,94.91,2016,8,605.0,807.6,33.5,168.5,0,SEVERE_MONSOON_BURST,25.8,99.0,0.873
MET-AS-DIB-2016-09,AS-DIB,Dibrugarh,Assam,27.47,94.91,2016,9,385.0,289.7,-24.8,117.4,0,HEAVY_MONSOON,26.2,92.5,0.492
MET-AS-DIB-2016-10,AS-DIB,Dibrugarh,Assam,27.47,94.91,2016,10,165.0,159.8,-3.2,65.1,0,MODERATE_SHOWERS,27.5,79.2,0.633
MET-AS-DIB-2016-11,AS-DIB,Dibrugarh,Assam,27.47,94.91,2016,11,41.2,70.9,72.1,40.6,0,DRY_PERIOD,27.1,67.3,1.0
MET-AS-DIB-2016-12,AS-DIB,Dibrugarh,Assam,27.47,94.91,2016,12,41.2,54.9,33.3,30.3,0,DRY_PERIOD,21.6,65.5,0.871
MET-AS-DIB-2017-01,AS-DIB,Dibrugarh,Assam,27.47,94.91,2017,1,41.2,67.0,62.6,42.5,0,DRY_PERIOD,21.2,64.4,1.0
MET-AS-DIB-2017-02,AS-DIB,Dibrugarh,Assam,27.47,94.91,2017,2,41.2,53.2,29.1,31.6,0,DRY_PERIOD,24.3,73.6,0.844
MET-AS-DIB-2017-03,AS-DIB,Dibrugarh,Assam,27.47,94.91,2017,3,41.2,57.2,38.8,33.6,0,DRY_PERIOD,25.4,60.4,0.908
MET-AS-DIB-2017-04,AS-DIB,Dibrugarh,Assam,27.47,94.91,2017,4,165.0,223.8,35.6,173.4,0,SEVERE_MONSOON_BURST,25.8,83.5,0.887
MET-AS-DIB-2017-05,AS-DIB,Dibrugarh,Assam,27.47,94.91,2017,5,385.0,468.0,21.6,142.4,1,HEAVY_MONSOON,26.1,96.2,0.795
MET-AS-DIB-2017-06,AS-DIB,Dibrugarh,Assam,27.47,94.91,2017,6,605.0,733.3,21.2,288.8,0,SEVERE_MONSOON_BURST,25.9,99.0,0.793
MET-AS-DIB-2017-07,AS-DIB,Dibrugarh,Assam,27.47,94.91,2017,7,605.0,596.1,-1.5,156.3,0,SEVERE_MONSOON_BURST,28.9,99.0,0.644
MET-AS-DIB-2017-08,AS-DIB,Dibrugarh,Assam,27.47,94.91,2017,8,605.0,553.6,-8.5,198.3,1,SEVERE_MONSOON_BURST,26.6,99.0,0.598
MET-AS-DIB-2017-09,AS-DIB,Dibrugarh,Assam,27.47,94.91,2017,9,385.0,540.3,40.3,146.8,1,SEVERE_MONSOON_BURST,28.9,99.0,0.918
MET-AS-DIB-2017-10,AS-DIB,Dibrugarh,Assam,27.47,94.91,2017,10,165.0,166.6,1.0,65.3,0,MODERATE_SHOWERS,25.5,71.6,0.66
MET-AS-DIB-2017-11,AS-DIB,Dibrugarh,Assam,27.47,94.91,2017,11,41.2,66.6,61.7,37.5,0,DRY_PERIOD,27.4,66.9,1.0
MET-AS-DIB-2017-12,AS-DIB,Dibrugarh,Assam,27.47,94.91,2017,12,41.2,59.3,43.9,33.1,0,DRY_PERIOD,23.2,70.6,0.941
MET-AS-DIB-2018-01,AS-DIB,Dibrugarh,Assam,27.47,94.91,2018,1,41.2,60.6,47.1,41.5,0,DRY_PERIOD,22.4,62.7,0.962
MET-AS-DIB-2018-02,AS-DIB,Dibrugarh,Assam,27.47,94.91,2018,2,41.2,64.9,57.5,48.8,0,DRY_PERIOD,23.1,61.4,1.0
MET-AS-DIB-2018-03,AS-DIB,Dibrugarh,Assam,27.47,94.91,2018,3,41.2,35.4,-14.1,27.8,0,DRY_PERIOD,26.0,69.5,0.562
MET-AS-DIB-2018-04,AS-DIB,Dibrugarh,Assam,27.47,94.91,2018,4,165.0,141.9,-14.0,104.5,0,MODERATE_SHOWERS,26.6,75.3,0.562
MET-AS-DIB-2018-05,AS-DIB,Dibrugarh,Assam,27.47,94.91,2018,5,385.0,559.6,45.4,211.5,0,SEVERE_MONSOON_BURST,25.8,99.0,0.95
MET-AS-DIB-2018-06,AS-DIB,Dibrugarh,Assam,27.47,94.91,2018,6,605.0,420.6,-30.5,169.8,0,SEVERE_MONSOON_BURST,28.4,99.0,0.455
MET-AS-DIB-2018-07,AS-DIB,Dibrugarh,Assam,27.47,94.91,2018,7,605.0,752.2,24.3,323.5,1,SEVERE_MONSOON_BURST,26.3,99.0,0.813
MET-AS-DIB-2018-08,AS-DIB,Dibrugarh,Assam,27.47,94.91,2018,8,605.0,426.4,-29.5,142.2,1,HEAVY_MONSOON,27.5,90.4,0.461
MET-AS-DIB-2018-09,AS-DIB,Dibrugarh,Assam,27.47,94.91,2018,9,385.0,275.0,-28.6,81.1,0,HEAVY_MONSOON,28.2,88.7,0.467
MET-AS-DIB-2018-10,AS-DIB,Dibrugarh,Assam,27.47,94.91,2018,10,165.0,107.4,-34.9,35.4,0,MODERATE_SHOWERS,28.6,73.3,0.426
MET-AS-DIB-2018-11,AS-DIB,Dibrugarh,Assam,27.47,94.91,2018,11,41.2,59.2,43.7,30.3,0,DRY_PERIOD,25.9,73.3,0.94
MET-AS-DIB-2018-12,AS-DIB,Dibrugarh,Assam,27.47,94.91,2018,12,41.2,47.3,14.8,20.1,0,DRY_PERIOD,21.5,63.4,0.751
MET-AS-DIB-2019-01,AS-DIB,Dibrugarh,Assam,27.47,94.91,2019,1,41.2,71.3,73.1,34.8,0,DRY_PERIOD,22.2,71.0,1.0
MET-AS-DIB-2019-02,AS-DIB,Dibrugarh,Assam,27.47,94.91,2019,2,41.2,79.1,92.0,46.6,0,DRY_PERIOD,21.5,63.6,1.0
MET-AS-DIB-2019-03,AS-DIB,Dibrugarh,Assam,27.47,94.91,2019,3,41.2,49.2,19.4,21.4,0,DRY_PERIOD,26.9,60.1,0.781
MET-AS-DIB-2019-04,AS-DIB,Dibrugarh,Assam,27.47,94.91,2019,4,165.0,163.6,-0.8,100.9,0,MODERATE_SHOWERS,26.7,80.8,0.648
MET-AS-DIB-2019-05,AS-DIB,Dibrugarh,Assam,27.47,94.91,2019,5,385.0,399.4,3.7,72.3,0,HEAVY_MONSOON,26.5,95.5,0.678
MET-AS-DIB-2019-06,AS-DIB,Dibrugarh,Assam,27.47,94.91,2019,6,605.0,580.3,-4.1,221.8,0,SEVERE_MONSOON_BURST,28.1,99.0,0.627
MET-AS-DIB-2019-07,AS-DIB,Dibrugarh,Assam,27.47,94.91,2019,7,605.0,812.0,34.2,317.1,0,SEVERE_MONSOON_BURST,27.6,99.0,0.878
MET-AS-DIB-2019-08,AS-DIB,Dibrugarh,Assam,27.47,94.91,2019,8,605.0,588.2,-2.8,263.8,1,SEVERE_MONSOON_BURST,29.0,99.0,0.636
MET-AS-DIB-2019-09,AS-DIB,Dibrugarh,Assam,27.47,94.91,2019,9,385.0,435.7,13.2,125.6,0,HEAVY_MONSOON,28.0,99.0,0.74
MET-AS-DIB-2019-10,AS-DIB,Dibrugarh,Assam,27.47,94.91,2019,10,165.0,207.3,25.6,64.3,0,MODERATE_SHOWERS,27.7,80.8,0.821
MET-AS-DIB-2019-11,AS-DIB,Dibrugarh,Assam,27.47,94.91,2019,11,41.2,48.5,17.7,30.3,0,DRY_PERIOD,26.5,65.2,0.77
MET-AS-DIB-2019-12,AS-DIB,Dibrugarh,Assam,27.47,94.91,2019,12,41.2,22.4,-45.6,16.7,0,DRY_PERIOD,22.6,67.3,0.355
MET-AS-DIB-2020-01,AS-DIB,Dibrugarh,Assam,27.47,94.91,2020,1,41.2,34.6,-16.0,21.5,0,DRY_PERIOD,22.0,65.8,0.549
MET-AS-DIB-2020-02,AS-DIB,Dibrugarh,Assam,27.47,94.91,2020,2,41.2,55.5,34.7,24.3,0,DRY_PERIOD,21.6,72.6,0.881
MET-AS-DIB-2020-03,AS-DIB,Dibrugarh,Assam,27.47,94.91,2020,3,41.2,60.7,47.3,27.5,0,DRY_PERIOD,28.3,63.6,0.963
MET-AS-DIB-2020-04,AS-DIB,Dibrugarh,Assam,27.47,94.91,2020,4,165.0,107.7,-34.7,81.7,0,MODERATE_SHOWERS,27.4,68.6,0.427
MET-AS-DIB-2020-05,AS-DIB,Dibrugarh,Assam,27.47,94.91,2020,5,385.0,295.5,-23.2,68.3,0,HEAVY_MONSOON,28.0,83.4,0.502
MET-AS-DIB-2020-06,AS-DIB,Dibrugarh,Assam,27.47,94.91,2020,6,605.0,691.4,14.3,210.2,0,SEVERE_MONSOON_BURST,28.6,99.0,0.747
MET-AS-DIB-2020-07,AS-DIB,Dibrugarh,Assam,27.47,94.91,2020,7,605.0,655.0,8.3,139.7,1,SEVERE_MONSOON_BURST,26.9,99.0,0.708
MET-AS-DIB-2020-08,AS-DIB,Dibrugarh,Assam,27.47,94.91,2020,8,605.0,835.7,38.1,289.3,0,SEVERE_MONSOON_BURST,26.7,99.0,0.903
MET-AS-DIB-2020-09,AS-DIB,Dibrugarh,Assam,27.47,94.91,2020,9,385.0,543.7,41.2,101.4,0,SEVERE_MONSOON_BURST,27.9,98.9,0.923
MET-AS-DIB-2020-10,AS-DIB,Dibrugarh,Assam,27.47,94.91,2020,10,165.0,135.5,-17.9,44.4,0,MODERATE_SHOWERS,26.9,75.8,0.537
MET-AS-DIB-2020-11,AS-DIB,Dibrugarh,Assam,27.47,94.91,2020,11,41.2,70.1,70.1,52.7,0,DRY_PERIOD,28.1,63.3,1.0
MET-AS-DIB-2020-12,AS-DIB,Dibrugarh,Assam,27.47,94.91,2020,12,41.2,78.6,90.8,50.6,0,DRY_PERIOD,21.4,65.9,1.0
MET-AS-DIB-2021-01,AS-DIB,Dibrugarh,Assam,27.47,94.91,2021,1,41.2,65.2,58.3,48.8,0,DRY_PERIOD,23.0,65.1,1.0
MET-AS-DIB-2021-02,AS-DIB,Dibrugarh,Assam,27.47,94.91,2021,2,41.2,63.1,53.2,30.5,0,DRY_PERIOD,24.3,72.6,1.0
MET-AS-DIB-2021-03,AS-DIB,Dibrugarh,Assam,27.47,94.91,2021,3,41.2,56.6,37.4,34.5,0,DRY_PERIOD,28.8,69.9,0.898
MET-AS-DIB-2021-04,AS-DIB,Dibrugarh,Assam,27.47,94.91,2021,4,165.0,200.1,21.3,154.4,0,SEVERE_MONSOON_BURST,27.5,82.4,0.793
MET-AS-DIB-2021-05,AS-DIB,Dibrugarh,Assam,27.47,94.91,2021,5,385.0,280.1,-27.2,82.5,0,HEAVY_MONSOON,28.0,88.6,0.476
MET-AS-DIB-2021-06,AS-DIB,Dibrugarh,Assam,27.47,94.91,2021,6,605.0,414.2,-31.5,111.4,0,HEAVY_MONSOON,27.8,95.6,0.448
MET-AS-DIB-2021-07,AS-DIB,Dibrugarh,Assam,27.47,94.91,2021,7,605.0,840.1,38.9,364.7,1,SEVERE_MONSOON_BURST,25.9,99.0,0.908
MET-AS-DIB-2021-08,AS-DIB,Dibrugarh,Assam,27.47,94.91,2021,8,605.0,790.9,30.7,156.9,0,SEVERE_MONSOON_BURST,28.5,99.0,0.855
MET-AS-DIB-2021-09,AS-DIB,Dibrugarh,Assam,27.47,94.91,2021,9,385.0,304.9,-20.8,131.2,0,HEAVY_MONSOON,28.3,83.1,0.518
MET-AS-DIB-2021-10,AS-DIB,Dibrugarh,Assam,27.47,94.91,2021,10,165.0,155.7,-5.6,43.9,0,MODERATE_SHOWERS,25.7,74.1,0.617
MET-AS-DIB-2021-11,AS-DIB,Dibrugarh,Assam,27.47,94.91,2021,11,41.2,53.3,29.4,38.1,0,DRY_PERIOD,27.9,72.0,0.846
MET-AS-DIB-2021-12,AS-DIB,Dibrugarh,Assam,27.47,94.91,2021,12,41.2,50.3,22.1,24.2,0,DRY_PERIOD,24.1,62.9,0.798
MET-AS-DIB-2022-01,AS-DIB,Dibrugarh,Assam,27.47,94.91,2022,1,41.2,55.6,35.0,41.3,0,DRY_PERIOD,23.1,64.6,0.882
MET-AS-DIB-2022-02,AS-DIB,Dibrugarh,Assam,27.47,94.91,2022,2,41.2,57.1,38.6,24.2,0,DRY_PERIOD,22.1,72.5,0.906
MET-AS-DIB-2022-03,AS-DIB,Dibrugarh,Assam,27.47,94.91,2022,3,41.2,46.9,13.8,22.7,0,DRY_PERIOD,27.6,66.7,0.744
MET-AS-DIB-2022-04,AS-DIB,Dibrugarh,Assam,27.47,94.91,2022,4,165.0,154.3,-6.5,112.0,0,MODERATE_SHOWERS,25.8,69.7,0.611
MET-AS-DIB-2022-05,AS-DIB,Dibrugarh,Assam,27.47,94.91,2022,5,385.0,410.3,6.6,182.2,1,SEVERE_MONSOON_BURST,26.4,95.0,0.697
MET-AS-DIB-2022-06,AS-DIB,Dibrugarh,Assam,27.47,94.91,2022,6,605.0,583.9,-3.5,143.3,0,SEVERE_MONSOON_BURST,25.6,99.0,0.631
MET-AS-DIB-2022-07,AS-DIB,Dibrugarh,Assam,27.47,94.91,2022,7,605.0,682.4,12.8,297.9,0,SEVERE_MONSOON_BURST,25.9,99.0,0.737
MET-AS-DIB-2022-08,AS-DIB,Dibrugarh,Assam,27.47,94.91,2022,8,605.0,565.3,-6.6,166.0,1,SEVERE_MONSOON_BURST,27.0,99.0,0.611
MET-AS-DIB-2022-09,AS-DIB,Dibrugarh,Assam,27.47,94.91,2022,9,385.0,475.3,23.5,183.3,0,SEVERE_MONSOON_BURST,25.4,96.8,0.807
MET-AS-DIB-2022-10,AS-DIB,Dibrugarh,Assam,27.47,94.91,2022,10,165.0,262.7,59.2,114.2,0,HEAVY_MONSOON,28.8,86.6,1.0
MET-AS-DIB-2022-11,AS-DIB,Dibrugarh,Assam,27.47,94.91,2022,11,41.2,45.7,10.9,27.9,0,DRY_PERIOD,27.1,68.0,0.725
MET-AS-DIB-2022-12,AS-DIB,Dibrugarh,Assam,27.47,94.91,2022,12,41.2,65.8,59.7,34.0,0,DRY_PERIOD,22.2,68.5,1.0
MET-AS-DIB-2023-01,AS-DIB,Dibrugarh,Assam,27.47,94.91,2023,1,41.2,57.8,40.3,39.6,0,DRY_PERIOD,21.3,74.4,0.917
MET-AS-DIB-2023-02,AS-DIB,Dibrugarh,Assam,27.47,94.91,2023,2,41.2,50.4,22.3,28.7,0,DRY_PERIOD,22.8,66.1,0.8
MET-AS-DIB-2023-03,AS-DIB,Dibrugarh,Assam,27.47,94.91,2023,3,41.2,54.1,31.3,24.9,0,DRY_PERIOD,27.1,71.9,0.859
MET-AS-DIB-2023-04,AS-DIB,Dibrugarh,Assam,27.47,94.91,2023,4,165.0,197.4,19.6,131.3,0,MODERATE_SHOWERS,26.0,75.2,0.782
MET-AS-DIB-2023-05,AS-DIB,Dibrugarh,Assam,27.47,94.91,2023,5,385.0,299.7,-22.2,79.0,0,HEAVY_MONSOON,27.2,81.8,0.509
MET-AS-DIB-2023-06,AS-DIB,Dibrugarh,Assam,27.47,94.91,2023,6,605.0,828.8,37.0,226.5,1,SEVERE_MONSOON_BURST,27.3,99.0,0.896
MET-AS-DIB-2023-07,AS-DIB,Dibrugarh,Assam,27.47,94.91,2023,7,605.0,866.0,43.1,156.8,1,SEVERE_MONSOON_BURST,25.2,99.0,0.936
MET-AS-DIB-2023-08,AS-DIB,Dibrugarh,Assam,27.47,94.91,2023,8,605.0,475.0,-21.5,206.9,0,SEVERE_MONSOON_BURST,26.1,96.9,0.513
MET-AS-DIB-2023-09,AS-DIB,Dibrugarh,Assam,27.47,94.91,2023,9,385.0,284.0,-26.2,116.7,0,HEAVY_MONSOON,25.8,82.4,0.482
MET-AS-DIB-2023-10,AS-DIB,Dibrugarh,Assam,27.47,94.91,2023,10,165.0,223.7,35.6,61.2,0,MODERATE_SHOWERS,28.7,77.5,0.886
MET-AS-DIB-2023-11,AS-DIB,Dibrugarh,Assam,27.47,94.91,2023,11,41.2,67.3,63.3,44.4,0,DRY_PERIOD,28.4,63.4,1.0
MET-AS-DIB-2023-12,AS-DIB,Dibrugarh,Assam,27.47,94.91,2023,12,41.2,60.7,47.3,39.9,0,DRY_PERIOD,24.6,72.6,0.963
MET-AS-DIB-2024-01,AS-DIB,Dibrugarh,Assam,27.47,94.91,2024,1,41.2,43.9,6.6,24.8,0,DRY_PERIOD,23.4,68.2,0.697
MET-AS-DIB-2024-02,AS-DIB,Dibrugarh,Assam,27.47,94.91,2024,2,41.2,63.3,53.6,41.2,0,DRY_PERIOD,22.4,68.9,1.0
MET-AS-DIB-2024-03,AS-DIB,Dibrugarh,Assam,27.47,94.91,2024,3,41.2,34.1,-17.2,17.1,0,DRY_PERIOD,26.4,72.6,0.541
MET-AS-DIB-2024-04,AS-DIB,Dibrugarh,Assam,27.47,94.91,2024,4,165.0,181.0,9.7,110.1,0,MODERATE_SHOWERS,26.5,73.2,0.717
MET-AS-DIB-2024-05,AS-DIB,Dibrugarh,Assam,27.47,94.91,2024,5,385.0,364.4,-5.4,80.4,0,HEAVY_MONSOON,26.4,95.2,0.619
MET-AS-DIB-2024-06,AS-DIB,Dibrugarh,Assam,27.47,94.91,2024,6,605.0,743.8,22.9,292.4,0,SEVERE_MONSOON_BURST,26.6,99.0,0.804
MET-AS-DIB-2024-07,AS-DIB,Dibrugarh,Assam,27.47,94.91,2024,7,605.0,565.2,-6.6,215.9,0,SEVERE_MONSOON_BURST,27.1,99.0,0.611
MET-AS-DIB-2024-08,AS-DIB,Dibrugarh,Assam,27.47,94.91,2024,8,605.0,671.5,11.0,262.7,0,SEVERE_MONSOON_BURST,27.4,99.0,0.726
MET-AS-DIB-2024-09,AS-DIB,Dibrugarh,Assam,27.47,94.91,2024,9,385.0,266.9,-30.7,90.6,0,HEAVY_MONSOON,28.9,88.6,0.453
MET-AS-DIB-2024-10,AS-DIB,Dibrugarh,Assam,27.47,94.91,2024,10,165.0,229.9,39.3,95.5,0,MODERATE_SHOWERS,28.1,79.4,0.911
MET-AS-DIB-2024-11,AS-DIB,Dibrugarh,Assam,27.47,94.91,2024,11,41.2,43.2,4.9,23.5,0,DRY_PERIOD,28.4,68.9,0.686
MET-AS-DIB-2024-12,AS-DIB,Dibrugarh,Assam,27.47,94.91,2024,12,41.2,70.7,71.6,46.6,0,DRY_PERIOD,21.7,65.9,1.0
MET-AS-DIB-2025-01,AS-DIB,Dibrugarh,Assam,27.47,94.91,2025,1,41.2,66.1,60.4,37.4,0,DRY_PERIOD,22.4,71.3,1.0
MET-AS-DIB-2025-02,AS-DIB,Dibrugarh,Assam,27.47,94.91,2025,2,41.2,54.5,32.3,29.3,0,DRY_PERIOD,22.8,71.4,0.865
MET-AS-DIB-2025-03,AS-DIB,Dibrugarh,Assam,27.47,94.91,2025,3,41.2,66.1,60.4,40.5,0,DRY_PERIOD,28.4,60.8,1.0
MET-AS-DIB-2025-04,AS-DIB,Dibrugarh,Assam,27.47,94.91,2025,4,165.0,167.2,1.3,95.9,0,MODERATE_SHOWERS,27.5,71.3,0.663
MET-AS-DIB-2025-05,AS-DIB,Dibrugarh,Assam,27.47,94.91,2025,5,385.0,292.5,-24.0,59.0,0,HEAVY_MONSOON,27.4,86.5,0.497
MET-AS-DIB-2025-06,AS-DIB,Dibrugarh,Assam,27.47,94.91,2025,6,605.0,784.4,29.7,150.1,1,SEVERE_MONSOON_BURST,25.4,99.0,0.848
MET-AS-DIB-2025-07,AS-DIB,Dibrugarh,Assam,27.47,94.91,2025,7,605.0,562.3,-7.1,158.6,1,SEVERE_MONSOON_BURST,27.1,99.0,0.608
MET-AS-DIB-2025-08,AS-DIB,Dibrugarh,Assam,27.47,94.91,2025,8,605.0,688.2,13.8,192.7,1,SEVERE_MONSOON_BURST,28.5,99.0,0.744
MET-AS-DIB-2025-09,AS-DIB,Dibrugarh,Assam,27.47,94.91,2025,9,385.0,458.8,19.2,139.3,0,HEAVY_MONSOON,27.0,99.0,0.779
MET-AS-DIB-2025-10,AS-DIB,Dibrugarh,Assam,27.47,94.91,2025,10,165.0,158.1,-4.2,29.1,0,MODERATE_SHOWERS,28.8,78.5,0.627
MET-AS-DIB-2025-11,AS-DIB,Dibrugarh,Assam,27.47,94.91,2025,11,41.2,63.4,53.9,50.0,0,DRY_PERIOD,27.8,69.4,1.0
MET-AS-DIB-2025-12,AS-DIB,Dibrugarh,Assam,27.47,94.91,2025,12,41.2,27.7,-32.8,11.6,0,DRY_PERIOD,24.3,57.3,0.44
MET-AS-DIB-2026-01,AS-DIB,Dibrugarh,Assam,27.47,94.91,2026,1,41.2,55.5,34.7,35.7,0,DRY_PERIOD,24.0,63.1,0.881
MET-AS-DIB-2026-02,AS-DIB,Dibrugarh,Assam,27.47,94.91,2026,2,41.2,62.9,52.7,25.9,0,DRY_PERIOD,24.2,63.4,0.998
MET-AS-DIB-2026-03,AS-DIB,Dibrugarh,Assam,27.47,94.91,2026,3,41.2,43.7,6.1,34.3,0,DRY_PERIOD,26.7,63.5,0.694
MET-AS-DIB-2026-04,AS-DIB,Dibrugarh,Assam,27.47,94.91,2026,4,165.0,151.9,-7.9,86.7,0,MODERATE_SHOWERS,27.6,70.3,0.602
MET-AS-DIB-2026-05,AS-DIB,Dibrugarh,Assam,27.47,94.91,2026,5,385.0,546.7,42.0,211.5,0,SEVERE_MONSOON_BURST,28.7,99.0,0.928
MET-AS-DIB-2026-06,AS-DIB,Dibrugarh,Assam,27.47,94.91,2026,6,605.0,551.9,-8.8,156.7,0,SEVERE_MONSOON_BURST,25.1,99.0,0.596
MET-AS-DIB-2026-07,AS-DIB,Dibrugarh,Assam,27.47,94.91,2026,7,605.0,459.5,-24.0,141.5,0,HEAVY_MONSOON,25.7,99.0,0.497
MET-AS-DIB-2026-08,AS-DIB,Dibrugarh,Assam,27.47,94.91,2026,8,605.0,422.7,-30.1,165.3,0,SEVERE_MONSOON_BURST,27.4,99.0,0.457
MET-AS-DIB-2026-09,AS-DIB,Dibrugarh,Assam,27.47,94.91,2026,9,385.0,304.6,-20.9,99.2,0,HEAVY_MONSOON,26.5,82.4,0.517
MET-AS-DIB-2026-10,AS-DIB,Dibrugarh,Assam,27.47,94.91,2026,10,165.0,175.3,6.2,68.8,0,MODERATE_SHOWERS,28.8,73.7,0.695
MET-AS-DIB-2026-11,AS-DIB,Dibrugarh,Assam,27.47,94.91,2026,11,41.2,44.1,7.0,34.5,0,DRY_PERIOD,27.2,73.2,0.7
MET-AS-DIB-2026-12,AS-DIB,Dibrugarh,Assam,27.47,94.91,2026,12,41.2,61.4,49.0,37.5,0,DRY_PERIOD,21.9,73.5,0.974
MET-ML-EKH-2015-01,ML-EKH,East Khasi Hills (Shillong),Meghalaya,25.57,91.89,2015,1,36.8,51.7,40.5,33.1,0,DRY_PERIOD,21.9,59.8,0.879
MET-ML-EKH-2015-02,ML-EKH,East Khasi Hills (Shillong),Meghalaya,25.57,91.89,2015,2,36.8,52.4,42.4,28.3,0,DRY_PERIOD,21.0,66.7,0.891
MET-ML-EKH-2015-03,ML-EKH,East Khasi Hills (Shillong),Meghalaya,25.57,91.89,2015,3,36.8,38.8,5.4,31.0,0,DRY_PERIOD,28.6,71.2,0.66
MET-ML-EKH-2015-04,ML-EKH,East Khasi Hills (Shillong),Meghalaya,25.57,91.89,2015,4,147.0,151.0,2.7,69.7,0,MODERATE_SHOWERS,27.2,67.3,0.672
MET-ML-EKH-2015-05,ML-EKH,East Khasi Hills (Shillong),Meghalaya,25.57,91.89,2015,5,343.0,397.1,15.8,143.5,1,HEAVY_MONSOON,27.3,93.6,0.757
MET-ML-EKH-2015-06,ML-EKH,East Khasi Hills (Shillong),Meghalaya,25.57,91.89,2015,6,539.0,569.0,5.6,174.2,0,SEVERE_MONSOON_BURST,25.6,99.0,0.69
MET-ML-EKH-2015-07,ML-EKH,East Khasi Hills (Shillong),Meghalaya,25.57,91.89,2015,7,539.0,407.4,-24.4,115.8,0,HEAVY_MONSOON,26.8,99.0,0.494
MET-ML-EKH-2015-08,ML-EKH,East Khasi Hills (Shillong),Meghalaya,25.57,91.89,2015,8,539.0,480.8,-10.8,154.7,0,SEVERE_MONSOON_BURST,25.4,99.0,0.583
MET-ML-EKH-2015-09,ML-EKH,East Khasi Hills (Shillong),Meghalaya,25.57,91.89,2015,9,343.0,478.2,39.4,88.7,0,HEAVY_MONSOON,28.8,99.0,0.912
MET-ML-EKH-2015-10,ML-EKH,East Khasi Hills (Shillong),Meghalaya,25.57,91.89,2015,10,147.0,180.7,22.9,33.9,0,MODERATE_SHOWERS,28.2,84.3,0.804
MET-ML-EKH-2015-11,ML-EKH,East Khasi Hills (Shillong),Meghalaya,25.57,91.89,2015,11,36.8,65.4,77.7,44.1,0,DRY_PERIOD,25.3,70.0,1.0
MET-ML-EKH-2015-12,ML-EKH,East Khasi Hills (Shillong),Meghalaya,25.57,91.89,2015,12,36.8,68.4,85.9,41.6,0,DRY_PERIOD,23.5,73.5,1.0
MET-ML-EKH-2016-01,ML-EKH,East Khasi Hills (Shillong),Meghalaya,25.57,91.89,2016,1,36.8,69.2,88.0,54.1,0,DRY_PERIOD,24.5,69.8,1.0
MET-ML-EKH-2016-02,ML-EKH,East Khasi Hills (Shillong),Meghalaya,25.57,91.89,2016,2,36.8,54.9,49.2,36.6,0,DRY_PERIOD,22.3,62.1,0.933
MET-ML-EKH-2016-03,ML-EKH,East Khasi Hills (Shillong),Meghalaya,25.57,91.89,2016,3,36.8,28.0,-23.9,14.8,0,DRY_PERIOD,25.7,61.9,0.476
MET-ML-EKH-2016-04,ML-EKH,East Khasi Hills (Shillong),Meghalaya,25.57,91.89,2016,4,147.0,124.8,-15.1,83.0,0,MODERATE_SHOWERS,28.4,69.7,0.555
MET-ML-EKH-2016-05,ML-EKH,East Khasi Hills (Shillong),Meghalaya,25.57,91.89,2016,5,343.0,482.4,40.6,118.0,0,HEAVY_MONSOON,27.4,99.0,0.92
MET-ML-EKH-2016-06,ML-EKH,East Khasi Hills (Shillong),Meghalaya,25.57,91.89,2016,6,539.0,574.2,6.5,184.3,0,SEVERE_MONSOON_BURST,25.1,99.0,0.697
MET-ML-EKH-2016-07,ML-EKH,East Khasi Hills (Shillong),Meghalaya,25.57,91.89,2016,7,539.0,753.7,39.8,286.1,1,SEVERE_MONSOON_BURST,27.2,99.0,0.914
MET-ML-EKH-2016-08,ML-EKH,East Khasi Hills (Shillong),Meghalaya,25.57,91.89,2016,8,539.0,552.4,2.5,219.0,0,SEVERE_MONSOON_BURST,28.6,99.0,0.67
MET-ML-EKH-2016-09,ML-EKH,East Khasi Hills (Shillong),Meghalaya,25.57,91.89,2016,9,343.0,250.4,-27.0,84.3,0,HEAVY_MONSOON,26.0,83.1,0.477
MET-ML-EKH-2016-10,ML-EKH,East Khasi Hills (Shillong),Meghalaya,25.57,91.89,2016,10,147.0,205.5,39.8,78.9,0,MODERATE_SHOWERS,28.3,73.6,0.914
MET-ML-EKH-2016-11,ML-EKH,East Khasi Hills (Shillong),Meghalaya,25.57,91.89,2016,11,36.8,43.8,19.0,19.6,0,DRY_PERIOD,28.4,69.6,0.745
MET-ML-EKH-2016-12,ML-EKH,East Khasi Hills (Shillong),Meghalaya,25.57,91.89,2016,12,36.8,50.5,37.2,36.0,0,DRY_PERIOD,21.7,71.0,0.858
MET-ML-EKH-2017-01,ML-EKH,East Khasi Hills (Shillong),Meghalaya,25.57,91.89,2017,1,36.8,69.3,88.3,47.7,0,DRY_PERIOD,24.3,65.3,1.0
MET-ML-EKH-2017-02,ML-EKH,East Khasi Hills (Shillong),Meghalaya,25.57,91.89,2017,2,36.8,51.7,40.5,21.3,0,DRY_PERIOD,23.0,73.2,0.879
MET-ML-EKH-2017-03,ML-EKH,East Khasi Hills (Shillong),Meghalaya,25.57,91.89,2017,3,36.8,19.8,-46.2,15.5,0,DRY_PERIOD,28.5,62.6,0.337
MET-ML-EKH-2017-04,ML-EKH,East Khasi Hills (Shillong),Meghalaya,25.57,91.89,2017,4,147.0,202.6,37.8,86.0,0,MODERATE_SHOWERS,25.0,85.0,0.901
MET-ML-EKH-2017-05,ML-EKH,East Khasi Hills (Shillong),Meghalaya,25.57,91.89,2017,5,343.0,430.2,25.4,81.9,0,HEAVY_MONSOON,27.4,99.0,0.82
MET-ML-EKH-2017-06,ML-EKH,East Khasi Hills (Shillong),Meghalaya,25.57,91.89,2017,6,539.0,513.7,-4.7,117.1,0,SEVERE_MONSOON_BURST,27.2,99.0,0.623
MET-ML-EKH-2017-07,ML-EKH,East Khasi Hills (Shillong),Meghalaya,25.57,91.89,2017,7,539.0,374.0,-30.6,78.8,0,HEAVY_MONSOON,27.2,94.5,0.454
MET-ML-EKH-2017-08,ML-EKH,East Khasi Hills (Shillong),Meghalaya,25.57,91.89,2017,8,539.0,555.9,3.1,173.7,0,SEVERE_MONSOON_BURST,25.2,99.0,0.674
MET-ML-EKH-2017-09,ML-EKH,East Khasi Hills (Shillong),Meghalaya,25.57,91.89,2017,9,343.0,454.9,32.6,86.4,0,HEAVY_MONSOON,27.9,96.6,0.867
MET-ML-EKH-2017-10,ML-EKH,East Khasi Hills (Shillong),Meghalaya,25.57,91.89,2017,10,147.0,172.7,17.5,39.2,0,MODERATE_SHOWERS,25.5,82.7,0.768
MET-ML-EKH-2017-11,ML-EKH,East Khasi Hills (Shillong),Meghalaya,25.57,91.89,2017,11,36.8,47.5,29.1,29.1,0,DRY_PERIOD,25.6,67.2,0.807
MET-ML-EKH-2017-12,ML-EKH,East Khasi Hills (Shillong),Meghalaya,25.57,91.89,2017,12,36.8,57.9,57.3,33.5,0,DRY_PERIOD,22.4,65.4,0.984
MET-ML-EKH-2018-01,ML-EKH,East Khasi Hills (Shillong),Meghalaya,25.57,91.89,2018,1,36.8,51.5,39.9,22.7,0,DRY_PERIOD,22.6,72.1,0.875
MET-ML-EKH-2018-02,ML-EKH,East Khasi Hills (Shillong),Meghalaya,25.57,91.89,2018,2,36.8,36.9,0.3,22.9,0,DRY_PERIOD,22.3,61.2,0.627
MET-ML-EKH-2018-03,ML-EKH,East Khasi Hills (Shillong),Meghalaya,25.57,91.89,2018,3,36.8,66.5,80.7,48.7,0,DRY_PERIOD,25.4,70.9,1.0
MET-ML-EKH-2018-04,ML-EKH,East Khasi Hills (Shillong),Meghalaya,25.57,91.89,2018,4,147.0,187.8,27.8,120.4,0,MODERATE_SHOWERS,28.4,72.0,0.835
MET-ML-EKH-2018-05,ML-EKH,East Khasi Hills (Shillong),Meghalaya,25.57,91.89,2018,5,343.0,305.1,-11.0,108.2,0,HEAVY_MONSOON,26.1,94.2,0.582
MET-ML-EKH-2018-06,ML-EKH,East Khasi Hills (Shillong),Meghalaya,25.57,91.89,2018,6,539.0,766.7,42.2,195.3,0,SEVERE_MONSOON_BURST,25.4,99.0,0.93
MET-ML-EKH-2018-07,ML-EKH,East Khasi Hills (Shillong),Meghalaya,25.57,91.89,2018,7,539.0,607.0,12.6,214.9,0,SEVERE_MONSOON_BURST,26.7,99.0,0.736
MET-ML-EKH-2018-08,ML-EKH,East Khasi Hills (Shillong),Meghalaya,25.57,91.89,2018,8,539.0,704.6,30.7,142.7,0,SEVERE_MONSOON_BURST,25.0,99.0,0.855
MET-ML-EKH-2018-09,ML-EKH,East Khasi Hills (Shillong),Meghalaya,25.57,91.89,2018,9,343.0,305.5,-10.9,126.0,0,HEAVY_MONSOON,27.8,92.6,0.582
MET-ML-EKH-2018-10,ML-EKH,East Khasi Hills (Shillong),Meghalaya,25.57,91.89,2018,10,147.0,189.5,28.9,43.7,0,MODERATE_SHOWERS,25.4,81.5,0.843
MET-ML-EKH-2018-11,ML-EKH,East Khasi Hills (Shillong),Meghalaya,25.57,91.89,2018,11,36.8,57.4,56.0,28.9,0,DRY_PERIOD,25.2,67.9,0.976
MET-ML-EKH-2018-12,ML-EKH,East Khasi Hills (Shillong),Meghalaya,25.57,91.89,2018,12,36.8,65.0,76.6,40.9,0,DRY_PERIOD,23.3,64.7,1.0
MET-ML-EKH-2019-01,ML-EKH,East Khasi Hills (Shillong),Meghalaya,25.57,91.89,2019,1,36.8,48.3,31.2,38.5,0,DRY_PERIOD,24.7,65.9,0.821
MET-ML-EKH-2019-02,ML-EKH,East Khasi Hills (Shillong),Meghalaya,25.57,91.89,2019,2,36.8,56.4,53.3,28.1,0,DRY_PERIOD,22.8,65.3,0.959
MET-ML-EKH-2019-03,ML-EKH,East Khasi Hills (Shillong),Meghalaya,25.57,91.89,2019,3,36.8,45.5,23.6,29.9,0,DRY_PERIOD,27.7,59.2,0.773
MET-ML-EKH-2019-04,ML-EKH,East Khasi Hills (Shillong),Meghalaya,25.57,91.89,2019,4,147.0,193.0,31.3,117.1,0,MODERATE_SHOWERS,28.9,83.6,0.858
MET-ML-EKH-2019-05,ML-EKH,East Khasi Hills (Shillong),Meghalaya,25.57,91.89,2019,5,343.0,258.4,-24.7,67.8,0,HEAVY_MONSOON,26.2,86.2,0.493
MET-ML-EKH-2019-06,ML-EKH,East Khasi Hills (Shillong),Meghalaya,25.57,91.89,2019,6,539.0,730.4,35.5,222.5,1,SEVERE_MONSOON_BURST,26.8,99.0,0.886
MET-ML-EKH-2019-07,ML-EKH,East Khasi Hills (Shillong),Meghalaya,25.57,91.89,2019,7,539.0,475.7,-11.7,166.7,0,SEVERE_MONSOON_BURST,25.4,95.5,0.577
MET-ML-EKH-2019-08,ML-EKH,East Khasi Hills (Shillong),Meghalaya,25.57,91.89,2019,8,539.0,450.1,-16.5,104.2,0,HEAVY_MONSOON,26.8,99.0,0.546
MET-ML-EKH-2019-09,ML-EKH,East Khasi Hills (Shillong),Meghalaya,25.57,91.89,2019,9,343.0,295.6,-13.8,122.2,1,HEAVY_MONSOON,26.8,85.9,0.563
MET-ML-EKH-2019-10,ML-EKH,East Khasi Hills (Shillong),Meghalaya,25.57,91.89,2019,10,147.0,146.9,-0.1,40.5,0,MODERATE_SHOWERS,26.7,78.0,0.653
MET-ML-EKH-2019-11,ML-EKH,East Khasi Hills (Shillong),Meghalaya,25.57,91.89,2019,11,36.8,30.5,-17.1,17.4,0,DRY_PERIOD,26.6,66.6,0.518
MET-ML-EKH-2019-12,ML-EKH,East Khasi Hills (Shillong),Meghalaya,25.57,91.89,2019,12,36.8,59.3,61.1,36.7,0,DRY_PERIOD,23.2,64.3,1.0
MET-ML-EKH-2020-01,ML-EKH,East Khasi Hills (Shillong),Meghalaya,25.57,91.89,2020,1,36.8,29.4,-20.1,17.0,0,DRY_PERIOD,23.7,57.5,0.5
MET-ML-EKH-2020-02,ML-EKH,East Khasi Hills (Shillong),Meghalaya,25.57,91.89,2020,2,36.8,54.9,49.2,36.4,0,DRY_PERIOD,22.4,72.1,0.933
MET-ML-EKH-2020-03,ML-EKH,East Khasi Hills (Shillong),Meghalaya,25.57,91.89,2020,3,36.8,29.4,-20.1,16.6,0,DRY_PERIOD,27.6,69.9,0.5
MET-ML-EKH-2020-04,ML-EKH,East Khasi Hills (Shillong),Meghalaya,25.57,91.89,2020,4,147.0,184.8,25.7,128.2,1,MODERATE_SHOWERS,27.3,83.8,0.822
MET-ML-EKH-2020-05,ML-EKH,East Khasi Hills (Shillong),Meghalaya,25.57,91.89,2020,5,343.0,349.8,2.0,141.7,0,HEAVY_MONSOON,28.3,85.6,0.667
MET-ML-EKH-2020-06,ML-EKH,East Khasi Hills (Shillong),Meghalaya,25.57,91.89,2020,6,539.0,628.6,16.6,128.5,0,SEVERE_MONSOON_BURST,27.1,99.0,0.763
MET-ML-EKH-2020-07,ML-EKH,East Khasi Hills (Shillong),Meghalaya,25.57,91.89,2020,7,539.0,392.8,-27.1,102.7,0,HEAVY_MONSOON,28.7,98.1,0.476
MET-ML-EKH-2020-08,ML-EKH,East Khasi Hills (Shillong),Meghalaya,25.57,91.89,2020,8,539.0,708.1,31.4,187.2,0,SEVERE_MONSOON_BURST,28.0,99.0,0.859
MET-ML-EKH-2020-09,ML-EKH,East Khasi Hills (Shillong),Meghalaya,25.57,91.89,2020,9,343.0,343.3,0.1,81.9,0,HEAVY_MONSOON,25.9,91.9,0.654
MET-ML-EKH-2020-10,ML-EKH,East Khasi Hills (Shillong),Meghalaya,25.57,91.89,2020,10,147.0,123.0,-16.3,22.5,0,MODERATE_SHOWERS,25.6,76.2,0.547
MET-ML-EKH-2020-11,ML-EKH,East Khasi Hills (Shillong),Meghalaya,25.57,91.89,2020,11,36.8,64.4,75.0,42.7,0,DRY_PERIOD,25.3,73.4,1.0
MET-ML-EKH-2020-12,ML-EKH,East Khasi Hills (Shillong),Meghalaya,25.57,91.89,2020,12,36.8,37.2,1.1,26.5,0,DRY_PERIOD,24.7,69.6,0.632
MET-ML-EKH-2021-01,ML-EKH,East Khasi Hills (Shillong),Meghalaya,25.57,91.89,2021,1,36.8,73.2,98.9,31.3,0,DRY_PERIOD,21.8,69.6,1.0
MET-ML-EKH-2021-02,ML-EKH,East Khasi Hills (Shillong),Meghalaya,25.57,91.89,2021,2,36.8,34.4,-6.5,16.8,0,DRY_PERIOD,23.3,62.8,0.585
MET-ML-EKH-2021-03,ML-EKH,East Khasi Hills (Shillong),Meghalaya,25.57,91.89,2021,3,36.8,61.6,67.4,31.3,0,DRY_PERIOD,25.3,69.8,1.0
MET-ML-EKH-2021-04,ML-EKH,East Khasi Hills (Shillong),Meghalaya,25.57,91.89,2021,4,147.0,106.1,-27.8,46.9,0,MODERATE_SHOWERS,28.9,73.2,0.472
MET-ML-EKH-2021-05,ML-EKH,East Khasi Hills (Shillong),Meghalaya,25.57,91.89,2021,5,343.0,442.7,29.1,110.2,0,HEAVY_MONSOON,26.0,99.0,0.844
MET-ML-EKH-2021-06,ML-EKH,East Khasi Hills (Shillong),Meghalaya,25.57,91.89,2021,6,539.0,601.7,11.6,155.1,1,SEVERE_MONSOON_BURST,26.3,99.0,0.73
MET-ML-EKH-2021-07,ML-EKH,East Khasi Hills (Shillong),Meghalaya,25.57,91.89,2021,7,539.0,742.7,37.8,249.2,0,SEVERE_MONSOON_BURST,28.9,99.0,0.901
MET-ML-EKH-2021-08,ML-EKH,East Khasi Hills (Shillong),Meghalaya,25.57,91.89,2021,8,539.0,756.2,40.3,261.9,0,SEVERE_MONSOON_BURST,28.3,99.0,0.917
MET-ML-EKH-2021-09,ML-EKH,East Khasi Hills (Shillong),Meghalaya,25.57,91.89,2021,9,343.0,483.3,40.9,107.0,0,HEAVY_MONSOON,27.0,99.0,0.921
MET-ML-EKH-2021-10,ML-EKH,East Khasi Hills (Shillong),Meghalaya,25.57,91.89,2021,10,147.0,119.1,-19.0,51.4,0,MODERATE_SHOWERS,25.8,69.2,0.53
MET-ML-EKH-2021-11,ML-EKH,East Khasi Hills (Shillong),Meghalaya,25.57,91.89,2021,11,36.8,58.5,59.0,46.5,0,DRY_PERIOD,28.5,65.6,0.994
MET-ML-EKH-2021-12,ML-EKH,East Khasi Hills (Shillong),Meghalaya,25.57,91.89,2021,12,36.8,53.3,44.8,21.4,0,DRY_PERIOD,22.1,62.9,0.906
MET-ML-EKH-2022-01,ML-EKH,East Khasi Hills (Shillong),Meghalaya,25.57,91.89,2022,1,36.8,69.9,89.9,37.2,0,DRY_PERIOD,24.8,74.1,1.0
MET-ML-EKH-2022-02,ML-EKH,East Khasi Hills (Shillong),Meghalaya,25.57,91.89,2022,2,36.8,63.6,72.8,30.5,0,DRY_PERIOD,24.6,67.2,1.0
MET-ML-EKH-2022-03,ML-EKH,East Khasi Hills (Shillong),Meghalaya,25.57,91.89,2022,3,36.8,50.2,36.4,27.3,0,DRY_PERIOD,25.7,60.3,0.853
MET-ML-EKH-2022-04,ML-EKH,East Khasi Hills (Shillong),Meghalaya,25.57,91.89,2022,4,147.0,113.2,-23.0,78.4,0,MODERATE_SHOWERS,26.0,71.5,0.504
MET-ML-EKH-2022-05,ML-EKH,East Khasi Hills (Shillong),Meghalaya,25.57,91.89,2022,5,343.0,444.1,29.5,190.6,1,SEVERE_MONSOON_BURST,26.9,92.1,0.847
MET-ML-EKH-2022-06,ML-EKH,East Khasi Hills (Shillong),Meghalaya,25.57,91.89,2022,6,539.0,690.1,28.0,305.6,0,SEVERE_MONSOON_BURST,28.2,99.0,0.837
MET-ML-EKH-2022-07,ML-EKH,East Khasi Hills (Shillong),Meghalaya,25.57,91.89,2022,7,539.0,489.1,-9.3,162.7,1,SEVERE_MONSOON_BURST,25.7,99.0,0.593
MET-ML-EKH-2022-08,ML-EKH,East Khasi Hills (Shillong),Meghalaya,25.57,91.89,2022,8,539.0,359.7,-33.3,149.8,1,HEAVY_MONSOON,26.3,96.2,0.436
MET-ML-EKH-2022-09,ML-EKH,East Khasi Hills (Shillong),Meghalaya,25.57,91.89,2022,9,343.0,431.3,25.7,146.2,0,HEAVY_MONSOON,25.4,96.1,0.822
MET-ML-EKH-2022-10,ML-EKH,East Khasi Hills (Shillong),Meghalaya,25.57,91.89,2022,10,147.0,187.3,27.4,48.5,0,MODERATE_SHOWERS,27.1,74.7,0.833
MET-ML-EKH-2022-11,ML-EKH,East Khasi Hills (Shillong),Meghalaya,25.57,91.89,2022,11,36.8,46.1,25.3,29.0,0,DRY_PERIOD,26.4,60.9,0.784
MET-ML-EKH-2022-12,ML-EKH,East Khasi Hills (Shillong),Meghalaya,25.57,91.89,2022,12,36.8,30.4,-17.4,13.2,0,DRY_PERIOD,24.5,65.4,0.517
MET-ML-EKH-2023-01,ML-EKH,East Khasi Hills (Shillong),Meghalaya,25.57,91.89,2023,1,36.8,49.3,34.0,28.5,0,DRY_PERIOD,22.2,69.0,0.838
MET-ML-EKH-2023-02,ML-EKH,East Khasi Hills (Shillong),Meghalaya,25.57,91.89,2023,2,36.8,41.4,12.5,17.6,0,DRY_PERIOD,24.2,62.6,0.704
MET-ML-EKH-2023-03,ML-EKH,East Khasi Hills (Shillong),Meghalaya,25.57,91.89,2023,3,36.8,39.7,7.9,31.0,0,DRY_PERIOD,27.1,71.2,0.675
MET-ML-EKH-2023-04,ML-EKH,East Khasi Hills (Shillong),Meghalaya,25.57,91.89,2023,4,147.0,135.5,-7.8,88.9,0,MODERATE_SHOWERS,25.7,67.4,0.603
MET-ML-EKH-2023-05,ML-EKH,East Khasi Hills (Shillong),Meghalaya,25.57,91.89,2023,5,343.0,339.8,-0.9,150.2,0,SEVERE_MONSOON_BURST,27.2,94.9,0.648
MET-ML-EKH-2023-06,ML-EKH,East Khasi Hills (Shillong),Meghalaya,25.57,91.89,2023,6,539.0,484.1,-10.2,193.2,0,SEVERE_MONSOON_BURST,26.8,94.2,0.587
MET-ML-EKH-2023-07,ML-EKH,East Khasi Hills (Shillong),Meghalaya,25.57,91.89,2023,7,539.0,570.5,5.8,200.5,0,SEVERE_MONSOON_BURST,27.5,99.0,0.692
MET-ML-EKH-2023-08,ML-EKH,East Khasi Hills (Shillong),Meghalaya,25.57,91.89,2023,8,539.0,671.6,24.6,281.9,0,SEVERE_MONSOON_BURST,27.3,99.0,0.815
MET-ML-EKH-2023-09,ML-EKH,East Khasi Hills (Shillong),Meghalaya,25.57,91.89,2023,9,343.0,380.3,10.9,126.9,0,HEAVY_MONSOON,27.7,91.5,0.725
MET-ML-EKH-2023-10,ML-EKH,East Khasi Hills (Shillong),Meghalaya,25.57,91.89,2023,10,147.0,141.8,-3.5,30.3,0,MODERATE_SHOWERS,27.1,73.9,0.631
MET-ML-EKH-2023-11,ML-EKH,East Khasi Hills (Shillong),Meghalaya,25.57,91.89,2023,11,36.8,27.3,-25.8,19.2,0,DRY_PERIOD,25.4,57.9,0.464
MET-ML-EKH-2023-12,ML-EKH,East Khasi Hills (Shillong),Meghalaya,25.57,91.89,2023,12,36.8,31.4,-14.7,23.5,0,DRY_PERIOD,21.8,62.1,0.534
MET-ML-EKH-2024-01,ML-EKH,East Khasi Hills (Shillong),Meghalaya,25.57,91.89,2024,1,36.8,54.8,48.9,39.7,0,DRY_PERIOD,22.0,73.9,0.932
MET-ML-EKH-2024-02,ML-EKH,East Khasi Hills (Shillong),Meghalaya,25.57,91.89,2024,2,36.8,59.2,60.9,39.2,0,DRY_PERIOD,22.2,68.8,1.0
MET-ML-EKH-2024-03,ML-EKH,East Khasi Hills (Shillong),Meghalaya,25.57,91.89,2024,3,36.8,43.4,17.9,26.9,0,DRY_PERIOD,26.1,63.4,0.738
MET-ML-EKH-2024-04,ML-EKH,East Khasi Hills (Shillong),Meghalaya,25.57,91.89,2024,4,147.0,174.7,18.8,107.7,0,MODERATE_SHOWERS,28.7,72.2,0.777
MET-ML-EKH-2024-05,ML-EKH,East Khasi Hills (Shillong),Meghalaya,25.57,91.89,2024,5,343.0,416.1,21.3,164.6,0,SEVERE_MONSOON_BURST,27.2,99.0,0.793
MET-ML-EKH-2024-06,ML-EKH,East Khasi Hills (Shillong),Meghalaya,25.57,91.89,2024,6,539.0,582.8,8.1,123.5,0,SEVERE_MONSOON_BURST,26.6,99.0,0.707
MET-ML-EKH-2024-07,ML-EKH,East Khasi Hills (Shillong),Meghalaya,25.57,91.89,2024,7,539.0,683.8,26.9,193.4,0,SEVERE_MONSOON_BURST,27.1,99.0,0.829
MET-ML-EKH-2024-08,ML-EKH,East Khasi Hills (Shillong),Meghalaya,25.57,91.89,2024,8,539.0,546.3,1.4,127.6,0,SEVERE_MONSOON_BURST,25.1,99.0,0.663
MET-ML-EKH-2024-09,ML-EKH,East Khasi Hills (Shillong),Meghalaya,25.57,91.89,2024,9,343.0,290.1,-15.4,69.3,0,HEAVY_MONSOON,25.8,92.9,0.553
MET-ML-EKH-2024-10,ML-EKH,East Khasi Hills (Shillong),Meghalaya,25.57,91.89,2024,10,147.0,215.2,46.4,65.5,0,MODERATE_SHOWERS,26.9,77.4,0.957
MET-ML-EKH-2024-11,ML-EKH,East Khasi Hills (Shillong),Meghalaya,25.57,91.89,2024,11,36.8,46.3,25.8,21.7,0,DRY_PERIOD,27.5,59.4,0.787
MET-ML-EKH-2024-12,ML-EKH,East Khasi Hills (Shillong),Meghalaya,25.57,91.89,2024,12,36.8,55.3,50.3,22.3,0,DRY_PERIOD,24.6,62.2,0.94
MET-ML-EKH-2025-01,ML-EKH,East Khasi Hills (Shillong),Meghalaya,25.57,91.89,2025,1,36.8,43.3,17.7,26.8,0,DRY_PERIOD,24.2,68.7,0.736
MET-ML-EKH-2025-02,ML-EKH,East Khasi Hills (Shillong),Meghalaya,25.57,91.89,2025,2,36.8,66.0,79.3,47.4,0,DRY_PERIOD,22.8,72.2,1.0
MET-ML-EKH-2025-03,ML-EKH,East Khasi Hills (Shillong),Meghalaya,25.57,91.89,2025,3,36.8,53.4,45.1,27.2,0,DRY_PERIOD,26.7,63.2,0.908
MET-ML-EKH-2025-04,ML-EKH,East Khasi Hills (Shillong),Meghalaya,25.57,91.89,2025,4,147.0,126.4,-14.0,57.2,0,MODERATE_SHOWERS,27.8,79.1,0.562
MET-ML-EKH-2025-05,ML-EKH,East Khasi Hills (Shillong),Meghalaya,25.57,91.89,2025,5,343.0,434.0,26.5,172.4,0,SEVERE_MONSOON_BURST,27.3,98.6,0.827
MET-ML-EKH-2025-06,ML-EKH,East Khasi Hills (Shillong),Meghalaya,25.57,91.89,2025,6,539.0,366.8,-31.9,157.3,0,SEVERE_MONSOON_BURST,26.2,94.5,0.445
MET-ML-EKH-2025-07,ML-EKH,East Khasi Hills (Shillong),Meghalaya,25.57,91.89,2025,7,539.0,581.1,7.8,214.5,0,SEVERE_MONSOON_BURST,28.4,99.0,0.705
MET-ML-EKH-2025-08,ML-EKH,East Khasi Hills (Shillong),Meghalaya,25.57,91.89,2025,8,539.0,685.2,27.1,188.8,0,SEVERE_MONSOON_BURST,25.5,99.0,0.831
MET-ML-EKH-2025-09,ML-EKH,East Khasi Hills (Shillong),Meghalaya,25.57,91.89,2025,9,343.0,313.2,-8.7,60.1,0,HEAVY_MONSOON,26.1,92.6,0.597
MET-ML-EKH-2025-10,ML-EKH,East Khasi Hills (Shillong),Meghalaya,25.57,91.89,2025,10,147.0,182.3,24.0,81.5,0,MODERATE_SHOWERS,28.6,79.2,0.811
MET-ML-EKH-2025-11,ML-EKH,East Khasi Hills (Shillong),Meghalaya,25.57,91.89,2025,11,36.8,27.3,-25.8,17.3,0,DRY_PERIOD,27.0,71.4,0.464
MET-ML-EKH-2025-12,ML-EKH,East Khasi Hills (Shillong),Meghalaya,25.57,91.89,2025,12,36.8,68.2,85.3,42.9,0,DRY_PERIOD,23.3,63.0,1.0
MET-ML-EKH-2026-01,ML-EKH,East Khasi Hills (Shillong),Meghalaya,25.57,91.89,2026,1,36.8,37.7,2.4,22.9,0,DRY_PERIOD,24.7,61.4,0.641
MET-ML-EKH-2026-02,ML-EKH,East Khasi Hills (Shillong),Meghalaya,25.57,91.89,2026,2,36.8,36.7,-0.3,21.4,0,DRY_PERIOD,21.9,69.3,0.624
MET-ML-EKH-2026-03,ML-EKH,East Khasi Hills (Shillong),Meghalaya,25.57,91.89,2026,3,36.8,44.8,21.7,27.9,0,DRY_PERIOD,28.7,70.6,0.762
MET-ML-EKH-2026-04,ML-EKH,East Khasi Hills (Shillong),Meghalaya,25.57,91.89,2026,4,147.0,207.0,40.8,147.5,1,MODERATE_SHOWERS,25.5,77.5,0.921
MET-ML-EKH-2026-05,ML-EKH,East Khasi Hills (Shillong),Meghalaya,25.57,91.89,2026,5,343.0,261.9,-23.6,72.4,0,HEAVY_MONSOON,26.4,78.3,0.499
MET-ML-EKH-2026-06,ML-EKH,East Khasi Hills (Shillong),Meghalaya,25.57,91.89,2026,6,539.0,661.7,22.8,272.6,0,SEVERE_MONSOON_BURST,25.2,99.0,0.803
MET-ML-EKH-2026-07,ML-EKH,East Khasi Hills (Shillong),Meghalaya,25.57,91.89,2026,7,539.0,524.3,-2.7,108.6,0,SEVERE_MONSOON_BURST,26.8,99.0,0.636
MET-ML-EKH-2026-08,ML-EKH,East Khasi Hills (Shillong),Meghalaya,25.57,91.89,2026,8,539.0,485.8,-9.9,168.3,0,SEVERE_MONSOON_BURST,27.6,94.3,0.589
MET-ML-EKH-2026-09,ML-EKH,East Khasi Hills (Shillong),Meghalaya,25.57,91.89,2026,9,343.0,307.3,-10.4,60.0,0,HEAVY_MONSOON,25.5,90.7,0.586
MET-ML-EKH-2026-10,ML-EKH,East Khasi Hills (Shillong),Meghalaya,25.57,91.89,2026,10,147.0,116.0,-21.1,25.3,0,MODERATE_SHOWERS,25.9,77.8,0.516
MET-ML-EKH-2026-11,ML-EKH,East Khasi Hills (Shillong),Meghalaya,25.57,91.89,2026,11,36.8,53.6,45.7,34.2,0,DRY_PERIOD,28.2,72.5,0.911
MET-ML-EKH-2026-12,ML-EKH,East Khasi Hills (Shillong),Meghalaya,25.57,91.89,2026,12,36.8,49.8,35.3,29.5,0,DRY_PERIOD,23.8,65.4,0.847
MET-ML-EJH-2015-01,ML-EJH,East Jaintia Hills (Khliehriat),Meghalaya,25.35,92.37,2015,1,63.0,83.9,33.2,61.9,0,MODERATE_SHOWERS,22.5,62.0,0.871
MET-ML-EJH-2015-02,ML-EJH,East Jaintia Hills (Khliehriat),Meghalaya,25.35,92.37,2015,2,63.0,90.1,43.0,65.9,0,MODERATE_SHOWERS,21.0,63.2,0.935
MET-ML-EJH-2015-03,ML-EJH,East Jaintia Hills (Khliehriat),Meghalaya,25.35,92.37,2015,3,63.0,71.4,13.3,39.5,0,DRY_PERIOD,26.8,69.6,0.741
MET-ML-EJH-2015-04,ML-EJH,East Jaintia Hills (Khliehriat),Meghalaya,25.35,92.37,2015,4,252.0,297.4,18.0,163.6,0,SEVERE_MONSOON_BURST,26.5,83.8,0.772
MET-ML-EJH-2015-05,ML-EJH,East Jaintia Hills (Khliehriat),Meghalaya,25.35,92.37,2015,5,588.0,839.4,42.8,173.6,0,SEVERE_MONSOON_BURST,26.6,99.0,0.933
MET-ML-EJH-2015-06,ML-EJH,East Jaintia Hills (Khliehriat),Meghalaya,25.35,92.37,2015,6,924.0,663.0,-28.2,204.6,0,SEVERE_MONSOON_BURST,27.1,99.0,0.469
MET-ML-EJH-2015-07,ML-EJH,East Jaintia Hills (Khliehriat),Meghalaya,25.35,92.37,2015,7,924.0,668.7,-27.6,171.6,0,SEVERE_MONSOON_BURST,27.6,99.0,0.473
MET-ML-EJH-2015-08,ML-EJH,East Jaintia Hills (Khliehriat),Meghalaya,25.35,92.37,2015,8,924.0,722.4,-21.8,217.5,1,SEVERE_MONSOON_BURST,26.8,99.0,0.511
MET-ML-EJH-2015-09,ML-EJH,East Jaintia Hills (Khliehriat),Meghalaya,25.35,92.37,2015,9,588.0,394.0,-33.0,120.3,0,HEAVY_MONSOON,26.6,91.4,0.438
MET-ML-EJH-2015-10,ML-EJH,East Jaintia Hills (Khliehriat),Meghalaya,25.35,92.37,2015,10,252.0,312.3,23.9,134.3,1,HEAVY_MONSOON,25.1,89.6,0.81
MET-ML-EJH-2015-11,ML-EJH,East Jaintia Hills (Khliehriat),Meghalaya,25.35,92.37,2015,11,63.0,62.1,-1.4,45.1,0,DRY_PERIOD,27.3,70.5,0.645
MET-ML-EJH-2015-12,ML-EJH,East Jaintia Hills (Khliehriat),Meghalaya,25.35,92.37,2015,12,63.0,72.4,14.9,55.5,0,DRY_PERIOD,21.1,69.5,0.751
MET-ML-EJH-2016-01,ML-EJH,East Jaintia Hills (Khliehriat),Meghalaya,25.35,92.37,2016,1,63.0,68.1,8.1,28.3,0,DRY_PERIOD,23.6,72.2,0.707
MET-ML-EJH-2016-02,ML-EJH,East Jaintia Hills (Khliehriat),Meghalaya,25.35,92.37,2016,2,63.0,76.0,20.6,51.8,0,DRY_PERIOD,22.7,70.9,0.789
MET-ML-EJH-2016-03,ML-EJH,East Jaintia Hills (Khliehriat),Meghalaya,25.35,92.37,2016,3,63.0,89.4,41.9,50.5,0,MODERATE_SHOWERS,26.9,77.1,0.928
MET-ML-EJH-2016-04,ML-EJH,East Jaintia Hills (Khliehriat),Meghalaya,25.35,92.37,2016,4,252.0,294.3,16.8,124.3,0,HEAVY_MONSOON,26.3,81.8,0.764
MET-ML-EJH-2016-05,ML-EJH,East Jaintia Hills (Khliehriat),Meghalaya,25.35,92.37,2016,5,588.0,627.7,6.8,164.4,0,SEVERE_MONSOON_BURST,29.0,99.0,0.698
MET-ML-EJH-2016-06,ML-EJH,East Jaintia Hills (Khliehriat),Meghalaya,25.35,92.37,2016,6,924.0,636.8,-31.1,230.3,0,SEVERE_MONSOON_BURST,25.0,99.0,0.451
MET-ML-EJH-2016-07,ML-EJH,East Jaintia Hills (Khliehriat),Meghalaya,25.35,92.37,2016,7,924.0,743.5,-19.5,159.2,0,SEVERE_MONSOON_BURST,28.4,99.0,0.526
MET-ML-EJH-2016-08,ML-EJH,East Jaintia Hills (Khliehriat),Meghalaya,25.35,92.37,2016,8,924.0,1154.3,24.9,434.4,1,SEVERE_MONSOON_BURST,28.6,99.0,0.817
MET-ML-EJH-2016-09,ML-EJH,East Jaintia Hills (Khliehriat),Meghalaya,25.35,92.37,2016,9,588.0,733.4,24.7,279.3,1,SEVERE_MONSOON_BURST,26.7,99.0,0.816
MET-ML-EJH-2016-10,ML-EJH,East Jaintia Hills (Khliehriat),Meghalaya,25.35,92.37,2016,10,252.0,183.2,-27.3,42.2,0,MODERATE_SHOWERS,26.4,83.5,0.475
MET-ML-EJH-2016-11,ML-EJH,East Jaintia Hills (Khliehriat),Meghalaya,25.35,92.37,2016,11,63.0,73.0,15.9,50.7,0,DRY_PERIOD,28.7,67.8,0.758
MET-ML-EJH-2016-12,ML-EJH,East Jaintia Hills (Khliehriat),Meghalaya,25.35,92.37,2016,12,63.0,61.7,-2.1,49.1,0,DRY_PERIOD,21.7,67.1,0.64
MET-ML-EJH-2017-01,ML-EJH,East Jaintia Hills (Khliehriat),Meghalaya,25.35,92.37,2017,1,63.0,105.0,66.7,60.9,0,MODERATE_SHOWERS,23.4,75.4,1.0
MET-ML-EJH-2017-02,ML-EJH,East Jaintia Hills (Khliehriat),Meghalaya,25.35,92.37,2017,2,63.0,87.2,38.4,50.0,0,MODERATE_SHOWERS,25.0,66.1,0.905
MET-ML-EJH-2017-03,ML-EJH,East Jaintia Hills (Khliehriat),Meghalaya,25.35,92.37,2017,3,63.0,96.0,52.4,54.5,0,MODERATE_SHOWERS,26.1,68.5,0.996
MET-ML-EJH-2017-04,ML-EJH,East Jaintia Hills (Khliehriat),Meghalaya,25.35,92.37,2017,4,252.0,222.8,-11.6,175.9,0,SEVERE_MONSOON_BURST,27.5,78.7,0.578
MET-ML-EJH-2017-05,ML-EJH,East Jaintia Hills (Khliehriat),Meghalaya,25.35,92.37,2017,5,588.0,798.3,35.8,334.7,1,SEVERE_MONSOON_BURST,25.4,99.0,0.888
MET-ML-EJH-2017-06,ML-EJH,East Jaintia Hills (Khliehriat),Meghalaya,25.35,92.37,2017,6,924.0,759.0,-17.9,180.1,0,SEVERE_MONSOON_BURST,26.0,99.0,0.537
MET-ML-EJH-2017-07,ML-EJH,East Jaintia Hills (Khliehriat),Meghalaya,25.35,92.37,2017,7,924.0,1079.1,16.8,253.4,0,SEVERE_MONSOON_BURST,26.7,99.0,0.764
MET-ML-EJH-2017-08,ML-EJH,East Jaintia Hills (Khliehriat),Meghalaya,25.35,92.37,2017,8,924.0,1245.2,34.8,375.4,1,SEVERE_MONSOON_BURST,27.5,99.0,0.881
MET-ML-EJH-2017-09,ML-EJH,East Jaintia Hills (Khliehriat),Meghalaya,25.35,92.37,2017,9,588.0,724.1,23.1,323.0,1,SEVERE_MONSOON_BURST,26.6,99.0,0.805
MET-ML-EJH-2017-10,ML-EJH,East Jaintia Hills (Khliehriat),Meghalaya,25.35,92.37,2017,10,252.0,241.7,-4.1,49.3,0,MODERATE_SHOWERS,25.3,87.8,0.627
MET-ML-EJH-2017-11,ML-EJH,East Jaintia Hills (Khliehriat),Meghalaya,25.35,92.37,2017,11,63.0,45.9,-27.1,23.8,0,DRY_PERIOD,26.0,66.1,0.476
MET-ML-EJH-2017-12,ML-EJH,East Jaintia Hills (Khliehriat),Meghalaya,25.35,92.37,2017,12,63.0,72.1,14.4,50.5,0,DRY_PERIOD,23.1,74.0,0.748
MET-ML-EJH-2018-01,ML-EJH,East Jaintia Hills (Khliehriat),Meghalaya,25.35,92.37,2018,1,63.0,58.3,-7.5,35.9,0,DRY_PERIOD,22.1,62.6,0.605
MET-ML-EJH-2018-02,ML-EJH,East Jaintia Hills (Khliehriat),Meghalaya,25.35,92.37,2018,2,63.0,76.5,21.4,47.6,0,DRY_PERIOD,21.5,67.2,0.794
MET-ML-EJH-2018-03,ML-EJH,East Jaintia Hills (Khliehriat),Meghalaya,25.35,92.37,2018,3,63.0,52.4,-16.8,39.6,0,DRY_PERIOD,28.3,61.8,0.544
MET-ML-EJH-2018-04,ML-EJH,East Jaintia Hills (Khliehriat),Meghalaya,25.35,92.37,2018,4,252.0,356.7,41.5,179.5,0,SEVERE_MONSOON_BURST,27.9,84.7,0.926
MET-ML-EJH-2018-05,ML-EJH,East Jaintia Hills (Khliehriat),Meghalaya,25.35,92.37,2018,5,588.0,414.3,-29.5,90.6,0,HEAVY_MONSOON,27.7,90.5,0.461
MET-ML-EJH-2018-06,ML-EJH,East Jaintia Hills (Khliehriat),Meghalaya,25.35,92.37,2018,6,924.0,1162.8,25.8,292.0,0,SEVERE_MONSOON_BURST,25.5,99.0,0.823
MET-ML-EJH-2018-07,ML-EJH,East Jaintia Hills (Khliehriat),Meghalaya,25.35,92.37,2018,7,924.0,1101.5,19.2,400.8,1,SEVERE_MONSOON_BURST,26.1,99.0,0.779
MET-ML-EJH-2018-08,ML-EJH,East Jaintia Hills (Khliehriat),Meghalaya,25.35,92.37,2018,8,924.0,1273.4,37.8,455.8,1,SEVERE_MONSOON_BURST,25.2,99.0,0.901
MET-ML-EJH-2018-09,ML-EJH,East Jaintia Hills (Khliehriat),Meghalaya,25.35,92.37,2018,9,588.0,675.6,14.9,296.1,1,SEVERE_MONSOON_BURST,27.7,99.0,0.751
MET-ML-EJH-2018-10,ML-EJH,East Jaintia Hills (Khliehriat),Meghalaya,25.35,92.37,2018,10,252.0,214.6,-14.8,95.9,0,MODERATE_SHOWERS,28.8,84.9,0.557
MET-ML-EJH-2018-11,ML-EJH,East Jaintia Hills (Khliehriat),Meghalaya,25.35,92.37,2018,11,63.0,92.2,46.3,66.9,0,MODERATE_SHOWERS,28.9,63.5,0.957
MET-ML-EJH-2018-12,ML-EJH,East Jaintia Hills (Khliehriat),Meghalaya,25.35,92.37,2018,12,63.0,76.2,21.0,56.2,0,DRY_PERIOD,23.3,76.1,0.791
MET-ML-EJH-2019-01,ML-EJH,East Jaintia Hills (Khliehriat),Meghalaya,25.35,92.37,2019,1,63.0,56.2,-10.8,26.1,0,DRY_PERIOD,21.0,71.6,0.583
MET-ML-EJH-2019-02,ML-EJH,East Jaintia Hills (Khliehriat),Meghalaya,25.35,92.37,2019,2,63.0,80.0,27.0,56.3,0,DRY_PERIOD,25.0,66.4,0.83
MET-ML-EJH-2019-03,ML-EJH,East Jaintia Hills (Khliehriat),Meghalaya,25.35,92.37,2019,3,63.0,81.4,29.2,37.6,0,MODERATE_SHOWERS,26.1,74.3,0.845
MET-ML-EJH-2019-04,ML-EJH,East Jaintia Hills (Khliehriat),Meghalaya,25.35,92.37,2019,4,252.0,296.1,17.5,207.4,0,SEVERE_MONSOON_BURST,28.4,84.2,0.768
MET-ML-EJH-2019-05,ML-EJH,East Jaintia Hills (Khliehriat),Meghalaya,25.35,92.37,2019,5,588.0,683.2,16.2,147.7,0,SEVERE_MONSOON_BURST,28.2,99.0,0.76
MET-ML-EJH-2019-06,ML-EJH,East Jaintia Hills (Khliehriat),Meghalaya,25.35,92.37,2019,6,924.0,592.5,-35.9,155.9,1,SEVERE_MONSOON_BURST,25.7,99.0,0.419
MET-ML-EJH-2019-07,ML-EJH,East Jaintia Hills (Khliehriat),Meghalaya,25.35,92.37,2019,7,924.0,1180.6,27.8,423.7,0,SEVERE_MONSOON_BURST,27.8,99.0,0.835
MET-ML-EJH-2019-08,ML-EJH,East Jaintia Hills (Khliehriat),Meghalaya,25.35,92.37,2019,8,924.0,1281.4,38.7,281.8,1,SEVERE_MONSOON_BURST,26.4,99.0,0.907
MET-ML-EJH-2019-09,ML-EJH,East Jaintia Hills (Khliehriat),Meghalaya,25.35,92.37,2019,9,588.0,573.3,-2.5,164.7,1,SEVERE_MONSOON_BURST,28.4,99.0,0.637
MET-ML-EJH-2019-10,ML-EJH,East Jaintia Hills (Khliehriat),Meghalaya,25.35,92.37,2019,10,252.0,323.2,28.3,99.0,0,HEAVY_MONSOON,28.3,95.5,0.839
MET-ML-EJH-2019-11,ML-EJH,East Jaintia Hills (Khliehriat),Meghalaya,25.35,92.37,2019,11,63.0,85.6,35.9,45.8,0,MODERATE_SHOWERS,28.5,67.5,0.888
MET-ML-EJH-2019-12,ML-EJH,East Jaintia Hills (Khliehriat),Meghalaya,25.35,92.37,2019,12,63.0,69.7,10.6,48.5,0,DRY_PERIOD,24.5,61.8,0.723
MET-ML-EJH-2020-01,ML-EJH,East Jaintia Hills (Khliehriat),Meghalaya,25.35,92.37,2020,1,63.0,69.8,10.8,30.4,0,DRY_PERIOD,22.7,69.5,0.724
MET-ML-EJH-2020-02,ML-EJH,East Jaintia Hills (Khliehriat),Meghalaya,25.35,92.37,2020,2,63.0,71.3,13.2,35.2,0,DRY_PERIOD,23.8,70.1,0.74
MET-ML-EJH-2020-03,ML-EJH,East Jaintia Hills (Khliehriat),Meghalaya,25.35,92.37,2020,3,63.0,73.8,17.1,50.5,0,DRY_PERIOD,27.9,74.0,0.766
MET-ML-EJH-2020-04,ML-EJH,East Jaintia Hills (Khliehriat),Meghalaya,25.35,92.37,2020,4,252.0,230.3,-8.6,96.2,0,MODERATE_SHOWERS,27.7,86.9,0.598
MET-ML-EJH-2020-05,ML-EJH,East Jaintia Hills (Khliehriat),Meghalaya,25.35,92.37,2020,5,588.0,699.5,19.0,155.9,0,SEVERE_MONSOON_BURST,27.9,99.0,0.778
MET-ML-EJH-2020-06,ML-EJH,East Jaintia Hills (Khliehriat),Meghalaya,25.35,92.37,2020,6,924.0,1086.4,17.6,280.4,1,SEVERE_MONSOON_BURST,28.4,99.0,0.769
MET-ML-EJH-2020-07,ML-EJH,East Jaintia Hills (Khliehriat),Meghalaya,25.35,92.37,2020,7,924.0,705.1,-23.7,191.9,0,SEVERE_MONSOON_BURST,26.2,99.0,0.499
MET-ML-EJH-2020-08,ML-EJH,East Jaintia Hills (Khliehriat),Meghalaya,25.35,92.37,2020,8,924.0,844.4,-8.6,310.9,0,SEVERE_MONSOON_BURST,28.9,99.0,0.598
MET-ML-EJH-2020-09,ML-EJH,East Jaintia Hills (Khliehriat),Meghalaya,25.35,92.37,2020,9,588.0,524.5,-10.8,100.0,0,SEVERE_MONSOON_BURST,26.7,99.0,0.583
MET-ML-EJH-2020-10,ML-EJH,East Jaintia Hills (Khliehriat),Meghalaya,25.35,92.37,2020,10,252.0,309.6,22.9,120.0,0,HEAVY_MONSOON,25.4,90.3,0.803
MET-ML-EJH-2020-11,ML-EJH,East Jaintia Hills (Khliehriat),Meghalaya,25.35,92.37,2020,11,63.0,78.6,24.8,51.8,0,DRY_PERIOD,28.5,69.8,0.816
MET-ML-EJH-2020-12,ML-EJH,East Jaintia Hills (Khliehriat),Meghalaya,25.35,92.37,2020,12,63.0,63.4,0.6,45.7,0,DRY_PERIOD,21.0,68.8,0.658
MET-ML-EJH-2021-01,ML-EJH,East Jaintia Hills (Khliehriat),Meghalaya,25.35,92.37,2021,1,63.0,87.6,39.0,59.9,0,MODERATE_SHOWERS,23.7,66.5,0.909
MET-ML-EJH-2021-02,ML-EJH,East Jaintia Hills (Khliehriat),Meghalaya,25.35,92.37,2021,2,63.0,74.8,18.7,53.7,0,DRY_PERIOD,21.7,74.6,0.776
MET-ML-EJH-2021-03,ML-EJH,East Jaintia Hills (Khliehriat),Meghalaya,25.35,92.37,2021,3,63.0,71.4,13.3,42.3,0,DRY_PERIOD,27.7,70.1,0.741
MET-ML-EJH-2021-04,ML-EJH,East Jaintia Hills (Khliehriat),Meghalaya,25.35,92.37,2021,4,252.0,237.3,-5.8,127.5,0,MODERATE_SHOWERS,28.2,81.5,0.616
MET-ML-EJH-2021-05,ML-EJH,East Jaintia Hills (Khliehriat),Meghalaya,25.35,92.37,2021,5,588.0,502.6,-14.5,139.2,0,SEVERE_MONSOON_BURST,27.9,99.0,0.559
MET-ML-EJH-2021-06,ML-EJH,East Jaintia Hills (Khliehriat),Meghalaya,25.35,92.37,2021,6,924.0,737.0,-20.2,146.9,0,SEVERE_MONSOON_BURST,25.4,99.0,0.522
MET-ML-EJH-2021-07,ML-EJH,East Jaintia Hills (Khliehriat),Meghalaya,25.35,92.37,2021,7,924.0,787.0,-14.8,202.2,0,SEVERE_MONSOON_BURST,28.9,99.0,0.557
MET-ML-EJH-2021-08,ML-EJH,East Jaintia Hills (Khliehriat),Meghalaya,25.35,92.37,2021,8,924.0,859.8,-6.9,219.2,1,SEVERE_MONSOON_BURST,25.3,99.0,0.608
MET-ML-EJH-2021-09,ML-EJH,East Jaintia Hills (Khliehriat),Meghalaya,25.35,92.37,2021,9,588.0,399.6,-32.0,169.5,0,SEVERE_MONSOON_BURST,29.0,99.0,0.444
MET-ML-EJH-2021-10,ML-EJH,East Jaintia Hills (Khliehriat),Meghalaya,25.35,92.37,2021,10,252.0,222.7,-11.6,53.5,0,MODERATE_SHOWERS,28.3,78.4,0.578
MET-ML-EJH-2021-11,ML-EJH,East Jaintia Hills (Khliehriat),Meghalaya,25.35,92.37,2021,11,63.0,93.6,48.6,68.0,0,MODERATE_SHOWERS,25.0,65.6,0.971
MET-ML-EJH-2021-12,ML-EJH,East Jaintia Hills (Khliehriat),Meghalaya,25.35,92.37,2021,12,63.0,76.5,21.4,36.0,0,DRY_PERIOD,24.0,64.4,0.794
MET-ML-EJH-2022-01,ML-EJH,East Jaintia Hills (Khliehriat),Meghalaya,25.35,92.37,2022,1,63.0,82.8,31.4,54.4,0,MODERATE_SHOWERS,24.3,62.0,0.859
MET-ML-EJH-2022-02,ML-EJH,East Jaintia Hills (Khliehriat),Meghalaya,25.35,92.37,2022,2,63.0,85.7,36.0,36.4,0,MODERATE_SHOWERS,21.4,72.2,0.889
MET-ML-EJH-2022-03,ML-EJH,East Jaintia Hills (Khliehriat),Meghalaya,25.35,92.37,2022,3,63.0,108.2,71.7,70.1,0,MODERATE_SHOWERS,26.1,76.8,1.0
MET-ML-EJH-2022-04,ML-EJH,East Jaintia Hills (Khliehriat),Meghalaya,25.35,92.37,2022,4,252.0,286.8,13.8,226.3,1,SEVERE_MONSOON_BURST,26.5,92.1,0.744
MET-ML-EJH-2022-05,ML-EJH,East Jaintia Hills (Khliehriat),Meghalaya,25.35,92.37,2022,5,588.0,626.0,6.5,249.7,1,SEVERE_MONSOON_BURST,28.7,99.0,0.696
MET-ML-EJH-2022-06,ML-EJH,East Jaintia Hills (Khliehriat),Meghalaya,25.35,92.37,2022,6,924.0,670.3,-27.5,195.6,0,SEVERE_MONSOON_BURST,25.0,99.0,0.474
MET-ML-EJH-2022-07,ML-EJH,East Jaintia Hills (Khliehriat),Meghalaya,25.35,92.37,2022,7,924.0,652.0,-29.4,223.0,1,SEVERE_MONSOON_BURST,28.4,99.0,0.461
MET-ML-EJH-2022-08,ML-EJH,East Jaintia Hills (Khliehriat),Meghalaya,25.35,92.37,2022,8,924.0,720.4,-22.0,312.5,1,SEVERE_MONSOON_BURST,26.5,99.0,0.51
MET-ML-EJH-2022-09,ML-EJH,East Jaintia Hills (Khliehriat),Meghalaya,25.35,92.37,2022,9,588.0,744.0,26.5,190.7,0,SEVERE_MONSOON_BURST,26.8,99.0,0.827
MET-ML-EJH-2022-10,ML-EJH,East Jaintia Hills (Khliehriat),Meghalaya,25.35,92.37,2022,10,252.0,281.7,11.8,51.4,0,HEAVY_MONSOON,28.9,87.2,0.731
MET-ML-EJH-2022-11,ML-EJH,East Jaintia Hills (Khliehriat),Meghalaya,25.35,92.37,2022,11,63.0,90.1,43.0,37.8,0,MODERATE_SHOWERS,26.4,69.0,0.935
MET-ML-EJH-2022-12,ML-EJH,East Jaintia Hills (Khliehriat),Meghalaya,25.35,92.37,2022,12,63.0,42.2,-33.0,29.5,0,DRY_PERIOD,24.5,58.7,0.438
MET-ML-EJH-2023-01,ML-EJH,East Jaintia Hills (Khliehriat),Meghalaya,25.35,92.37,2023,1,63.0,92.2,46.3,65.1,0,MODERATE_SHOWERS,24.0,76.0,0.957
MET-ML-EJH-2023-02,ML-EJH,East Jaintia Hills (Khliehriat),Meghalaya,25.35,92.37,2023,2,63.0,42.0,-33.3,19.1,0,DRY_PERIOD,22.7,60.8,0.436
MET-ML-EJH-2023-03,ML-EJH,East Jaintia Hills (Khliehriat),Meghalaya,25.35,92.37,2023,3,63.0,80.9,28.4,61.4,0,MODERATE_SHOWERS,26.3,68.0,0.84
MET-ML-EJH-2023-04,ML-EJH,East Jaintia Hills (Khliehriat),Meghalaya,25.35,92.37,2023,4,252.0,207.7,-17.6,148.3,1,MODERATE_SHOWERS,28.2,80.2,0.539
MET-ML-EJH-2023-05,ML-EJH,East Jaintia Hills (Khliehriat),Meghalaya,25.35,92.37,2023,5,588.0,657.9,11.9,284.7,1,SEVERE_MONSOON_BURST,29.0,99.0,0.732
MET-ML-EJH-2023-06,ML-EJH,East Jaintia Hills (Khliehriat),Meghalaya,25.35,92.37,2023,6,924.0,1038.5,12.4,427.0,1,SEVERE_MONSOON_BURST,26.2,99.0,0.735
MET-ML-EJH-2023-07,ML-EJH,East Jaintia Hills (Khliehriat),Meghalaya,25.35,92.37,2023,7,924.0,1211.2,31.1,329.3,1,SEVERE_MONSOON_BURST,25.8,99.0,0.857
MET-ML-EJH-2023-08,ML-EJH,East Jaintia Hills (Khliehriat),Meghalaya,25.35,92.37,2023,8,924.0,1154.8,25.0,306.2,1,SEVERE_MONSOON_BURST,27.8,99.0,0.817
MET-ML-EJH-2023-09,ML-EJH,East Jaintia Hills (Khliehriat),Meghalaya,25.35,92.37,2023,9,588.0,463.3,-21.2,177.5,1,SEVERE_MONSOON_BURST,27.8,99.0,0.515
MET-ML-EJH-2023-10,ML-EJH,East Jaintia Hills (Khliehriat),Meghalaya,25.35,92.37,2023,10,252.0,176.1,-30.1,36.5,0,MODERATE_SHOWERS,27.0,77.1,0.457
MET-ML-EJH-2023-11,ML-EJH,East Jaintia Hills (Khliehriat),Meghalaya,25.35,92.37,2023,11,63.0,83.9,33.2,60.5,0,MODERATE_SHOWERS,26.6,65.8,0.871
MET-ML-EJH-2023-12,ML-EJH,East Jaintia Hills (Khliehriat),Meghalaya,25.35,92.37,2023,12,63.0,81.1,28.7,52.2,0,MODERATE_SHOWERS,23.7,72.7,0.842
MET-ML-EJH-2024-01,ML-EJH,East Jaintia Hills (Khliehriat),Meghalaya,25.35,92.37,2024,1,63.0,58.6,-7.0,45.5,0,DRY_PERIOD,24.1,61.0,0.608
MET-ML-EJH-2024-02,ML-EJH,East Jaintia Hills (Khliehriat),Meghalaya,25.35,92.37,2024,2,63.0,108.5,72.2,48.4,0,MODERATE_SHOWERS,22.0,65.5,1.0
MET-ML-EJH-2024-03,ML-EJH,East Jaintia Hills (Khliehriat),Meghalaya,25.35,92.37,2024,3,63.0,62.3,-1.1,49.0,0,DRY_PERIOD,26.9,62.0,0.647
MET-ML-EJH-2024-04,ML-EJH,East Jaintia Hills (Khliehriat),Meghalaya,25.35,92.37,2024,4,252.0,265.5,5.4,149.8,1,HEAVY_MONSOON,27.0,89.1,0.689
MET-ML-EJH-2024-05,ML-EJH,East Jaintia Hills (Khliehriat),Meghalaya,25.35,92.37,2024,5,588.0,445.9,-24.2,108.9,0,HEAVY_MONSOON,26.9,99.0,0.496
MET-ML-EJH-2024-06,ML-EJH,East Jaintia Hills (Khliehriat),Meghalaya,25.35,92.37,2024,6,924.0,692.0,-25.1,177.0,0,SEVERE_MONSOON_BURST,25.5,99.0,0.49
MET-ML-EJH-2024-07,ML-EJH,East Jaintia Hills (Khliehriat),Meghalaya,25.35,92.37,2024,7,924.0,698.3,-24.4,256.8,0,SEVERE_MONSOON_BURST,26.4,99.0,0.494
MET-ML-EJH-2024-08,ML-EJH,East Jaintia Hills (Khliehriat),Meghalaya,25.35,92.37,2024,8,924.0,1208.4,30.8,222.4,1,SEVERE_MONSOON_BURST,27.6,99.0,0.855
MET-ML-EJH-2024-09,ML-EJH,East Jaintia Hills (Khliehriat),Meghalaya,25.35,92.37,2024,9,588.0,868.8,47.8,258.7,0,SEVERE_MONSOON_BURST,26.4,99.0,0.966
MET-ML-EJH-2024-10,ML-EJH,East Jaintia Hills (Khliehriat),Meghalaya,25.35,92.37,2024,10,252.0,320.8,27.3,75.7,0,HEAVY_MONSOON,26.0,87.3,0.832
MET-ML-EJH-2024-11,ML-EJH,East Jaintia Hills (Khliehriat),Meghalaya,25.35,92.37,2024,11,63.0,87.2,38.4,46.9,0,MODERATE_SHOWERS,28.6,66.9,0.905
MET-ML-EJH-2024-12,ML-EJH,East Jaintia Hills (Khliehriat),Meghalaya,25.35,92.37,2024,12,63.0,82.7,31.3,33.6,0,MODERATE_SHOWERS,22.0,70.9,0.858
MET-ML-EJH-2025-01,ML-EJH,East Jaintia Hills (Khliehriat),Meghalaya,25.35,92.37,2025,1,63.0,62.5,-0.8,42.0,0,DRY_PERIOD,22.1,68.2,0.649
MET-ML-EJH-2025-02,ML-EJH,East Jaintia Hills (Khliehriat),Meghalaya,25.35,92.37,2025,2,63.0,96.9,53.8,72.0,0,MODERATE_SHOWERS,21.4,68.1,1.0
MET-ML-EJH-2025-03,ML-EJH,East Jaintia Hills (Khliehriat),Meghalaya,25.35,92.37,2025,3,63.0,111.6,77.1,83.7,0,MODERATE_SHOWERS,25.9,77.5,1.0
MET-ML-EJH-2025-04,ML-EJH,East Jaintia Hills (Khliehriat),Meghalaya,25.35,92.37,2025,4,252.0,205.4,-18.5,85.7,0,MODERATE_SHOWERS,25.5,82.6,0.533
MET-ML-EJH-2025-05,ML-EJH,East Jaintia Hills (Khliehriat),Meghalaya,25.35,92.37,2025,5,588.0,604.8,2.9,142.6,1,SEVERE_MONSOON_BURST,25.0,99.0,0.673
MET-ML-EJH-2025-06,ML-EJH,East Jaintia Hills (Khliehriat),Meghalaya,25.35,92.37,2025,6,924.0,683.7,-26.0,211.6,1,SEVERE_MONSOON_BURST,25.6,99.0,0.484
MET-ML-EJH-2025-07,ML-EJH,East Jaintia Hills (Khliehriat),Meghalaya,25.35,92.37,2025,7,924.0,983.2,6.4,402.7,0,SEVERE_MONSOON_BURST,27.6,99.0,0.696
MET-ML-EJH-2025-08,ML-EJH,East Jaintia Hills (Khliehriat),Meghalaya,25.35,92.37,2025,8,924.0,1254.2,35.7,263.0,1,SEVERE_MONSOON_BURST,27.9,99.0,0.888
MET-ML-EJH-2025-09,ML-EJH,East Jaintia Hills (Khliehriat),Meghalaya,25.35,92.37,2025,9,588.0,414.0,-29.6,77.2,0,HEAVY_MONSOON,28.6,99.0,0.46
MET-ML-EJH-2025-10,ML-EJH,East Jaintia Hills (Khliehriat),Meghalaya,25.35,92.37,2025,10,252.0,252.7,0.3,48.6,0,HEAVY_MONSOON,25.4,89.4,0.656
MET-ML-EJH-2025-11,ML-EJH,East Jaintia Hills (Khliehriat),Meghalaya,25.35,92.37,2025,11,63.0,56.5,-10.3,25.6,0,DRY_PERIOD,27.8,63.9,0.586
MET-ML-EJH-2025-12,ML-EJH,East Jaintia Hills (Khliehriat),Meghalaya,25.35,92.37,2025,12,63.0,85.2,35.2,56.8,0,MODERATE_SHOWERS,22.9,66.3,0.884
MET-ML-EJH-2026-01,ML-EJH,East Jaintia Hills (Khliehriat),Meghalaya,25.35,92.37,2026,1,63.0,77.9,23.7,54.9,0,DRY_PERIOD,21.3,66.6,0.808
MET-ML-EJH-2026-02,ML-EJH,East Jaintia Hills (Khliehriat),Meghalaya,25.35,92.37,2026,2,63.0,70.8,12.4,38.3,0,DRY_PERIOD,21.5,63.7,0.735
MET-ML-EJH-2026-03,ML-EJH,East Jaintia Hills (Khliehriat),Meghalaya,25.35,92.37,2026,3,63.0,58.3,-7.5,41.3,0,DRY_PERIOD,28.4,74.5,0.605
MET-ML-EJH-2026-04,ML-EJH,East Jaintia Hills (Khliehriat),Meghalaya,25.35,92.37,2026,4,252.0,174.7,-30.7,71.4,0,MODERATE_SHOWERS,25.8,72.7,0.453
MET-ML-EJH-2026-05,ML-EJH,East Jaintia Hills (Khliehriat),Meghalaya,25.35,92.37,2026,5,588.0,679.9,15.6,257.9,0,SEVERE_MONSOON_BURST,27.1,99.0,0.756
MET-ML-EJH-2026-06,ML-EJH,East Jaintia Hills (Khliehriat),Meghalaya,25.35,92.37,2026,6,924.0,1168.2,26.4,459.4,0,SEVERE_MONSOON_BURST,25.3,99.0,0.827
MET-ML-EJH-2026-07,ML-EJH,East Jaintia Hills (Khliehriat),Meghalaya,25.35,92.37,2026,7,924.0,1052.3,13.9,414.0,0,SEVERE_MONSOON_BURST,25.5,99.0,0.745
MET-ML-EJH-2026-08,ML-EJH,East Jaintia Hills (Khliehriat),Meghalaya,25.35,92.37,2026,8,924.0,801.1,-13.3,179.7,0,SEVERE_MONSOON_BURST,27.0,99.0,0.567
MET-ML-EJH-2026-09,ML-EJH,East Jaintia Hills (Khliehriat),Meghalaya,25.35,92.37,2026,9,588.0,586.6,-0.2,124.0,1,SEVERE_MONSOON_BURST,25.3,99.0,0.652
MET-ML-EJH-2026-10,ML-EJH,East Jaintia Hills (Khliehriat),Meghalaya,25.35,92.37,2026,10,252.0,345.9,37.3,63.5,0,HEAVY_MONSOON,27.9,90.3,0.897
MET-ML-EJH-2026-11,ML-EJH,East Jaintia Hills (Khliehriat),Meghalaya,25.35,92.37,2026,11,63.0,81.0,28.6,61.2,0,MODERATE_SHOWERS,28.2,63.2,0.841
MET-ML-EJH-2026-12,ML-EJH,East Jaintia Hills (Khliehriat),Meghalaya,25.35,92.37,2026,12,63.0,72.1,14.4,40.4,0,DRY_PERIOD,24.3,62.7,0.748
MET-ML-SOH-2015-01,ML-SOH,Sohra / Cherrapunjee Basin,Meghalaya,25.27,91.73,2015,1,171.4,156.1,-8.9,123.9,1,MODERATE_SHOWERS,23.2,67.5,0.595
MET-ML-SOH-2015-02,ML-SOH,Sohra / Cherrapunjee Basin,Meghalaya,25.27,91.73,2015,2,171.4,121.4,-29.2,96.0,0,MODERATE_SHOWERS,23.2,70.1,0.463
MET-ML-SOH-2015-03,ML-SOH,Sohra / Cherrapunjee Basin,Meghalaya,25.27,91.73,2015,3,171.4,189.1,10.3,120.1,0,MODERATE_SHOWERS,28.8,72.0,0.721
MET-ML-SOH-2015-04,ML-SOH,Sohra / Cherrapunjee Basin,Meghalaya,25.27,91.73,2015,4,685.8,837.8,22.2,461.4,0,SEVERE_MONSOON_BURST,28.3,99.0,0.799
MET-ML-SOH-2015-05,ML-SOH,Sohra / Cherrapunjee Basin,Meghalaya,25.27,91.73,2015,5,1600.2,2274.3,42.1,754.5,1,SEVERE_MONSOON_BURST,26.6,99.0,0.929
MET-ML-SOH-2015-06,ML-SOH,Sohra / Cherrapunjee Basin,Meghalaya,25.27,91.73,2015,6,2514.6,3563.7,41.7,1455.2,1,SEVERE_MONSOON_BURST,27.2,99.0,0.927
MET-ML-SOH-2015-07,ML-SOH,Sohra / Cherrapunjee Basin,Meghalaya,25.27,91.73,2015,7,2514.6,3617.8,43.9,1353.6,1,SEVERE_MONSOON_BURST,28.7,99.0,0.941
MET-ML-SOH-2015-08,ML-SOH,Sohra / Cherrapunjee Basin,Meghalaya,25.27,91.73,2015,8,2514.6,3363.9,33.8,1122.7,0,SEVERE_MONSOON_BURST,26.4,99.0,0.875
MET-ML-SOH-2015-09,ML-SOH,Sohra / Cherrapunjee Basin,Meghalaya,25.27,91.73,2015,9,1600.2,2328.1,45.5,1040.4,1,SEVERE_MONSOON_BURST,27.4,99.0,0.951
MET-ML-SOH-2015-10,ML-SOH,Sohra / Cherrapunjee Basin,Meghalaya,25.27,91.73,2015,10,685.8,739.1,7.8,287.1,0,SEVERE_MONSOON_BURST,26.7,99.0,0.705
MET-ML-SOH-2015-11,ML-SOH,Sohra / Cherrapunjee Basin,Meghalaya,25.27,91.73,2015,11,171.4,246.6,43.9,124.1,0,MODERATE_SHOWERS,26.1,84.0,0.941
MET-ML-SOH-2015-12,ML-SOH,Sohra / Cherrapunjee Basin,Meghalaya,25.27,91.73,2015,12,171.4,246.8,44.0,162.4,1,SEVERE_MONSOON_BURST,21.2,89.3,0.941
MET-ML-SOH-2016-01,ML-SOH,Sohra / Cherrapunjee Basin,Meghalaya,25.27,91.73,2016,1,171.4,192.0,12.0,115.6,0,MODERATE_SHOWERS,23.2,70.8,0.732
MET-ML-SOH-2016-02,ML-SOH,Sohra / Cherrapunjee Basin,Meghalaya,25.27,91.73,2016,2,171.4,202.0,17.9,114.5,0,MODERATE_SHOWERS,21.5,86.0,0.771
MET-ML-SOH-2016-03,ML-SOH,Sohra / Cherrapunjee Basin,Meghalaya,25.27,91.73,2016,3,171.4,237.3,38.4,149.5,0,MODERATE_SHOWERS,27.3,76.9,0.905
MET-ML-SOH-2016-04,ML-SOH,Sohra / Cherrapunjee Basin,Meghalaya,25.27,91.73,2016,4,685.8,550.9,-19.7,260.0,0,SEVERE_MONSOON_BURST,25.3,99.0,0.525
MET-ML-SOH-2016-05,ML-SOH,Sohra / Cherrapunjee Basin,Meghalaya,25.27,91.73,2016,5,1600.2,1790.1,11.9,398.2,1,SEVERE_MONSOON_BURST,27.1,99.0,0.731
MET-ML-SOH-2016-06,ML-SOH,Sohra / Cherrapunjee Basin,Meghalaya,25.27,91.73,2016,6,2514.6,1865.5,-25.8,671.1,0,SEVERE_MONSOON_BURST,26.4,99.0,0.485
MET-ML-SOH-2016-07,ML-SOH,Sohra / Cherrapunjee Basin,Meghalaya,25.27,91.73,2016,7,2514.6,1752.7,-30.3,687.9,0,SEVERE_MONSOON_BURST,26.2,99.0,0.456
MET-ML-SOH-2016-08,ML-SOH,Sohra / Cherrapunjee Basin,Meghalaya,25.27,91.73,2016,8,2514.6,3481.6,38.5,713.8,0,SEVERE_MONSOON_BURST,25.5,99.0,0.905
MET-ML-SOH-2016-09,ML-SOH,Sohra / Cherrapunjee Basin,Meghalaya,25.27,91.73,2016,9,1600.2,1250.2,-21.9,285.7,1,SEVERE_MONSOON_BURST,28.2,99.0,0.511
MET-ML-SOH-2016-10,ML-SOH,Sohra / Cherrapunjee Basin,Meghalaya,25.27,91.73,2016,10,685.8,581.3,-15.2,126.9,1,SEVERE_MONSOON_BURST,26.2,99.0,0.554
MET-ML-SOH-2016-11,ML-SOH,Sohra / Cherrapunjee Basin,Meghalaya,25.27,91.73,2016,11,171.4,124.9,-27.1,89.6,0,MODERATE_SHOWERS,26.6,71.3,0.476
MET-ML-SOH-2016-12,ML-SOH,Sohra / Cherrapunjee Basin,Meghalaya,25.27,91.73,2016,12,171.4,171.3,-0.1,77.0,0,MODERATE_SHOWERS,23.9,75.1,0.653
MET-ML-SOH-2017-01,ML-SOH,Sohra / Cherrapunjee Basin,Meghalaya,25.27,91.73,2017,1,171.4,118.0,-31.2,61.5,0,MODERATE_SHOWERS,24.4,64.8,0.45
MET-ML-SOH-2017-02,ML-SOH,Sohra / Cherrapunjee Basin,Meghalaya,25.27,91.73,2017,2,171.4,222.0,29.5,160.3,0,SEVERE_MONSOON_BURST,22.8,74.6,0.847
MET-ML-SOH-2017-03,ML-SOH,Sohra / Cherrapunjee Basin,Meghalaya,25.27,91.73,2017,3,171.4,196.3,14.5,102.5,0,MODERATE_SHOWERS,28.0,84.6,0.749
MET-ML-SOH-2017-04,ML-SOH,Sohra / Cherrapunjee Basin,Meghalaya,25.27,91.73,2017,4,685.8,841.3,22.7,670.3,0,SEVERE_MONSOON_BURST,27.7,99.0,0.802
MET-ML-SOH-2017-05,ML-SOH,Sohra / Cherrapunjee Basin,Meghalaya,25.27,91.73,2017,5,1600.2,1958.0,22.4,867.1,1,SEVERE_MONSOON_BURST,28.1,99.0,0.8
MET-ML-SOH-2017-06,ML-SOH,Sohra / Cherrapunjee Basin,Meghalaya,25.27,91.73,2017,6,2514.6,3312.4,31.7,1241.0,1,SEVERE_MONSOON_BURST,28.8,99.0,0.861
MET-ML-SOH-2017-07,ML-SOH,Sohra / Cherrapunjee Basin,Meghalaya,25.27,91.73,2017,7,2514.6,3298.4,31.2,1038.7,0,SEVERE_MONSOON_BURST,25.6,99.0,0.858
MET-ML-SOH-2017-08,ML-SOH,Sohra / Cherrapunjee Basin,Meghalaya,25.27,91.73,2017,8,2514.6,2397.1,-4.7,907.8,0,SEVERE_MONSOON_BURST,26.6,99.0,0.623
MET-ML-SOH-2017-09,ML-SOH,Sohra / Cherrapunjee Basin,Meghalaya,25.27,91.73,2017,9,1600.2,1654.4,3.4,660.9,0,SEVERE_MONSOON_BURST,27.3,99.0,0.676
MET-ML-SOH-2017-10,ML-SOH,Sohra / Cherrapunjee Basin,Meghalaya,25.27,91.73,2017,10,685.8,681.5,-0.6,165.8,1,SEVERE_MONSOON_BURST,26.6,99.0,0.65
MET-ML-SOH-2017-11,ML-SOH,Sohra / Cherrapunjee Basin,Meghalaya,25.27,91.73,2017,11,171.4,195.2,13.9,155.0,0,SEVERE_MONSOON_BURST,27.5,75.1,0.745
MET-ML-SOH-2017-12,ML-SOH,Sohra / Cherrapunjee Basin,Meghalaya,25.27,91.73,2017,12,171.4,156.9,-8.5,71.6,0,MODERATE_SHOWERS,21.6,77.0,0.599
MET-ML-SOH-2018-01,ML-SOH,Sohra / Cherrapunjee Basin,Meghalaya,25.27,91.73,2018,1,171.4,191.7,11.8,90.2,0,MODERATE_SHOWERS,24.7,84.1,0.731
MET-ML-SOH-2018-02,ML-SOH,Sohra / Cherrapunjee Basin,Meghalaya,25.27,91.73,2018,2,171.4,209.8,22.4,128.5,0,MODERATE_SHOWERS,23.4,82.3,0.8
MET-ML-SOH-2018-03,ML-SOH,Sohra / Cherrapunjee Basin,Meghalaya,25.27,91.73,2018,3,171.4,200.1,16.7,85.9,0,MODERATE_SHOWERS,26.6,79.9,0.763
MET-ML-SOH-2018-04,ML-SOH,Sohra / Cherrapunjee Basin,Meghalaya,25.27,91.73,2018,4,685.8,678.7,-1.0,339.8,1,SEVERE_MONSOON_BURST,27.1,99.0,0.647
MET-ML-SOH-2018-05,ML-SOH,Sohra / Cherrapunjee Basin,Meghalaya,25.27,91.73,2018,5,1600.2,1337.5,-16.4,574.3,0,SEVERE_MONSOON_BURST,25.5,99.0,0.547
MET-ML-SOH-2018-06,ML-SOH,Sohra / Cherrapunjee Basin,Meghalaya,25.27,91.73,2018,6,2514.6,1950.7,-22.4,549.8,0,SEVERE_MONSOON_BURST,27.8,99.0,0.507
MET-ML-SOH-2018-07,ML-SOH,Sohra / Cherrapunjee Basin,Meghalaya,25.27,91.73,2018,7,2514.6,3485.1,38.6,1372.3,0,SEVERE_MONSOON_BURST,25.8,99.0,0.906
MET-ML-SOH-2018-08,ML-SOH,Sohra / Cherrapunjee Basin,Meghalaya,25.27,91.73,2018,8,2514.6,3069.0,22.0,1107.5,0,SEVERE_MONSOON_BURST,25.8,99.0,0.798
MET-ML-SOH-2018-09,ML-SOH,Sohra / Cherrapunjee Basin,Meghalaya,25.27,91.73,2018,9,1600.2,2050.1,28.1,724.7,0,SEVERE_MONSOON_BURST,25.1,99.0,0.838
MET-ML-SOH-2018-10,ML-SOH,Sohra / Cherrapunjee Basin,Meghalaya,25.27,91.73,2018,10,685.8,643.3,-6.2,191.6,1,SEVERE_MONSOON_BURST,27.3,99.0,0.613
MET-ML-SOH-2018-11,ML-SOH,Sohra / Cherrapunjee Basin,Meghalaya,25.27,91.73,2018,11,171.4,223.5,30.4,173.0,1,SEVERE_MONSOON_BURST,26.7,74.8,0.853
MET-ML-SOH-2018-12,ML-SOH,Sohra / Cherrapunjee Basin,Meghalaya,25.27,91.73,2018,12,171.4,206.8,20.7,93.1,0,MODERATE_SHOWERS,22.6,82.7,0.789
MET-ML-SOH-2019-01,ML-SOH,Sohra / Cherrapunjee Basin,Meghalaya,25.27,91.73,2019,1,171.4,199.5,16.4,112.1,0,MODERATE_SHOWERS,21.5,85.7,0.761
MET-ML-SOH-2019-02,ML-SOH,Sohra / Cherrapunjee Basin,Meghalaya,25.27,91.73,2019,2,171.4,171.5,0.1,82.7,0,MODERATE_SHOWERS,24.3,75.1,0.654
MET-ML-SOH-2019-03,ML-SOH,Sohra / Cherrapunjee Basin,Meghalaya,25.27,91.73,2019,3,171.4,234.0,36.5,170.8,0,SEVERE_MONSOON_BURST,28.4,74.9,0.893
MET-ML-SOH-2019-04,ML-SOH,Sohra / Cherrapunjee Basin,Meghalaya,25.27,91.73,2019,4,685.8,492.4,-28.2,237.2,1,SEVERE_MONSOON_BURST,28.0,99.0,0.469
MET-ML-SOH-2019-05,ML-SOH,Sohra / Cherrapunjee Basin,Meghalaya,25.27,91.73,2019,5,1600.2,1674.2,4.6,531.8,0,SEVERE_MONSOON_BURST,27.1,99.0,0.684
MET-ML-SOH-2019-06,ML-SOH,Sohra / Cherrapunjee Basin,Meghalaya,25.27,91.73,2019,6,2514.6,2009.9,-20.1,417.2,0,SEVERE_MONSOON_BURST,26.8,99.0,0.523
MET-ML-SOH-2019-07,ML-SOH,Sohra / Cherrapunjee Basin,Meghalaya,25.27,91.73,2019,7,2514.6,2211.1,-12.1,925.7,0,SEVERE_MONSOON_BURST,26.2,99.0,0.575
MET-ML-SOH-2019-08,ML-SOH,Sohra / Cherrapunjee Basin,Meghalaya,25.27,91.73,2019,8,2514.6,2125.3,-15.5,904.5,0,SEVERE_MONSOON_BURST,25.9,99.0,0.553
MET-ML-SOH-2019-09,ML-SOH,Sohra / Cherrapunjee Basin,Meghalaya,25.27,91.73,2019,9,1600.2,2029.7,26.8,604.2,0,SEVERE_MONSOON_BURST,27.8,99.0,0.829
MET-ML-SOH-2019-10,ML-SOH,Sohra / Cherrapunjee Basin,Meghalaya,25.27,91.73,2019,10,685.8,518.0,-24.5,188.6,1,SEVERE_MONSOON_BURST,27.5,99.0,0.494
MET-ML-SOH-2019-11,ML-SOH,Sohra / Cherrapunjee Basin,Meghalaya,25.27,91.73,2019,11,171.4,240.4,40.3,109.2,0,MODERATE_SHOWERS,28.6,87.7,0.917
MET-ML-SOH-2019-12,ML-SOH,Sohra / Cherrapunjee Basin,Meghalaya,25.27,91.73,2019,12,171.4,186.9,9.0,120.3,0,MODERATE_SHOWERS,21.5,71.2,0.713
MET-ML-SOH-2020-01,ML-SOH,Sohra / Cherrapunjee Basin,Meghalaya,25.27,91.73,2020,1,171.4,145.8,-14.9,75.3,0,MODERATE_SHOWERS,22.7,70.8,0.556
MET-ML-SOH-2020-02,ML-SOH,Sohra / Cherrapunjee Basin,Meghalaya,25.27,91.73,2020,2,171.4,240.9,40.5,186.3,0,SEVERE_MONSOON_BURST,22.1,87.6,0.919
MET-ML-SOH-2020-03,ML-SOH,Sohra / Cherrapunjee Basin,Meghalaya,25.27,91.73,2020,3,171.4,144.2,-15.9,61.1,0,MODERATE_SHOWERS,28.4,76.4,0.55
MET-ML-SOH-2020-04,ML-SOH,Sohra / Cherrapunjee Basin,Meghalaya,25.27,91.73,2020,4,685.8,948.5,38.3,686.0,0,SEVERE_MONSOON_BURST,27.0,99.0,0.904
MET-ML-SOH-2020-05,ML-SOH,Sohra / Cherrapunjee Basin,Meghalaya,25.27,91.73,2020,5,1600.2,1923.7,20.2,635.8,1,SEVERE_MONSOON_BURST,28.0,99.0,0.786
MET-ML-SOH-2020-06,ML-SOH,Sohra / Cherrapunjee Basin,Meghalaya,25.27,91.73,2020,6,2514.6,2139.9,-14.9,792.0,0,SEVERE_MONSOON_BURST,26.6,99.0,0.556
MET-ML-SOH-2020-07,ML-SOH,Sohra / Cherrapunjee Basin,Meghalaya,25.27,91.73,2020,7,2514.6,1773.7,-29.5,396.6,1,SEVERE_MONSOON_BURST,27.0,99.0,0.461
MET-ML-SOH-2020-08,ML-SOH,Sohra / Cherrapunjee Basin,Meghalaya,25.27,91.73,2020,8,2514.6,2550.5,1.4,833.3,0,SEVERE_MONSOON_BURST,26.8,99.0,0.663
MET-ML-SOH-2020-09,ML-SOH,Sohra / Cherrapunjee Basin,Meghalaya,25.27,91.73,2020,9,1600.2,1416.7,-11.5,515.8,1,SEVERE_MONSOON_BURST,25.3,99.0,0.579
MET-ML-SOH-2020-10,ML-SOH,Sohra / Cherrapunjee Basin,Meghalaya,25.27,91.73,2020,10,685.8,887.9,29.5,252.9,0,SEVERE_MONSOON_BURST,26.3,99.0,0.847
MET-ML-SOH-2020-11,ML-SOH,Sohra / Cherrapunjee Basin,Meghalaya,25.27,91.73,2020,11,171.4,131.8,-23.1,104.8,0,MODERATE_SHOWERS,26.8,69.1,0.503
MET-ML-SOH-2020-12,ML-SOH,Sohra / Cherrapunjee Basin,Meghalaya,25.27,91.73,2020,12,171.4,192.5,12.3,82.8,0,MODERATE_SHOWERS,21.4,81.5,0.734
MET-ML-SOH-2021-01,ML-SOH,Sohra / Cherrapunjee Basin,Meghalaya,25.27,91.73,2021,1,171.4,164.1,-4.3,104.2,0,MODERATE_SHOWERS,24.7,73.2,0.626
MET-ML-SOH-2021-02,ML-SOH,Sohra / Cherrapunjee Basin,Meghalaya,25.27,91.73,2021,2,171.4,183.1,6.8,117.0,0,MODERATE_SHOWERS,21.1,73.8,0.698
MET-ML-SOH-2021-03,ML-SOH,Sohra / Cherrapunjee Basin,Meghalaya,25.27,91.73,2021,3,171.4,222.0,29.5,90.3,0,MODERATE_SHOWERS,27.0,86.4,0.847
MET-ML-SOH-2021-04,ML-SOH,Sohra / Cherrapunjee Basin,Meghalaya,25.27,91.73,2021,4,685.8,453.1,-33.9,214.4,0,SEVERE_MONSOON_BURST,26.9,99.0,0.432
MET-ML-SOH-2021-05,ML-SOH,Sohra / Cherrapunjee Basin,Meghalaya,25.27,91.73,2021,5,1600.2,1388.3,-13.2,296.2,0,SEVERE_MONSOON_BURST,28.1,99.0,0.567
MET-ML-SOH-2021-06,ML-SOH,Sohra / Cherrapunjee Basin,Meghalaya,25.27,91.73,2021,6,2514.6,1801.9,-28.3,751.5,0,SEVERE_MONSOON_BURST,27.1,99.0,0.469
MET-ML-SOH-2021-07,ML-SOH,Sohra / Cherrapunjee Basin,Meghalaya,25.27,91.73,2021,7,2514.6,2776.7,10.4,734.9,1,SEVERE_MONSOON_BURST,28.0,99.0,0.722
MET-ML-SOH-2021-08,ML-SOH,Sohra / Cherrapunjee Basin,Meghalaya,25.27,91.73,2021,8,2514.6,3114.0,23.8,921.5,0,SEVERE_MONSOON_BURST,28.6,99.0,0.81
MET-ML-SOH-2021-09,ML-SOH,Sohra / Cherrapunjee Basin,Meghalaya,25.27,91.73,2021,9,1600.2,1663.2,3.9,606.0,0,SEVERE_MONSOON_BURST,27.6,99.0,0.68
MET-ML-SOH-2021-10,ML-SOH,Sohra / Cherrapunjee Basin,Meghalaya,25.27,91.73,2021,10,685.8,794.3,15.8,286.8,0,SEVERE_MONSOON_BURST,25.1,99.0,0.757
MET-ML-SOH-2021-11,ML-SOH,Sohra / Cherrapunjee Basin,Meghalaya,25.27,91.73,2021,11,171.4,212.2,23.8,107.1,0,MODERATE_SHOWERS,28.1,75.9,0.809
MET-ML-SOH-2021-12,ML-SOH,Sohra / Cherrapunjee Basin,Meghalaya,25.27,91.73,2021,12,171.4,165.9,-3.2,109.2,0,MODERATE_SHOWERS,23.2,79.5,0.633
MET-ML-SOH-2022-01,ML-SOH,Sohra / Cherrapunjee Basin,Meghalaya,25.27,91.73,2022,1,171.4,138.5,-19.2,68.2,0,MODERATE_SHOWERS,24.6,68.0,0.528
MET-ML-SOH-2022-02,ML-SOH,Sohra / Cherrapunjee Basin,Meghalaya,25.27,91.73,2022,2,171.4,169.9,-0.9,97.9,0,MODERATE_SHOWERS,23.6,74.6,0.648
MET-ML-SOH-2022-03,ML-SOH,Sohra / Cherrapunjee Basin,Meghalaya,25.27,91.73,2022,3,171.4,131.0,-23.6,70.9,0,MODERATE_SHOWERS,27.0,73.7,0.5
MET-ML-SOH-2022-04,ML-SOH,Sohra / Cherrapunjee Basin,Meghalaya,25.27,91.73,2022,4,685.8,739.8,7.9,396.9,0,SEVERE_MONSOON_BURST,28.8,99.0,0.705
MET-ML-SOH-2022-05,ML-SOH,Sohra / Cherrapunjee Basin,Meghalaya,25.27,91.73,2022,5,1600.2,1754.6,9.6,438.5,0,SEVERE_MONSOON_BURST,28.4,99.0,0.717
MET-ML-SOH-2022-06,ML-SOH,Sohra / Cherrapunjee Basin,Meghalaya,25.27,91.73,2022,6,2514.6,2525.5,0.4,564.1,1,SEVERE_MONSOON_BURST,26.9,99.0,0.657
MET-ML-SOH-2022-07,ML-SOH,Sohra / Cherrapunjee Basin,Meghalaya,25.27,91.73,2022,7,2514.6,2092.0,-16.8,402.4,1,SEVERE_MONSOON_BURST,26.6,99.0,0.544
MET-ML-SOH-2022-08,ML-SOH,Sohra / Cherrapunjee Basin,Meghalaya,25.27,91.73,2022,8,2514.6,1903.2,-24.3,443.7,1,SEVERE_MONSOON_BURST,25.2,99.0,0.495
MET-ML-SOH-2022-09,ML-SOH,Sohra / Cherrapunjee Basin,Meghalaya,25.27,91.73,2022,9,1600.2,1391.1,-13.1,466.7,0,SEVERE_MONSOON_BURST,26.2,99.0,0.568
MET-ML-SOH-2022-10,ML-SOH,Sohra / Cherrapunjee Basin,Meghalaya,25.27,91.73,2022,10,685.8,546.6,-20.3,117.5,0,SEVERE_MONSOON_BURST,26.3,99.0,0.521
MET-ML-SOH-2022-11,ML-SOH,Sohra / Cherrapunjee Basin,Meghalaya,25.27,91.73,2022,11,171.4,233.5,36.2,134.2,1,MODERATE_SHOWERS,25.1,86.0,0.891
MET-ML-SOH-2022-12,ML-SOH,Sohra / Cherrapunjee Basin,Meghalaya,25.27,91.73,2022,12,171.4,177.1,3.3,91.8,0,MODERATE_SHOWERS,21.7,70.9,0.676
MET-ML-SOH-2023-01,ML-SOH,Sohra / Cherrapunjee Basin,Meghalaya,25.27,91.73,2023,1,171.4,196.3,14.5,79.9,0,MODERATE_SHOWERS,22.5,84.1,0.749
MET-ML-SOH-2023-02,ML-SOH,Sohra / Cherrapunjee Basin,Meghalaya,25.27,91.73,2023,2,171.4,146.4,-14.6,107.5,0,MODERATE_SHOWERS,23.2,68.3,0.558
MET-ML-SOH-2023-03,ML-SOH,Sohra / Cherrapunjee Basin,Meghalaya,25.27,91.73,2023,3,171.4,160.8,-6.2,91.0,0,MODERATE_SHOWERS,28.3,75.5,0.613
MET-ML-SOH-2023-04,ML-SOH,Sohra / Cherrapunjee Basin,Meghalaya,25.27,91.73,2023,4,685.8,707.6,3.2,549.3,0,SEVERE_MONSOON_BURST,27.2,99.0,0.675
MET-ML-SOH-2023-05,ML-SOH,Sohra / Cherrapunjee Basin,Meghalaya,25.27,91.73,2023,5,1600.2,1518.2,-5.1,283.1,0,SEVERE_MONSOON_BURST,25.1,99.0,0.62
MET-ML-SOH-2023-06,ML-SOH,Sohra / Cherrapunjee Basin,Meghalaya,25.27,91.73,2023,6,2514.6,2867.5,14.0,788.1,1,SEVERE_MONSOON_BURST,25.5,99.0,0.746
MET-ML-SOH-2023-07,ML-SOH,Sohra / Cherrapunjee Basin,Meghalaya,25.27,91.73,2023,7,2514.6,2648.2,5.3,1162.9,0,SEVERE_MONSOON_BURST,26.0,99.0,0.689
MET-ML-SOH-2023-08,ML-SOH,Sohra / Cherrapunjee Basin,Meghalaya,25.27,91.73,2023,8,2514.6,3139.2,24.8,834.8,1,SEVERE_MONSOON_BURST,25.2,99.0,0.816
MET-ML-SOH-2023-09,ML-SOH,Sohra / Cherrapunjee Basin,Meghalaya,25.27,91.73,2023,9,1600.2,2042.4,27.6,572.0,0,SEVERE_MONSOON_BURST,28.2,99.0,0.835
MET-ML-SOH-2023-10,ML-SOH,Sohra / Cherrapunjee Basin,Meghalaya,25.27,91.73,2023,10,685.8,725.3,5.8,270.3,1,SEVERE_MONSOON_BURST,25.0,99.0,0.692
MET-ML-SOH-2023-11,ML-SOH,Sohra / Cherrapunjee Basin,Meghalaya,25.27,91.73,2023,11,171.4,172.3,0.5,137.1,0,MODERATE_SHOWERS,25.7,77.9,0.657
MET-ML-SOH-2023-12,ML-SOH,Sohra / Cherrapunjee Basin,Meghalaya,25.27,91.73,2023,12,171.4,208.0,21.4,122.3,0,MODERATE_SHOWERS,21.9,76.9,0.793
MET-ML-SOH-2024-01,ML-SOH,Sohra / Cherrapunjee Basin,Meghalaya,25.27,91.73,2024,1,171.4,137.8,-19.6,81.1,0,MODERATE_SHOWERS,22.1,69.1,0.526
MET-ML-SOH-2024-02,ML-SOH,Sohra / Cherrapunjee Basin,Meghalaya,25.27,91.73,2024,2,171.4,190.4,11.1,86.4,0,MODERATE_SHOWERS,21.1,82.2,0.726
MET-ML-SOH-2024-03,ML-SOH,Sohra / Cherrapunjee Basin,Meghalaya,25.27,91.73,2024,3,171.4,218.0,27.2,103.4,0,MODERATE_SHOWERS,28.0,81.4,0.832
MET-ML-SOH-2024-04,ML-SOH,Sohra / Cherrapunjee Basin,Meghalaya,25.27,91.73,2024,4,685.8,978.6,42.7,691.0,1,SEVERE_MONSOON_BURST,27.6,99.0,0.933
MET-ML-SOH-2024-05,ML-SOH,Sohra / Cherrapunjee Basin,Meghalaya,25.27,91.73,2024,5,1600.2,1060.3,-33.7,456.5,0,SEVERE_MONSOON_BURST,26.5,99.0,0.433
MET-ML-SOH-2024-06,ML-SOH,Sohra / Cherrapunjee Basin,Meghalaya,25.27,91.73,2024,6,2514.6,1951.2,-22.4,382.2,0,SEVERE_MONSOON_BURST,27.8,99.0,0.507
MET-ML-SOH-2024-07,ML-SOH,Sohra / Cherrapunjee Basin,Meghalaya,25.27,91.73,2024,7,2514.6,2448.2,-2.6,998.5,1,SEVERE_MONSOON_BURST,26.1,99.0,0.637
MET-ML-SOH-2024-08,ML-SOH,Sohra / Cherrapunjee Basin,Meghalaya,25.27,91.73,2024,8,2514.6,3625.5,44.2,810.2,1,SEVERE_MONSOON_BURST,26.1,99.0,0.943
MET-ML-SOH-2024-09,ML-SOH,Sohra / Cherrapunjee Basin,Meghalaya,25.27,91.73,2024,9,1600.2,1796.7,12.3,548.5,0,SEVERE_MONSOON_BURST,26.9,99.0,0.734
MET-ML-SOH-2024-10,ML-SOH,Sohra / Cherrapunjee Basin,Meghalaya,25.27,91.73,2024,10,685.8,651.8,-5.0,157.1,1,SEVERE_MONSOON_BURST,25.0,99.0,0.621
MET-ML-SOH-2024-11,ML-SOH,Sohra / Cherrapunjee Basin,Meghalaya,25.27,91.73,2024,11,171.4,191.2,11.6,136.1,0,MODERATE_SHOWERS,28.5,72.0,0.729
MET-ML-SOH-2024-12,ML-SOH,Sohra / Cherrapunjee Basin,Meghalaya,25.27,91.73,2024,12,171.4,145.5,-15.1,74.2,0,MODERATE_SHOWERS,21.2,80.4,0.555
MET-ML-SOH-2025-01,ML-SOH,Sohra / Cherrapunjee Basin,Meghalaya,25.27,91.73,2025,1,171.4,173.4,1.2,89.2,0,MODERATE_SHOWERS,23.8,83.0,0.661
MET-ML-SOH-2025-02,ML-SOH,Sohra / Cherrapunjee Basin,Meghalaya,25.27,91.73,2025,2,171.4,179.6,4.8,75.6,0,MODERATE_SHOWERS,24.9,76.0,0.685
MET-ML-SOH-2025-03,ML-SOH,Sohra / Cherrapunjee Basin,Meghalaya,25.27,91.73,2025,3,171.4,165.4,-3.5,118.1,0,MODERATE_SHOWERS,26.2,71.7,0.631
MET-ML-SOH-2025-04,ML-SOH,Sohra / Cherrapunjee Basin,Meghalaya,25.27,91.73,2025,4,685.8,748.5,9.1,576.9,0,SEVERE_MONSOON_BURST,27.7,99.0,0.714
MET-ML-SOH-2025-05,ML-SOH,Sohra / Cherrapunjee Basin,Meghalaya,25.27,91.73,2025,5,1600.2,1113.3,-30.4,228.1,0,SEVERE_MONSOON_BURST,25.3,99.0,0.455
MET-ML-SOH-2025-06,ML-SOH,Sohra / Cherrapunjee Basin,Meghalaya,25.27,91.73,2025,6,2514.6,1904.1,-24.3,516.9,0,SEVERE_MONSOON_BURST,25.1,99.0,0.495
MET-ML-SOH-2025-07,ML-SOH,Sohra / Cherrapunjee Basin,Meghalaya,25.27,91.73,2025,7,2514.6,3429.5,36.4,1324.6,0,SEVERE_MONSOON_BURST,27.1,99.0,0.892
MET-ML-SOH-2025-08,ML-SOH,Sohra / Cherrapunjee Basin,Meghalaya,25.27,91.73,2025,8,2514.6,3463.4,37.7,690.5,1,SEVERE_MONSOON_BURST,28.3,99.0,0.901
MET-ML-SOH-2025-09,ML-SOH,Sohra / Cherrapunjee Basin,Meghalaya,25.27,91.73,2025,9,1600.2,1763.4,10.2,381.4,0,SEVERE_MONSOON_BURST,26.2,99.0,0.721
MET-ML-SOH-2025-10,ML-SOH,Sohra / Cherrapunjee Basin,Meghalaya,25.27,91.73,2025,10,685.8,443.5,-35.3,163.6,0,SEVERE_MONSOON_BURST,25.1,95.0,0.423
MET-ML-SOH-2025-11,ML-SOH,Sohra / Cherrapunjee Basin,Meghalaya,25.27,91.73,2025,11,171.4,144.4,-15.8,69.5,0,MODERATE_SHOWERS,27.8,78.9,0.551
MET-ML-SOH-2025-12,ML-SOH,Sohra / Cherrapunjee Basin,Meghalaya,25.27,91.73,2025,12,171.4,225.8,31.7,101.8,0,MODERATE_SHOWERS,24.7,73.1,0.861
MET-ML-SOH-2026-01,ML-SOH,Sohra / Cherrapunjee Basin,Meghalaya,25.27,91.73,2026,1,171.4,168.2,-1.9,107.5,0,MODERATE_SHOWERS,23.2,71.4,0.642
MET-ML-SOH-2026-02,ML-SOH,Sohra / Cherrapunjee Basin,Meghalaya,25.27,91.73,2026,2,171.4,158.2,-7.7,74.1,0,MODERATE_SHOWERS,24.7,74.6,0.603
MET-ML-SOH-2026-03,ML-SOH,Sohra / Cherrapunjee Basin,Meghalaya,25.27,91.73,2026,3,171.4,253.7,48.0,167.6,0,SEVERE_MONSOON_BURST,26.9,79.8,0.968
MET-ML-SOH-2026-04,ML-SOH,Sohra / Cherrapunjee Basin,Meghalaya,25.27,91.73,2026,4,685.8,997.3,45.4,503.7,0,SEVERE_MONSOON_BURST,25.5,99.0,0.951
MET-ML-SOH-2026-05,ML-SOH,Sohra / Cherrapunjee Basin,Meghalaya,25.27,91.73,2026,5,1600.2,1628.9,1.8,625.1,0,SEVERE_MONSOON_BURST,28.5,99.0,0.666
MET-ML-SOH-2026-06,ML-SOH,Sohra / Cherrapunjee Basin,Meghalaya,25.27,91.73,2026,6,2514.6,1950.2,-22.4,513.0,0,SEVERE_MONSOON_BURST,28.7,99.0,0.507
MET-ML-SOH-2026-07,ML-SOH,Sohra / Cherrapunjee Basin,Meghalaya,25.27,91.73,2026,7,2514.6,2238.3,-11.0,716.6,0,SEVERE_MONSOON_BURST,27.4,99.0,0.582
MET-ML-SOH-2026-08,ML-SOH,Sohra / Cherrapunjee Basin,Meghalaya,25.27,91.73,2026,8,2514.6,2183.1,-13.2,879.6,0,SEVERE_MONSOON_BURST,25.9,99.0,0.568
MET-ML-SOH-2026-09,ML-SOH,Sohra / Cherrapunjee Basin,Meghalaya,25.27,91.73,2026,9,1600.2,1646.2,2.9,414.4,0,SEVERE_MONSOON_BURST,26.7,99.0,0.673
MET-ML-SOH-2026-10,ML-SOH,Sohra / Cherrapunjee Basin,Meghalaya,25.27,91.73,2026,10,685.8,725.5,5.8,198.3,1,SEVERE_MONSOON_BURST,28.6,99.0,0.692
MET-ML-SOH-2026-11,ML-SOH,Sohra / Cherrapunjee Basin,Meghalaya,25.27,91.73,2026,11,171.4,133.2,-22.3,67.4,0,MODERATE_SHOWERS,28.4,75.3,0.508
MET-ML-SOH-2026-12,ML-SOH,Sohra / Cherrapunjee Basin,Meghalaya,25.27,91.73,2026,12,171.4,188.8,10.2,108.1,0,MODERATE_SHOWERS,23.5,79.6,0.72
MET-AR-TAW-2015-01,AR-TAW,Tawang,Arunachal Pradesh,27.58,91.86,2015,1,32.2,59.4,84.5,45.6,0,DRY_PERIOD,22.1,65.7,1.0
MET-AR-TAW-2015-02,AR-TAW,Tawang,Arunachal Pradesh,27.58,91.86,2015,2,32.2,32.0,-0.6,21.8,0,DRY_PERIOD,23.9,62.8,0.544
MET-AR-TAW-2015-03,AR-TAW,Tawang,Arunachal Pradesh,27.58,91.86,2015,3,32.2,61.7,91.6,27.6,0,DRY_PERIOD,28.7,73.1,1.0
MET-AR-TAW-2015-04,AR-TAW,Tawang,Arunachal Pradesh,27.58,91.86,2015,4,129.0,159.3,23.5,112.4,0,MODERATE_SHOWERS,28.7,72.8,0.807
MET-AR-TAW-2015-05,AR-TAW,Tawang,Arunachal Pradesh,27.58,91.86,2015,5,301.0,296.6,-1.5,111.5,0,HEAVY_MONSOON,28.2,87.1,0.644
MET-AR-TAW-2015-06,AR-TAW,Tawang,Arunachal Pradesh,27.58,91.86,2015,6,473.0,521.5,10.3,229.6,1,SEVERE_MONSOON_BURST,28.9,99.0,0.721
MET-AR-TAW-2015-07,AR-TAW,Tawang,Arunachal Pradesh,27.58,91.86,2015,7,473.0,460.7,-2.6,131.3,0,HEAVY_MONSOON,27.8,95.5,0.637
MET-AR-TAW-2015-08,AR-TAW,Tawang,Arunachal Pradesh,27.58,91.86,2015,8,473.0,397.4,-16.0,138.0,0,HEAVY_MONSOON,28.8,93.0,0.549
MET-AR-TAW-2015-09,AR-TAW,Tawang,Arunachal Pradesh,27.58,91.86,2015,9,301.0,242.1,-19.6,80.4,0,MODERATE_SHOWERS,27.6,82.4,0.526
MET-AR-TAW-2015-10,AR-TAW,Tawang,Arunachal Pradesh,27.58,91.86,2015,10,129.0,179.7,39.3,63.3,0,MODERATE_SHOWERS,27.5,78.9,0.911
MET-AR-TAW-2015-11,AR-TAW,Tawang,Arunachal Pradesh,27.58,91.86,2015,11,32.2,53.6,66.5,30.2,0,DRY_PERIOD,28.8,60.3,0.911
MET-AR-TAW-2015-12,AR-TAW,Tawang,Arunachal Pradesh,27.58,91.86,2015,12,32.2,42.5,32.0,32.5,0,DRY_PERIOD,22.4,62.7,0.722
MET-AR-TAW-2016-01,AR-TAW,Tawang,Arunachal Pradesh,27.58,91.86,2016,1,32.2,44.0,36.6,23.2,0,DRY_PERIOD,24.3,60.9,0.748
MET-AR-TAW-2016-02,AR-TAW,Tawang,Arunachal Pradesh,27.58,91.86,2016,2,32.2,50.3,56.2,31.3,0,DRY_PERIOD,25.0,63.8,0.855
MET-AR-TAW-2016-03,AR-TAW,Tawang,Arunachal Pradesh,27.58,91.86,2016,3,32.2,32.9,2.2,16.8,0,DRY_PERIOD,27.2,64.0,0.559
MET-AR-TAW-2016-04,AR-TAW,Tawang,Arunachal Pradesh,27.58,91.86,2016,4,129.0,80.1,-37.9,53.4,0,MODERATE_SHOWERS,26.7,75.9,0.406
MET-AR-TAW-2016-05,AR-TAW,Tawang,Arunachal Pradesh,27.58,91.86,2016,5,301.0,191.1,-36.5,44.8,0,MODERATE_SHOWERS,25.4,73.6,0.415
MET-AR-TAW-2016-06,AR-TAW,Tawang,Arunachal Pradesh,27.58,91.86,2016,6,473.0,573.5,21.2,177.6,0,SEVERE_MONSOON_BURST,26.5,99.0,0.793
MET-AR-TAW-2016-07,AR-TAW,Tawang,Arunachal Pradesh,27.58,91.86,2016,7,473.0,299.2,-36.7,72.6,0,HEAVY_MONSOON,29.0,88.5,0.414
MET-AR-TAW-2016-08,AR-TAW,Tawang,Arunachal Pradesh,27.58,91.86,2016,8,473.0,545.7,15.4,172.6,0,SEVERE_MONSOON_BURST,26.3,99.0,0.754
MET-AR-TAW-2016-09,AR-TAW,Tawang,Arunachal Pradesh,27.58,91.86,2016,9,301.0,291.4,-3.2,85.1,0,HEAVY_MONSOON,25.1,78.5,0.633
MET-AR-TAW-2016-10,AR-TAW,Tawang,Arunachal Pradesh,27.58,91.86,2016,10,129.0,133.7,3.6,43.8,0,MODERATE_SHOWERS,29.0,76.6,0.678
MET-AR-TAW-2016-11,AR-TAW,Tawang,Arunachal Pradesh,27.58,91.86,2016,11,32.2,46.5,44.4,28.6,0,DRY_PERIOD,28.7,72.3,0.79
MET-AR-TAW-2016-12,AR-TAW,Tawang,Arunachal Pradesh,27.58,91.86,2016,12,32.2,30.2,-6.2,13.9,0,DRY_PERIOD,21.6,69.9,0.513
MET-AR-TAW-2017-01,AR-TAW,Tawang,Arunachal Pradesh,27.58,91.86,2017,1,32.2,30.9,-4.0,17.2,0,DRY_PERIOD,21.5,66.3,0.525
MET-AR-TAW-2017-02,AR-TAW,Tawang,Arunachal Pradesh,27.58,91.86,2017,2,32.2,51.3,59.3,39.7,0,DRY_PERIOD,23.8,71.3,0.872
MET-AR-TAW-2017-03,AR-TAW,Tawang,Arunachal Pradesh,27.58,91.86,2017,3,32.2,36.8,14.3,23.7,0,DRY_PERIOD,28.8,69.0,0.626
MET-AR-TAW-2017-04,AR-TAW,Tawang,Arunachal Pradesh,27.58,91.86,2017,4,129.0,157.9,22.4,75.0,0,MODERATE_SHOWERS,27.3,68.8,0.8
MET-AR-TAW-2017-05,AR-TAW,Tawang,Arunachal Pradesh,27.58,91.86,2017,5,301.0,357.2,18.7,79.0,0,HEAVY_MONSOON,25.4,84.9,0.776
MET-AR-TAW-2017-06,AR-TAW,Tawang,Arunachal Pradesh,27.58,91.86,2017,6,473.0,563.0,19.0,197.7,0,SEVERE_MONSOON_BURST,25.4,99.0,0.778
MET-AR-TAW-2017-07,AR-TAW,Tawang,Arunachal Pradesh,27.58,91.86,2017,7,473.0,416.3,-12.0,108.1,0,HEAVY_MONSOON,25.9,91.7,0.575
MET-AR-TAW-2017-08,AR-TAW,Tawang,Arunachal Pradesh,27.58,91.86,2017,8,473.0,381.9,-19.3,134.5,1,HEAVY_MONSOON,26.5,89.9,0.528
MET-AR-TAW-2017-09,AR-TAW,Tawang,Arunachal Pradesh,27.58,91.86,2017,9,301.0,413.4,37.3,138.2,1,HEAVY_MONSOON,27.8,94.6,0.898
MET-AR-TAW-2017-10,AR-TAW,Tawang,Arunachal Pradesh,27.58,91.86,2017,10,129.0,112.9,-12.5,46.3,0,MODERATE_SHOWERS,28.9,76.5,0.572
MET-AR-TAW-2017-11,AR-TAW,Tawang,Arunachal Pradesh,27.58,91.86,2017,11,32.2,58.9,82.9,38.9,0,DRY_PERIOD,26.8,66.3,1.0
MET-AR-TAW-2017-12,AR-TAW,Tawang,Arunachal Pradesh,27.58,91.86,2017,12,32.2,20.5,-36.3,9.1,0,DRY_PERIOD,21.5,71.1,0.348
MET-AR-TAW-2018-01,AR-TAW,Tawang,Arunachal Pradesh,27.58,91.86,2018,1,32.2,49.7,54.3,25.9,0,DRY_PERIOD,22.8,60.2,0.845
MET-AR-TAW-2018-02,AR-TAW,Tawang,Arunachal Pradesh,27.58,91.86,2018,2,32.2,43.6,35.4,25.2,0,DRY_PERIOD,24.3,70.9,0.741
MET-AR-TAW-2018-03,AR-TAW,Tawang,Arunachal Pradesh,27.58,91.86,2018,3,32.2,26.4,-18.0,13.4,0,DRY_PERIOD,27.8,57.7,0.449
MET-AR-TAW-2018-04,AR-TAW,Tawang,Arunachal Pradesh,27.58,91.86,2018,4,129.0,151.0,17.1,99.5,0,MODERATE_SHOWERS,27.0,72.4,0.765
MET-AR-TAW-2018-05,AR-TAW,Tawang,Arunachal Pradesh,27.58,91.86,2018,5,301.0,336.7,11.9,127.0,0,HEAVY_MONSOON,25.6,84.7,0.731
MET-AR-TAW-2018-06,AR-TAW,Tawang,Arunachal Pradesh,27.58,91.86,2018,6,473.0,561.6,18.7,228.7,0,SEVERE_MONSOON_BURST,27.1,99.0,0.776
MET-AR-TAW-2018-07,AR-TAW,Tawang,Arunachal Pradesh,27.58,91.86,2018,7,473.0,624.4,32.0,180.5,1,SEVERE_MONSOON_BURST,28.4,99.0,0.863
MET-AR-TAW-2018-08,AR-TAW,Tawang,Arunachal Pradesh,27.58,91.86,2018,8,473.0,462.2,-2.3,147.9,1,HEAVY_MONSOON,26.7,99.0,0.639
MET-AR-TAW-2018-09,AR-TAW,Tawang,Arunachal Pradesh,27.58,91.86,2018,9,301.0,371.2,23.3,97.7,0,HEAVY_MONSOON,27.0,95.7,0.806
MET-AR-TAW-2018-10,AR-TAW,Tawang,Arunachal Pradesh,27.58,91.86,2018,10,129.0,166.3,28.9,73.5,0,MODERATE_SHOWERS,27.6,74.4,0.843
MET-AR-TAW-2018-11,AR-TAW,Tawang,Arunachal Pradesh,27.58,91.86,2018,11,32.2,30.0,-6.8,15.8,0,DRY_PERIOD,28.9,69.4,0.51
MET-AR-TAW-2018-12,AR-TAW,Tawang,Arunachal Pradesh,27.58,91.86,2018,12,32.2,35.8,11.2,26.1,0,DRY_PERIOD,21.2,70.2,0.609
MET-AR-TAW-2019-01,AR-TAW,Tawang,Arunachal Pradesh,27.58,91.86,2019,1,32.2,64.8,101.2,40.5,0,DRY_PERIOD,23.5,64.8,1.0
MET-AR-TAW-2019-02,AR-TAW,Tawang,Arunachal Pradesh,27.58,91.86,2019,2,32.2,47.6,47.8,19.5,0,DRY_PERIOD,22.6,68.8,0.809
MET-AR-TAW-2019-03,AR-TAW,Tawang,Arunachal Pradesh,27.58,91.86,2019,3,32.2,48.5,50.6,28.6,0,DRY_PERIOD,28.2,70.0,0.825
MET-AR-TAW-2019-04,AR-TAW,Tawang,Arunachal Pradesh,27.58,91.86,2019,4,129.0,126.0,-2.3,88.5,0,MODERATE_SHOWERS,25.1,73.7,0.639
MET-AR-TAW-2019-05,AR-TAW,Tawang,Arunachal Pradesh,27.58,91.86,2019,5,301.0,374.6,24.5,119.8,0,HEAVY_MONSOON,25.9,92.5,0.814
MET-AR-TAW-2019-06,AR-TAW,Tawang,Arunachal Pradesh,27.58,91.86,2019,6,473.0,586.7,24.0,127.8,0,SEVERE_MONSOON_BURST,28.1,99.0,0.811
MET-AR-TAW-2019-07,AR-TAW,Tawang,Arunachal Pradesh,27.58,91.86,2019,7,473.0,502.4,6.2,166.4,1,SEVERE_MONSOON_BURST,25.5,99.0,0.694
MET-AR-TAW-2019-08,AR-TAW,Tawang,Arunachal Pradesh,27.58,91.86,2019,8,473.0,481.0,1.7,197.8,0,SEVERE_MONSOON_BURST,28.4,99.0,0.665
MET-AR-TAW-2019-09,AR-TAW,Tawang,Arunachal Pradesh,27.58,91.86,2019,9,301.0,362.4,20.4,81.1,0,HEAVY_MONSOON,28.2,84.4,0.787
MET-AR-TAW-2019-10,AR-TAW,Tawang,Arunachal Pradesh,27.58,91.86,2019,10,129.0,136.4,5.7,30.0,0,MODERATE_SHOWERS,27.2,68.8,0.691
MET-AR-TAW-2019-11,AR-TAW,Tawang,Arunachal Pradesh,27.58,91.86,2019,11,32.2,36.1,12.1,14.7,0,DRY_PERIOD,25.2,58.2,0.614
MET-AR-TAW-2019-12,AR-TAW,Tawang,Arunachal Pradesh,27.58,91.86,2019,12,32.2,38.4,19.3,16.5,0,DRY_PERIOD,22.9,67.1,0.653
MET-AR-TAW-2020-01,AR-TAW,Tawang,Arunachal Pradesh,27.58,91.86,2020,1,32.2,13.8,-57.1,9.4,0,DRY_PERIOD,24.4,67.6,0.235
MET-AR-TAW-2020-02,AR-TAW,Tawang,Arunachal Pradesh,27.58,91.86,2020,2,32.2,55.0,70.8,29.5,0,DRY_PERIOD,21.2,73.5,0.935
MET-AR-TAW-2020-03,AR-TAW,Tawang,Arunachal Pradesh,27.58,91.86,2020,3,32.2,45.1,40.1,26.3,0,DRY_PERIOD,25.7,60.7,0.767
MET-AR-TAW-2020-04,AR-TAW,Tawang,Arunachal Pradesh,27.58,91.86,2020,4,129.0,168.0,30.2,78.3,0,MODERATE_SHOWERS,25.9,71.0,0.852
MET-AR-TAW-2020-05,AR-TAW,Tawang,Arunachal Pradesh,27.58,91.86,2020,5,301.0,385.8,28.2,93.9,0,HEAVY_MONSOON,26.1,94.1,0.838
MET-AR-TAW-2020-06,AR-TAW,Tawang,Arunachal Pradesh,27.58,91.86,2020,6,473.0,586.6,24.0,163.0,0,SEVERE_MONSOON_BURST,25.3,99.0,0.811
MET-AR-TAW-2020-07,AR-TAW,Tawang,Arunachal Pradesh,27.58,91.86,2020,7,473.0,350.7,-25.9,106.9,0,HEAVY_MONSOON,28.3,89.6,0.485
MET-AR-TAW-2020-08,AR-TAW,Tawang,Arunachal Pradesh,27.58,91.86,2020,8,473.0,537.9,13.7,163.7,0,SEVERE_MONSOON_BURST,27.5,99.0,0.744
MET-AR-TAW-2020-09,AR-TAW,Tawang,Arunachal Pradesh,27.58,91.86,2020,9,301.0,257.3,-14.5,105.0,0,HEAVY_MONSOON,25.2,81.7,0.559
MET-AR-TAW-2020-10,AR-TAW,Tawang,Arunachal Pradesh,27.58,91.86,2020,10,129.0,161.0,24.8,51.3,0,MODERATE_SHOWERS,25.2,71.7,0.816
MET-AR-TAW-2020-11,AR-TAW,Tawang,Arunachal Pradesh,27.58,91.86,2020,11,32.2,42.8,32.9,25.4,0,DRY_PERIOD,28.5,62.4,0.728
MET-AR-TAW-2020-12,AR-TAW,Tawang,Arunachal Pradesh,27.58,91.86,2020,12,32.2,42.4,31.7,19.6,0,DRY_PERIOD,22.9,62.2,0.721
MET-AR-TAW-2021-01,AR-TAW,Tawang,Arunachal Pradesh,27.58,91.86,2021,1,32.2,42.1,30.7,30.7,0,DRY_PERIOD,21.1,64.2,0.716
MET-AR-TAW-2021-02,AR-TAW,Tawang,Arunachal Pradesh,27.58,91.86,2021,2,32.2,38.1,18.3,23.9,0,DRY_PERIOD,22.3,71.8,0.648
MET-AR-TAW-2021-03,AR-TAW,Tawang,Arunachal Pradesh,27.58,91.86,2021,3,32.2,31.4,-2.5,19.0,0,DRY_PERIOD,25.2,70.8,0.534
MET-AR-TAW-2021-04,AR-TAW,Tawang,Arunachal Pradesh,27.58,91.86,2021,4,129.0,144.5,12.0,94.1,0,MODERATE_SHOWERS,26.5,81.2,0.732
MET-AR-TAW-2021-05,AR-TAW,Tawang,Arunachal Pradesh,27.58,91.86,2021,5,301.0,420.1,39.6,97.1,0,HEAVY_MONSOON,26.1,89.4,0.913
MET-AR-TAW-2021-06,AR-TAW,Tawang,Arunachal Pradesh,27.58,91.86,2021,6,473.0,459.1,-2.9,203.1,0,SEVERE_MONSOON_BURST,28.3,99.0,0.635
MET-AR-TAW-2021-07,AR-TAW,Tawang,Arunachal Pradesh,27.58,91.86,2021,7,473.0,612.9,29.6,236.7,0,SEVERE_MONSOON_BURST,26.1,99.0,0.847
MET-AR-TAW-2021-08,AR-TAW,Tawang,Arunachal Pradesh,27.58,91.86,2021,8,473.0,512.5,8.4,189.1,1,SEVERE_MONSOON_BURST,27.9,99.0,0.708
MET-AR-TAW-2021-09,AR-TAW,Tawang,Arunachal Pradesh,27.58,91.86,2021,9,301.0,402.5,33.7,118.2,0,HEAVY_MONSOON,25.1,93.6,0.874
MET-AR-TAW-2021-10,AR-TAW,Tawang,Arunachal Pradesh,27.58,91.86,2021,10,129.0,135.4,5.0,44.1,0,MODERATE_SHOWERS,26.6,67.3,0.686
MET-AR-TAW-2021-11,AR-TAW,Tawang,Arunachal Pradesh,27.58,91.86,2021,11,32.2,45.1,40.1,21.1,0,DRY_PERIOD,27.5,62.9,0.767
MET-AR-TAW-2021-12,AR-TAW,Tawang,Arunachal Pradesh,27.58,91.86,2021,12,32.2,57.3,78.0,32.0,0,DRY_PERIOD,21.7,71.8,0.974
MET-AR-TAW-2022-01,AR-TAW,Tawang,Arunachal Pradesh,27.58,91.86,2022,1,32.2,50.5,56.8,25.0,0,DRY_PERIOD,21.2,62.6,0.858
MET-AR-TAW-2022-02,AR-TAW,Tawang,Arunachal Pradesh,27.58,91.86,2022,2,32.2,36.5,13.4,19.9,0,DRY_PERIOD,22.2,58.3,0.62
MET-AR-TAW-2022-03,AR-TAW,Tawang,Arunachal Pradesh,27.58,91.86,2022,3,32.2,46.8,45.3,31.6,0,DRY_PERIOD,25.6,68.0,0.796
MET-AR-TAW-2022-04,AR-TAW,Tawang,Arunachal Pradesh,27.58,91.86,2022,4,129.0,164.0,27.1,95.2,0,MODERATE_SHOWERS,27.4,71.4,0.831
MET-AR-TAW-2022-05,AR-TAW,Tawang,Arunachal Pradesh,27.58,91.86,2022,5,301.0,311.0,3.3,97.1,0,HEAVY_MONSOON,26.3,89.4,0.676
MET-AR-TAW-2022-06,AR-TAW,Tawang,Arunachal Pradesh,27.58,91.86,2022,6,473.0,321.2,-32.1,65.7,0,HEAVY_MONSOON,27.0,93.8,0.444
MET-AR-TAW-2022-07,AR-TAW,Tawang,Arunachal Pradesh,27.58,91.86,2022,7,473.0,378.9,-19.9,120.5,1,HEAVY_MONSOON,26.6,87.6,0.524
MET-AR-TAW-2022-08,AR-TAW,Tawang,Arunachal Pradesh,27.58,91.86,2022,8,473.0,476.4,0.7,210.0,0,SEVERE_MONSOON_BURST,25.8,99.0,0.659
MET-AR-TAW-2022-09,AR-TAW,Tawang,Arunachal Pradesh,27.58,91.86,2022,9,301.0,280.7,-6.7,107.9,0,HEAVY_MONSOON,28.0,79.9,0.61
MET-AR-TAW-2022-10,AR-TAW,Tawang,Arunachal Pradesh,27.58,91.86,2022,10,129.0,134.4,4.2,36.9,0,MODERATE_SHOWERS,28.9,66.5,0.681
MET-AR-TAW-2022-11,AR-TAW,Tawang,Arunachal Pradesh,27.58,91.86,2022,11,32.2,19.6,-39.1,14.4,0,DRY_PERIOD,26.9,59.6,0.333
MET-AR-TAW-2022-12,AR-TAW,Tawang,Arunachal Pradesh,27.58,91.86,2022,12,32.2,34.5,7.1,18.2,0,DRY_PERIOD,23.4,62.7,0.586
MET-AR-TAW-2023-01,AR-TAW,Tawang,Arunachal Pradesh,27.58,91.86,2023,1,32.2,24.0,-25.5,19.1,0,DRY_PERIOD,21.6,57.8,0.408
MET-AR-TAW-2023-02,AR-TAW,Tawang,Arunachal Pradesh,27.58,91.86,2023,2,32.2,21.9,-32.0,10.1,0,DRY_PERIOD,21.5,56.8,0.372
MET-AR-TAW-2023-03,AR-TAW,Tawang,Arunachal Pradesh,27.58,91.86,2023,3,32.2,41.5,28.9,26.0,0,DRY_PERIOD,25.7,70.6,0.705
MET-AR-TAW-2023-04,AR-TAW,Tawang,Arunachal Pradesh,27.58,91.86,2023,4,129.0,123.5,-4.3,93.1,0,MODERATE_SHOWERS,28.6,67.8,0.626
MET-AR-TAW-2023-05,AR-TAW,Tawang,Arunachal Pradesh,27.58,91.86,2023,5,301.0,417.1,38.6,88.0,0,HEAVY_MONSOON,25.8,88.9,0.906
MET-AR-TAW-2023-06,AR-TAW,Tawang,Arunachal Pradesh,27.58,91.86,2023,6,473.0,455.0,-3.8,95.2,0,HEAVY_MONSOON,25.4,91.7,0.629
MET-AR-TAW-2023-07,AR-TAW,Tawang,Arunachal Pradesh,27.58,91.86,2023,7,473.0,674.4,42.6,216.3,0,SEVERE_MONSOON_BURST,28.3,99.0,0.932
MET-AR-TAW-2023-08,AR-TAW,Tawang,Arunachal Pradesh,27.58,91.86,2023,8,473.0,371.2,-21.5,111.0,0,HEAVY_MONSOON,28.0,87.7,0.513
MET-AR-TAW-2023-09,AR-TAW,Tawang,Arunachal Pradesh,27.58,91.86,2023,9,301.0,260.2,-13.6,94.3,0,HEAVY_MONSOON,25.3,77.8,0.565
MET-AR-TAW-2023-10,AR-TAW,Tawang,Arunachal Pradesh,27.58,91.86,2023,10,129.0,186.4,44.5,43.0,0,MODERATE_SHOWERS,26.3,82.7,0.945
MET-AR-TAW-2023-11,AR-TAW,Tawang,Arunachal Pradesh,27.58,91.86,2023,11,32.2,16.1,-50.0,6.6,0,DRY_PERIOD,26.8,57.4,0.274
MET-AR-TAW-2023-12,AR-TAW,Tawang,Arunachal Pradesh,27.58,91.86,2023,12,32.2,20.7,-35.7,15.9,0,DRY_PERIOD,22.0,70.3,0.352
MET-AR-TAW-2024-01,AR-TAW,Tawang,Arunachal Pradesh,27.58,91.86,2024,1,32.2,23.1,-28.3,10.2,0,DRY_PERIOD,21.7,67.1,0.393
MET-AR-TAW-2024-02,AR-TAW,Tawang,Arunachal Pradesh,27.58,91.86,2024,2,32.2,47.1,46.3,28.1,0,DRY_PERIOD,24.7,60.7,0.801
MET-AR-TAW-2024-03,AR-TAW,Tawang,Arunachal Pradesh,27.58,91.86,2024,3,32.2,37.9,17.7,20.7,0,DRY_PERIOD,27.3,62.2,0.644
MET-AR-TAW-2024-04,AR-TAW,Tawang,Arunachal Pradesh,27.58,91.86,2024,4,129.0,196.3,52.2,136.0,0,MODERATE_SHOWERS,27.8,72.5,0.995
MET-AR-TAW-2024-05,AR-TAW,Tawang,Arunachal Pradesh,27.58,91.86,2024,5,301.0,403.9,34.2,107.9,0,HEAVY_MONSOON,27.5,95.0,0.877
MET-AR-TAW-2024-06,AR-TAW,Tawang,Arunachal Pradesh,27.58,91.86,2024,6,473.0,563.7,19.2,105.5,0,SEVERE_MONSOON_BURST,26.2,99.0,0.779
MET-AR-TAW-2024-07,AR-TAW,Tawang,Arunachal Pradesh,27.58,91.86,2024,7,473.0,351.8,-25.6,100.0,0,HEAVY_MONSOON,25.8,83.7,0.486
MET-AR-TAW-2024-08,AR-TAW,Tawang,Arunachal Pradesh,27.58,91.86,2024,8,473.0,517.5,9.4,94.5,0,SEVERE_MONSOON_BURST,25.9,99.0,0.715
MET-AR-TAW-2024-09,AR-TAW,Tawang,Arunachal Pradesh,27.58,91.86,2024,9,301.0,272.6,-9.4,52.7,0,HEAVY_MONSOON,28.5,81.4,0.592
MET-AR-TAW-2024-10,AR-TAW,Tawang,Arunachal Pradesh,27.58,91.86,2024,10,129.0,110.1,-14.7,25.5,0,MODERATE_SHOWERS,25.6,75.1,0.558
MET-AR-TAW-2024-11,AR-TAW,Tawang,Arunachal Pradesh,27.58,91.86,2024,11,32.2,33.8,5.0,22.8,0,DRY_PERIOD,28.7,72.4,0.575
MET-AR-TAW-2024-12,AR-TAW,Tawang,Arunachal Pradesh,27.58,91.86,2024,12,32.2,34.2,6.2,25.7,0,DRY_PERIOD,23.0,62.1,0.581
MET-AR-TAW-2025-01,AR-TAW,Tawang,Arunachal Pradesh,27.58,91.86,2025,1,32.2,57.2,77.6,25.2,0,DRY_PERIOD,21.9,60.3,0.972
MET-AR-TAW-2025-02,AR-TAW,Tawang,Arunachal Pradesh,27.58,91.86,2025,2,32.2,27.4,-14.9,18.6,0,DRY_PERIOD,23.6,60.0,0.466
MET-AR-TAW-2025-03,AR-TAW,Tawang,Arunachal Pradesh,27.58,91.86,2025,3,32.2,17.8,-44.7,10.1,0,DRY_PERIOD,27.9,66.9,0.303
MET-AR-TAW-2025-04,AR-TAW,Tawang,Arunachal Pradesh,27.58,91.86,2025,4,129.0,128.7,-0.2,96.0,0,MODERATE_SHOWERS,27.3,71.0,0.652
MET-AR-TAW-2025-05,AR-TAW,Tawang,Arunachal Pradesh,27.58,91.86,2025,5,301.0,432.3,43.6,88.7,0,HEAVY_MONSOON,25.3,98.5,0.939
MET-AR-TAW-2025-06,AR-TAW,Tawang,Arunachal Pradesh,27.58,91.86,2025,6,473.0,363.7,-23.1,66.3,0,HEAVY_MONSOON,28.2,97.7,0.503
MET-AR-TAW-2025-07,AR-TAW,Tawang,Arunachal Pradesh,27.58,91.86,2025,7,473.0,532.8,12.6,127.2,0,SEVERE_MONSOON_BURST,28.5,99.0,0.737
MET-AR-TAW-2025-08,AR-TAW,Tawang,Arunachal Pradesh,27.58,91.86,2025,8,473.0,451.9,-4.5,192.6,1,SEVERE_MONSOON_BURST,26.8,99.0,0.625
MET-AR-TAW-2025-09,AR-TAW,Tawang,Arunachal Pradesh,27.58,91.86,2025,9,301.0,414.5,37.7,164.7,0,SEVERE_MONSOON_BURST,25.3,99.0,0.9
MET-AR-TAW-2025-10,AR-TAW,Tawang,Arunachal Pradesh,27.58,91.86,2025,10,129.0,123.6,-4.2,48.0,0,MODERATE_SHOWERS,27.5,71.9,0.626
MET-AR-TAW-2025-11,AR-TAW,Tawang,Arunachal Pradesh,27.58,91.86,2025,11,32.2,41.8,29.8,28.7,0,DRY_PERIOD,28.1,72.7,0.711
MET-AR-TAW-2025-12,AR-TAW,Tawang,Arunachal Pradesh,27.58,91.86,2025,12,32.2,36.7,14.0,16.9,0,DRY_PERIOD,23.5,67.7,0.624
MET-AR-TAW-2026-01,AR-TAW,Tawang,Arunachal Pradesh,27.58,91.86,2026,1,32.2,24.8,-23.0,12.1,0,DRY_PERIOD,22.2,63.9,0.422
MET-AR-TAW-2026-02,AR-TAW,Tawang,Arunachal Pradesh,27.58,91.86,2026,2,32.2,51.0,58.4,29.5,0,DRY_PERIOD,22.0,73.0,0.867
MET-AR-TAW-2026-03,AR-TAW,Tawang,Arunachal Pradesh,27.58,91.86,2026,3,32.2,48.2,49.7,21.1,0,DRY_PERIOD,25.6,63.7,0.819
MET-AR-TAW-2026-04,AR-TAW,Tawang,Arunachal Pradesh,27.58,91.86,2026,4,129.0,157.3,21.9,94.3,0,MODERATE_SHOWERS,28.2,71.3,0.797
MET-AR-TAW-2026-05,AR-TAW,Tawang,Arunachal Pradesh,27.58,91.86,2026,5,301.0,416.6,38.4,83.3,0,HEAVY_MONSOON,25.6,88.8,0.905
MET-AR-TAW-2026-06,AR-TAW,Tawang,Arunachal Pradesh,27.58,91.86,2026,6,473.0,580.7,22.8,206.1,1,SEVERE_MONSOON_BURST,27.3,99.0,0.803
MET-AR-TAW-2026-07,AR-TAW,Tawang,Arunachal Pradesh,27.58,91.86,2026,7,473.0,666.2,40.8,271.7,1,SEVERE_MONSOON_BURST,28.1,99.0,0.921
MET-AR-TAW-2026-08,AR-TAW,Tawang,Arunachal Pradesh,27.58,91.86,2026,8,473.0,657.9,39.1,242.4,1,SEVERE_MONSOON_BURST,26.5,99.0,0.909
MET-AR-TAW-2026-09,AR-TAW,Tawang,Arunachal Pradesh,27.58,91.86,2026,9,301.0,366.8,21.9,154.3,1,SEVERE_MONSOON_BURST,25.7,90.2,0.797
MET-AR-TAW-2026-10,AR-TAW,Tawang,Arunachal Pradesh,27.58,91.86,2026,10,129.0,152.0,17.8,41.4,0,MODERATE_SHOWERS,26.6,74.9,0.77
MET-AR-TAW-2026-11,AR-TAW,Tawang,Arunachal Pradesh,27.58,91.86,2026,11,32.2,38.6,19.9,19.3,0,DRY_PERIOD,26.7,68.1,0.656
MET-AR-TAW-2026-12,AR-TAW,Tawang,Arunachal Pradesh,27.58,91.86,2026,12,32.2,45.7,41.9,23.4,0,DRY_PERIOD,23.6,73.4,0.777
MET-AR-WKA-2015-01,AR-WKA,West Kameng (Bomdila),Arunachal Pradesh,27.26,92.42,2015,1,35.2,60.1,70.7,39.7,0,DRY_PERIOD,21.2,71.9,1.0
MET-AR-WKA-2015-02,AR-WKA,West Kameng (Bomdila),Arunachal Pradesh,27.26,92.42,2015,2,35.2,53.8,52.8,35.5,0,DRY_PERIOD,24.9,71.3,0.915
MET-AR-WKA-2015-03,AR-WKA,West Kameng (Bomdila),Arunachal Pradesh,27.26,92.42,2015,3,35.2,52.3,48.6,25.0,0,DRY_PERIOD,27.1,60.7,0.889
MET-AR-WKA-2015-04,AR-WKA,West Kameng (Bomdila),Arunachal Pradesh,27.26,92.42,2015,4,141.0,161.1,14.3,93.7,0,MODERATE_SHOWERS,25.7,71.4,0.747
MET-AR-WKA-2015-05,AR-WKA,West Kameng (Bomdila),Arunachal Pradesh,27.26,92.42,2015,5,329.0,350.6,6.6,67.9,0,HEAVY_MONSOON,27.5,92.2,0.697
MET-AR-WKA-2015-06,AR-WKA,West Kameng (Bomdila),Arunachal Pradesh,27.26,92.42,2015,6,517.0,574.3,11.1,138.1,1,SEVERE_MONSOON_BURST,28.2,99.0,0.726
MET-AR-WKA-2015-07,AR-WKA,West Kameng (Bomdila),Arunachal Pradesh,27.26,92.42,2015,7,517.0,431.7,-16.5,191.1,1,SEVERE_MONSOON_BURST,26.9,99.0,0.546
MET-AR-WKA-2015-08,AR-WKA,West Kameng (Bomdila),Arunachal Pradesh,27.26,92.42,2015,8,517.0,473.8,-8.4,140.3,0,HEAVY_MONSOON,28.7,99.0,0.599
MET-AR-WKA-2015-09,AR-WKA,West Kameng (Bomdila),Arunachal Pradesh,27.26,92.42,2015,9,329.0,306.9,-6.7,121.8,1,HEAVY_MONSOON,25.2,83.2,0.61
MET-AR-WKA-2015-10,AR-WKA,West Kameng (Bomdila),Arunachal Pradesh,27.26,92.42,2015,10,141.0,214.5,52.1,79.8,0,MODERATE_SHOWERS,26.9,83.5,0.995
MET-AR-WKA-2015-11,AR-WKA,West Kameng (Bomdila),Arunachal Pradesh,27.26,92.42,2015,11,35.2,44.7,27.0,22.1,0,DRY_PERIOD,28.3,63.8,0.76
MET-AR-WKA-2015-12,AR-WKA,West Kameng (Bomdila),Arunachal Pradesh,27.26,92.42,2015,12,35.2,51.9,47.4,37.4,0,DRY_PERIOD,23.0,69.3,0.882
MET-AR-WKA-2016-01,AR-WKA,West Kameng (Bomdila),Arunachal Pradesh,27.26,92.42,2016,1,35.2,65.1,84.9,38.8,0,DRY_PERIOD,21.2,74.6,1.0
MET-AR-WKA-2016-02,AR-WKA,West Kameng (Bomdila),Arunachal Pradesh,27.26,92.42,2016,2,35.2,42.6,21.0,22.0,0,DRY_PERIOD,21.7,63.2,0.724
MET-AR-WKA-2016-03,AR-WKA,West Kameng (Bomdila),Arunachal Pradesh,27.26,92.42,2016,3,35.2,37.8,7.4,27.9,0,DRY_PERIOD,25.4,60.1,0.643
MET-AR-WKA-2016-04,AR-WKA,West Kameng (Bomdila),Arunachal Pradesh,27.26,92.42,2016,4,141.0,113.9,-19.2,71.6,0,MODERATE_SHOWERS,28.8,75.6,0.528
MET-AR-WKA-2016-05,AR-WKA,West Kameng (Bomdila),Arunachal Pradesh,27.26,92.42,2016,5,329.0,332.6,1.1,90.4,0,HEAVY_MONSOON,25.4,85.4,0.661
MET-AR-WKA-2016-06,AR-WKA,West Kameng (Bomdila),Arunachal Pradesh,27.26,92.42,2016,6,517.0,445.4,-13.8,85.5,0,HEAVY_MONSOON,25.4,97.9,0.563
MET-AR-WKA-2016-07,AR-WKA,West Kameng (Bomdila),Arunachal Pradesh,27.26,92.42,2016,7,517.0,589.9,14.1,262.4,1,SEVERE_MONSOON_BURST,25.4,99.0,0.746
MET-AR-WKA-2016-08,AR-WKA,West Kameng (Bomdila),Arunachal Pradesh,27.26,92.42,2016,8,517.0,657.1,27.1,240.9,0,SEVERE_MONSOON_BURST,27.0,99.0,0.831
MET-AR-WKA-2016-09,AR-WKA,West Kameng (Bomdila),Arunachal Pradesh,27.26,92.42,2016,9,329.0,303.1,-7.9,132.1,0,HEAVY_MONSOON,27.2,91.3,0.602
MET-AR-WKA-2016-10,AR-WKA,West Kameng (Bomdila),Arunachal Pradesh,27.26,92.42,2016,10,141.0,197.1,39.8,45.3,0,MODERATE_SHOWERS,25.2,81.8,0.914
MET-AR-WKA-2016-11,AR-WKA,West Kameng (Bomdila),Arunachal Pradesh,27.26,92.42,2016,11,35.2,62.1,76.4,43.2,0,DRY_PERIOD,25.1,64.5,1.0
MET-AR-WKA-2016-12,AR-WKA,West Kameng (Bomdila),Arunachal Pradesh,27.26,92.42,2016,12,35.2,51.3,45.7,23.7,0,DRY_PERIOD,21.7,68.9,0.872
MET-AR-WKA-2017-01,AR-WKA,West Kameng (Bomdila),Arunachal Pradesh,27.26,92.42,2017,1,35.2,38.5,9.4,22.3,0,DRY_PERIOD,23.9,58.5,0.654
MET-AR-WKA-2017-02,AR-WKA,West Kameng (Bomdila),Arunachal Pradesh,27.26,92.42,2017,2,35.2,21.2,-39.8,13.7,0,DRY_PERIOD,23.9,62.4,0.36
MET-AR-WKA-2017-03,AR-WKA,West Kameng (Bomdila),Arunachal Pradesh,27.26,92.42,2017,3,35.2,53.1,50.9,24.9,0,DRY_PERIOD,28.3,68.7,0.903
MET-AR-WKA-2017-04,AR-WKA,West Kameng (Bomdila),Arunachal Pradesh,27.26,92.42,2017,4,141.0,141.6,0.4,82.2,0,MODERATE_SHOWERS,27.5,69.5,0.657
MET-AR-WKA-2017-05,AR-WKA,West Kameng (Bomdila),Arunachal Pradesh,27.26,92.42,2017,5,329.0,498.3,51.5,104.3,0,HEAVY_MONSOON,25.2,99.0,0.99
MET-AR-WKA-2017-06,AR-WKA,West Kameng (Bomdila),Arunachal Pradesh,27.26,92.42,2017,6,517.0,716.3,38.5,134.4,1,SEVERE_MONSOON_BURST,25.8,99.0,0.906
MET-AR-WKA-2017-07,AR-WKA,West Kameng (Bomdila),Arunachal Pradesh,27.26,92.42,2017,7,517.0,505.2,-2.3,220.6,1,SEVERE_MONSOON_BURST,26.6,98.8,0.639
MET-AR-WKA-2017-08,AR-WKA,West Kameng (Bomdila),Arunachal Pradesh,27.26,92.42,2017,8,517.0,476.3,-7.9,185.3,1,SEVERE_MONSOON_BURST,28.2,99.0,0.602
MET-AR-WKA-2017-09,AR-WKA,West Kameng (Bomdila),Arunachal Pradesh,27.26,92.42,2017,9,329.0,244.1,-25.8,69.6,0,MODERATE_SHOWERS,27.0,80.9,0.485
MET-AR-WKA-2017-10,AR-WKA,West Kameng (Bomdila),Arunachal Pradesh,27.26,92.42,2017,10,141.0,185.3,31.4,76.3,0,MODERATE_SHOWERS,25.8,80.9,0.859
MET-AR-WKA-2017-11,AR-WKA,West Kameng (Bomdila),Arunachal Pradesh,27.26,92.42,2017,11,35.2,72.8,106.8,33.8,0,DRY_PERIOD,25.2,71.9,1.0
MET-AR-WKA-2017-12,AR-WKA,West Kameng (Bomdila),Arunachal Pradesh,27.26,92.42,2017,12,35.2,28.8,-18.2,17.8,0,DRY_PERIOD,24.9,65.0,0.49
MET-AR-WKA-2018-01,AR-WKA,West Kameng (Bomdila),Arunachal Pradesh,27.26,92.42,2018,1,35.2,39.1,11.1,24.5,0,DRY_PERIOD,22.9,61.0,0.665
MET-AR-WKA-2018-02,AR-WKA,West Kameng (Bomdila),Arunachal Pradesh,27.26,92.42,2018,2,35.2,55.9,58.8,26.7,0,DRY_PERIOD,23.4,67.4,0.95
MET-AR-WKA-2018-03,AR-WKA,West Kameng (Bomdila),Arunachal Pradesh,27.26,92.42,2018,3,35.2,38.6,9.7,28.1,0,DRY_PERIOD,28.4,60.9,0.656
MET-AR-WKA-2018-04,AR-WKA,West Kameng (Bomdila),Arunachal Pradesh,27.26,92.42,2018,4,141.0,101.7,-27.9,78.3,0,MODERATE_SHOWERS,25.2,70.2,0.472
MET-AR-WKA-2018-05,AR-WKA,West Kameng (Bomdila),Arunachal Pradesh,27.26,92.42,2018,5,329.0,258.3,-21.5,62.1,0,HEAVY_MONSOON,25.5,87.7,0.513
MET-AR-WKA-2018-06,AR-WKA,West Kameng (Bomdila),Arunachal Pradesh,27.26,92.42,2018,6,517.0,426.1,-17.6,82.9,0,HEAVY_MONSOON,26.4,99.0,0.539
MET-AR-WKA-2018-07,AR-WKA,West Kameng (Bomdila),Arunachal Pradesh,27.26,92.42,2018,7,517.0,723.6,40.0,259.1,0,SEVERE_MONSOON_BURST,26.9,99.0,0.915
MET-AR-WKA-2018-08,AR-WKA,West Kameng (Bomdila),Arunachal Pradesh,27.26,92.42,2018,8,517.0,637.9,23.4,197.6,1,SEVERE_MONSOON_BURST,28.0,99.0,0.807
MET-AR-WKA-2018-09,AR-WKA,West Kameng (Bomdila),Arunachal Pradesh,27.26,92.42,2018,9,329.0,387.0,17.6,144.4,1,HEAVY_MONSOON,28.1,91.9,0.769
MET-AR-WKA-2018-10,AR-WKA,West Kameng (Bomdila),Arunachal Pradesh,27.26,92.42,2018,10,141.0,195.5,38.7,73.8,0,MODERATE_SHOWERS,25.9,80.5,0.907
MET-AR-WKA-2018-11,AR-WKA,West Kameng (Bomdila),Arunachal Pradesh,27.26,92.42,2018,11,35.2,41.9,19.0,31.8,0,DRY_PERIOD,28.5,73.2,0.712
MET-AR-WKA-2018-12,AR-WKA,West Kameng (Bomdila),Arunachal Pradesh,27.26,92.42,2018,12,35.2,35.6,1.1,22.8,0,DRY_PERIOD,24.0,68.5,0.605
MET-AR-WKA-2019-01,AR-WKA,West Kameng (Bomdila),Arunachal Pradesh,27.26,92.42,2019,1,35.2,73.8,109.7,55.1,0,DRY_PERIOD,22.1,75.0,1.0
MET-AR-WKA-2019-02,AR-WKA,West Kameng (Bomdila),Arunachal Pradesh,27.26,92.42,2019,2,35.2,48.3,37.2,31.0,0,DRY_PERIOD,23.1,71.3,0.821
MET-AR-WKA-2019-03,AR-WKA,West Kameng (Bomdila),Arunachal Pradesh,27.26,92.42,2019,3,35.2,41.9,19.0,26.1,0,DRY_PERIOD,27.5,66.9,0.712
MET-AR-WKA-2019-04,AR-WKA,West Kameng (Bomdila),Arunachal Pradesh,27.26,92.42,2019,4,141.0,210.0,48.9,128.5,1,MODERATE_SHOWERS,28.1,72.0,0.974
MET-AR-WKA-2019-05,AR-WKA,West Kameng (Bomdila),Arunachal Pradesh,27.26,92.42,2019,5,329.0,383.0,16.4,153.3,0,SEVERE_MONSOON_BURST,28.6,91.2,0.761
MET-AR-WKA-2019-06,AR-WKA,West Kameng (Bomdila),Arunachal Pradesh,27.26,92.42,2019,6,517.0,678.0,31.1,257.6,0,SEVERE_MONSOON_BURST,28.8,99.0,0.857
MET-AR-WKA-2019-07,AR-WKA,West Kameng (Bomdila),Arunachal Pradesh,27.26,92.42,2019,7,517.0,706.1,36.6,237.0,0,SEVERE_MONSOON_BURST,27.1,99.0,0.893
MET-AR-WKA-2019-08,AR-WKA,West Kameng (Bomdila),Arunachal Pradesh,27.26,92.42,2019,8,517.0,711.0,37.5,151.8,0,SEVERE_MONSOON_BURST,27.4,99.0,0.899
MET-AR-WKA-2019-09,AR-WKA,West Kameng (Bomdila),Arunachal Pradesh,27.26,92.42,2019,9,329.0,387.8,17.9,127.2,0,HEAVY_MONSOON,26.7,94.9,0.771
MET-AR-WKA-2019-10,AR-WKA,West Kameng (Bomdila),Arunachal Pradesh,27.26,92.42,2019,10,141.0,181.6,28.8,71.5,0,MODERATE_SHOWERS,26.0,76.3,0.842
MET-AR-WKA-2019-11,AR-WKA,West Kameng (Bomdila),Arunachal Pradesh,27.26,92.42,2019,11,35.2,46.9,33.2,34.3,0,DRY_PERIOD,25.8,71.3,0.797
MET-AR-WKA-2019-12,AR-WKA,West Kameng (Bomdila),Arunachal Pradesh,27.26,92.42,2019,12,35.2,30.2,-14.2,16.6,0,DRY_PERIOD,21.2,61.9,0.513
MET-AR-WKA-2020-01,AR-WKA,West Kameng (Bomdila),Arunachal Pradesh,27.26,92.42,2020,1,35.2,53.4,51.7,22.2,0,DRY_PERIOD,23.3,59.8,0.908
MET-AR-WKA-2020-02,AR-WKA,West Kameng (Bomdila),Arunachal Pradesh,27.26,92.42,2020,2,35.2,43.3,23.0,28.9,0,DRY_PERIOD,23.7,61.8,0.736
MET-AR-WKA-2020-03,AR-WKA,West Kameng (Bomdila),Arunachal Pradesh,27.26,92.42,2020,3,35.2,53.2,51.1,22.9,0,DRY_PERIOD,27.6,73.6,0.904
MET-AR-WKA-2020-04,AR-WKA,West Kameng (Bomdila),Arunachal Pradesh,27.26,92.42,2020,4,141.0,129.4,-8.2,97.7,0,MODERATE_SHOWERS,26.5,70.0,0.6
MET-AR-WKA-2020-05,AR-WKA,West Kameng (Bomdila),Arunachal Pradesh,27.26,92.42,2020,5,329.0,230.8,-29.8,51.3,0,MODERATE_SHOWERS,29.0,84.3,0.459
MET-AR-WKA-2020-06,AR-WKA,West Kameng (Bomdila),Arunachal Pradesh,27.26,92.42,2020,6,517.0,449.7,-13.0,178.5,0,SEVERE_MONSOON_BURST,26.0,91.6,0.569
MET-AR-WKA-2020-07,AR-WKA,West Kameng (Bomdila),Arunachal Pradesh,27.26,92.42,2020,7,517.0,704.5,36.3,153.2,0,SEVERE_MONSOON_BURST,25.2,99.0,0.891
MET-AR-WKA-2020-08,AR-WKA,West Kameng (Bomdila),Arunachal Pradesh,27.26,92.42,2020,8,517.0,432.0,-16.4,133.1,0,HEAVY_MONSOON,27.6,89.7,0.546
MET-AR-WKA-2020-09,AR-WKA,West Kameng (Bomdila),Arunachal Pradesh,27.26,92.42,2020,9,329.0,304.3,-7.5,127.1,0,HEAVY_MONSOON,27.6,93.6,0.605
MET-AR-WKA-2020-10,AR-WKA,West Kameng (Bomdila),Arunachal Pradesh,27.26,92.42,2020,10,141.0,172.2,22.1,66.2,0,MODERATE_SHOWERS,25.6,76.8,0.799
MET-AR-WKA-2020-11,AR-WKA,West Kameng (Bomdila),Arunachal Pradesh,27.26,92.42,2020,11,35.2,67.6,92.0,45.5,0,DRY_PERIOD,28.4,65.2,1.0
MET-AR-WKA-2020-12,AR-WKA,West Kameng (Bomdila),Arunachal Pradesh,27.26,92.42,2020,12,35.2,48.7,38.4,26.0,0,DRY_PERIOD,25.0,67.4,0.828
MET-AR-WKA-2021-01,AR-WKA,West Kameng (Bomdila),Arunachal Pradesh,27.26,92.42,2021,1,35.2,38.8,10.2,16.3,0,DRY_PERIOD,21.2,70.4,0.66
MET-AR-WKA-2021-02,AR-WKA,West Kameng (Bomdila),Arunachal Pradesh,27.26,92.42,2021,2,35.2,36.4,3.4,24.5,0,DRY_PERIOD,22.1,68.1,0.619
MET-AR-WKA-2021-03,AR-WKA,West Kameng (Bomdila),Arunachal Pradesh,27.26,92.42,2021,3,35.2,43.8,24.4,19.6,0,DRY_PERIOD,26.2,71.9,0.745
MET-AR-WKA-2021-04,AR-WKA,West Kameng (Bomdila),Arunachal Pradesh,27.26,92.42,2021,4,141.0,157.4,11.6,102.8,0,MODERATE_SHOWERS,26.3,73.9,0.73
MET-AR-WKA-2021-05,AR-WKA,West Kameng (Bomdila),Arunachal Pradesh,27.26,92.42,2021,5,329.0,358.9,9.1,113.7,0,HEAVY_MONSOON,26.2,89.1,0.713
MET-AR-WKA-2021-06,AR-WKA,West Kameng (Bomdila),Arunachal Pradesh,27.26,92.42,2021,6,517.0,420.6,-18.6,99.2,0,HEAVY_MONSOON,28.4,92.4,0.532
MET-AR-WKA-2021-07,AR-WKA,West Kameng (Bomdila),Arunachal Pradesh,27.26,92.42,2021,7,517.0,566.4,9.6,221.3,1,SEVERE_MONSOON_BURST,26.1,99.0,0.716
MET-AR-WKA-2021-08,AR-WKA,West Kameng (Bomdila),Arunachal Pradesh,27.26,92.42,2021,8,517.0,373.4,-27.8,143.4,0,HEAVY_MONSOON,26.5,92.6,0.472
MET-AR-WKA-2021-09,AR-WKA,West Kameng (Bomdila),Arunachal Pradesh,27.26,92.42,2021,9,329.0,362.0,10.0,124.9,1,HEAVY_MONSOON,28.8,94.9,0.719
MET-AR-WKA-2021-10,AR-WKA,West Kameng (Bomdila),Arunachal Pradesh,27.26,92.42,2021,10,141.0,193.1,37.0,48.5,0,MODERATE_SHOWERS,25.5,73.3,0.895
MET-AR-WKA-2021-11,AR-WKA,West Kameng (Bomdila),Arunachal Pradesh,27.26,92.42,2021,11,35.2,59.2,68.2,35.4,0,DRY_PERIOD,25.5,66.5,1.0
MET-AR-WKA-2021-12,AR-WKA,West Kameng (Bomdila),Arunachal Pradesh,27.26,92.42,2021,12,35.2,47.2,34.1,25.8,0,DRY_PERIOD,21.2,71.4,0.802
MET-AR-WKA-2022-01,AR-WKA,West Kameng (Bomdila),Arunachal Pradesh,27.26,92.42,2022,1,35.2,49.8,41.5,25.2,0,DRY_PERIOD,23.3,72.4,0.847
MET-AR-WKA-2022-02,AR-WKA,West Kameng (Bomdila),Arunachal Pradesh,27.26,92.42,2022,2,35.2,25.6,-27.3,18.1,0,DRY_PERIOD,21.2,64.9,0.435
MET-AR-WKA-2022-03,AR-WKA,West Kameng (Bomdila),Arunachal Pradesh,27.26,92.42,2022,3,35.2,50.3,42.9,21.5,0,DRY_PERIOD,26.0,72.5,0.855
MET-AR-WKA-2022-04,AR-WKA,West Kameng (Bomdila),Arunachal Pradesh,27.26,92.42,2022,4,141.0,102.5,-27.3,57.1,0,MODERATE_SHOWERS,27.3,76.7,0.475
MET-AR-WKA-2022-05,AR-WKA,West Kameng (Bomdila),Arunachal Pradesh,27.26,92.42,2022,5,329.0,357.4,8.6,114.1,0,HEAVY_MONSOON,26.9,87.3,0.71
MET-AR-WKA-2022-06,AR-WKA,West Kameng (Bomdila),Arunachal Pradesh,27.26,92.42,2022,6,517.0,581.0,12.4,183.5,0,SEVERE_MONSOON_BURST,25.8,99.0,0.735
MET-AR-WKA-2022-07,AR-WKA,West Kameng (Bomdila),Arunachal Pradesh,27.26,92.42,2022,7,517.0,659.6,27.6,137.4,0,SEVERE_MONSOON_BURST,26.2,99.0,0.834
MET-AR-WKA-2022-08,AR-WKA,West Kameng (Bomdila),Arunachal Pradesh,27.26,92.42,2022,8,517.0,677.7,31.1,228.8,0,SEVERE_MONSOON_BURST,26.1,99.0,0.857
MET-AR-WKA-2022-09,AR-WKA,West Kameng (Bomdila),Arunachal Pradesh,27.26,92.42,2022,9,329.0,241.7,-26.5,98.3,0,MODERATE_SHOWERS,25.5,85.7,0.48
MET-AR-WKA-2022-10,AR-WKA,West Kameng (Bomdila),Arunachal Pradesh,27.26,92.42,2022,10,141.0,149.3,5.9,27.8,0,MODERATE_SHOWERS,25.7,70.4,0.692
MET-AR-WKA-2022-11,AR-WKA,West Kameng (Bomdila),Arunachal Pradesh,27.26,92.42,2022,11,35.2,45.2,28.4,35.5,0,DRY_PERIOD,25.8,70.7,0.768
MET-AR-WKA-2022-12,AR-WKA,West Kameng (Bomdila),Arunachal Pradesh,27.26,92.42,2022,12,35.2,28.4,-19.3,17.1,0,DRY_PERIOD,22.4,57.5,0.483
MET-AR-WKA-2023-01,AR-WKA,West Kameng (Bomdila),Arunachal Pradesh,27.26,92.42,2023,1,35.2,42.9,21.9,22.7,0,DRY_PERIOD,24.1,68.3,0.729
MET-AR-WKA-2023-02,AR-WKA,West Kameng (Bomdila),Arunachal Pradesh,27.26,92.42,2023,2,35.2,33.3,-5.4,25.7,0,DRY_PERIOD,21.4,63.7,0.566
MET-AR-WKA-2023-03,AR-WKA,West Kameng (Bomdila),Arunachal Pradesh,27.26,92.42,2023,3,35.2,54.3,54.3,39.5,0,DRY_PERIOD,27.9,69.8,0.923
MET-AR-WKA-2023-04,AR-WKA,West Kameng (Bomdila),Arunachal Pradesh,27.26,92.42,2023,4,141.0,116.9,-17.1,66.6,0,MODERATE_SHOWERS,25.0,75.6,0.542
MET-AR-WKA-2023-05,AR-WKA,West Kameng (Bomdila),Arunachal Pradesh,27.26,92.42,2023,5,329.0,276.4,-16.0,90.6,0,HEAVY_MONSOON,28.1,78.9,0.549
MET-AR-WKA-2023-06,AR-WKA,West Kameng (Bomdila),Arunachal Pradesh,27.26,92.42,2023,6,517.0,445.0,-13.9,179.3,0,SEVERE_MONSOON_BURST,26.4,99.0,0.563
MET-AR-WKA-2023-07,AR-WKA,West Kameng (Bomdila),Arunachal Pradesh,27.26,92.42,2023,7,517.0,473.5,-8.4,160.9,1,SEVERE_MONSOON_BURST,26.0,99.0,0.599
MET-AR-WKA-2023-08,AR-WKA,West Kameng (Bomdila),Arunachal Pradesh,27.26,92.42,2023,8,517.0,406.0,-21.5,116.2,0,HEAVY_MONSOON,25.9,94.6,0.513
MET-AR-WKA-2023-09,AR-WKA,West Kameng (Bomdila),Arunachal Pradesh,27.26,92.42,2023,9,329.0,362.2,10.1,66.6,0,HEAVY_MONSOON,28.4,91.9,0.72
MET-AR-WKA-2023-10,AR-WKA,West Kameng (Bomdila),Arunachal Pradesh,27.26,92.42,2023,10,141.0,99.3,-29.6,20.5,0,MODERATE_SHOWERS,27.9,68.4,0.46
MET-AR-WKA-2023-11,AR-WKA,West Kameng (Bomdila),Arunachal Pradesh,27.26,92.42,2023,11,35.2,43.2,22.7,23.2,0,DRY_PERIOD,26.4,70.1,0.734
MET-AR-WKA-2023-12,AR-WKA,West Kameng (Bomdila),Arunachal Pradesh,27.26,92.42,2023,12,35.2,63.5,80.4,49.3,0,DRY_PERIOD,24.5,60.3,1.0
MET-AR-WKA-2024-01,AR-WKA,West Kameng (Bomdila),Arunachal Pradesh,27.26,92.42,2024,1,35.2,68.2,93.7,52.4,0,DRY_PERIOD,22.6,70.1,1.0
MET-AR-WKA-2024-02,AR-WKA,West Kameng (Bomdila),Arunachal Pradesh,27.26,92.42,2024,2,35.2,50.3,42.9,30.4,0,DRY_PERIOD,22.5,73.9,0.855
MET-AR-WKA-2024-03,AR-WKA,West Kameng (Bomdila),Arunachal Pradesh,27.26,92.42,2024,3,35.2,25.6,-27.3,18.2,0,DRY_PERIOD,27.4,71.9,0.435
MET-AR-WKA-2024-04,AR-WKA,West Kameng (Bomdila),Arunachal Pradesh,27.26,92.42,2024,4,141.0,189.0,34.0,134.1,1,MODERATE_SHOWERS,28.2,79.1,0.876
MET-AR-WKA-2024-05,AR-WKA,West Kameng (Bomdila),Arunachal Pradesh,27.26,92.42,2024,5,329.0,226.7,-31.1,52.4,0,MODERATE_SHOWERS,28.3,82.0,0.451
MET-AR-WKA-2024-06,AR-WKA,West Kameng (Bomdila),Arunachal Pradesh,27.26,92.42,2024,6,517.0,520.2,0.6,160.6,0,SEVERE_MONSOON_BURST,27.2,99.0,0.658
MET-AR-WKA-2024-07,AR-WKA,West Kameng (Bomdila),Arunachal Pradesh,27.26,92.42,2024,7,517.0,720.2,39.3,151.5,0,SEVERE_MONSOON_BURST,28.5,99.0,0.911
MET-AR-WKA-2024-08,AR-WKA,West Kameng (Bomdila),Arunachal Pradesh,27.26,92.42,2024,8,517.0,485.5,-6.1,216.4,0,SEVERE_MONSOON_BURST,25.0,95.4,0.614
MET-AR-WKA-2024-09,AR-WKA,West Kameng (Bomdila),Arunachal Pradesh,27.26,92.42,2024,9,329.0,356.5,8.4,147.4,0,HEAVY_MONSOON,25.3,92.3,0.708
MET-AR-WKA-2024-10,AR-WKA,West Kameng (Bomdila),Arunachal Pradesh,27.26,92.42,2024,10,141.0,121.2,-14.0,36.9,0,MODERATE_SHOWERS,26.8,76.2,0.562
MET-AR-WKA-2024-11,AR-WKA,West Kameng (Bomdila),Arunachal Pradesh,27.26,92.42,2024,11,35.2,58.6,66.5,24.9,0,DRY_PERIOD,25.5,59.8,0.996
MET-AR-WKA-2024-12,AR-WKA,West Kameng (Bomdila),Arunachal Pradesh,27.26,92.42,2024,12,35.2,43.9,24.7,26.5,0,DRY_PERIOD,22.2,71.7,0.746
MET-AR-WKA-2025-01,AR-WKA,West Kameng (Bomdila),Arunachal Pradesh,27.26,92.42,2025,1,35.2,28.4,-19.3,20.1,0,DRY_PERIOD,21.3,72.0,0.483
MET-AR-WKA-2025-02,AR-WKA,West Kameng (Bomdila),Arunachal Pradesh,27.26,92.42,2025,2,35.2,13.0,-63.1,6.3,0,DRY_PERIOD,22.4,57.7,0.221
MET-AR-WKA-2025-03,AR-WKA,West Kameng (Bomdila),Arunachal Pradesh,27.26,92.42,2025,3,35.2,29.6,-15.9,16.0,0,DRY_PERIOD,26.5,67.9,0.503
MET-AR-WKA-2025-04,AR-WKA,West Kameng (Bomdila),Arunachal Pradesh,27.26,92.42,2025,4,141.0,143.7,1.9,92.5,0,MODERATE_SHOWERS,26.9,73.9,0.666
MET-AR-WKA-2025-05,AR-WKA,West Kameng (Bomdila),Arunachal Pradesh,27.26,92.42,2025,5,329.0,436.8,32.8,140.2,0,HEAVY_MONSOON,28.6,93.6,0.868
MET-AR-WKA-2025-06,AR-WKA,West Kameng (Bomdila),Arunachal Pradesh,27.26,92.42,2025,6,517.0,366.0,-29.2,106.3,0,HEAVY_MONSOON,25.6,85.0,0.463
MET-AR-WKA-2025-07,AR-WKA,West Kameng (Bomdila),Arunachal Pradesh,27.26,92.42,2025,7,517.0,583.1,12.8,246.6,1,SEVERE_MONSOON_BURST,25.2,99.0,0.737
MET-AR-WKA-2025-08,AR-WKA,West Kameng (Bomdila),Arunachal Pradesh,27.26,92.42,2025,8,517.0,660.9,27.8,147.1,1,SEVERE_MONSOON_BURST,27.8,99.0,0.836
MET-AR-WKA-2025-09,AR-WKA,West Kameng (Bomdila),Arunachal Pradesh,27.26,92.42,2025,9,329.0,238.1,-27.6,86.8,0,MODERATE_SHOWERS,27.2,86.0,0.473
MET-AR-WKA-2025-10,AR-WKA,West Kameng (Bomdila),Arunachal Pradesh,27.26,92.42,2025,10,141.0,169.5,20.2,64.3,0,MODERATE_SHOWERS,28.1,81.3,0.786
MET-AR-WKA-2025-11,AR-WKA,West Kameng (Bomdila),Arunachal Pradesh,27.26,92.42,2025,11,35.2,23.6,-33.0,17.5,0,DRY_PERIOD,27.2,64.7,0.401
MET-AR-WKA-2025-12,AR-WKA,West Kameng (Bomdila),Arunachal Pradesh,27.26,92.42,2025,12,35.2,38.0,8.0,27.6,0,DRY_PERIOD,22.7,71.8,0.646
MET-AR-WKA-2026-01,AR-WKA,West Kameng (Bomdila),Arunachal Pradesh,27.26,92.42,2026,1,35.2,47.7,35.5,19.5,0,DRY_PERIOD,23.5,69.1,0.811
MET-AR-WKA-2026-02,AR-WKA,West Kameng (Bomdila),Arunachal Pradesh,27.26,92.42,2026,2,35.2,49.1,39.5,26.8,0,DRY_PERIOD,21.7,69.3,0.835
MET-AR-WKA-2026-03,AR-WKA,West Kameng (Bomdila),Arunachal Pradesh,27.26,92.42,2026,3,35.2,37.7,7.1,23.7,0,DRY_PERIOD,28.0,67.2,0.641
MET-AR-WKA-2026-04,AR-WKA,West Kameng (Bomdila),Arunachal Pradesh,27.26,92.42,2026,4,141.0,152.3,8.0,114.9,0,MODERATE_SHOWERS,27.5,69.9,0.706
MET-AR-WKA-2026-05,AR-WKA,West Kameng (Bomdila),Arunachal Pradesh,27.26,92.42,2026,5,329.0,270.0,-17.9,64.0,0,HEAVY_MONSOON,28.6,77.9,0.537
MET-AR-WKA-2026-06,AR-WKA,West Kameng (Bomdila),Arunachal Pradesh,27.26,92.42,2026,6,517.0,551.8,6.7,219.0,0,SEVERE_MONSOON_BURST,26.7,99.0,0.698
MET-AR-WKA-2026-07,AR-WKA,West Kameng (Bomdila),Arunachal Pradesh,27.26,92.42,2026,7,517.0,580.3,12.2,234.8,1,SEVERE_MONSOON_BURST,27.8,99.0,0.734
MET-AR-WKA-2026-08,AR-WKA,West Kameng (Bomdila),Arunachal Pradesh,27.26,92.42,2026,8,517.0,370.4,-28.4,156.0,0,SEVERE_MONSOON_BURST,26.7,91.0,0.468
MET-AR-WKA-2026-09,AR-WKA,West Kameng (Bomdila),Arunachal Pradesh,27.26,92.42,2026,9,329.0,224.0,-31.9,65.0,0,MODERATE_SHOWERS,25.4,80.8,0.445
MET-AR-WKA-2026-10,AR-WKA,West Kameng (Bomdila),Arunachal Pradesh,27.26,92.42,2026,10,141.0,104.6,-25.8,33.9,0,MODERATE_SHOWERS,26.7,78.2,0.485
MET-AR-WKA-2026-11,AR-WKA,West Kameng (Bomdila),Arunachal Pradesh,27.26,92.42,2026,11,35.2,35.5,0.9,18.5,0,DRY_PERIOD,27.0,63.7,0.603
MET-AR-WKA-2026-12,AR-WKA,West Kameng (Bomdila),Arunachal Pradesh,27.26,92.42,2026,12,35.2,31.0,-11.9,20.0,0,DRY_PERIOD,22.7,67.3,0.527
MET-AR-PAP-2015-01,AR-PAP,Papum Pare (Itanagar),Arunachal Pradesh,27.1,93.62,2015,1,42.0,37.8,-10.0,28.7,0,DRY_PERIOD,21.2,67.3,0.588
MET-AR-PAP-2015-02,AR-PAP,Papum Pare (Itanagar),Arunachal Pradesh,27.1,93.62,2015,2,42.0,38.1,-9.3,17.4,0,DRY_PERIOD,22.9,68.3,0.593
MET-AR-PAP-2015-03,AR-PAP,Papum Pare (Itanagar),Arunachal Pradesh,27.1,93.62,2015,3,42.0,23.7,-43.6,10.4,0,DRY_PERIOD,26.6,59.3,0.369
MET-AR-PAP-2015-04,AR-PAP,Papum Pare (Itanagar),Arunachal Pradesh,27.1,93.62,2015,4,168.0,193.3,15.1,117.3,0,MODERATE_SHOWERS,25.9,81.7,0.752
MET-AR-PAP-2015-05,AR-PAP,Papum Pare (Itanagar),Arunachal Pradesh,27.1,93.62,2015,5,392.0,421.9,7.6,81.7,0,HEAVY_MONSOON,27.4,95.3,0.704
MET-AR-PAP-2015-06,AR-PAP,Papum Pare (Itanagar),Arunachal Pradesh,27.1,93.62,2015,6,616.0,577.7,-6.2,126.3,1,SEVERE_MONSOON_BURST,28.8,99.0,0.613
MET-AR-PAP-2015-07,AR-PAP,Papum Pare (Itanagar),Arunachal Pradesh,27.1,93.62,2015,7,616.0,812.6,31.9,327.1,0,SEVERE_MONSOON_BURST,25.1,99.0,0.863
MET-AR-PAP-2015-08,AR-PAP,Papum Pare (Itanagar),Arunachal Pradesh,27.1,93.62,2015,8,616.0,710.9,15.4,145.3,0,SEVERE_MONSOON_BURST,27.7,99.0,0.755
MET-AR-PAP-2015-09,AR-PAP,Papum Pare (Itanagar),Arunachal Pradesh,27.1,93.62,2015,9,392.0,399.2,1.8,154.8,0,SEVERE_MONSOON_BURST,28.7,93.9,0.666
MET-AR-PAP-2015-10,AR-PAP,Papum Pare (Itanagar),Arunachal Pradesh,27.1,93.62,2015,10,168.0,188.8,12.4,48.5,0,MODERATE_SHOWERS,25.4,73.0,0.735
MET-AR-PAP-2015-11,AR-PAP,Papum Pare (Itanagar),Arunachal Pradesh,27.1,93.62,2015,11,42.0,62.0,47.6,34.1,0,DRY_PERIOD,25.8,67.3,0.965
MET-AR-PAP-2015-12,AR-PAP,Papum Pare (Itanagar),Arunachal Pradesh,27.1,93.62,2015,12,42.0,59.1,40.7,31.0,0,DRY_PERIOD,21.5,70.4,0.92
MET-AR-PAP-2016-01,AR-PAP,Papum Pare (Itanagar),Arunachal Pradesh,27.1,93.62,2016,1,42.0,68.1,62.1,44.3,0,DRY_PERIOD,23.4,69.2,1.0
MET-AR-PAP-2016-02,AR-PAP,Papum Pare (Itanagar),Arunachal Pradesh,27.1,93.62,2016,2,42.0,62.8,49.5,40.3,0,DRY_PERIOD,24.7,69.0,0.978
MET-AR-PAP-2016-03,AR-PAP,Papum Pare (Itanagar),Arunachal Pradesh,27.1,93.62,2016,3,42.0,22.1,-47.4,9.7,0,DRY_PERIOD,26.8,57.0,0.344
MET-AR-PAP-2016-04,AR-PAP,Papum Pare (Itanagar),Arunachal Pradesh,27.1,93.62,2016,4,168.0,150.3,-10.5,108.7,0,MODERATE_SHOWERS,25.7,77.8,0.585
MET-AR-PAP-2016-05,AR-PAP,Papum Pare (Itanagar),Arunachal Pradesh,27.1,93.62,2016,5,392.0,554.0,41.3,120.1,1,SEVERE_MONSOON_BURST,28.9,99.0,0.924
MET-AR-PAP-2016-06,AR-PAP,Papum Pare (Itanagar),Arunachal Pradesh,27.1,93.62,2016,6,616.0,589.0,-4.4,142.0,1,SEVERE_MONSOON_BURST,28.3,99.0,0.625
MET-AR-PAP-2016-07,AR-PAP,Papum Pare (Itanagar),Arunachal Pradesh,27.1,93.62,2016,7,616.0,681.8,10.7,259.2,0,SEVERE_MONSOON_BURST,27.7,99.0,0.724
MET-AR-PAP-2016-08,AR-PAP,Papum Pare (Itanagar),Arunachal Pradesh,27.1,93.62,2016,8,616.0,531.0,-13.8,237.4,0,SEVERE_MONSOON_BURST,27.9,99.0,0.564
MET-AR-PAP-2016-09,AR-PAP,Papum Pare (Itanagar),Arunachal Pradesh,27.1,93.62,2016,9,392.0,314.8,-19.7,81.5,0,HEAVY_MONSOON,26.0,93.7,0.525
MET-AR-PAP-2016-10,AR-PAP,Papum Pare (Itanagar),Arunachal Pradesh,27.1,93.62,2016,10,168.0,255.1,51.8,68.0,0,HEAVY_MONSOON,27.4,83.2,0.993
MET-AR-PAP-2016-11,AR-PAP,Papum Pare (Itanagar),Arunachal Pradesh,27.1,93.62,2016,11,42.0,23.0,-45.2,17.0,0,DRY_PERIOD,27.0,61.5,0.358
MET-AR-PAP-2016-12,AR-PAP,Papum Pare (Itanagar),Arunachal Pradesh,27.1,93.62,2016,12,42.0,55.2,31.4,43.2,0,DRY_PERIOD,21.7,63.7,0.859
MET-AR-PAP-2017-01,AR-PAP,Papum Pare (Itanagar),Arunachal Pradesh,27.1,93.62,2017,1,42.0,60.9,45.0,27.0,0,DRY_PERIOD,22.1,65.8,0.948
MET-AR-PAP-2017-02,AR-PAP,Papum Pare (Itanagar),Arunachal Pradesh,27.1,93.62,2017,2,42.0,63.5,51.2,44.7,0,DRY_PERIOD,22.6,74.8,0.989
MET-AR-PAP-2017-03,AR-PAP,Papum Pare (Itanagar),Arunachal Pradesh,27.1,93.62,2017,3,42.0,27.3,-35.0,15.5,0,DRY_PERIOD,28.6,71.2,0.425
MET-AR-PAP-2017-04,AR-PAP,Papum Pare (Itanagar),Arunachal Pradesh,27.1,93.62,2017,4,168.0,240.2,43.0,117.5,0,MODERATE_SHOWERS,26.5,79.3,0.935
MET-AR-PAP-2017-05,AR-PAP,Papum Pare (Itanagar),Arunachal Pradesh,27.1,93.62,2017,5,392.0,402.9,2.8,130.0,0,HEAVY_MONSOON,28.4,90.0,0.672
MET-AR-PAP-2017-06,AR-PAP,Papum Pare (Itanagar),Arunachal Pradesh,27.1,93.62,2017,6,616.0,861.3,39.8,189.2,0,SEVERE_MONSOON_BURST,25.9,99.0,0.914
MET-AR-PAP-2017-07,AR-PAP,Papum Pare (Itanagar),Arunachal Pradesh,27.1,93.62,2017,7,616.0,664.3,7.8,179.1,0,SEVERE_MONSOON_BURST,25.6,99.0,0.705
MET-AR-PAP-2017-08,AR-PAP,Papum Pare (Itanagar),Arunachal Pradesh,27.1,93.62,2017,8,616.0,550.8,-10.6,136.8,0,SEVERE_MONSOON_BURST,28.6,99.0,0.585
MET-AR-PAP-2017-09,AR-PAP,Papum Pare (Itanagar),Arunachal Pradesh,27.1,93.62,2017,9,392.0,566.1,44.4,105.0,0,SEVERE_MONSOON_BURST,27.2,99.0,0.944
MET-AR-PAP-2017-10,AR-PAP,Papum Pare (Itanagar),Arunachal Pradesh,27.1,93.62,2017,10,168.0,222.7,32.6,62.6,0,MODERATE_SHOWERS,28.2,73.7,0.867
MET-AR-PAP-2017-11,AR-PAP,Papum Pare (Itanagar),Arunachal Pradesh,27.1,93.62,2017,11,42.0,47.4,12.9,27.6,0,DRY_PERIOD,27.8,71.1,0.738
MET-AR-PAP-2017-12,AR-PAP,Papum Pare (Itanagar),Arunachal Pradesh,27.1,93.62,2017,12,42.0,57.3,36.4,40.9,0,DRY_PERIOD,23.8,66.8,0.892
MET-AR-PAP-2018-01,AR-PAP,Papum Pare (Itanagar),Arunachal Pradesh,27.1,93.62,2018,1,42.0,64.3,53.1,49.7,0,DRY_PERIOD,23.2,64.7,1.0
MET-AR-PAP-2018-02,AR-PAP,Papum Pare (Itanagar),Arunachal Pradesh,27.1,93.62,2018,2,42.0,82.2,95.7,46.6,0,MODERATE_SHOWERS,24.4,62.7,1.0
MET-AR-PAP-2018-03,AR-PAP,Papum Pare (Itanagar),Arunachal Pradesh,27.1,93.62,2018,3,42.0,55.1,31.2,39.1,0,DRY_PERIOD,25.8,73.6,0.858
MET-AR-PAP-2018-04,AR-PAP,Papum Pare (Itanagar),Arunachal Pradesh,27.1,93.62,2018,4,168.0,167.3,-0.4,87.2,0,MODERATE_SHOWERS,25.0,77.5,0.651
MET-AR-PAP-2018-05,AR-PAP,Papum Pare (Itanagar),Arunachal Pradesh,27.1,93.62,2018,5,392.0,395.5,0.9,158.1,1,SEVERE_MONSOON_BURST,26.1,89.7,0.66
MET-AR-PAP-2018-06,AR-PAP,Papum Pare (Itanagar),Arunachal Pradesh,27.1,93.62,2018,6,616.0,668.7,8.6,264.4,0,SEVERE_MONSOON_BURST,25.1,99.0,0.71
MET-AR-PAP-2018-07,AR-PAP,Papum Pare (Itanagar),Arunachal Pradesh,27.1,93.62,2018,7,616.0,743.2,20.6,279.9,1,SEVERE_MONSOON_BURST,26.1,99.0,0.789
MET-AR-PAP-2018-08,AR-PAP,Papum Pare (Itanagar),Arunachal Pradesh,27.1,93.62,2018,8,616.0,464.5,-24.6,168.3,0,SEVERE_MONSOON_BURST,25.4,97.1,0.493
MET-AR-PAP-2018-09,AR-PAP,Papum Pare (Itanagar),Arunachal Pradesh,27.1,93.62,2018,9,392.0,465.5,18.8,97.6,0,HEAVY_MONSOON,27.6,95.7,0.776
MET-AR-PAP-2018-10,AR-PAP,Papum Pare (Itanagar),Arunachal Pradesh,27.1,93.62,2018,10,168.0,187.6,11.7,53.1,0,MODERATE_SHOWERS,27.6,72.1,0.73
MET-AR-PAP-2018-11,AR-PAP,Papum Pare (Itanagar),Arunachal Pradesh,27.1,93.62,2018,11,42.0,51.3,22.1,28.0,0,DRY_PERIOD,28.2,66.3,0.799
MET-AR-PAP-2018-12,AR-PAP,Papum Pare (Itanagar),Arunachal Pradesh,27.1,93.62,2018,12,42.0,37.4,-11.0,23.4,0,DRY_PERIOD,24.8,67.1,0.582
MET-AR-PAP-2019-01,AR-PAP,Papum Pare (Itanagar),Arunachal Pradesh,27.1,93.62,2019,1,42.0,47.4,12.9,30.7,0,DRY_PERIOD,21.9,71.4,0.738
MET-AR-PAP-2019-02,AR-PAP,Papum Pare (Itanagar),Arunachal Pradesh,27.1,93.62,2019,2,42.0,34.5,-17.9,26.4,0,DRY_PERIOD,22.9,69.9,0.537
MET-AR-PAP-2019-03,AR-PAP,Papum Pare (Itanagar),Arunachal Pradesh,27.1,93.62,2019,3,42.0,48.6,15.7,26.3,0,DRY_PERIOD,28.2,59.5,0.757
MET-AR-PAP-2019-04,AR-PAP,Papum Pare (Itanagar),Arunachal Pradesh,27.1,93.62,2019,4,168.0,144.1,-14.2,64.6,0,MODERATE_SHOWERS,28.0,67.4,0.561
MET-AR-PAP-2019-05,AR-PAP,Papum Pare (Itanagar),Arunachal Pradesh,27.1,93.62,2019,5,392.0,489.4,24.8,171.5,0,SEVERE_MONSOON_BURST,28.6,97.4,0.816
MET-AR-PAP-2019-06,AR-PAP,Papum Pare (Itanagar),Arunachal Pradesh,27.1,93.62,2019,6,616.0,715.4,16.1,200.8,0,SEVERE_MONSOON_BURST,29.0,99.0,0.759
MET-AR-PAP-2019-07,AR-PAP,Papum Pare (Itanagar),Arunachal Pradesh,27.1,93.62,2019,7,616.0,443.0,-28.1,149.5,0,HEAVY_MONSOON,25.2,96.8,0.47
MET-AR-PAP-2019-08,AR-PAP,Papum Pare (Itanagar),Arunachal Pradesh,27.1,93.62,2019,8,616.0,889.0,44.3,284.5,0,SEVERE_MONSOON_BURST,26.4,99.0,0.944
MET-AR-PAP-2019-09,AR-PAP,Papum Pare (Itanagar),Arunachal Pradesh,27.1,93.62,2019,9,392.0,537.4,37.1,180.9,1,SEVERE_MONSOON_BURST,26.9,99.0,0.896
MET-AR-PAP-2019-10,AR-PAP,Papum Pare (Itanagar),Arunachal Pradesh,27.1,93.62,2019,10,168.0,129.5,-22.9,43.4,0,MODERATE_SHOWERS,28.4,78.2,0.504
MET-AR-PAP-2019-11,AR-PAP,Papum Pare (Itanagar),Arunachal Pradesh,27.1,93.62,2019,11,42.0,46.6,11.0,23.2,0,DRY_PERIOD,26.0,73.5,0.725
MET-AR-PAP-2019-12,AR-PAP,Papum Pare (Itanagar),Arunachal Pradesh,27.1,93.62,2019,12,42.0,65.0,54.8,44.0,0,DRY_PERIOD,21.8,62.1,1.0
MET-AR-PAP-2020-01,AR-PAP,Papum Pare (Itanagar),Arunachal Pradesh,27.1,93.62,2020,1,42.0,53.0,26.2,32.3,0,DRY_PERIOD,23.4,68.2,0.825
MET-AR-PAP-2020-02,AR-PAP,Papum Pare (Itanagar),Arunachal Pradesh,27.1,93.62,2020,2,42.0,40.3,-4.0,20.5,0,DRY_PERIOD,23.9,61.9,0.627
MET-AR-PAP-2020-03,AR-PAP,Papum Pare (Itanagar),Arunachal Pradesh,27.1,93.62,2020,3,42.0,40.2,-4.3,26.4,0,DRY_PERIOD,27.9,61.6,0.626
MET-AR-PAP-2020-04,AR-PAP,Papum Pare (Itanagar),Arunachal Pradesh,27.1,93.62,2020,4,168.0,130.1,-22.6,83.1,0,MODERATE_SHOWERS,28.6,78.3,0.506
MET-AR-PAP-2020-05,AR-PAP,Papum Pare (Itanagar),Arunachal Pradesh,27.1,93.62,2020,5,392.0,454.2,15.9,201.9,0,SEVERE_MONSOON_BURST,25.5,95.8,0.758
MET-AR-PAP-2020-06,AR-PAP,Papum Pare (Itanagar),Arunachal Pradesh,27.1,93.62,2020,6,616.0,719.4,16.8,141.5,0,SEVERE_MONSOON_BURST,28.0,99.0,0.764
MET-AR-PAP-2020-07,AR-PAP,Papum Pare (Itanagar),Arunachal Pradesh,27.1,93.62,2020,7,616.0,604.1,-1.9,261.8,0,SEVERE_MONSOON_BURST,27.2,99.0,0.641
MET-AR-PAP-2020-08,AR-PAP,Papum Pare (Itanagar),Arunachal Pradesh,27.1,93.62,2020,8,616.0,874.7,42.0,256.2,0,SEVERE_MONSOON_BURST,26.3,99.0,0.928
MET-AR-PAP-2020-09,AR-PAP,Papum Pare (Itanagar),Arunachal Pradesh,27.1,93.62,2020,9,392.0,511.0,30.4,108.6,0,SEVERE_MONSOON_BURST,25.8,97.1,0.852
MET-AR-PAP-2020-10,AR-PAP,Papum Pare (Itanagar),Arunachal Pradesh,27.1,93.62,2020,10,168.0,111.0,-33.9,26.6,0,MODERATE_SHOWERS,28.9,74.6,0.432
MET-AR-PAP-2020-11,AR-PAP,Papum Pare (Itanagar),Arunachal Pradesh,27.1,93.62,2020,11,42.0,55.2,31.4,28.1,0,DRY_PERIOD,28.6,73.1,0.859
MET-AR-PAP-2020-12,AR-PAP,Papum Pare (Itanagar),Arunachal Pradesh,27.1,93.62,2020,12,42.0,43.8,4.3,26.6,0,DRY_PERIOD,23.1,73.4,0.682
MET-AR-PAP-2021-01,AR-PAP,Papum Pare (Itanagar),Arunachal Pradesh,27.1,93.62,2021,1,42.0,70.5,67.9,46.6,0,DRY_PERIOD,21.9,67.4,1.0
MET-AR-PAP-2021-02,AR-PAP,Papum Pare (Itanagar),Arunachal Pradesh,27.1,93.62,2021,2,42.0,31.4,-25.2,12.8,0,DRY_PERIOD,21.2,71.3,0.489
MET-AR-PAP-2021-03,AR-PAP,Papum Pare (Itanagar),Arunachal Pradesh,27.1,93.62,2021,3,42.0,40.8,-2.9,24.8,0,DRY_PERIOD,26.7,59.5,0.635
MET-AR-PAP-2021-04,AR-PAP,Papum Pare (Itanagar),Arunachal Pradesh,27.1,93.62,2021,4,168.0,144.1,-14.2,111.4,0,MODERATE_SHOWERS,28.1,71.5,0.561
MET-AR-PAP-2021-05,AR-PAP,Papum Pare (Itanagar),Arunachal Pradesh,27.1,93.62,2021,5,392.0,361.7,-7.7,149.5,0,HEAVY_MONSOON,28.1,84.6,0.603
MET-AR-PAP-2021-06,AR-PAP,Papum Pare (Itanagar),Arunachal Pradesh,27.1,93.62,2021,6,616.0,874.1,41.9,233.7,0,SEVERE_MONSOON_BURST,26.2,99.0,0.928
MET-AR-PAP-2021-07,AR-PAP,Papum Pare (Itanagar),Arunachal Pradesh,27.1,93.62,2021,7,616.0,495.3,-19.6,176.5,1,SEVERE_MONSOON_BURST,28.7,98.3,0.526
MET-AR-PAP-2021-08,AR-PAP,Papum Pare (Itanagar),Arunachal Pradesh,27.1,93.62,2021,8,616.0,550.3,-10.7,153.5,1,SEVERE_MONSOON_BURST,28.9,99.0,0.584
MET-AR-PAP-2021-09,AR-PAP,Papum Pare (Itanagar),Arunachal Pradesh,27.1,93.62,2021,9,392.0,528.0,34.7,223.7,1,SEVERE_MONSOON_BURST,27.0,97.4,0.881
MET-AR-PAP-2021-10,AR-PAP,Papum Pare (Itanagar),Arunachal Pradesh,27.1,93.62,2021,10,168.0,255.8,52.3,97.5,0,HEAVY_MONSOON,26.2,82.2,0.996
MET-AR-PAP-2021-11,AR-PAP,Papum Pare (Itanagar),Arunachal Pradesh,27.1,93.62,2021,11,42.0,46.8,11.4,21.2,0,DRY_PERIOD,28.4,71.8,0.729
MET-AR-PAP-2021-12,AR-PAP,Papum Pare (Itanagar),Arunachal Pradesh,27.1,93.62,2021,12,42.0,47.0,11.9,27.6,0,DRY_PERIOD,23.6,63.1,0.732
MET-AR-PAP-2022-01,AR-PAP,Papum Pare (Itanagar),Arunachal Pradesh,27.1,93.62,2022,1,42.0,53.5,27.4,33.9,0,DRY_PERIOD,24.7,66.4,0.833
MET-AR-PAP-2022-02,AR-PAP,Papum Pare (Itanagar),Arunachal Pradesh,27.1,93.62,2022,2,42.0,51.7,23.1,23.8,0,DRY_PERIOD,21.6,67.2,0.805
MET-AR-PAP-2022-03,AR-PAP,Papum Pare (Itanagar),Arunachal Pradesh,27.1,93.62,2022,3,42.0,33.0,-21.4,25.0,0,DRY_PERIOD,25.8,67.1,0.514
MET-AR-PAP-2022-04,AR-PAP,Papum Pare (Itanagar),Arunachal Pradesh,27.1,93.62,2022,4,168.0,136.8,-18.6,98.9,0,MODERATE_SHOWERS,27.9,79.5,0.532
MET-AR-PAP-2022-05,AR-PAP,Papum Pare (Itanagar),Arunachal Pradesh,27.1,93.62,2022,5,392.0,287.7,-26.6,70.8,0,HEAVY_MONSOON,28.0,82.2,0.48
MET-AR-PAP-2022-06,AR-PAP,Papum Pare (Itanagar),Arunachal Pradesh,27.1,93.62,2022,6,616.0,685.8,11.3,288.1,1,SEVERE_MONSOON_BURST,26.5,99.0,0.728
MET-AR-PAP-2022-07,AR-PAP,Papum Pare (Itanagar),Arunachal Pradesh,27.1,93.62,2022,7,616.0,677.8,10.0,127.2,0,SEVERE_MONSOON_BURST,26.8,99.0,0.719
MET-AR-PAP-2022-08,AR-PAP,Papum Pare (Itanagar),Arunachal Pradesh,27.1,93.62,2022,8,616.0,702.7,14.1,216.6,0,SEVERE_MONSOON_BURST,28.4,99.0,0.746
MET-AR-PAP-2022-09,AR-PAP,Papum Pare (Itanagar),Arunachal Pradesh,27.1,93.62,2022,9,392.0,280.4,-28.5,93.6,0,HEAVY_MONSOON,28.8,90.7,0.468
MET-AR-PAP-2022-10,AR-PAP,Papum Pare (Itanagar),Arunachal Pradesh,27.1,93.62,2022,10,168.0,229.3,36.5,75.7,0,MODERATE_SHOWERS,27.4,81.2,0.892
MET-AR-PAP-2022-11,AR-PAP,Papum Pare (Itanagar),Arunachal Pradesh,27.1,93.62,2022,11,42.0,48.9,16.4,22.7,0,DRY_PERIOD,26.7,59.8,0.761
MET-AR-PAP-2022-12,AR-PAP,Papum Pare (Itanagar),Arunachal Pradesh,27.1,93.62,2022,12,42.0,53.9,28.3,41.0,0,DRY_PERIOD,23.4,72.0,0.839
MET-AR-PAP-2023-01,AR-PAP,Papum Pare (Itanagar),Arunachal Pradesh,27.1,93.62,2023,1,42.0,72.7,73.1,30.6,0,DRY_PERIOD,22.7,74.4,1.0
MET-AR-PAP-2023-02,AR-PAP,Papum Pare (Itanagar),Arunachal Pradesh,27.1,93.62,2023,2,42.0,45.2,7.6,30.4,0,DRY_PERIOD,21.6,61.8,0.704
MET-AR-PAP-2023-03,AR-PAP,Papum Pare (Itanagar),Arunachal Pradesh,27.1,93.62,2023,3,42.0,51.9,23.6,33.1,0,DRY_PERIOD,27.6,65.3,0.808
MET-AR-PAP-2023-04,AR-PAP,Papum Pare (Itanagar),Arunachal Pradesh,27.1,93.62,2023,4,168.0,243.1,44.7,114.0,0,MODERATE_SHOWERS,26.2,85.1,0.946
MET-AR-PAP-2023-05,AR-PAP,Papum Pare (Itanagar),Arunachal Pradesh,27.1,93.62,2023,5,392.0,256.3,-34.6,101.6,0,HEAVY_MONSOON,26.9,82.6,0.428
MET-AR-PAP-2023-06,AR-PAP,Papum Pare (Itanagar),Arunachal Pradesh,27.1,93.62,2023,6,616.0,687.7,11.6,216.8,0,SEVERE_MONSOON_BURST,25.6,99.0,0.73
MET-AR-PAP-2023-07,AR-PAP,Papum Pare (Itanagar),Arunachal Pradesh,27.1,93.62,2023,7,616.0,581.2,-5.6,114.9,0,SEVERE_MONSOON_BURST,25.6,99.0,0.617
MET-AR-PAP-2023-08,AR-PAP,Papum Pare (Itanagar),Arunachal Pradesh,27.1,93.62,2023,8,616.0,769.3,24.9,332.8,0,SEVERE_MONSOON_BURST,27.3,99.0,0.817
MET-AR-PAP-2023-09,AR-PAP,Papum Pare (Itanagar),Arunachal Pradesh,27.1,93.62,2023,9,392.0,411.0,4.8,177.7,1,SEVERE_MONSOON_BURST,26.8,98.0,0.686
MET-AR-PAP-2023-10,AR-PAP,Papum Pare (Itanagar),Arunachal Pradesh,27.1,93.62,2023,10,168.0,149.5,-11.0,55.2,0,MODERATE_SHOWERS,25.4,76.0,0.582
MET-AR-PAP-2023-11,AR-PAP,Papum Pare (Itanagar),Arunachal Pradesh,27.1,93.62,2023,11,42.0,42.1,0.2,21.9,0,DRY_PERIOD,28.1,66.7,0.655
MET-AR-PAP-2023-12,AR-PAP,Papum Pare (Itanagar),Arunachal Pradesh,27.1,93.62,2023,12,42.0,28.3,-32.6,19.6,0,DRY_PERIOD,23.9,61.4,0.441
MET-AR-PAP-2024-01,AR-PAP,Papum Pare (Itanagar),Arunachal Pradesh,27.1,93.62,2024,1,42.0,82.9,97.4,34.1,0,MODERATE_SHOWERS,23.5,62.2,1.0
MET-AR-PAP-2024-02,AR-PAP,Papum Pare (Itanagar),Arunachal Pradesh,27.1,93.62,2024,2,42.0,29.1,-30.7,15.0,0,DRY_PERIOD,22.5,63.6,0.453
MET-AR-PAP-2024-03,AR-PAP,Papum Pare (Itanagar),Arunachal Pradesh,27.1,93.62,2024,3,42.0,84.0,100.0,53.4,0,MODERATE_SHOWERS,27.7,73.3,1.0
MET-AR-PAP-2024-04,AR-PAP,Papum Pare (Itanagar),Arunachal Pradesh,27.1,93.62,2024,4,168.0,221.6,31.9,172.4,1,SEVERE_MONSOON_BURST,25.6,75.3,0.862
MET-AR-PAP-2024-05,AR-PAP,Papum Pare (Itanagar),Arunachal Pradesh,27.1,93.62,2024,5,392.0,357.2,-8.9,95.9,0,HEAVY_MONSOON,27.5,94.3,0.596
MET-AR-PAP-2024-06,AR-PAP,Papum Pare (Itanagar),Arunachal Pradesh,27.1,93.62,2024,6,616.0,639.0,3.7,207.1,0,SEVERE_MONSOON_BURST,26.8,99.0,0.678
MET-AR-PAP-2024-07,AR-PAP,Papum Pare (Itanagar),Arunachal Pradesh,27.1,93.62,2024,7,616.0,653.2,6.0,157.3,1,SEVERE_MONSOON_BURST,25.5,99.0,0.693
MET-AR-PAP-2024-08,AR-PAP,Papum Pare (Itanagar),Arunachal Pradesh,27.1,93.62,2024,8,616.0,682.7,10.8,177.4,0,SEVERE_MONSOON_BURST,25.4,99.0,0.725
MET-AR-PAP-2024-09,AR-PAP,Papum Pare (Itanagar),Arunachal Pradesh,27.1,93.62,2024,9,392.0,527.8,34.6,232.5,0,SEVERE_MONSOON_BURST,25.5,99.0,0.88
MET-AR-PAP-2024-10,AR-PAP,Papum Pare (Itanagar),Arunachal Pradesh,27.1,93.62,2024,10,168.0,222.2,32.3,66.4,0,MODERATE_SHOWERS,27.7,81.8,0.865
MET-AR-PAP-2024-11,AR-PAP,Papum Pare (Itanagar),Arunachal Pradesh,27.1,93.62,2024,11,42.0,60.6,44.3,36.9,0,DRY_PERIOD,25.8,63.3,0.943
MET-AR-PAP-2024-12,AR-PAP,Papum Pare (Itanagar),Arunachal Pradesh,27.1,93.62,2024,12,42.0,48.2,14.8,36.8,0,DRY_PERIOD,23.7,65.0,0.75
MET-AR-PAP-2025-01,AR-PAP,Papum Pare (Itanagar),Arunachal Pradesh,27.1,93.62,2025,1,42.0,44.7,6.4,32.9,0,DRY_PERIOD,24.5,73.0,0.696
MET-AR-PAP-2025-02,AR-PAP,Papum Pare (Itanagar),Arunachal Pradesh,27.1,93.62,2025,2,42.0,37.5,-10.7,18.0,0,DRY_PERIOD,24.0,70.5,0.584
MET-AR-PAP-2025-03,AR-PAP,Papum Pare (Itanagar),Arunachal Pradesh,27.1,93.62,2025,3,42.0,44.4,5.7,26.6,0,DRY_PERIOD,25.8,60.1,0.691
MET-AR-PAP-2025-04,AR-PAP,Papum Pare (Itanagar),Arunachal Pradesh,27.1,93.62,2025,4,168.0,122.2,-27.3,68.5,0,MODERATE_SHOWERS,26.4,78.4,0.476
MET-AR-PAP-2025-05,AR-PAP,Papum Pare (Itanagar),Arunachal Pradesh,27.1,93.62,2025,5,392.0,289.0,-26.3,71.4,0,HEAVY_MONSOON,26.4,84.1,0.482
MET-AR-PAP-2025-06,AR-PAP,Papum Pare (Itanagar),Arunachal Pradesh,27.1,93.62,2025,6,616.0,769.9,25.0,166.7,0,SEVERE_MONSOON_BURST,25.3,99.0,0.817
MET-AR-PAP-2025-07,AR-PAP,Papum Pare (Itanagar),Arunachal Pradesh,27.1,93.62,2025,7,616.0,871.4,41.5,365.0,0,SEVERE_MONSOON_BURST,25.9,99.0,0.925
MET-AR-PAP-2025-08,AR-PAP,Papum Pare (Itanagar),Arunachal Pradesh,27.1,93.62,2025,8,616.0,518.3,-15.9,132.2,1,SEVERE_MONSOON_BURST,28.1,99.0,0.55
MET-AR-PAP-2025-09,AR-PAP,Papum Pare (Itanagar),Arunachal Pradesh,27.1,93.62,2025,9,392.0,262.6,-33.0,77.1,0,HEAVY_MONSOON,27.3,83.6,0.438
MET-AR-PAP-2025-10,AR-PAP,Papum Pare (Itanagar),Arunachal Pradesh,27.1,93.62,2025,10,168.0,236.1,40.5,64.7,0,MODERATE_SHOWERS,27.5,85.3,0.919
MET-AR-PAP-2025-11,AR-PAP,Papum Pare (Itanagar),Arunachal Pradesh,27.1,93.62,2025,11,42.0,49.5,17.9,29.5,0,DRY_PERIOD,27.4,66.8,0.771
MET-AR-PAP-2025-12,AR-PAP,Papum Pare (Itanagar),Arunachal Pradesh,27.1,93.62,2025,12,42.0,58.8,40.0,41.3,0,DRY_PERIOD,24.8,68.3,0.915
MET-AR-PAP-2026-01,AR-PAP,Papum Pare (Itanagar),Arunachal Pradesh,27.1,93.62,2026,1,42.0,44.6,6.2,20.8,0,DRY_PERIOD,21.2,71.2,0.694
MET-AR-PAP-2026-02,AR-PAP,Papum Pare (Itanagar),Arunachal Pradesh,27.1,93.62,2026,2,42.0,53.8,28.1,33.3,0,DRY_PERIOD,21.5,71.3,0.838
MET-AR-PAP-2026-03,AR-PAP,Papum Pare (Itanagar),Arunachal Pradesh,27.1,93.62,2026,3,42.0,48.0,14.3,23.9,0,DRY_PERIOD,25.4,73.1,0.747
MET-AR-PAP-2026-04,AR-PAP,Papum Pare (Itanagar),Arunachal Pradesh,27.1,93.62,2026,4,168.0,259.3,54.3,167.0,0,SEVERE_MONSOON_BURST,26.6,77.6,1.0
MET-AR-PAP-2026-05,AR-PAP,Papum Pare (Itanagar),Arunachal Pradesh,27.1,93.62,2026,5,392.0,485.2,23.8,182.7,0,SEVERE_MONSOON_BURST,28.2,99.0,0.809
MET-AR-PAP-2026-06,AR-PAP,Papum Pare (Itanagar),Arunachal Pradesh,27.1,93.62,2026,6,616.0,727.4,18.1,186.9,0,SEVERE_MONSOON_BURST,26.2,99.0,0.772
MET-AR-PAP-2026-07,AR-PAP,Papum Pare (Itanagar),Arunachal Pradesh,27.1,93.62,2026,7,616.0,503.8,-18.2,204.6,0,SEVERE_MONSOON_BURST,25.1,95.4,0.535
MET-AR-PAP-2026-08,AR-PAP,Papum Pare (Itanagar),Arunachal Pradesh,27.1,93.62,2026,8,616.0,631.8,2.6,195.1,1,SEVERE_MONSOON_BURST,26.6,99.0,0.671
MET-AR-PAP-2026-09,AR-PAP,Papum Pare (Itanagar),Arunachal Pradesh,27.1,93.62,2026,9,392.0,384.6,-1.9,97.6,0,HEAVY_MONSOON,26.1,99.0,0.642
MET-AR-PAP-2026-10,AR-PAP,Papum Pare (Itanagar),Arunachal Pradesh,27.1,93.62,2026,10,168.0,171.6,2.1,48.9,0,MODERATE_SHOWERS,27.5,79.6,0.668
MET-AR-PAP-2026-11,AR-PAP,Papum Pare (Itanagar),Arunachal Pradesh,27.1,93.62,2026,11,42.0,51.4,22.4,35.7,0,DRY_PERIOD,25.3,61.6,0.8
MET-AR-PAP-2026-12,AR-PAP,Papum Pare (Itanagar),Arunachal Pradesh,27.1,93.62,2026,12,42.0,48.1,14.5,27.2,0,DRY_PERIOD,23.8,65.5,0.749
MET-SK-GAN-2015-01,SK-GAN,East Sikkim (Gangtok),Sikkim,27.33,88.61,2015,1,52.5,76.4,45.5,32.6,0,DRY_PERIOD,23.3,71.9,0.952
MET-SK-GAN-2015-02,SK-GAN,East Sikkim (Gangtok),Sikkim,27.33,88.61,2015,2,52.5,44.9,-14.5,27.6,0,DRY_PERIOD,23.2,68.4,0.559
MET-SK-GAN-2015-03,SK-GAN,East Sikkim (Gangtok),Sikkim,27.33,88.61,2015,3,52.5,73.0,39.0,57.3,0,DRY_PERIOD,28.6,62.8,0.909
MET-SK-GAN-2015-04,SK-GAN,East Sikkim (Gangtok),Sikkim,27.33,88.61,2015,4,210.0,257.2,22.5,202.7,0,SEVERE_MONSOON_BURST,25.2,83.2,0.801
MET-SK-GAN-2015-05,SK-GAN,East Sikkim (Gangtok),Sikkim,27.33,88.61,2015,5,490.0,337.4,-31.1,113.1,0,HEAVY_MONSOON,27.4,89.4,0.45
MET-SK-GAN-2015-06,SK-GAN,East Sikkim (Gangtok),Sikkim,27.33,88.61,2015,6,770.0,783.1,1.7,169.6,0,SEVERE_MONSOON_BURST,25.7,99.0,0.665
MET-SK-GAN-2015-07,SK-GAN,East Sikkim (Gangtok),Sikkim,27.33,88.61,2015,7,770.0,1133.8,47.2,332.2,0,SEVERE_MONSOON_BURST,25.5,99.0,0.963
MET-SK-GAN-2015-08,SK-GAN,East Sikkim (Gangtok),Sikkim,27.33,88.61,2015,8,770.0,772.6,0.3,234.7,1,SEVERE_MONSOON_BURST,25.9,99.0,0.656
MET-SK-GAN-2015-09,SK-GAN,East Sikkim (Gangtok),Sikkim,27.33,88.61,2015,9,490.0,478.6,-2.3,193.5,0,SEVERE_MONSOON_BURST,28.9,99.0,0.639
MET-SK-GAN-2015-10,SK-GAN,East Sikkim (Gangtok),Sikkim,27.33,88.61,2015,10,210.0,271.8,29.4,106.5,0,HEAVY_MONSOON,26.8,85.4,0.846
MET-SK-GAN-2015-11,SK-GAN,East Sikkim (Gangtok),Sikkim,27.33,88.61,2015,11,52.5,46.2,-12.0,25.1,0,DRY_PERIOD,27.4,71.2,0.575
MET-SK-GAN-2015-12,SK-GAN,East Sikkim (Gangtok),Sikkim,27.33,88.61,2015,12,52.5,75.4,43.6,59.9,0,DRY_PERIOD,21.1,73.6,0.939
MET-SK-GAN-2016-01,SK-GAN,East Sikkim (Gangtok),Sikkim,27.33,88.61,2016,1,52.5,65.6,25.0,43.2,0,DRY_PERIOD,23.7,65.3,0.817
MET-SK-GAN-2016-02,SK-GAN,East Sikkim (Gangtok),Sikkim,27.33,88.61,2016,2,52.5,56.8,8.2,39.7,0,DRY_PERIOD,22.9,68.9,0.707
MET-SK-GAN-2016-03,SK-GAN,East Sikkim (Gangtok),Sikkim,27.33,88.61,2016,3,52.5,40.4,-23.0,31.8,0,DRY_PERIOD,25.6,63.1,0.503
MET-SK-GAN-2016-04,SK-GAN,East Sikkim (Gangtok),Sikkim,27.33,88.61,2016,4,210.0,202.3,-3.7,121.7,0,MODERATE_SHOWERS,25.1,76.1,0.63
MET-SK-GAN-2016-05,SK-GAN,East Sikkim (Gangtok),Sikkim,27.33,88.61,2016,5,490.0,551.1,12.5,125.2,0,SEVERE_MONSOON_BURST,25.3,99.0,0.735
MET-SK-GAN-2016-06,SK-GAN,East Sikkim (Gangtok),Sikkim,27.33,88.61,2016,6,770.0,759.7,-1.3,150.4,0,SEVERE_MONSOON_BURST,26.9,99.0,0.645
MET-SK-GAN-2016-07,SK-GAN,East Sikkim (Gangtok),Sikkim,27.33,88.61,2016,7,770.0,598.3,-22.3,229.8,0,SEVERE_MONSOON_BURST,25.5,99.0,0.508
MET-SK-GAN-2016-08,SK-GAN,East Sikkim (Gangtok),Sikkim,27.33,88.61,2016,8,770.0,754.5,-2.0,288.3,0,SEVERE_MONSOON_BURST,27.6,99.0,0.641
MET-SK-GAN-2016-09,SK-GAN,East Sikkim (Gangtok),Sikkim,27.33,88.61,2016,9,490.0,476.4,-2.8,164.1,1,SEVERE_MONSOON_BURST,28.4,99.0,0.636
MET-SK-GAN-2016-10,SK-GAN,East Sikkim (Gangtok),Sikkim,27.33,88.61,2016,10,210.0,157.2,-25.1,36.6,0,MODERATE_SHOWERS,26.0,78.1,0.489
MET-SK-GAN-2016-11,SK-GAN,East Sikkim (Gangtok),Sikkim,27.33,88.61,2016,11,52.5,47.4,-9.7,34.6,0,DRY_PERIOD,28.5,68.1,0.59
MET-SK-GAN-2016-12,SK-GAN,East Sikkim (Gangtok),Sikkim,27.33,88.61,2016,12,52.5,40.9,-22.1,17.4,0,DRY_PERIOD,21.2,63.2,0.509
MET-SK-GAN-2017-01,SK-GAN,East Sikkim (Gangtok),Sikkim,27.33,88.61,2017,1,52.5,94.1,79.2,52.8,0,MODERATE_SHOWERS,21.4,70.9,1.0
MET-SK-GAN-2017-02,SK-GAN,East Sikkim (Gangtok),Sikkim,27.33,88.61,2017,2,52.5,62.7,19.4,28.2,0,DRY_PERIOD,23.1,73.9,0.781
MET-SK-GAN-2017-03,SK-GAN,East Sikkim (Gangtok),Sikkim,27.33,88.61,2017,3,52.5,44.6,-15.0,29.9,0,DRY_PERIOD,28.5,62.1,0.555
MET-SK-GAN-2017-04,SK-GAN,East Sikkim (Gangtok),Sikkim,27.33,88.61,2017,4,210.0,250.0,19.0,147.8,1,MODERATE_SHOWERS,26.4,82.0,0.778
MET-SK-GAN-2017-05,SK-GAN,East Sikkim (Gangtok),Sikkim,27.33,88.61,2017,5,490.0,588.8,20.2,172.4,0,SEVERE_MONSOON_BURST,28.1,99.0,0.786
MET-SK-GAN-2017-06,SK-GAN,East Sikkim (Gangtok),Sikkim,27.33,88.61,2017,6,770.0,672.6,-12.6,210.9,1,SEVERE_MONSOON_BURST,25.6,99.0,0.571
MET-SK-GAN-2017-07,SK-GAN,East Sikkim (Gangtok),Sikkim,27.33,88.61,2017,7,770.0,620.6,-19.4,219.1,0,SEVERE_MONSOON_BURST,28.9,99.0,0.527
MET-SK-GAN-2017-08,SK-GAN,East Sikkim (Gangtok),Sikkim,27.33,88.61,2017,8,770.0,1038.5,34.9,317.1,1,SEVERE_MONSOON_BURST,26.0,99.0,0.882
MET-SK-GAN-2017-09,SK-GAN,East Sikkim (Gangtok),Sikkim,27.33,88.61,2017,9,490.0,540.6,10.3,160.3,0,SEVERE_MONSOON_BURST,28.2,98.8,0.721
MET-SK-GAN-2017-10,SK-GAN,East Sikkim (Gangtok),Sikkim,27.33,88.61,2017,10,210.0,301.7,43.7,80.6,0,HEAVY_MONSOON,27.9,93.3,0.939
MET-SK-GAN-2017-11,SK-GAN,East Sikkim (Gangtok),Sikkim,27.33,88.61,2017,11,52.5,68.2,29.9,31.3,0,DRY_PERIOD,25.1,74.8,0.849
MET-SK-GAN-2017-12,SK-GAN,East Sikkim (Gangtok),Sikkim,27.33,88.61,2017,12,52.5,92.8,76.8,68.7,0,MODERATE_SHOWERS,22.5,63.0,1.0
MET-SK-GAN-2018-01,SK-GAN,East Sikkim (Gangtok),Sikkim,27.33,88.61,2018,1,52.5,80.9,54.1,62.0,0,MODERATE_SHOWERS,24.9,69.6,1.0
MET-SK-GAN-2018-02,SK-GAN,East Sikkim (Gangtok),Sikkim,27.33,88.61,2018,2,52.5,64.2,22.3,38.9,0,DRY_PERIOD,24.1,65.5,0.8
MET-SK-GAN-2018-03,SK-GAN,East Sikkim (Gangtok),Sikkim,27.33,88.61,2018,3,52.5,74.7,42.3,58.8,0,DRY_PERIOD,28.2,71.3,0.93
MET-SK-GAN-2018-04,SK-GAN,East Sikkim (Gangtok),Sikkim,27.33,88.61,2018,4,210.0,133.9,-36.2,70.7,0,MODERATE_SHOWERS,25.8,77.5,0.417
MET-SK-GAN-2018-05,SK-GAN,East Sikkim (Gangtok),Sikkim,27.33,88.61,2018,5,490.0,566.0,15.5,110.3,0,SEVERE_MONSOON_BURST,27.4,99.0,0.755
MET-SK-GAN-2018-06,SK-GAN,East Sikkim (Gangtok),Sikkim,27.33,88.61,2018,6,770.0,631.4,-18.0,133.8,0,SEVERE_MONSOON_BURST,28.8,99.0,0.536
MET-SK-GAN-2018-07,SK-GAN,East Sikkim (Gangtok),Sikkim,27.33,88.61,2018,7,770.0,686.9,-10.8,131.0,0,SEVERE_MONSOON_BURST,28.1,99.0,0.583
MET-SK-GAN-2018-08,SK-GAN,East Sikkim (Gangtok),Sikkim,27.33,88.61,2018,8,770.0,1002.7,30.2,236.2,0,SEVERE_MONSOON_BURST,27.6,99.0,0.851
MET-SK-GAN-2018-09,SK-GAN,East Sikkim (Gangtok),Sikkim,27.33,88.61,2018,9,490.0,502.2,2.5,156.1,0,SEVERE_MONSOON_BURST,26.5,99.0,0.67
MET-SK-GAN-2018-10,SK-GAN,East Sikkim (Gangtok),Sikkim,27.33,88.61,2018,10,210.0,136.0,-35.2,27.4,0,MODERATE_SHOWERS,26.1,78.9,0.423
MET-SK-GAN-2018-11,SK-GAN,East Sikkim (Gangtok),Sikkim,27.33,88.61,2018,11,52.5,67.7,29.0,42.4,0,DRY_PERIOD,28.9,74.7,0.843
MET-SK-GAN-2018-12,SK-GAN,East Sikkim (Gangtok),Sikkim,27.33,88.61,2018,12,52.5,70.4,34.1,29.1,0,DRY_PERIOD,21.9,69.1,0.877
MET-SK-GAN-2019-01,SK-GAN,East Sikkim (Gangtok),Sikkim,27.33,88.61,2019,1,52.5,62.6,19.2,40.0,0,DRY_PERIOD,24.3,69.0,0.78
MET-SK-GAN-2019-02,SK-GAN,East Sikkim (Gangtok),Sikkim,27.33,88.61,2019,2,52.5,57.4,9.3,38.7,0,DRY_PERIOD,21.0,67.9,0.715
MET-SK-GAN-2019-03,SK-GAN,East Sikkim (Gangtok),Sikkim,27.33,88.61,2019,3,52.5,52.5,0.0,29.3,0,DRY_PERIOD,27.5,59.4,0.654
MET-SK-GAN-2019-04,SK-GAN,East Sikkim (Gangtok),Sikkim,27.33,88.61,2019,4,210.0,241.9,15.2,158.2,0,SEVERE_MONSOON_BURST,26.4,87.7,0.753
MET-SK-GAN-2019-05,SK-GAN,East Sikkim (Gangtok),Sikkim,27.33,88.61,2019,5,490.0,470.7,-3.9,157.4,1,SEVERE_MONSOON_BURST,28.8,97.1,0.628
MET-SK-GAN-2019-06,SK-GAN,East Sikkim (Gangtok),Sikkim,27.33,88.61,2019,6,770.0,797.8,3.6,243.3,0,SEVERE_MONSOON_BURST,28.6,99.0,0.677
MET-SK-GAN-2019-07,SK-GAN,East Sikkim (Gangtok),Sikkim,27.33,88.61,2019,7,770.0,582.3,-24.4,108.7,0,SEVERE_MONSOON_BURST,27.7,99.0,0.494
MET-SK-GAN-2019-08,SK-GAN,East Sikkim (Gangtok),Sikkim,27.33,88.61,2019,8,770.0,872.4,13.3,259.6,0,SEVERE_MONSOON_BURST,26.3,99.0,0.741
MET-SK-GAN-2019-09,SK-GAN,East Sikkim (Gangtok),Sikkim,27.33,88.61,2019,9,490.0,422.0,-13.9,76.3,0,HEAVY_MONSOON,26.8,97.0,0.563
MET-SK-GAN-2019-10,SK-GAN,East Sikkim (Gangtok),Sikkim,27.33,88.61,2019,10,210.0,265.3,26.3,53.5,0,HEAVY_MONSOON,25.4,78.0,0.826
MET-SK-GAN-2019-11,SK-GAN,East Sikkim (Gangtok),Sikkim,27.33,88.61,2019,11,52.5,48.9,-6.9,25.7,0,DRY_PERIOD,25.5,60.2,0.609
MET-SK-GAN-2019-12,SK-GAN,East Sikkim (Gangtok),Sikkim,27.33,88.61,2019,12,52.5,86.5,64.8,41.2,0,MODERATE_SHOWERS,23.6,70.8,1.0
MET-SK-GAN-2020-01,SK-GAN,East Sikkim (Gangtok),Sikkim,27.33,88.61,2020,1,52.5,59.4,13.1,29.9,0,DRY_PERIOD,24.7,65.6,0.74
MET-SK-GAN-2020-02,SK-GAN,East Sikkim (Gangtok),Sikkim,27.33,88.61,2020,2,52.5,56.4,7.4,30.9,0,DRY_PERIOD,22.2,71.8,0.702
MET-SK-GAN-2020-03,SK-GAN,East Sikkim (Gangtok),Sikkim,27.33,88.61,2020,3,52.5,73.5,40.0,47.5,0,DRY_PERIOD,26.3,64.2,0.915
MET-SK-GAN-2020-04,SK-GAN,East Sikkim (Gangtok),Sikkim,27.33,88.61,2020,4,210.0,164.7,-21.6,92.2,0,MODERATE_SHOWERS,27.0,70.7,0.513
MET-SK-GAN-2020-05,SK-GAN,East Sikkim (Gangtok),Sikkim,27.33,88.61,2020,5,490.0,384.5,-21.5,166.6,0,SEVERE_MONSOON_BURST,25.0,87.7,0.513
MET-SK-GAN-2020-06,SK-GAN,East Sikkim (Gangtok),Sikkim,27.33,88.61,2020,6,770.0,779.7,1.3,197.8,0,SEVERE_MONSOON_BURST,26.5,99.0,0.662
MET-SK-GAN-2020-07,SK-GAN,East Sikkim (Gangtok),Sikkim,27.33,88.61,2020,7,770.0,661.0,-14.2,186.7,0,SEVERE_MONSOON_BURST,27.8,99.0,0.561
MET-SK-GAN-2020-08,SK-GAN,East Sikkim (Gangtok),Sikkim,27.33,88.61,2020,8,770.0,1016.7,32.0,335.8,1,SEVERE_MONSOON_BURST,28.7,99.0,0.863
MET-SK-GAN-2020-09,SK-GAN,East Sikkim (Gangtok),Sikkim,27.33,88.61,2020,9,490.0,387.4,-20.9,172.7,0,SEVERE_MONSOON_BURST,27.8,96.5,0.517
MET-SK-GAN-2020-10,SK-GAN,East Sikkim (Gangtok),Sikkim,27.33,88.61,2020,10,210.0,254.7,21.3,50.6,0,HEAVY_MONSOON,27.5,80.2,0.793
MET-SK-GAN-2020-11,SK-GAN,East Sikkim (Gangtok),Sikkim,27.33,88.61,2020,11,52.5,78.1,48.8,56.4,0,DRY_PERIOD,28.4,62.4,0.973
MET-SK-GAN-2020-12,SK-GAN,East Sikkim (Gangtok),Sikkim,27.33,88.61,2020,12,52.5,78.1,48.8,59.6,0,DRY_PERIOD,23.3,72.2,0.973
MET-SK-GAN-2021-01,SK-GAN,East Sikkim (Gangtok),Sikkim,27.33,88.61,2021,1,52.5,68.0,29.5,30.6,0,DRY_PERIOD,21.3,62.1,0.847
MET-SK-GAN-2021-02,SK-GAN,East Sikkim (Gangtok),Sikkim,27.33,88.61,2021,2,52.5,51.2,-2.5,24.2,0,DRY_PERIOD,23.8,65.5,0.638
MET-SK-GAN-2021-03,SK-GAN,East Sikkim (Gangtok),Sikkim,27.33,88.61,2021,3,52.5,72.0,37.1,52.9,0,DRY_PERIOD,27.1,61.9,0.897
MET-SK-GAN-2021-04,SK-GAN,East Sikkim (Gangtok),Sikkim,27.33,88.61,2021,4,210.0,169.2,-19.4,114.7,0,MODERATE_SHOWERS,27.8,69.5,0.527
MET-SK-GAN-2021-05,SK-GAN,East Sikkim (Gangtok),Sikkim,27.33,88.61,2021,5,490.0,353.9,-27.8,140.6,0,HEAVY_MONSOON,26.8,91.2,0.472
MET-SK-GAN-2021-06,SK-GAN,East Sikkim (Gangtok),Sikkim,27.33,88.61,2021,6,770.0,742.3,-3.6,248.7,1,SEVERE_MONSOON_BURST,26.0,99.0,0.63
MET-SK-GAN-2021-07,SK-GAN,East Sikkim (Gangtok),Sikkim,27.33,88.61,2021,7,770.0,784.7,1.9,219.9,0,SEVERE_MONSOON_BURST,27.6,99.0,0.666
MET-SK-GAN-2021-08,SK-GAN,East Sikkim (Gangtok),Sikkim,27.33,88.61,2021,8,770.0,1104.2,43.4,330.2,0,SEVERE_MONSOON_BURST,26.3,99.0,0.938
MET-SK-GAN-2021-09,SK-GAN,East Sikkim (Gangtok),Sikkim,27.33,88.61,2021,9,490.0,347.9,-29.0,105.8,0,HEAVY_MONSOON,25.3,93.9,0.464
MET-SK-GAN-2021-10,SK-GAN,East Sikkim (Gangtok),Sikkim,27.33,88.61,2021,10,210.0,224.5,6.9,74.0,0,MODERATE_SHOWERS,25.4,77.0,0.699
MET-SK-GAN-2021-11,SK-GAN,East Sikkim (Gangtok),Sikkim,27.33,88.61,2021,11,52.5,46.5,-11.4,31.1,0,DRY_PERIOD,27.0,67.0,0.579
MET-SK-GAN-2021-12,SK-GAN,East Sikkim (Gangtok),Sikkim,27.33,88.61,2021,12,52.5,37.8,-28.0,29.8,0,DRY_PERIOD,23.7,68.0,0.471
MET-SK-GAN-2022-01,SK-GAN,East Sikkim (Gangtok),Sikkim,27.33,88.61,2022,1,52.5,68.5,30.5,27.9,0,DRY_PERIOD,22.9,72.8,0.853
MET-SK-GAN-2022-02,SK-GAN,East Sikkim (Gangtok),Sikkim,27.33,88.61,2022,2,52.5,68.4,30.3,30.3,0,DRY_PERIOD,24.8,62.9,0.852
MET-SK-GAN-2022-03,SK-GAN,East Sikkim (Gangtok),Sikkim,27.33,88.61,2022,3,52.5,68.3,30.1,36.2,0,DRY_PERIOD,25.0,61.9,0.851
MET-SK-GAN-2022-04,SK-GAN,East Sikkim (Gangtok),Sikkim,27.33,88.61,2022,4,210.0,203.9,-2.9,126.3,0,MODERATE_SHOWERS,28.5,77.8,0.635
MET-SK-GAN-2022-05,SK-GAN,East Sikkim (Gangtok),Sikkim,27.33,88.61,2022,5,490.0,598.8,22.2,122.0,0,SEVERE_MONSOON_BURST,27.9,99.0,0.799
MET-SK-GAN-2022-06,SK-GAN,East Sikkim (Gangtok),Sikkim,27.33,88.61,2022,6,770.0,787.1,2.2,176.8,0,SEVERE_MONSOON_BURST,28.0,99.0,0.668
MET-SK-GAN-2022-07,SK-GAN,East Sikkim (Gangtok),Sikkim,27.33,88.61,2022,7,770.0,999.4,29.8,396.1,0,SEVERE_MONSOON_BURST,28.1,99.0,0.849
MET-SK-GAN-2022-08,SK-GAN,East Sikkim (Gangtok),Sikkim,27.33,88.61,2022,8,770.0,611.7,-20.6,266.6,1,SEVERE_MONSOON_BURST,27.1,99.0,0.519
MET-SK-GAN-2022-09,SK-GAN,East Sikkim (Gangtok),Sikkim,27.33,88.61,2022,9,490.0,704.1,43.7,236.2,0,SEVERE_MONSOON_BURST,27.4,99.0,0.94
MET-SK-GAN-2022-10,SK-GAN,East Sikkim (Gangtok),Sikkim,27.33,88.61,2022,10,210.0,192.7,-8.2,43.3,0,MODERATE_SHOWERS,25.6,84.0,0.6
MET-SK-GAN-2022-11,SK-GAN,East Sikkim (Gangtok),Sikkim,27.33,88.61,2022,11,52.5,36.8,-29.9,17.9,0,DRY_PERIOD,27.5,72.1,0.458
MET-SK-GAN-2022-12,SK-GAN,East Sikkim (Gangtok),Sikkim,27.33,88.61,2022,12,52.5,77.2,47.0,54.3,0,DRY_PERIOD,24.4,63.2,0.961
MET-SK-GAN-2023-01,SK-GAN,East Sikkim (Gangtok),Sikkim,27.33,88.61,2023,1,52.5,85.7,63.2,46.2,0,MODERATE_SHOWERS,21.4,63.5,1.0
MET-SK-GAN-2023-02,SK-GAN,East Sikkim (Gangtok),Sikkim,27.33,88.61,2023,2,52.5,54.5,3.8,32.0,0,DRY_PERIOD,22.6,71.4,0.679
MET-SK-GAN-2023-03,SK-GAN,East Sikkim (Gangtok),Sikkim,27.33,88.61,2023,3,52.5,73.4,39.8,47.6,0,DRY_PERIOD,25.9,61.7,0.914
MET-SK-GAN-2023-04,SK-GAN,East Sikkim (Gangtok),Sikkim,27.33,88.61,2023,4,210.0,299.1,42.4,180.0,0,SEVERE_MONSOON_BURST,28.4,80.8,0.931
MET-SK-GAN-2023-05,SK-GAN,East Sikkim (Gangtok),Sikkim,27.33,88.61,2023,5,490.0,466.3,-4.8,115.9,0,HEAVY_MONSOON,27.2,99.0,0.622
MET-SK-GAN-2023-06,SK-GAN,East Sikkim (Gangtok),Sikkim,27.33,88.61,2023,6,770.0,1009.7,31.1,273.2,0,SEVERE_MONSOON_BURST,26.8,99.0,0.857
MET-SK-GAN-2023-07,SK-GAN,East Sikkim (Gangtok),Sikkim,27.33,88.61,2023,7,770.0,755.0,-1.9,293.9,0,SEVERE_MONSOON_BURST,25.6,99.0,0.641
MET-SK-GAN-2023-08,SK-GAN,East Sikkim (Gangtok),Sikkim,27.33,88.61,2023,8,770.0,648.5,-15.8,132.5,0,SEVERE_MONSOON_BURST,25.6,99.0,0.551
MET-SK-GAN-2023-09,SK-GAN,East Sikkim (Gangtok),Sikkim,27.33,88.61,2023,9,490.0,563.2,14.9,144.5,0,SEVERE_MONSOON_BURST,28.1,99.0,0.752
MET-SK-GAN-2023-10,SK-GAN,East Sikkim (Gangtok),Sikkim,27.33,88.61,2023,10,210.0,165.4,-21.2,67.5,0,MODERATE_SHOWERS,26.7,76.2,0.515
MET-SK-GAN-2023-11,SK-GAN,East Sikkim (Gangtok),Sikkim,27.33,88.61,2023,11,52.5,79.9,52.2,49.7,0,DRY_PERIOD,25.4,68.8,0.995
MET-SK-GAN-2023-12,SK-GAN,East Sikkim (Gangtok),Sikkim,27.33,88.61,2023,12,52.5,51.5,-1.9,35.9,0,DRY_PERIOD,23.4,67.2,0.641
MET-SK-GAN-2024-01,SK-GAN,East Sikkim (Gangtok),Sikkim,27.33,88.61,2024,1,52.5,62.2,18.5,30.1,0,DRY_PERIOD,23.3,72.0,0.775
MET-SK-GAN-2024-02,SK-GAN,East Sikkim (Gangtok),Sikkim,27.33,88.61,2024,2,52.5,75.7,44.2,30.9,0,DRY_PERIOD,21.2,65.2,0.943
MET-SK-GAN-2024-03,SK-GAN,East Sikkim (Gangtok),Sikkim,27.33,88.61,2024,3,52.5,71.9,37.0,46.4,0,DRY_PERIOD,28.3,65.5,0.895
MET-SK-GAN-2024-04,SK-GAN,East Sikkim (Gangtok),Sikkim,27.33,88.61,2024,4,210.0,253.5,20.7,113.4,0,HEAVY_MONSOON,27.1,89.0,0.789
MET-SK-GAN-2024-05,SK-GAN,East Sikkim (Gangtok),Sikkim,27.33,88.61,2024,5,490.0,540.3,10.3,97.8,0,SEVERE_MONSOON_BURST,27.9,99.0,0.721
MET-SK-GAN-2024-06,SK-GAN,East Sikkim (Gangtok),Sikkim,27.33,88.61,2024,6,770.0,865.6,12.4,208.2,1,SEVERE_MONSOON_BURST,28.8,99.0,0.735
MET-SK-GAN-2024-07,SK-GAN,East Sikkim (Gangtok),Sikkim,27.33,88.61,2024,7,770.0,891.4,15.8,165.0,0,SEVERE_MONSOON_BURST,25.9,99.0,0.757
MET-SK-GAN-2024-08,SK-GAN,East Sikkim (Gangtok),Sikkim,27.33,88.61,2024,8,770.0,851.5,10.6,358.8,0,SEVERE_MONSOON_BURST,27.9,99.0,0.723
MET-SK-GAN-2024-09,SK-GAN,East Sikkim (Gangtok),Sikkim,27.33,88.61,2024,9,490.0,394.6,-19.5,148.2,1,HEAVY_MONSOON,28.3,89.8,0.527
MET-SK-GAN-2024-10,SK-GAN,East Sikkim (Gangtok),Sikkim,27.33,88.61,2024,10,210.0,248.9,18.5,97.6,0,MODERATE_SHOWERS,26.2,84.1,0.775
MET-SK-GAN-2024-11,SK-GAN,East Sikkim (Gangtok),Sikkim,27.33,88.61,2024,11,52.5,49.6,-5.5,20.6,0,DRY_PERIOD,25.8,60.5,0.618
MET-SK-GAN-2024-12,SK-GAN,East Sikkim (Gangtok),Sikkim,27.33,88.61,2024,12,52.5,59.6,13.5,24.6,0,DRY_PERIOD,22.8,60.5,0.742
MET-SK-GAN-2025-01,SK-GAN,East Sikkim (Gangtok),Sikkim,27.33,88.61,2025,1,52.5,76.7,46.1,36.1,0,DRY_PERIOD,22.8,69.6,0.955
MET-SK-GAN-2025-02,SK-GAN,East Sikkim (Gangtok),Sikkim,27.33,88.61,2025,2,52.5,71.7,36.6,57.0,0,DRY_PERIOD,24.4,66.2,0.893
MET-SK-GAN-2025-03,SK-GAN,East Sikkim (Gangtok),Sikkim,27.33,88.61,2025,3,52.5,77.6,47.8,58.8,0,DRY_PERIOD,28.9,63.9,0.966
MET-SK-GAN-2025-04,SK-GAN,East Sikkim (Gangtok),Sikkim,27.33,88.61,2025,4,210.0,248.3,18.2,184.9,0,SEVERE_MONSOON_BURST,26.9,86.9,0.773
MET-SK-GAN-2025-05,SK-GAN,East Sikkim (Gangtok),Sikkim,27.33,88.61,2025,5,490.0,324.0,-33.9,74.2,0,HEAVY_MONSOON,28.0,94.6,0.432
MET-SK-GAN-2025-06,SK-GAN,East Sikkim (Gangtok),Sikkim,27.33,88.61,2025,6,770.0,816.6,6.1,196.1,0,SEVERE_MONSOON_BURST,25.3,99.0,0.693
MET-SK-GAN-2025-07,SK-GAN,East Sikkim (Gangtok),Sikkim,27.33,88.61,2025,7,770.0,802.0,4.2,222.4,0,SEVERE_MONSOON_BURST,27.3,99.0,0.681
MET-SK-GAN-2025-08,SK-GAN,East Sikkim (Gangtok),Sikkim,27.33,88.61,2025,8,770.0,934.6,21.4,337.7,0,SEVERE_MONSOON_BURST,25.2,99.0,0.794
MET-SK-GAN-2025-09,SK-GAN,East Sikkim (Gangtok),Sikkim,27.33,88.61,2025,9,490.0,680.6,38.9,204.2,1,SEVERE_MONSOON_BURST,28.3,99.0,0.908
MET-SK-GAN-2025-10,SK-GAN,East Sikkim (Gangtok),Sikkim,27.33,88.61,2025,10,210.0,251.1,19.6,57.4,0,HEAVY_MONSOON,28.2,75.7,0.782
MET-SK-GAN-2025-11,SK-GAN,East Sikkim (Gangtok),Sikkim,27.33,88.61,2025,11,52.5,92.0,75.2,64.9,0,MODERATE_SHOWERS,27.3,77.3,1.0
MET-SK-GAN-2025-12,SK-GAN,East Sikkim (Gangtok),Sikkim,27.33,88.61,2025,12,52.5,68.5,30.5,42.9,0,DRY_PERIOD,25.0,64.2,0.853
MET-SK-GAN-2026-01,SK-GAN,East Sikkim (Gangtok),Sikkim,27.33,88.61,2026,1,52.5,56.6,7.8,37.1,0,DRY_PERIOD,22.9,69.0,0.705
MET-SK-GAN-2026-02,SK-GAN,East Sikkim (Gangtok),Sikkim,27.33,88.61,2026,2,52.5,53.1,1.1,31.9,0,DRY_PERIOD,23.5,72.1,0.661
MET-SK-GAN-2026-03,SK-GAN,East Sikkim (Gangtok),Sikkim,27.33,88.61,2026,3,52.5,37.7,-28.2,23.0,0,DRY_PERIOD,28.1,69.6,0.47
MET-SK-GAN-2026-04,SK-GAN,East Sikkim (Gangtok),Sikkim,27.33,88.61,2026,4,210.0,274.7,30.8,212.8,0,SEVERE_MONSOON_BURST,28.6,84.4,0.855
MET-SK-GAN-2026-05,SK-GAN,East Sikkim (Gangtok),Sikkim,27.33,88.61,2026,5,490.0,632.2,29.0,168.2,0,SEVERE_MONSOON_BURST,26.7,99.0,0.844
MET-SK-GAN-2026-06,SK-GAN,East Sikkim (Gangtok),Sikkim,27.33,88.61,2026,6,770.0,956.8,24.3,282.4,0,SEVERE_MONSOON_BURST,25.9,99.0,0.812
MET-SK-GAN-2026-07,SK-GAN,East Sikkim (Gangtok),Sikkim,27.33,88.61,2026,7,770.0,903.2,17.3,264.6,0,SEVERE_MONSOON_BURST,27.0,99.0,0.767
MET-SK-GAN-2026-08,SK-GAN,East Sikkim (Gangtok),Sikkim,27.33,88.61,2026,8,770.0,566.7,-26.4,121.0,0,SEVERE_MONSOON_BURST,28.9,99.0,0.481
MET-SK-GAN-2026-09,SK-GAN,East Sikkim (Gangtok),Sikkim,27.33,88.61,2026,9,490.0,388.7,-20.7,86.8,0,HEAVY_MONSOON,26.2,90.9,0.519
MET-SK-GAN-2026-10,SK-GAN,East Sikkim (Gangtok),Sikkim,27.33,88.61,2026,10,210.0,268.2,27.7,117.9,0,HEAVY_MONSOON,27.7,82.6,0.835
MET-SK-GAN-2026-11,SK-GAN,East Sikkim (Gangtok),Sikkim,27.33,88.61,2026,11,52.5,79.4,51.2,48.6,0,DRY_PERIOD,26.1,67.7,0.989
MET-SK-GAN-2026-12,SK-GAN,East Sikkim (Gangtok),Sikkim,27.33,88.61,2026,12,52.5,40.2,-23.4,22.0,0,DRY_PERIOD,24.4,69.4,0.501
MET-SK-MANG-2015-01,SK-MANG,North Sikkim (Mangan),Sikkim,27.52,88.53,2015,1,61.5,82.3,33.8,50.5,0,MODERATE_SHOWERS,24.2,64.3,0.875
MET-SK-MANG-2015-02,SK-MANG,North Sikkim (Mangan),Sikkim,27.52,88.53,2015,2,61.5,71.8,16.7,46.9,0,DRY_PERIOD,24.4,74.6,0.763
MET-SK-MANG-2015-03,SK-MANG,North Sikkim (Mangan),Sikkim,27.52,88.53,2015,3,61.5,78.3,27.3,57.1,0,DRY_PERIOD,28.5,75.8,0.832
MET-SK-MANG-2015-04,SK-MANG,North Sikkim (Mangan),Sikkim,27.52,88.53,2015,4,246.0,292.3,18.8,159.8,0,SEVERE_MONSOON_BURST,25.2,82.4,0.777
MET-SK-MANG-2015-05,SK-MANG,North Sikkim (Mangan),Sikkim,27.52,88.53,2015,5,574.0,625.4,9.0,160.8,0,SEVERE_MONSOON_BURST,27.8,99.0,0.712
MET-SK-MANG-2015-06,SK-MANG,North Sikkim (Mangan),Sikkim,27.52,88.53,2015,6,902.0,1126.6,24.9,492.8,0,SEVERE_MONSOON_BURST,25.1,99.0,0.817
MET-SK-MANG-2015-07,SK-MANG,North Sikkim (Mangan),Sikkim,27.52,88.53,2015,7,902.0,734.8,-18.5,185.2,1,SEVERE_MONSOON_BURST,26.6,99.0,0.533
MET-SK-MANG-2015-08,SK-MANG,North Sikkim (Mangan),Sikkim,27.52,88.53,2015,8,902.0,730.0,-19.1,142.3,0,SEVERE_MONSOON_BURST,27.1,99.0,0.529
MET-SK-MANG-2015-09,SK-MANG,North Sikkim (Mangan),Sikkim,27.52,88.53,2015,9,574.0,804.5,40.2,355.7,0,SEVERE_MONSOON_BURST,28.8,99.0,0.916
MET-SK-MANG-2015-10,SK-MANG,North Sikkim (Mangan),Sikkim,27.52,88.53,2015,10,246.0,277.4,12.8,95.7,0,HEAVY_MONSOON,28.5,86.4,0.737
MET-SK-MANG-2015-11,SK-MANG,North Sikkim (Mangan),Sikkim,27.52,88.53,2015,11,61.5,84.4,37.2,58.6,0,MODERATE_SHOWERS,25.6,74.5,0.897
MET-SK-MANG-2015-12,SK-MANG,North Sikkim (Mangan),Sikkim,27.52,88.53,2015,12,61.5,46.8,-23.9,31.3,0,DRY_PERIOD,22.7,64.4,0.498
MET-SK-MANG-2016-01,SK-MANG,North Sikkim (Mangan),Sikkim,27.52,88.53,2016,1,61.5,73.3,19.2,58.3,0,DRY_PERIOD,24.2,70.9,0.779
MET-SK-MANG-2016-02,SK-MANG,North Sikkim (Mangan),Sikkim,27.52,88.53,2016,2,61.5,51.1,-16.9,32.3,0,DRY_PERIOD,21.5,60.8,0.543
MET-SK-MANG-2016-03,SK-MANG,North Sikkim (Mangan),Sikkim,27.52,88.53,2016,3,61.5,103.7,68.6,76.4,0,MODERATE_SHOWERS,28.6,74.0,1.0
MET-SK-MANG-2016-04,SK-MANG,North Sikkim (Mangan),Sikkim,27.52,88.53,2016,4,246.0,264.0,7.3,128.2,0,HEAVY_MONSOON,28.3,76.4,0.702
MET-SK-MANG-2016-05,SK-MANG,North Sikkim (Mangan),Sikkim,27.52,88.53,2016,5,574.0,812.1,41.5,172.9,1,SEVERE_MONSOON_BURST,26.2,99.0,0.925
MET-SK-MANG-2016-06,SK-MANG,North Sikkim (Mangan),Sikkim,27.52,88.53,2016,6,902.0,671.2,-25.6,218.3,1,SEVERE_MONSOON_BURST,26.4,99.0,0.487
MET-SK-MANG-2016-07,SK-MANG,North Sikkim (Mangan),Sikkim,27.52,88.53,2016,7,902.0,609.9,-32.4,136.7,0,SEVERE_MONSOON_BURST,28.2,99.0,0.442
MET-SK-MANG-2016-08,SK-MANG,North Sikkim (Mangan),Sikkim,27.52,88.53,2016,8,902.0,933.4,3.5,352.0,1,SEVERE_MONSOON_BURST,25.5,99.0,0.677
MET-SK-MANG-2016-09,SK-MANG,North Sikkim (Mangan),Sikkim,27.52,88.53,2016,9,574.0,529.9,-7.7,213.9,0,SEVERE_MONSOON_BURST,26.8,99.0,0.604
MET-SK-MANG-2016-10,SK-MANG,North Sikkim (Mangan),Sikkim,27.52,88.53,2016,10,246.0,349.0,41.9,132.9,0,HEAVY_MONSOON,26.4,85.2,0.928
MET-SK-MANG-2016-11,SK-MANG,North Sikkim (Mangan),Sikkim,27.52,88.53,2016,11,61.5,68.9,12.0,31.9,0,DRY_PERIOD,28.7,61.7,0.733
MET-SK-MANG-2016-12,SK-MANG,North Sikkim (Mangan),Sikkim,27.52,88.53,2016,12,61.5,78.2,27.2,38.0,0,DRY_PERIOD,23.5,72.2,0.831
MET-SK-MANG-2017-01,SK-MANG,North Sikkim (Mangan),Sikkim,27.52,88.53,2017,1,61.5,71.1,15.6,34.6,0,DRY_PERIOD,21.7,66.9,0.756
MET-SK-MANG-2017-02,SK-MANG,North Sikkim (Mangan),Sikkim,27.52,88.53,2017,2,61.5,83.8,36.3,62.0,0,MODERATE_SHOWERS,24.7,72.2,0.891
MET-SK-MANG-2017-03,SK-MANG,North Sikkim (Mangan),Sikkim,27.52,88.53,2017,3,61.5,101.3,64.7,59.5,0,MODERATE_SHOWERS,25.9,65.5,1.0
MET-SK-MANG-2017-04,SK-MANG,North Sikkim (Mangan),Sikkim,27.52,88.53,2017,4,246.0,283.1,15.1,116.1,0,HEAVY_MONSOON,27.6,89.4,0.752
MET-SK-MANG-2017-05,SK-MANG,North Sikkim (Mangan),Sikkim,27.52,88.53,2017,5,574.0,478.1,-16.7,128.1,0,HEAVY_MONSOON,26.1,99.0,0.545
MET-SK-MANG-2017-06,SK-MANG,North Sikkim (Mangan),Sikkim,27.52,88.53,2017,6,902.0,741.9,-17.7,312.2,0,SEVERE_MONSOON_BURST,27.5,99.0,0.538
MET-SK-MANG-2017-07,SK-MANG,North Sikkim (Mangan),Sikkim,27.52,88.53,2017,7,902.0,1245.8,38.1,466.7,0,SEVERE_MONSOON_BURST,27.0,99.0,0.903
MET-SK-MANG-2017-08,SK-MANG,North Sikkim (Mangan),Sikkim,27.52,88.53,2017,8,902.0,779.4,-13.6,348.3,0,SEVERE_MONSOON_BURST,25.6,99.0,0.565
MET-SK-MANG-2017-09,SK-MANG,North Sikkim (Mangan),Sikkim,27.52,88.53,2017,9,574.0,539.4,-6.0,171.7,1,SEVERE_MONSOON_BURST,26.5,99.0,0.614
MET-SK-MANG-2017-10,SK-MANG,North Sikkim (Mangan),Sikkim,27.52,88.53,2017,10,246.0,188.0,-23.6,56.1,0,MODERATE_SHOWERS,26.2,79.9,0.5
MET-SK-MANG-2017-11,SK-MANG,North Sikkim (Mangan),Sikkim,27.52,88.53,2017,11,61.5,102.5,66.7,51.3,0,MODERATE_SHOWERS,25.5,72.6,1.0
MET-SK-MANG-2017-12,SK-MANG,North Sikkim (Mangan),Sikkim,27.52,88.53,2017,12,61.5,55.3,-10.1,30.2,0,DRY_PERIOD,21.6,63.3,0.588
MET-SK-MANG-2018-01,SK-MANG,North Sikkim (Mangan),Sikkim,27.52,88.53,2018,1,61.5,57.4,-6.7,33.9,0,DRY_PERIOD,24.2,68.8,0.61
MET-SK-MANG-2018-02,SK-MANG,North Sikkim (Mangan),Sikkim,27.52,88.53,2018,2,61.5,61.3,-0.3,37.9,0,DRY_PERIOD,21.5,72.7,0.652
MET-SK-MANG-2018-03,SK-MANG,North Sikkim (Mangan),Sikkim,27.52,88.53,2018,3,61.5,99.0,61.0,66.0,0,MODERATE_SHOWERS,25.4,63.6,1.0
MET-SK-MANG-2018-04,SK-MANG,North Sikkim (Mangan),Sikkim,27.52,88.53,2018,4,246.0,325.2,32.2,236.9,1,SEVERE_MONSOON_BURST,28.5,90.7,0.864
MET-SK-MANG-2018-05,SK-MANG,North Sikkim (Mangan),Sikkim,27.52,88.53,2018,5,574.0,801.4,39.6,340.5,0,SEVERE_MONSOON_BURST,28.5,99.0,0.913
MET-SK-MANG-2018-06,SK-MANG,North Sikkim (Mangan),Sikkim,27.52,88.53,2018,6,902.0,814.6,-9.7,246.4,0,SEVERE_MONSOON_BURST,26.2,99.0,0.59
MET-SK-MANG-2018-07,SK-MANG,North Sikkim (Mangan),Sikkim,27.52,88.53,2018,7,902.0,957.3,6.1,351.2,1,SEVERE_MONSOON_BURST,25.7,99.0,0.694
MET-SK-MANG-2018-08,SK-MANG,North Sikkim (Mangan),Sikkim,27.52,88.53,2018,8,902.0,1231.8,36.6,390.6,0,SEVERE_MONSOON_BURST,25.1,99.0,0.893
MET-SK-MANG-2018-09,SK-MANG,North Sikkim (Mangan),Sikkim,27.52,88.53,2018,9,574.0,563.3,-1.9,222.4,1,SEVERE_MONSOON_BURST,27.1,99.0,0.642
MET-SK-MANG-2018-10,SK-MANG,North Sikkim (Mangan),Sikkim,27.52,88.53,2018,10,246.0,243.7,-0.9,86.3,0,MODERATE_SHOWERS,25.9,80.5,0.648
MET-SK-MANG-2018-11,SK-MANG,North Sikkim (Mangan),Sikkim,27.52,88.53,2018,11,61.5,77.3,25.7,43.5,0,DRY_PERIOD,25.4,71.8,0.822
MET-SK-MANG-2018-12,SK-MANG,North Sikkim (Mangan),Sikkim,27.52,88.53,2018,12,61.5,87.9,42.9,66.1,0,MODERATE_SHOWERS,21.7,70.1,0.935
MET-SK-MANG-2019-01,SK-MANG,North Sikkim (Mangan),Sikkim,27.52,88.53,2019,1,61.5,53.3,-13.3,24.8,0,DRY_PERIOD,24.4,59.7,0.567
MET-SK-MANG-2019-02,SK-MANG,North Sikkim (Mangan),Sikkim,27.52,88.53,2019,2,61.5,45.0,-26.8,28.9,0,DRY_PERIOD,21.4,69.4,0.478
MET-SK-MANG-2019-03,SK-MANG,North Sikkim (Mangan),Sikkim,27.52,88.53,2019,3,61.5,40.6,-34.0,23.9,0,DRY_PERIOD,27.1,62.0,0.432
MET-SK-MANG-2019-04,SK-MANG,North Sikkim (Mangan),Sikkim,27.52,88.53,2019,4,246.0,344.5,40.0,232.9,0,SEVERE_MONSOON_BURST,25.6,86.6,0.916
MET-SK-MANG-2019-05,SK-MANG,North Sikkim (Mangan),Sikkim,27.52,88.53,2019,5,574.0,474.3,-17.4,179.3,0,SEVERE_MONSOON_BURST,28.6,99.0,0.54
MET-SK-MANG-2019-06,SK-MANG,North Sikkim (Mangan),Sikkim,27.52,88.53,2019,6,902.0,608.0,-32.6,139.9,1,SEVERE_MONSOON_BURST,27.8,99.0,0.441
MET-SK-MANG-2019-07,SK-MANG,North Sikkim (Mangan),Sikkim,27.52,88.53,2019,7,902.0,706.8,-21.6,243.9,1,SEVERE_MONSOON_BURST,25.3,99.0,0.512
MET-SK-MANG-2019-08,SK-MANG,North Sikkim (Mangan),Sikkim,27.52,88.53,2019,8,902.0,961.6,6.6,224.3,0,SEVERE_MONSOON_BURST,27.1,99.0,0.697
MET-SK-MANG-2019-09,SK-MANG,North Sikkim (Mangan),Sikkim,27.52,88.53,2019,9,574.0,753.0,31.2,332.3,0,SEVERE_MONSOON_BURST,28.8,99.0,0.858
MET-SK-MANG-2019-10,SK-MANG,North Sikkim (Mangan),Sikkim,27.52,88.53,2019,10,246.0,273.7,11.3,113.4,0,HEAVY_MONSOON,27.0,90.1,0.727
MET-SK-MANG-2019-11,SK-MANG,North Sikkim (Mangan),Sikkim,27.52,88.53,2019,11,61.5,48.3,-21.5,32.9,0,DRY_PERIOD,27.0,72.5,0.514
MET-SK-MANG-2019-12,SK-MANG,North Sikkim (Mangan),Sikkim,27.52,88.53,2019,12,61.5,68.7,11.7,31.3,0,DRY_PERIOD,23.2,61.6,0.73
MET-SK-MANG-2020-01,SK-MANG,North Sikkim (Mangan),Sikkim,27.52,88.53,2020,1,61.5,52.8,-14.1,33.3,0,DRY_PERIOD,21.7,64.7,0.561
MET-SK-MANG-2020-02,SK-MANG,North Sikkim (Mangan),Sikkim,27.52,88.53,2020,2,61.5,88.3,43.6,63.5,0,MODERATE_SHOWERS,24.1,73.9,0.939
MET-SK-MANG-2020-03,SK-MANG,North Sikkim (Mangan),Sikkim,27.52,88.53,2020,3,61.5,54.2,-11.9,34.7,0,DRY_PERIOD,26.0,72.3,0.576
MET-SK-MANG-2020-04,SK-MANG,North Sikkim (Mangan),Sikkim,27.52,88.53,2020,4,246.0,164.6,-33.1,122.5,1,MODERATE_SHOWERS,25.2,68.3,0.437
MET-SK-MANG-2020-05,SK-MANG,North Sikkim (Mangan),Sikkim,27.52,88.53,2020,5,574.0,559.8,-2.5,236.1,0,SEVERE_MONSOON_BURST,25.8,99.0,0.638
MET-SK-MANG-2020-06,SK-MANG,North Sikkim (Mangan),Sikkim,27.52,88.53,2020,6,902.0,1029.7,14.2,303.4,0,SEVERE_MONSOON_BURST,27.6,99.0,0.746
MET-SK-MANG-2020-07,SK-MANG,North Sikkim (Mangan),Sikkim,27.52,88.53,2020,7,902.0,1041.3,15.4,202.8,1,SEVERE_MONSOON_BURST,27.6,99.0,0.755
MET-SK-MANG-2020-08,SK-MANG,North Sikkim (Mangan),Sikkim,27.52,88.53,2020,8,902.0,1069.6,18.6,341.6,0,SEVERE_MONSOON_BURST,26.0,99.0,0.775
MET-SK-MANG-2020-09,SK-MANG,North Sikkim (Mangan),Sikkim,27.52,88.53,2020,9,574.0,657.2,14.5,180.3,0,SEVERE_MONSOON_BURST,26.6,99.0,0.749
MET-SK-MANG-2020-10,SK-MANG,North Sikkim (Mangan),Sikkim,27.52,88.53,2020,10,246.0,241.6,-1.8,80.7,0,MODERATE_SHOWERS,28.1,82.3,0.642
MET-SK-MANG-2020-11,SK-MANG,North Sikkim (Mangan),Sikkim,27.52,88.53,2020,11,61.5,75.8,23.3,41.4,0,DRY_PERIOD,27.4,74.6,0.806
MET-SK-MANG-2020-12,SK-MANG,North Sikkim (Mangan),Sikkim,27.52,88.53,2020,12,61.5,84.9,38.0,38.9,0,MODERATE_SHOWERS,24.4,70.8,0.903
MET-SK-MANG-2021-01,SK-MANG,North Sikkim (Mangan),Sikkim,27.52,88.53,2021,1,61.5,44.2,-28.1,30.5,0,DRY_PERIOD,24.1,66.9,0.47
MET-SK-MANG-2021-02,SK-MANG,North Sikkim (Mangan),Sikkim,27.52,88.53,2021,2,61.5,64.7,5.2,30.2,0,DRY_PERIOD,21.1,70.1,0.688
MET-SK-MANG-2021-03,SK-MANG,North Sikkim (Mangan),Sikkim,27.52,88.53,2021,3,61.5,102.4,66.5,76.1,0,MODERATE_SHOWERS,26.8,75.5,1.0
MET-SK-MANG-2021-04,SK-MANG,North Sikkim (Mangan),Sikkim,27.52,88.53,2021,4,246.0,345.8,40.6,241.0,0,SEVERE_MONSOON_BURST,25.4,88.8,0.919
MET-SK-MANG-2021-05,SK-MANG,North Sikkim (Mangan),Sikkim,27.52,88.53,2021,5,574.0,539.8,-6.0,135.5,0,SEVERE_MONSOON_BURST,27.5,99.0,0.615
MET-SK-MANG-2021-06,SK-MANG,North Sikkim (Mangan),Sikkim,27.52,88.53,2021,6,902.0,885.5,-1.8,370.2,0,SEVERE_MONSOON_BURST,25.3,99.0,0.642
MET-SK-MANG-2021-07,SK-MANG,North Sikkim (Mangan),Sikkim,27.52,88.53,2021,7,902.0,1086.4,20.4,485.1,1,SEVERE_MONSOON_BURST,26.5,99.0,0.788
MET-SK-MANG-2021-08,SK-MANG,North Sikkim (Mangan),Sikkim,27.52,88.53,2021,8,902.0,948.6,5.2,296.9,0,SEVERE_MONSOON_BURST,25.3,99.0,0.688
MET-SK-MANG-2021-09,SK-MANG,North Sikkim (Mangan),Sikkim,27.52,88.53,2021,9,574.0,703.0,22.5,203.2,0,SEVERE_MONSOON_BURST,26.2,99.0,0.801
MET-SK-MANG-2021-10,SK-MANG,North Sikkim (Mangan),Sikkim,27.52,88.53,2021,10,246.0,328.5,33.5,117.5,0,HEAVY_MONSOON,28.9,90.6,0.873
MET-SK-MANG-2021-11,SK-MANG,North Sikkim (Mangan),Sikkim,27.52,88.53,2021,11,61.5,76.6,24.6,52.3,0,DRY_PERIOD,27.6,67.1,0.814
MET-SK-MANG-2021-12,SK-MANG,North Sikkim (Mangan),Sikkim,27.52,88.53,2021,12,61.5,96.6,57.1,71.2,0,MODERATE_SHOWERS,23.9,75.4,1.0
MET-SK-MANG-2022-01,SK-MANG,North Sikkim (Mangan),Sikkim,27.52,88.53,2022,1,61.5,50.4,-18.0,25.5,0,DRY_PERIOD,23.2,70.9,0.536
MET-SK-MANG-2022-02,SK-MANG,North Sikkim (Mangan),Sikkim,27.52,88.53,2022,2,61.5,86.7,41.0,38.6,0,MODERATE_SHOWERS,22.8,69.1,0.922
MET-SK-MANG-2022-03,SK-MANG,North Sikkim (Mangan),Sikkim,27.52,88.53,2022,3,61.5,86.1,40.0,68.3,0,MODERATE_SHOWERS,26.7,75.4,0.915
MET-SK-MANG-2022-04,SK-MANG,North Sikkim (Mangan),Sikkim,27.52,88.53,2022,4,246.0,330.0,34.1,171.9,1,SEVERE_MONSOON_BURST,28.5,88.7,0.877
MET-SK-MANG-2022-05,SK-MANG,North Sikkim (Mangan),Sikkim,27.52,88.53,2022,5,574.0,683.6,19.1,212.9,0,SEVERE_MONSOON_BURST,26.3,99.0,0.779
MET-SK-MANG-2022-06,SK-MANG,North Sikkim (Mangan),Sikkim,27.52,88.53,2022,6,902.0,1036.9,15.0,445.1,0,SEVERE_MONSOON_BURST,27.5,99.0,0.752
MET-SK-MANG-2022-07,SK-MANG,North Sikkim (Mangan),Sikkim,27.52,88.53,2022,7,902.0,1232.3,36.6,405.8,0,SEVERE_MONSOON_BURST,25.8,99.0,0.893
MET-SK-MANG-2022-08,SK-MANG,North Sikkim (Mangan),Sikkim,27.52,88.53,2022,8,902.0,684.6,-24.1,205.4,1,SEVERE_MONSOON_BURST,28.1,99.0,0.496
MET-SK-MANG-2022-09,SK-MANG,North Sikkim (Mangan),Sikkim,27.52,88.53,2022,9,574.0,504.0,-12.2,91.2,0,SEVERE_MONSOON_BURST,26.6,99.0,0.574
MET-SK-MANG-2022-10,SK-MANG,North Sikkim (Mangan),Sikkim,27.52,88.53,2022,10,246.0,325.8,32.4,120.2,0,HEAVY_MONSOON,29.0,89.6,0.866
MET-SK-MANG-2022-11,SK-MANG,North Sikkim (Mangan),Sikkim,27.52,88.53,2022,11,61.5,34.5,-43.9,15.5,0,DRY_PERIOD,28.9,69.1,0.367
MET-SK-MANG-2022-12,SK-MANG,North Sikkim (Mangan),Sikkim,27.52,88.53,2022,12,61.5,74.2,20.7,36.1,0,DRY_PERIOD,23.0,73.7,0.789
MET-SK-MANG-2023-01,SK-MANG,North Sikkim (Mangan),Sikkim,27.52,88.53,2023,1,61.5,77.8,26.5,38.0,0,DRY_PERIOD,23.6,75.3,0.827
MET-SK-MANG-2023-02,SK-MANG,North Sikkim (Mangan),Sikkim,27.52,88.53,2023,2,61.5,79.7,29.6,50.9,0,DRY_PERIOD,22.0,68.4,0.847
MET-SK-MANG-2023-03,SK-MANG,North Sikkim (Mangan),Sikkim,27.52,88.53,2023,3,61.5,79.2,28.8,56.4,0,DRY_PERIOD,27.3,75.8,0.842
MET-SK-MANG-2023-04,SK-MANG,North Sikkim (Mangan),Sikkim,27.52,88.53,2023,4,246.0,309.5,25.8,149.0,0,HEAVY_MONSOON,25.7,81.6,0.823
MET-SK-MANG-2023-05,SK-MANG,North Sikkim (Mangan),Sikkim,27.52,88.53,2023,5,574.0,813.2,41.7,320.4,0,SEVERE_MONSOON_BURST,28.0,99.0,0.926
MET-SK-MANG-2023-06,SK-MANG,North Sikkim (Mangan),Sikkim,27.52,88.53,2023,6,902.0,835.2,-7.4,227.1,1,SEVERE_MONSOON_BURST,27.1,99.0,0.605
MET-SK-MANG-2023-07,SK-MANG,North Sikkim (Mangan),Sikkim,27.52,88.53,2023,7,902.0,1018.1,12.9,300.4,0,SEVERE_MONSOON_BURST,27.4,99.0,0.738
MET-SK-MANG-2023-08,SK-MANG,North Sikkim (Mangan),Sikkim,27.52,88.53,2023,8,902.0,646.3,-28.3,133.9,0,SEVERE_MONSOON_BURST,27.7,99.0,0.468
MET-SK-MANG-2023-09,SK-MANG,North Sikkim (Mangan),Sikkim,27.52,88.53,2023,9,574.0,628.6,9.5,261.0,0,SEVERE_MONSOON_BURST,27.9,99.0,0.716
MET-SK-MANG-2023-10,SK-MANG,North Sikkim (Mangan),Sikkim,27.52,88.53,2023,10,246.0,329.7,34.0,103.8,0,HEAVY_MONSOON,25.9,83.2,0.876
MET-SK-MANG-2023-11,SK-MANG,North Sikkim (Mangan),Sikkim,27.52,88.53,2023,11,61.5,70.9,15.3,44.3,0,DRY_PERIOD,28.5,64.7,0.754
MET-SK-MANG-2023-12,SK-MANG,North Sikkim (Mangan),Sikkim,27.52,88.53,2023,12,61.5,55.2,-10.2,28.0,0,DRY_PERIOD,23.9,67.1,0.587
MET-SK-MANG-2024-01,SK-MANG,North Sikkim (Mangan),Sikkim,27.52,88.53,2024,1,61.5,91.6,48.9,57.0,0,MODERATE_SHOWERS,22.1,70.4,0.974
MET-SK-MANG-2024-02,SK-MANG,North Sikkim (Mangan),Sikkim,27.52,88.53,2024,2,61.5,66.1,7.5,30.7,0,DRY_PERIOD,23.4,62.9,0.703
MET-SK-MANG-2024-03,SK-MANG,North Sikkim (Mangan),Sikkim,27.52,88.53,2024,3,61.5,74.8,21.6,41.1,0,DRY_PERIOD,27.9,62.4,0.795
MET-SK-MANG-2024-04,SK-MANG,North Sikkim (Mangan),Sikkim,27.52,88.53,2024,4,246.0,232.9,-5.3,97.5,0,MODERATE_SHOWERS,28.7,79.9,0.619
MET-SK-MANG-2024-05,SK-MANG,North Sikkim (Mangan),Sikkim,27.52,88.53,2024,5,574.0,701.6,22.2,171.7,0,SEVERE_MONSOON_BURST,25.3,99.0,0.799
MET-SK-MANG-2024-06,SK-MANG,North Sikkim (Mangan),Sikkim,27.52,88.53,2024,6,902.0,1053.4,16.8,234.4,1,SEVERE_MONSOON_BURST,28.0,99.0,0.764
MET-SK-MANG-2024-07,SK-MANG,North Sikkim (Mangan),Sikkim,27.52,88.53,2024,7,902.0,700.3,-22.4,297.4,0,SEVERE_MONSOON_BURST,25.8,99.0,0.508
MET-SK-MANG-2024-08,SK-MANG,North Sikkim (Mangan),Sikkim,27.52,88.53,2024,8,902.0,780.9,-13.4,285.2,0,SEVERE_MONSOON_BURST,27.1,99.0,0.566
MET-SK-MANG-2024-09,SK-MANG,North Sikkim (Mangan),Sikkim,27.52,88.53,2024,9,574.0,641.1,11.7,249.6,0,SEVERE_MONSOON_BURST,26.9,99.0,0.73
MET-SK-MANG-2024-10,SK-MANG,North Sikkim (Mangan),Sikkim,27.52,88.53,2024,10,246.0,316.0,28.5,110.5,0,HEAVY_MONSOON,25.3,83.4,0.84
MET-SK-MANG-2024-11,SK-MANG,North Sikkim (Mangan),Sikkim,27.52,88.53,2024,11,61.5,89.9,46.2,46.7,0,MODERATE_SHOWERS,27.5,69.1,0.956
MET-SK-MANG-2024-12,SK-MANG,North Sikkim (Mangan),Sikkim,27.52,88.53,2024,12,61.5,83.7,36.1,65.2,0,MODERATE_SHOWERS,23.2,74.0,0.89
MET-SK-MANG-2025-01,SK-MANG,North Sikkim (Mangan),Sikkim,27.52,88.53,2025,1,61.5,85.1,38.4,45.7,0,MODERATE_SHOWERS,22.7,70.4,0.905
MET-SK-MANG-2025-02,SK-MANG,North Sikkim (Mangan),Sikkim,27.52,88.53,2025,2,61.5,63.5,3.3,37.6,0,DRY_PERIOD,22.3,71.4,0.675
MET-SK-MANG-2025-03,SK-MANG,North Sikkim (Mangan),Sikkim,27.52,88.53,2025,3,61.5,61.7,0.3,48.0,0,DRY_PERIOD,28.0,68.8,0.656
MET-SK-MANG-2025-04,SK-MANG,North Sikkim (Mangan),Sikkim,27.52,88.53,2025,4,246.0,206.2,-16.2,143.9,0,MODERATE_SHOWERS,28.9,78.1,0.548
MET-SK-MANG-2025-05,SK-MANG,North Sikkim (Mangan),Sikkim,27.52,88.53,2025,5,574.0,502.7,-12.4,122.0,0,SEVERE_MONSOON_BURST,26.5,99.0,0.573
MET-SK-MANG-2025-06,SK-MANG,North Sikkim (Mangan),Sikkim,27.52,88.53,2025,6,902.0,1160.3,28.6,430.3,0,SEVERE_MONSOON_BURST,26.3,99.0,0.841
MET-SK-MANG-2025-07,SK-MANG,North Sikkim (Mangan),Sikkim,27.52,88.53,2025,7,902.0,742.2,-17.7,333.0,1,SEVERE_MONSOON_BURST,26.2,99.0,0.538
MET-SK-MANG-2025-08,SK-MANG,North Sikkim (Mangan),Sikkim,27.52,88.53,2025,8,902.0,1114.5,23.6,280.6,1,SEVERE_MONSOON_BURST,25.7,99.0,0.808
MET-SK-MANG-2025-09,SK-MANG,North Sikkim (Mangan),Sikkim,27.52,88.53,2025,9,574.0,541.0,-5.7,139.6,1,SEVERE_MONSOON_BURST,25.8,99.0,0.616
MET-SK-MANG-2025-10,SK-MANG,North Sikkim (Mangan),Sikkim,27.52,88.53,2025,10,246.0,176.4,-28.3,52.9,0,MODERATE_SHOWERS,28.8,81.5,0.469
MET-SK-MANG-2025-11,SK-MANG,North Sikkim (Mangan),Sikkim,27.52,88.53,2025,11,61.5,98.3,59.8,67.5,0,MODERATE_SHOWERS,27.0,75.2,1.0
MET-SK-MANG-2025-12,SK-MANG,North Sikkim (Mangan),Sikkim,27.52,88.53,2025,12,61.5,43.2,-29.8,26.4,0,DRY_PERIOD,22.5,68.0,0.459
MET-SK-MANG-2026-01,SK-MANG,North Sikkim (Mangan),Sikkim,27.52,88.53,2026,1,61.5,61.3,-0.3,38.1,0,DRY_PERIOD,21.5,62.1,0.652
MET-SK-MANG-2026-02,SK-MANG,North Sikkim (Mangan),Sikkim,27.52,88.53,2026,2,61.5,85.2,38.5,57.9,0,MODERATE_SHOWERS,21.2,76.3,0.906
MET-SK-MANG-2026-03,SK-MANG,North Sikkim (Mangan),Sikkim,27.52,88.53,2026,3,61.5,65.7,6.8,48.1,0,DRY_PERIOD,25.4,65.3,0.698
MET-SK-MANG-2026-04,SK-MANG,North Sikkim (Mangan),Sikkim,27.52,88.53,2026,4,246.0,293.1,19.1,153.7,0,SEVERE_MONSOON_BURST,27.7,82.2,0.779
MET-SK-MANG-2026-05,SK-MANG,North Sikkim (Mangan),Sikkim,27.52,88.53,2026,5,574.0,654.3,14.0,175.7,0,SEVERE_MONSOON_BURST,28.5,99.0,0.745
MET-SK-MANG-2026-06,SK-MANG,North Sikkim (Mangan),Sikkim,27.52,88.53,2026,6,902.0,1085.7,20.4,217.7,0,SEVERE_MONSOON_BURST,25.3,99.0,0.787
MET-SK-MANG-2026-07,SK-MANG,North Sikkim (Mangan),Sikkim,27.52,88.53,2026,7,902.0,1160.8,28.7,369.9,0,SEVERE_MONSOON_BURST,28.7,99.0,0.841
MET-SK-MANG-2026-08,SK-MANG,North Sikkim (Mangan),Sikkim,27.52,88.53,2026,8,902.0,820.6,-9.0,321.5,1,SEVERE_MONSOON_BURST,28.6,99.0,0.595
MET-SK-MANG-2026-09,SK-MANG,North Sikkim (Mangan),Sikkim,27.52,88.53,2026,9,574.0,732.5,27.6,224.6,0,SEVERE_MONSOON_BURST,28.2,99.0,0.834
MET-SK-MANG-2026-10,SK-MANG,North Sikkim (Mangan),Sikkim,27.52,88.53,2026,10,246.0,287.6,16.9,62.6,0,HEAVY_MONSOON,25.3,81.8,0.764
MET-SK-MANG-2026-11,SK-MANG,North Sikkim (Mangan),Sikkim,27.52,88.53,2026,11,61.5,88.1,43.3,36.3,0,MODERATE_SHOWERS,25.2,71.7,0.937
MET-SK-MANG-2026-12,SK-MANG,North Sikkim (Mangan),Sikkim,27.52,88.53,2026,12,61.5,63.3,2.9,27.0,0,DRY_PERIOD,22.9,73.9,0.673
MET-SK-NAM-2015-01,SK-NAM,South Sikkim (Namchi),Sikkim,27.17,88.35,2015,1,39.0,56.9,45.9,29.3,0,DRY_PERIOD,22.3,72.8,0.954
MET-SK-NAM-2015-02,SK-NAM,South Sikkim (Namchi),Sikkim,27.17,88.35,2015,2,39.0,60.0,53.8,37.4,0,DRY_PERIOD,23.1,67.5,1.0
MET-SK-NAM-2015-03,SK-NAM,South Sikkim (Namchi),Sikkim,27.17,88.35,2015,3,39.0,69.7,78.7,44.4,0,DRY_PERIOD,25.8,64.6,1.0
MET-SK-NAM-2015-04,SK-NAM,South Sikkim (Namchi),Sikkim,27.17,88.35,2015,4,156.0,156.0,0.0,96.8,0,MODERATE_SHOWERS,25.0,67.9,0.654
MET-SK-NAM-2015-05,SK-NAM,South Sikkim (Namchi),Sikkim,27.17,88.35,2015,5,364.0,378.3,3.9,97.7,0,HEAVY_MONSOON,27.8,90.0,0.68
MET-SK-NAM-2015-06,SK-NAM,South Sikkim (Namchi),Sikkim,27.17,88.35,2015,6,572.0,679.8,18.8,237.6,0,SEVERE_MONSOON_BURST,28.4,99.0,0.777
MET-SK-NAM-2015-07,SK-NAM,South Sikkim (Namchi),Sikkim,27.17,88.35,2015,7,572.0,429.7,-24.9,114.2,0,HEAVY_MONSOON,26.7,89.6,0.491
MET-SK-NAM-2015-08,SK-NAM,South Sikkim (Namchi),Sikkim,27.17,88.35,2015,8,572.0,442.3,-22.7,96.3,0,HEAVY_MONSOON,25.0,99.0,0.506
MET-SK-NAM-2015-09,SK-NAM,South Sikkim (Namchi),Sikkim,27.17,88.35,2015,9,364.0,250.2,-31.3,71.6,0,HEAVY_MONSOON,27.9,75.7,0.449
MET-SK-NAM-2015-10,SK-NAM,South Sikkim (Namchi),Sikkim,27.17,88.35,2015,10,156.0,155.1,-0.6,61.5,0,MODERATE_SHOWERS,26.3,79.1,0.65
MET-SK-NAM-2015-11,SK-NAM,South Sikkim (Namchi),Sikkim,27.17,88.35,2015,11,39.0,33.2,-14.9,25.0,0,DRY_PERIOD,27.9,57.8,0.557
MET-SK-NAM-2015-12,SK-NAM,South Sikkim (Namchi),Sikkim,27.17,88.35,2015,12,39.0,24.9,-36.2,19.6,0,DRY_PERIOD,21.3,61.7,0.417
MET-SK-NAM-2016-01,SK-NAM,South Sikkim (Namchi),Sikkim,27.17,88.35,2016,1,39.0,48.1,23.3,23.8,0,DRY_PERIOD,24.6,69.7,0.806
MET-SK-NAM-2016-02,SK-NAM,South Sikkim (Namchi),Sikkim,27.17,88.35,2016,2,39.0,63.0,61.5,33.0,0,DRY_PERIOD,21.2,64.3,1.0
MET-SK-NAM-2016-03,SK-NAM,South Sikkim (Namchi),Sikkim,27.17,88.35,2016,3,39.0,43.9,12.6,31.9,0,DRY_PERIOD,26.5,66.2,0.736
MET-SK-NAM-2016-04,SK-NAM,South Sikkim (Namchi),Sikkim,27.17,88.35,2016,4,156.0,118.1,-24.3,57.1,0,MODERATE_SHOWERS,28.2,66.4,0.495
MET-SK-NAM-2016-05,SK-NAM,South Sikkim (Namchi),Sikkim,27.17,88.35,2016,5,364.0,362.8,-0.3,100.0,0,HEAVY_MONSOON,28.8,96.6,0.652
MET-SK-NAM-2016-06,SK-NAM,South Sikkim (Namchi),Sikkim,27.17,88.35,2016,6,572.0,639.3,11.8,268.3,1,SEVERE_MONSOON_BURST,26.1,99.0,0.731
MET-SK-NAM-2016-07,SK-NAM,South Sikkim (Namchi),Sikkim,27.17,88.35,2016,7,572.0,485.2,-15.2,192.0,0,SEVERE_MONSOON_BURST,27.2,99.0,0.555
MET-SK-NAM-2016-08,SK-NAM,South Sikkim (Namchi),Sikkim,27.17,88.35,2016,8,572.0,585.0,2.3,255.0,1,SEVERE_MONSOON_BURST,25.1,99.0,0.669
MET-SK-NAM-2016-09,SK-NAM,South Sikkim (Namchi),Sikkim,27.17,88.35,2016,9,364.0,394.3,8.3,169.0,1,SEVERE_MONSOON_BURST,25.6,99.0,0.708
MET-SK-NAM-2016-10,SK-NAM,South Sikkim (Namchi),Sikkim,27.17,88.35,2016,10,156.0,196.1,25.7,52.1,0,MODERATE_SHOWERS,26.6,79.3,0.822
MET-SK-NAM-2016-11,SK-NAM,South Sikkim (Namchi),Sikkim,27.17,88.35,2016,11,39.0,44.9,15.1,35.3,0,DRY_PERIOD,28.2,61.2,0.753
MET-SK-NAM-2016-12,SK-NAM,South Sikkim (Namchi),Sikkim,27.17,88.35,2016,12,39.0,22.1,-43.3,15.5,0,DRY_PERIOD,23.7,62.5,0.371
MET-SK-NAM-2017-01,SK-NAM,South Sikkim (Namchi),Sikkim,27.17,88.35,2017,1,39.0,54.1,38.7,30.6,0,DRY_PERIOD,23.0,71.6,0.907
MET-SK-NAM-2017-02,SK-NAM,South Sikkim (Namchi),Sikkim,27.17,88.35,2017,2,39.0,61.8,58.5,26.2,0,DRY_PERIOD,22.9,64.1,1.0
MET-SK-NAM-2017-03,SK-NAM,South Sikkim (Namchi),Sikkim,27.17,88.35,2017,3,39.0,29.4,-24.6,20.9,0,DRY_PERIOD,28.8,61.1,0.493
MET-SK-NAM-2017-04,SK-NAM,South Sikkim (Namchi),Sikkim,27.17,88.35,2017,4,156.0,128.5,-17.6,97.8,0,MODERATE_SHOWERS,26.1,79.2,0.539
MET-SK-NAM-2017-05,SK-NAM,South Sikkim (Namchi),Sikkim,27.17,88.35,2017,5,364.0,466.7,28.2,196.2,0,SEVERE_MONSOON_BURST,26.9,93.5,0.838
MET-SK-NAM-2017-06,SK-NAM,South Sikkim (Namchi),Sikkim,27.17,88.35,2017,6,572.0,508.3,-11.1,145.3,1,SEVERE_MONSOON_BURST,25.6,99.0,0.581
MET-SK-NAM-2017-07,SK-NAM,South Sikkim (Namchi),Sikkim,27.17,88.35,2017,7,572.0,617.9,8.0,176.2,0,SEVERE_MONSOON_BURST,26.0,99.0,0.706
MET-SK-NAM-2017-08,SK-NAM,South Sikkim (Namchi),Sikkim,27.17,88.35,2017,8,572.0,733.2,28.2,180.4,1,SEVERE_MONSOON_BURST,27.0,99.0,0.838
MET-SK-NAM-2017-09,SK-NAM,South Sikkim (Namchi),Sikkim,27.17,88.35,2017,9,364.0,319.0,-12.4,71.2,0,HEAVY_MONSOON,26.9,87.4,0.573
MET-SK-NAM-2017-10,SK-NAM,South Sikkim (Namchi),Sikkim,27.17,88.35,2017,10,156.0,138.1,-11.5,30.2,0,MODERATE_SHOWERS,26.0,67.9,0.579
MET-SK-NAM-2017-11,SK-NAM,South Sikkim (Namchi),Sikkim,27.17,88.35,2017,11,39.0,52.6,34.9,32.3,0,DRY_PERIOD,28.9,63.0,0.882
MET-SK-NAM-2017-12,SK-NAM,South Sikkim (Namchi),Sikkim,27.17,88.35,2017,12,39.0,48.3,23.8,32.2,0,DRY_PERIOD,22.4,60.0,0.81
MET-SK-NAM-2018-01,SK-NAM,South Sikkim (Namchi),Sikkim,27.17,88.35,2018,1,39.0,60.2,54.4,27.5,0,DRY_PERIOD,23.8,66.8,1.0
MET-SK-NAM-2018-02,SK-NAM,South Sikkim (Namchi),Sikkim,27.17,88.35,2018,2,39.0,20.4,-47.7,9.2,0,DRY_PERIOD,21.4,69.3,0.342
MET-SK-NAM-2018-03,SK-NAM,South Sikkim (Namchi),Sikkim,27.17,88.35,2018,3,39.0,67.3,72.6,52.7,0,DRY_PERIOD,27.5,75.1,1.0
MET-SK-NAM-2018-04,SK-NAM,South Sikkim (Namchi),Sikkim,27.17,88.35,2018,4,156.0,179.6,15.1,117.2,0,MODERATE_SHOWERS,27.4,72.9,0.753
MET-SK-NAM-2018-05,SK-NAM,South Sikkim (Namchi),Sikkim,27.17,88.35,2018,5,364.0,236.8,-34.9,97.0,0,MODERATE_SHOWERS,27.9,83.1,0.425
MET-SK-NAM-2018-06,SK-NAM,South Sikkim (Namchi),Sikkim,27.17,88.35,2018,6,572.0,721.7,26.2,267.7,0,SEVERE_MONSOON_BURST,28.3,99.0,0.825
MET-SK-NAM-2018-07,SK-NAM,South Sikkim (Namchi),Sikkim,27.17,88.35,2018,7,572.0,644.1,12.6,281.1,1,SEVERE_MONSOON_BURST,26.1,99.0,0.736
MET-SK-NAM-2018-08,SK-NAM,South Sikkim (Namchi),Sikkim,27.17,88.35,2018,8,572.0,786.8,37.6,192.2,1,SEVERE_MONSOON_BURST,28.4,99.0,0.899
MET-SK-NAM-2018-09,SK-NAM,South Sikkim (Namchi),Sikkim,27.17,88.35,2018,9,364.0,284.5,-21.8,76.3,0,HEAVY_MONSOON,27.1,79.6,0.511
MET-SK-NAM-2018-10,SK-NAM,South Sikkim (Namchi),Sikkim,27.17,88.35,2018,10,156.0,127.8,-18.1,51.5,0,MODERATE_SHOWERS,28.0,67.6,0.536
MET-SK-NAM-2018-11,SK-NAM,South Sikkim (Namchi),Sikkim,27.17,88.35,2018,11,39.0,34.4,-11.8,15.3,0,DRY_PERIOD,26.5,58.6,0.577
MET-SK-NAM-2018-12,SK-NAM,South Sikkim (Namchi),Sikkim,27.17,88.35,2018,12,39.0,47.7,22.3,33.7,0,DRY_PERIOD,22.1,68.8,0.8
MET-SK-NAM-2019-01,SK-NAM,South Sikkim (Namchi),Sikkim,27.17,88.35,2019,1,39.0,55.5,42.3,42.2,0,DRY_PERIOD,22.7,72.9,0.93
MET-SK-NAM-2019-02,SK-NAM,South Sikkim (Namchi),Sikkim,27.17,88.35,2019,2,39.0,53.8,37.9,34.4,0,DRY_PERIOD,24.4,69.1,0.902
MET-SK-NAM-2019-03,SK-NAM,South Sikkim (Namchi),Sikkim,27.17,88.35,2019,3,39.0,47.6,22.1,35.3,0,DRY_PERIOD,26.8,67.4,0.798
MET-SK-NAM-2019-04,SK-NAM,South Sikkim (Namchi),Sikkim,27.17,88.35,2019,4,156.0,213.2,36.7,154.7,0,SEVERE_MONSOON_BURST,27.5,82.9,0.894
MET-SK-NAM-2019-05,SK-NAM,South Sikkim (Namchi),Sikkim,27.17,88.35,2019,5,364.0,323.7,-11.1,138.1,0,HEAVY_MONSOON,26.5,89.3,0.581
MET-SK-NAM-2019-06,SK-NAM,South Sikkim (Namchi),Sikkim,27.17,88.35,2019,6,572.0,495.2,-13.4,120.9,0,HEAVY_MONSOON,26.3,99.0,0.566
MET-SK-NAM-2019-07,SK-NAM,South Sikkim (Namchi),Sikkim,27.17,88.35,2019,7,572.0,516.2,-9.8,159.8,0,SEVERE_MONSOON_BURST,27.8,99.0,0.59
MET-SK-NAM-2019-08,SK-NAM,South Sikkim (Namchi),Sikkim,27.17,88.35,2019,8,572.0,693.9,21.3,142.5,0,SEVERE_MONSOON_BURST,27.8,99.0,0.793
MET-SK-NAM-2019-09,SK-NAM,South Sikkim (Namchi),Sikkim,27.17,88.35,2019,9,364.0,406.7,11.7,84.1,0,HEAVY_MONSOON,28.8,90.4,0.731
MET-SK-NAM-2019-10,SK-NAM,South Sikkim (Namchi),Sikkim,27.17,88.35,2019,10,156.0,218.2,39.9,94.9,0,MODERATE_SHOWERS,27.5,79.9,0.915
MET-SK-NAM-2019-11,SK-NAM,South Sikkim (Namchi),Sikkim,27.17,88.35,2019,11,39.0,47.4,21.5,32.1,0,DRY_PERIOD,28.6,67.5,0.795
MET-SK-NAM-2019-12,SK-NAM,South Sikkim (Namchi),Sikkim,27.17,88.35,2019,12,39.0,49.0,25.6,36.6,0,DRY_PERIOD,22.9,61.3,0.821
MET-SK-NAM-2020-01,SK-NAM,South Sikkim (Namchi),Sikkim,27.17,88.35,2020,1,39.0,49.1,25.9,38.5,0,DRY_PERIOD,22.4,71.8,0.823
MET-SK-NAM-2020-02,SK-NAM,South Sikkim (Namchi),Sikkim,27.17,88.35,2020,2,39.0,31.5,-19.2,17.7,0,DRY_PERIOD,25.0,61.5,0.528
MET-SK-NAM-2020-03,SK-NAM,South Sikkim (Namchi),Sikkim,27.17,88.35,2020,3,39.0,43.4,11.3,17.8,0,DRY_PERIOD,26.2,72.8,0.728
MET-SK-NAM-2020-04,SK-NAM,South Sikkim (Namchi),Sikkim,27.17,88.35,2020,4,156.0,192.6,23.5,118.3,0,MODERATE_SHOWERS,25.2,73.6,0.807
MET-SK-NAM-2020-05,SK-NAM,South Sikkim (Namchi),Sikkim,27.17,88.35,2020,5,364.0,475.9,30.7,162.9,0,SEVERE_MONSOON_BURST,27.4,97.2,0.855
MET-SK-NAM-2020-06,SK-NAM,South Sikkim (Namchi),Sikkim,27.17,88.35,2020,6,572.0,454.8,-20.5,123.2,0,HEAVY_MONSOON,26.8,99.0,0.52
MET-SK-NAM-2020-07,SK-NAM,South Sikkim (Namchi),Sikkim,27.17,88.35,2020,7,572.0,608.8,6.4,122.9,0,SEVERE_MONSOON_BURST,27.9,99.0,0.696
MET-SK-NAM-2020-08,SK-NAM,South Sikkim (Namchi),Sikkim,27.17,88.35,2020,8,572.0,634.3,10.9,244.5,1,SEVERE_MONSOON_BURST,25.8,99.0,0.725
MET-SK-NAM-2020-09,SK-NAM,South Sikkim (Namchi),Sikkim,27.17,88.35,2020,9,364.0,432.4,18.8,156.0,1,SEVERE_MONSOON_BURST,28.6,99.0,0.777
MET-SK-NAM-2020-10,SK-NAM,South Sikkim (Namchi),Sikkim,27.17,88.35,2020,10,156.0,140.9,-9.7,36.9,0,MODERATE_SHOWERS,28.0,67.2,0.591
MET-SK-NAM-2020-11,SK-NAM,South Sikkim (Namchi),Sikkim,27.17,88.35,2020,11,39.0,18.3,-53.1,7.7,0,DRY_PERIOD,25.5,64.7,0.307
MET-SK-NAM-2020-12,SK-NAM,South Sikkim (Namchi),Sikkim,27.17,88.35,2020,12,39.0,41.7,6.9,17.6,0,DRY_PERIOD,21.1,70.7,0.699
MET-SK-NAM-2021-01,SK-NAM,South Sikkim (Namchi),Sikkim,27.17,88.35,2021,1,39.0,64.2,64.6,36.1,0,DRY_PERIOD,22.3,74.4,1.0
MET-SK-NAM-2021-02,SK-NAM,South Sikkim (Namchi),Sikkim,27.17,88.35,2021,2,39.0,35.0,-10.3,16.7,0,DRY_PERIOD,24.5,63.1,0.587
MET-SK-NAM-2021-03,SK-NAM,South Sikkim (Namchi),Sikkim,27.17,88.35,2021,3,39.0,32.3,-17.2,17.0,0,DRY_PERIOD,26.6,62.6,0.542
MET-SK-NAM-2021-04,SK-NAM,South Sikkim (Namchi),Sikkim,27.17,88.35,2021,4,156.0,224.5,43.9,163.2,0,SEVERE_MONSOON_BURST,26.7,78.9,0.941
MET-SK-NAM-2021-05,SK-NAM,South Sikkim (Namchi),Sikkim,27.17,88.35,2021,5,364.0,510.6,40.3,128.1,1,SEVERE_MONSOON_BURST,27.9,99.0,0.917
MET-SK-NAM-2021-06,SK-NAM,South Sikkim (Namchi),Sikkim,27.17,88.35,2021,6,572.0,635.7,11.1,237.1,1,SEVERE_MONSOON_BURST,25.7,99.0,0.727
MET-SK-NAM-2021-07,SK-NAM,South Sikkim (Namchi),Sikkim,27.17,88.35,2021,7,572.0,530.4,-7.3,140.8,1,SEVERE_MONSOON_BURST,28.8,99.0,0.606
MET-SK-NAM-2021-08,SK-NAM,South Sikkim (Namchi),Sikkim,27.17,88.35,2021,8,572.0,689.3,20.5,148.6,1,SEVERE_MONSOON_BURST,28.4,99.0,0.788
MET-SK-NAM-2021-09,SK-NAM,South Sikkim (Namchi),Sikkim,27.17,88.35,2021,9,364.0,452.8,24.4,188.1,0,SEVERE_MONSOON_BURST,28.2,98.4,0.813
MET-SK-NAM-2021-10,SK-NAM,South Sikkim (Namchi),Sikkim,27.17,88.35,2021,10,156.0,215.8,38.3,86.9,0,MODERATE_SHOWERS,25.3,73.6,0.904
MET-SK-NAM-2021-11,SK-NAM,South Sikkim (Namchi),Sikkim,27.17,88.35,2021,11,39.0,49.5,26.9,20.1,0,DRY_PERIOD,25.2,64.8,0.83
MET-SK-NAM-2021-12,SK-NAM,South Sikkim (Namchi),Sikkim,27.17,88.35,2021,12,39.0,37.7,-3.3,22.9,0,DRY_PERIOD,23.8,71.7,0.632
MET-SK-NAM-2022-01,SK-NAM,South Sikkim (Namchi),Sikkim,27.17,88.35,2022,1,39.0,47.4,21.5,32.8,0,DRY_PERIOD,21.3,62.7,0.795
MET-SK-NAM-2022-02,SK-NAM,South Sikkim (Namchi),Sikkim,27.17,88.35,2022,2,39.0,60.2,54.4,28.4,0,DRY_PERIOD,21.3,62.4,1.0
MET-SK-NAM-2022-03,SK-NAM,South Sikkim (Namchi),Sikkim,27.17,88.35,2022,3,39.0,28.9,-25.9,11.8,0,DRY_PERIOD,26.9,66.8,0.485
MET-SK-NAM-2022-04,SK-NAM,South Sikkim (Namchi),Sikkim,27.17,88.35,2022,4,156.0,126.8,-18.7,80.9,0,MODERATE_SHOWERS,27.0,78.8,0.531
MET-SK-NAM-2022-05,SK-NAM,South Sikkim (Namchi),Sikkim,27.17,88.35,2022,5,364.0,360.7,-0.9,149.5,1,HEAVY_MONSOON,25.7,95.1,0.648
MET-SK-NAM-2022-06,SK-NAM,South Sikkim (Namchi),Sikkim,27.17,88.35,2022,6,572.0,761.8,33.2,279.2,1,SEVERE_MONSOON_BURST,27.4,99.0,0.871
MET-SK-NAM-2022-07,SK-NAM,South Sikkim (Namchi),Sikkim,27.17,88.35,2022,7,572.0,535.7,-6.3,179.7,0,SEVERE_MONSOON_BURST,25.8,99.0,0.612
MET-SK-NAM-2022-08,SK-NAM,South Sikkim (Namchi),Sikkim,27.17,88.35,2022,8,572.0,481.6,-15.8,101.2,0,HEAVY_MONSOON,25.8,99.0,0.551
MET-SK-NAM-2022-09,SK-NAM,South Sikkim (Namchi),Sikkim,27.17,88.35,2022,9,364.0,374.8,3.0,153.8,1,SEVERE_MONSOON_BURST,28.5,94.4,0.673
MET-SK-NAM-2022-10,SK-NAM,South Sikkim (Namchi),Sikkim,27.17,88.35,2022,10,156.0,174.5,11.9,75.0,0,MODERATE_SHOWERS,27.4,78.4,0.731
MET-SK-NAM-2022-11,SK-NAM,South Sikkim (Namchi),Sikkim,27.17,88.35,2022,11,39.0,42.8,9.7,25.1,0,DRY_PERIOD,26.4,59.5,0.718
MET-SK-NAM-2022-12,SK-NAM,South Sikkim (Namchi),Sikkim,27.17,88.35,2022,12,39.0,46.9,20.3,27.6,0,DRY_PERIOD,22.8,63.3,0.786
MET-SK-NAM-2023-01,SK-NAM,South Sikkim (Namchi),Sikkim,27.17,88.35,2023,1,39.0,27.2,-30.3,20.2,0,DRY_PERIOD,23.3,63.9,0.456
MET-SK-NAM-2023-02,SK-NAM,South Sikkim (Namchi),Sikkim,27.17,88.35,2023,2,39.0,34.1,-12.6,16.7,0,DRY_PERIOD,22.6,69.3,0.572
MET-SK-NAM-2023-03,SK-NAM,South Sikkim (Namchi),Sikkim,27.17,88.35,2023,3,39.0,46.4,19.0,21.7,0,DRY_PERIOD,28.8,66.1,0.778
MET-SK-NAM-2023-04,SK-NAM,South Sikkim (Namchi),Sikkim,27.17,88.35,2023,4,156.0,136.8,-12.3,84.2,0,MODERATE_SHOWERS,28.6,68.5,0.573
MET-SK-NAM-2023-05,SK-NAM,South Sikkim (Namchi),Sikkim,27.17,88.35,2023,5,364.0,354.4,-2.6,104.6,0,HEAVY_MONSOON,26.9,84.6,0.637
MET-SK-NAM-2023-06,SK-NAM,South Sikkim (Namchi),Sikkim,27.17,88.35,2023,6,572.0,564.3,-1.3,173.6,0,SEVERE_MONSOON_BURST,27.2,99.0,0.645
MET-SK-NAM-2023-07,SK-NAM,South Sikkim (Namchi),Sikkim,27.17,88.35,2023,7,572.0,388.4,-32.1,93.8,0,HEAVY_MONSOON,27.0,92.4,0.444
MET-SK-NAM-2023-08,SK-NAM,South Sikkim (Namchi),Sikkim,27.17,88.35,2023,8,572.0,399.1,-30.2,121.2,0,HEAVY_MONSOON,28.7,99.0,0.456
MET-SK-NAM-2023-09,SK-NAM,South Sikkim (Namchi),Sikkim,27.17,88.35,2023,9,364.0,249.1,-31.6,61.6,0,MODERATE_SHOWERS,27.2,85.3,0.447
MET-SK-NAM-2023-10,SK-NAM,South Sikkim (Namchi),Sikkim,27.17,88.35,2023,10,156.0,178.8,14.6,52.5,0,MODERATE_SHOWERS,28.8,78.1,0.749
MET-SK-NAM-2023-11,SK-NAM,South Sikkim (Namchi),Sikkim,27.17,88.35,2023,11,39.0,43.8,12.3,23.3,0,DRY_PERIOD,26.2,68.8,0.734
MET-SK-NAM-2023-12,SK-NAM,South Sikkim (Namchi),Sikkim,27.17,88.35,2023,12,39.0,33.6,-13.8,15.2,0,DRY_PERIOD,21.4,66.8,0.563
MET-SK-NAM-2024-01,SK-NAM,South Sikkim (Namchi),Sikkim,27.17,88.35,2024,1,39.0,36.5,-6.4,19.7,0,DRY_PERIOD,24.2,58.5,0.612
MET-SK-NAM-2024-02,SK-NAM,South Sikkim (Namchi),Sikkim,27.17,88.35,2024,2,39.0,68.4,75.4,36.7,0,DRY_PERIOD,21.2,73.4,1.0
MET-SK-NAM-2024-03,SK-NAM,South Sikkim (Namchi),Sikkim,27.17,88.35,2024,3,39.0,79.9,104.9,55.0,0,DRY_PERIOD,28.9,66.4,1.0
MET-SK-NAM-2024-04,SK-NAM,South Sikkim (Namchi),Sikkim,27.17,88.35,2024,4,156.0,224.3,43.8,131.0,1,MODERATE_SHOWERS,26.1,86.7,0.94
MET-SK-NAM-2024-05,SK-NAM,South Sikkim (Namchi),Sikkim,27.17,88.35,2024,5,364.0,348.6,-4.2,135.2,0,HEAVY_MONSOON,25.7,88.2,0.626
MET-SK-NAM-2024-06,SK-NAM,South Sikkim (Namchi),Sikkim,27.17,88.35,2024,6,572.0,624.0,9.1,236.0,1,SEVERE_MONSOON_BURST,25.5,99.0,0.713
MET-SK-NAM-2024-07,SK-NAM,South Sikkim (Namchi),Sikkim,27.17,88.35,2024,7,572.0,736.3,28.7,296.7,1,SEVERE_MONSOON_BURST,27.6,99.0,0.842
MET-SK-NAM-2024-08,SK-NAM,South Sikkim (Namchi),Sikkim,27.17,88.35,2024,8,572.0,506.9,-11.4,224.5,0,SEVERE_MONSOON_BURST,26.9,99.0,0.579
MET-SK-NAM-2024-09,SK-NAM,South Sikkim (Namchi),Sikkim,27.17,88.35,2024,9,364.0,362.9,-0.3,153.0,0,SEVERE_MONSOON_BURST,28.1,86.3,0.652
MET-SK-NAM-2024-10,SK-NAM,South Sikkim (Namchi),Sikkim,27.17,88.35,2024,10,156.0,220.7,41.5,67.3,0,MODERATE_SHOWERS,25.5,80.1,0.925
MET-SK-NAM-2024-11,SK-NAM,South Sikkim (Namchi),Sikkim,27.17,88.35,2024,11,39.0,63.1,61.8,32.8,0,DRY_PERIOD,26.9,62.8,1.0
MET-SK-NAM-2024-12,SK-NAM,South Sikkim (Namchi),Sikkim,27.17,88.35,2024,12,39.0,48.8,25.1,32.7,0,DRY_PERIOD,22.3,69.6,0.818
MET-SK-NAM-2025-01,SK-NAM,South Sikkim (Namchi),Sikkim,27.17,88.35,2025,1,39.0,39.3,0.8,28.5,0,DRY_PERIOD,22.3,60.6,0.659
MET-SK-NAM-2025-02,SK-NAM,South Sikkim (Namchi),Sikkim,27.17,88.35,2025,2,39.0,65.4,67.7,31.4,0,DRY_PERIOD,24.7,74.8,1.0
MET-SK-NAM-2025-03,SK-NAM,South Sikkim (Namchi),Sikkim,27.17,88.35,2025,3,39.0,60.8,55.9,47.5,0,DRY_PERIOD,25.8,69.8,1.0
MET-SK-NAM-2025-04,SK-NAM,South Sikkim (Namchi),Sikkim,27.17,88.35,2025,4,156.0,194.3,24.6,114.7,0,MODERATE_SHOWERS,25.0,76.7,0.814
MET-SK-NAM-2025-05,SK-NAM,South Sikkim (Namchi),Sikkim,27.17,88.35,2025,5,364.0,335.6,-7.8,109.2,0,HEAVY_MONSOON,25.3,88.4,0.603
MET-SK-NAM-2025-06,SK-NAM,South Sikkim (Namchi),Sikkim,27.17,88.35,2025,6,572.0,607.7,6.2,113.5,0,SEVERE_MONSOON_BURST,28.9,99.0,0.695
MET-SK-NAM-2025-07,SK-NAM,South Sikkim (Namchi),Sikkim,27.17,88.35,2025,7,572.0,392.5,-31.4,150.7,0,SEVERE_MONSOON_BURST,27.3,92.6,0.449
MET-SK-NAM-2025-08,SK-NAM,South Sikkim (Namchi),Sikkim,27.17,88.35,2025,8,572.0,554.5,-3.1,121.4,0,SEVERE_MONSOON_BURST,27.9,99.0,0.634
MET-SK-NAM-2025-09,SK-NAM,South Sikkim (Namchi),Sikkim,27.17,88.35,2025,9,364.0,375.3,3.1,131.8,0,HEAVY_MONSOON,27.4,93.2,0.674
MET-SK-NAM-2025-10,SK-NAM,South Sikkim (Namchi),Sikkim,27.17,88.35,2025,10,156.0,172.3,10.4,46.9,0,MODERATE_SHOWERS,25.1,75.9,0.722
MET-SK-NAM-2025-11,SK-NAM,South Sikkim (Namchi),Sikkim,27.17,88.35,2025,11,39.0,60.3,54.6,25.4,0,DRY_PERIOD,28.6,63.4,1.0
MET-SK-NAM-2025-12,SK-NAM,South Sikkim (Namchi),Sikkim,27.17,88.35,2025,12,39.0,59.8,53.3,44.9,0,DRY_PERIOD,25.0,73.7,1.0
MET-SK-NAM-2026-01,SK-NAM,South Sikkim (Namchi),Sikkim,27.17,88.35,2026,1,39.0,26.2,-32.8,20.2,0,DRY_PERIOD,23.7,61.8,0.439
MET-SK-NAM-2026-02,SK-NAM,South Sikkim (Namchi),Sikkim,27.17,88.35,2026,2,39.0,66.4,70.3,45.8,0,DRY_PERIOD,24.1,74.7,1.0
MET-SK-NAM-2026-03,SK-NAM,South Sikkim (Namchi),Sikkim,27.17,88.35,2026,3,39.0,45.0,15.4,18.4,0,DRY_PERIOD,25.0,67.4,0.754
MET-SK-NAM-2026-04,SK-NAM,South Sikkim (Namchi),Sikkim,27.17,88.35,2026,4,156.0,203.2,30.3,135.6,0,MODERATE_SHOWERS,27.3,81.5,0.852
MET-SK-NAM-2026-05,SK-NAM,South Sikkim (Namchi),Sikkim,27.17,88.35,2026,5,364.0,262.2,-28.0,113.9,0,HEAVY_MONSOON,27.0,80.6,0.471
MET-SK-NAM-2026-06,SK-NAM,South Sikkim (Namchi),Sikkim,27.17,88.35,2026,6,572.0,505.8,-11.6,99.3,0,SEVERE_MONSOON_BURST,28.2,96.9,0.578
MET-SK-NAM-2026-07,SK-NAM,South Sikkim (Namchi),Sikkim,27.17,88.35,2026,7,572.0,525.0,-8.2,206.1,0,SEVERE_MONSOON_BURST,27.0,99.0,0.6
MET-SK-NAM-2026-08,SK-NAM,South Sikkim (Namchi),Sikkim,27.17,88.35,2026,8,572.0,434.6,-24.0,112.2,0,HEAVY_MONSOON,26.7,92.9,0.497
MET-SK-NAM-2026-09,SK-NAM,South Sikkim (Namchi),Sikkim,27.17,88.35,2026,9,364.0,323.9,-11.0,134.5,1,HEAVY_MONSOON,28.3,81.3,0.582
MET-SK-NAM-2026-10,SK-NAM,South Sikkim (Namchi),Sikkim,27.17,88.35,2026,10,156.0,174.7,12.0,46.1,0,MODERATE_SHOWERS,27.9,80.9,0.732
MET-SK-NAM-2026-11,SK-NAM,South Sikkim (Namchi),Sikkim,27.17,88.35,2026,11,39.0,38.6,-1.0,17.7,0,DRY_PERIOD,26.2,61.9,0.647
MET-SK-NAM-2026-12,SK-NAM,South Sikkim (Namchi),Sikkim,27.17,88.35,2026,12,39.0,61.1,56.7,24.8,0,DRY_PERIOD,22.3,67.5,1.0
MET-NL-KOH-2015-01,NL-KOH,Kohima,Nagaland,25.67,94.1,2015,1,30.8,29.3,-4.9,16.3,0,DRY_PERIOD,22.7,71.0,0.498
MET-NL-KOH-2015-02,NL-KOH,Kohima,Nagaland,25.67,94.1,2015,2,30.8,44.0,42.9,31.8,0,DRY_PERIOD,23.9,60.3,0.748
MET-NL-KOH-2015-03,NL-KOH,Kohima,Nagaland,25.67,94.1,2015,3,30.8,53.3,73.1,37.3,0,DRY_PERIOD,27.9,70.3,0.906
MET-NL-KOH-2015-04,NL-KOH,Kohima,Nagaland,25.67,94.1,2015,4,123.0,100.9,-18.0,67.9,0,MODERATE_SHOWERS,27.6,77.4,0.536
MET-NL-KOH-2015-05,NL-KOH,Kohima,Nagaland,25.67,94.1,2015,5,287.0,382.2,33.2,92.9,0,HEAVY_MONSOON,28.0,86.6,0.871
MET-NL-KOH-2015-06,NL-KOH,Kohima,Nagaland,25.67,94.1,2015,6,451.0,329.9,-26.9,63.8,0,HEAVY_MONSOON,25.7,84.0,0.478
MET-NL-KOH-2015-07,NL-KOH,Kohima,Nagaland,25.67,94.1,2015,7,451.0,460.4,2.1,191.4,0,SEVERE_MONSOON_BURST,27.6,99.0,0.667
MET-NL-KOH-2015-08,NL-KOH,Kohima,Nagaland,25.67,94.1,2015,8,451.0,624.9,38.6,121.5,0,SEVERE_MONSOON_BURST,27.9,99.0,0.906
MET-NL-KOH-2015-09,NL-KOH,Kohima,Nagaland,25.67,94.1,2015,9,287.0,289.9,1.0,67.6,0,HEAVY_MONSOON,28.0,87.4,0.66
MET-NL-KOH-2015-10,NL-KOH,Kohima,Nagaland,25.67,94.1,2015,10,123.0,160.5,30.5,48.8,0,MODERATE_SHOWERS,28.8,79.6,0.853
MET-NL-KOH-2015-11,NL-KOH,Kohima,Nagaland,25.67,94.1,2015,11,30.8,50.3,63.3,21.9,0,DRY_PERIOD,25.8,64.2,0.855
MET-NL-KOH-2015-12,NL-KOH,Kohima,Nagaland,25.67,94.1,2015,12,30.8,15.5,-49.7,11.8,0,DRY_PERIOD,21.4,63.4,0.264
MET-NL-KOH-2016-01,NL-KOH,Kohima,Nagaland,25.67,94.1,2016,1,30.8,28.0,-9.1,11.6,0,DRY_PERIOD,22.3,64.4,0.476
MET-NL-KOH-2016-02,NL-KOH,Kohima,Nagaland,25.67,94.1,2016,2,30.8,32.2,4.5,22.2,0,DRY_PERIOD,21.7,59.8,0.547
MET-NL-KOH-2016-03,NL-KOH,Kohima,Nagaland,25.67,94.1,2016,3,30.8,37.2,20.8,27.7,0,DRY_PERIOD,28.9,60.5,0.632
MET-NL-KOH-2016-04,NL-KOH,Kohima,Nagaland,25.67,94.1,2016,4,123.0,140.8,14.5,60.4,0,MODERATE_SHOWERS,27.4,78.5,0.748
MET-NL-KOH-2016-05,NL-KOH,Kohima,Nagaland,25.67,94.1,2016,5,287.0,199.9,-30.3,62.4,0,MODERATE_SHOWERS,26.8,72.8,0.455
MET-NL-KOH-2016-06,NL-KOH,Kohima,Nagaland,25.67,94.1,2016,6,451.0,589.6,30.7,174.6,0,SEVERE_MONSOON_BURST,26.3,99.0,0.855
MET-NL-KOH-2016-07,NL-KOH,Kohima,Nagaland,25.67,94.1,2016,7,451.0,627.2,39.1,270.1,0,SEVERE_MONSOON_BURST,27.5,99.0,0.909
MET-NL-KOH-2016-08,NL-KOH,Kohima,Nagaland,25.67,94.1,2016,8,451.0,475.3,5.4,143.7,1,HEAVY_MONSOON,28.4,99.0,0.689
MET-NL-KOH-2016-09,NL-KOH,Kohima,Nagaland,25.67,94.1,2016,9,287.0,336.4,17.2,63.9,0,HEAVY_MONSOON,28.7,90.6,0.766
MET-NL-KOH-2016-10,NL-KOH,Kohima,Nagaland,25.67,94.1,2016,10,123.0,138.5,12.6,32.6,0,MODERATE_SHOWERS,25.7,75.4,0.736
MET-NL-KOH-2016-11,NL-KOH,Kohima,Nagaland,25.67,94.1,2016,11,30.8,34.7,12.7,25.8,0,DRY_PERIOD,27.5,64.1,0.59
MET-NL-KOH-2016-12,NL-KOH,Kohima,Nagaland,25.67,94.1,2016,12,30.8,30.0,-2.6,14.2,0,DRY_PERIOD,25.0,59.5,0.51
MET-NL-KOH-2017-01,NL-KOH,Kohima,Nagaland,25.67,94.1,2017,1,30.8,18.7,-39.3,10.8,0,DRY_PERIOD,24.8,57.9,0.318
MET-NL-KOH-2017-02,NL-KOH,Kohima,Nagaland,25.67,94.1,2017,2,30.8,49.8,61.7,30.4,0,DRY_PERIOD,22.9,60.8,0.847
MET-NL-KOH-2017-03,NL-KOH,Kohima,Nagaland,25.67,94.1,2017,3,30.8,46.4,50.6,31.2,0,DRY_PERIOD,28.6,68.5,0.789
MET-NL-KOH-2017-04,NL-KOH,Kohima,Nagaland,25.67,94.1,2017,4,123.0,169.8,38.0,109.0,0,MODERATE_SHOWERS,26.7,81.2,0.903
MET-NL-KOH-2017-05,NL-KOH,Kohima,Nagaland,25.67,94.1,2017,5,287.0,353.1,23.0,117.8,0,HEAVY_MONSOON,28.1,93.5,0.804
MET-NL-KOH-2017-06,NL-KOH,Kohima,Nagaland,25.67,94.1,2017,6,451.0,596.0,32.2,145.5,1,SEVERE_MONSOON_BURST,26.7,99.0,0.864
MET-NL-KOH-2017-07,NL-KOH,Kohima,Nagaland,25.67,94.1,2017,7,451.0,502.8,11.5,159.7,0,SEVERE_MONSOON_BURST,26.8,99.0,0.729
MET-NL-KOH-2017-08,NL-KOH,Kohima,Nagaland,25.67,94.1,2017,8,451.0,374.5,-17.0,143.8,1,HEAVY_MONSOON,28.7,99.0,0.543
MET-NL-KOH-2017-09,NL-KOH,Kohima,Nagaland,25.67,94.1,2017,9,287.0,231.6,-19.3,86.4,0,MODERATE_SHOWERS,28.9,77.7,0.528
MET-NL-KOH-2017-10,NL-KOH,Kohima,Nagaland,25.67,94.1,2017,10,123.0,121.1,-1.5,50.7,0,MODERATE_SHOWERS,28.9,74.3,0.644
MET-NL-KOH-2017-11,NL-KOH,Kohima,Nagaland,25.67,94.1,2017,11,30.8,28.6,-7.1,20.7,0,DRY_PERIOD,25.0,58.7,0.486
MET-NL-KOH-2017-12,NL-KOH,Kohima,Nagaland,25.67,94.1,2017,12,30.8,45.0,46.1,28.4,0,DRY_PERIOD,23.3,59.0,0.765
MET-NL-KOH-2018-01,NL-KOH,Kohima,Nagaland,25.67,94.1,2018,1,30.8,43.1,39.9,23.8,0,DRY_PERIOD,21.6,60.9,0.733
MET-NL-KOH-2018-02,NL-KOH,Kohima,Nagaland,25.67,94.1,2018,2,30.8,25.7,-16.6,18.7,0,DRY_PERIOD,22.7,57.2,0.437
MET-NL-KOH-2018-03,NL-KOH,Kohima,Nagaland,25.67,94.1,2018,3,30.8,44.1,43.2,28.0,0,DRY_PERIOD,26.4,71.6,0.75
MET-NL-KOH-2018-04,NL-KOH,Kohima,Nagaland,25.67,94.1,2018,4,123.0,186.0,51.2,112.9,0,MODERATE_SHOWERS,27.0,72.4,0.989
MET-NL-KOH-2018-05,NL-KOH,Kohima,Nagaland,25.67,94.1,2018,5,287.0,342.9,19.5,138.3,1,HEAVY_MONSOON,26.6,86.6,0.781
MET-NL-KOH-2018-06,NL-KOH,Kohima,Nagaland,25.67,94.1,2018,6,451.0,351.0,-22.2,74.1,0,HEAVY_MONSOON,26.0,88.9,0.509
MET-NL-KOH-2018-07,NL-KOH,Kohima,Nagaland,25.67,94.1,2018,7,451.0,572.9,27.0,145.9,1,SEVERE_MONSOON_BURST,28.2,99.0,0.831
MET-NL-KOH-2018-08,NL-KOH,Kohima,Nagaland,25.67,94.1,2018,8,451.0,413.3,-8.4,139.9,1,HEAVY_MONSOON,27.8,96.2,0.599
MET-NL-KOH-2018-09,NL-KOH,Kohima,Nagaland,25.67,94.1,2018,9,287.0,360.1,25.5,127.8,0,HEAVY_MONSOON,26.3,95.3,0.82
MET-NL-KOH-2018-10,NL-KOH,Kohima,Nagaland,25.67,94.1,2018,10,123.0,123.5,0.4,32.8,0,MODERATE_SHOWERS,26.6,79.1,0.657
MET-NL-KOH-2018-11,NL-KOH,Kohima,Nagaland,25.67,94.1,2018,11,30.8,58.7,90.6,41.9,0,DRY_PERIOD,25.9,62.3,0.998
MET-NL-KOH-2018-12,NL-KOH,Kohima,Nagaland,25.67,94.1,2018,12,30.8,44.7,45.1,26.7,0,DRY_PERIOD,23.3,65.7,0.76
MET-NL-KOH-2019-01,NL-KOH,Kohima,Nagaland,25.67,94.1,2019,1,30.8,30.5,-1.0,15.6,0,DRY_PERIOD,21.6,69.5,0.518
MET-NL-KOH-2019-02,NL-KOH,Kohima,Nagaland,25.67,94.1,2019,2,30.8,36.2,17.5,21.2,0,DRY_PERIOD,23.5,65.5,0.615
MET-NL-KOH-2019-03,NL-KOH,Kohima,Nagaland,25.67,94.1,2019,3,30.8,35.4,14.9,27.8,0,DRY_PERIOD,26.2,70.2,0.602
MET-NL-KOH-2019-04,NL-KOH,Kohima,Nagaland,25.67,94.1,2019,4,123.0,151.2,22.9,106.3,0,MODERATE_SHOWERS,28.3,71.3,0.804
MET-NL-KOH-2019-05,NL-KOH,Kohima,Nagaland,25.67,94.1,2019,5,287.0,217.8,-24.1,88.1,0,MODERATE_SHOWERS,26.1,77.8,0.496
MET-NL-KOH-2019-06,NL-KOH,Kohima,Nagaland,25.67,94.1,2019,6,451.0,520.3,15.4,210.6,0,SEVERE_MONSOON_BURST,26.1,99.0,0.754
MET-NL-KOH-2019-07,NL-KOH,Kohima,Nagaland,25.67,94.1,2019,7,451.0,651.9,44.5,243.1,1,SEVERE_MONSOON_BURST,27.5,99.0,0.945
MET-NL-KOH-2019-08,NL-KOH,Kohima,Nagaland,25.67,94.1,2019,8,451.0,349.7,-22.5,86.5,0,HEAVY_MONSOON,27.7,87.7,0.507
MET-NL-KOH-2019-09,NL-KOH,Kohima,Nagaland,25.67,94.1,2019,9,287.0,302.4,5.4,99.0,0,HEAVY_MONSOON,25.9,81.4,0.689
MET-NL-KOH-2019-10,NL-KOH,Kohima,Nagaland,25.67,94.1,2019,10,123.0,131.3,6.7,27.3,0,MODERATE_SHOWERS,27.5,73.6,0.698
MET-NL-KOH-2019-11,NL-KOH,Kohima,Nagaland,25.67,94.1,2019,11,30.8,63.1,104.9,48.3,0,DRY_PERIOD,27.3,67.3,1.0
MET-NL-KOH-2019-12,NL-KOH,Kohima,Nagaland,25.67,94.1,2019,12,30.8,60.6,96.8,34.9,0,DRY_PERIOD,23.9,73.7,1.0
MET-NL-KOH-2020-01,NL-KOH,Kohima,Nagaland,25.67,94.1,2020,1,30.8,20.4,-33.8,9.7,0,DRY_PERIOD,23.2,68.4,0.347
MET-NL-KOH-2020-02,NL-KOH,Kohima,Nagaland,25.67,94.1,2020,2,30.8,45.2,46.8,36.1,0,DRY_PERIOD,23.3,67.7,0.768
MET-NL-KOH-2020-03,NL-KOH,Kohima,Nagaland,25.67,94.1,2020,3,30.8,43.6,41.6,27.9,0,DRY_PERIOD,28.3,69.9,0.741
MET-NL-KOH-2020-04,NL-KOH,Kohima,Nagaland,25.67,94.1,2020,4,123.0,77.3,-37.2,51.1,0,DRY_PERIOD,27.4,67.4,0.411
MET-NL-KOH-2020-05,NL-KOH,Kohima,Nagaland,25.67,94.1,2020,5,287.0,326.9,13.9,143.2,0,HEAVY_MONSOON,27.1,86.6,0.745
MET-NL-KOH-2020-06,NL-KOH,Kohima,Nagaland,25.67,94.1,2020,6,451.0,430.8,-4.5,172.4,0,SEVERE_MONSOON_BURST,26.3,94.7,0.625
MET-NL-KOH-2020-07,NL-KOH,Kohima,Nagaland,25.67,94.1,2020,7,451.0,503.9,11.7,97.4,0,SEVERE_MONSOON_BURST,26.5,99.0,0.731
MET-NL-KOH-2020-08,NL-KOH,Kohima,Nagaland,25.67,94.1,2020,8,451.0,644.9,43.0,281.5,0,SEVERE_MONSOON_BURST,27.9,99.0,0.935
MET-NL-KOH-2020-09,NL-KOH,Kohima,Nagaland,25.67,94.1,2020,9,287.0,317.3,10.6,126.8,0,HEAVY_MONSOON,26.4,93.5,0.723
MET-NL-KOH-2020-10,NL-KOH,Kohima,Nagaland,25.67,94.1,2020,10,123.0,75.3,-38.8,29.8,0,DRY_PERIOD,28.2,71.4,0.4
MET-NL-KOH-2020-11,NL-KOH,Kohima,Nagaland,25.67,94.1,2020,11,30.8,50.9,65.3,21.0,0,DRY_PERIOD,26.9,64.1,0.865
MET-NL-KOH-2020-12,NL-KOH,Kohima,Nagaland,25.67,94.1,2020,12,30.8,51.0,65.6,34.4,0,DRY_PERIOD,21.7,68.3,0.867
MET-NL-KOH-2021-01,NL-KOH,Kohima,Nagaland,25.67,94.1,2021,1,30.8,36.1,17.2,21.6,0,DRY_PERIOD,23.8,68.2,0.614
MET-NL-KOH-2021-02,NL-KOH,Kohima,Nagaland,25.67,94.1,2021,2,30.8,16.8,-45.5,9.6,0,DRY_PERIOD,24.1,65.4,0.286
MET-NL-KOH-2021-03,NL-KOH,Kohima,Nagaland,25.67,94.1,2021,3,30.8,22.3,-27.6,17.1,0,DRY_PERIOD,26.5,67.6,0.379
MET-NL-KOH-2021-04,NL-KOH,Kohima,Nagaland,25.67,94.1,2021,4,123.0,145.1,18.0,98.0,0,MODERATE_SHOWERS,26.6,67.2,0.771
MET-NL-KOH-2021-05,NL-KOH,Kohima,Nagaland,25.67,94.1,2021,5,287.0,380.0,32.4,82.1,0,HEAVY_MONSOON,26.1,91.9,0.866
MET-NL-KOH-2021-06,NL-KOH,Kohima,Nagaland,25.67,94.1,2021,6,451.0,614.3,36.2,176.1,0,SEVERE_MONSOON_BURST,26.9,99.0,0.891
MET-NL-KOH-2021-07,NL-KOH,Kohima,Nagaland,25.67,94.1,2021,7,451.0,434.4,-3.7,114.5,0,HEAVY_MONSOON,26.7,99.0,0.63
MET-NL-KOH-2021-08,NL-KOH,Kohima,Nagaland,25.67,94.1,2021,8,451.0,307.8,-31.8,95.3,0,HEAVY_MONSOON,26.4,93.6,0.446
MET-NL-KOH-2021-09,NL-KOH,Kohima,Nagaland,25.67,94.1,2021,9,287.0,357.5,24.6,72.9,0,HEAVY_MONSOON,28.9,97.1,0.814
MET-NL-KOH-2021-10,NL-KOH,Kohima,Nagaland,25.67,94.1,2021,10,123.0,141.7,15.2,29.0,0,MODERATE_SHOWERS,25.9,73.9,0.753
MET-NL-KOH-2021-11,NL-KOH,Kohima,Nagaland,25.67,94.1,2021,11,30.8,27.9,-9.4,15.7,0,DRY_PERIOD,25.8,59.6,0.474
MET-NL-KOH-2021-12,NL-KOH,Kohima,Nagaland,25.67,94.1,2021,12,30.8,45.5,47.7,25.7,0,DRY_PERIOD,23.0,63.1,0.773
MET-NL-KOH-2022-01,NL-KOH,Kohima,Nagaland,25.67,94.1,2022,1,30.8,61.9,101.0,45.7,0,DRY_PERIOD,24.1,74.5,1.0
MET-NL-KOH-2022-02,NL-KOH,Kohima,Nagaland,25.67,94.1,2022,2,30.8,36.9,19.8,20.3,0,DRY_PERIOD,23.2,65.4,0.627
MET-NL-KOH-2022-03,NL-KOH,Kohima,Nagaland,25.67,94.1,2022,3,30.8,62.1,101.6,44.9,0,DRY_PERIOD,25.0,67.8,1.0
MET-NL-KOH-2022-04,NL-KOH,Kohima,Nagaland,25.67,94.1,2022,4,123.0,117.2,-4.7,78.8,0,MODERATE_SHOWERS,25.5,74.3,0.623
MET-NL-KOH-2022-05,NL-KOH,Kohima,Nagaland,25.67,94.1,2022,5,287.0,363.4,26.6,87.3,0,HEAVY_MONSOON,26.9,87.2,0.828
MET-NL-KOH-2022-06,NL-KOH,Kohima,Nagaland,25.67,94.1,2022,6,451.0,670.4,48.6,228.8,0,SEVERE_MONSOON_BURST,27.5,99.0,0.972
MET-NL-KOH-2022-07,NL-KOH,Kohima,Nagaland,25.67,94.1,2022,7,451.0,419.5,-7.0,183.3,0,SEVERE_MONSOON_BURST,26.5,97.5,0.608
MET-NL-KOH-2022-08,NL-KOH,Kohima,Nagaland,25.67,94.1,2022,8,451.0,507.3,12.5,92.8,0,SEVERE_MONSOON_BURST,27.8,99.0,0.735
MET-NL-KOH-2022-09,NL-KOH,Kohima,Nagaland,25.67,94.1,2022,9,287.0,379.1,32.1,88.9,0,HEAVY_MONSOON,25.4,96.7,0.864
MET-NL-KOH-2022-10,NL-KOH,Kohima,Nagaland,25.67,94.1,2022,10,123.0,140.5,14.2,52.5,0,MODERATE_SHOWERS,25.4,73.5,0.747
MET-NL-KOH-2022-11,NL-KOH,Kohima,Nagaland,25.67,94.1,2022,11,30.8,32.7,6.2,24.7,0,DRY_PERIOD,27.7,66.2,0.556
MET-NL-KOH-2022-12,NL-KOH,Kohima,Nagaland,25.67,94.1,2022,12,30.8,52.0,68.8,35.3,0,DRY_PERIOD,24.2,61.1,0.884
MET-NL-KOH-2023-01,NL-KOH,Kohima,Nagaland,25.67,94.1,2023,1,30.8,41.1,33.4,18.2,0,DRY_PERIOD,24.3,67.7,0.699
MET-NL-KOH-2023-02,NL-KOH,Kohima,Nagaland,25.67,94.1,2023,2,30.8,32.6,5.8,25.0,0,DRY_PERIOD,24.1,62.2,0.554
MET-NL-KOH-2023-03,NL-KOH,Kohima,Nagaland,25.67,94.1,2023,3,30.8,27.0,-12.3,14.6,0,DRY_PERIOD,25.6,72.1,0.459
MET-NL-KOH-2023-04,NL-KOH,Kohima,Nagaland,25.67,94.1,2023,4,123.0,98.9,-19.6,46.7,0,MODERATE_SHOWERS,26.7,67.0,0.526
MET-NL-KOH-2023-05,NL-KOH,Kohima,Nagaland,25.67,94.1,2023,5,287.0,233.2,-18.7,61.1,0,MODERATE_SHOWERS,28.2,88.1,0.531
MET-NL-KOH-2023-06,NL-KOH,Kohima,Nagaland,25.67,94.1,2023,6,451.0,474.2,5.1,195.1,0,SEVERE_MONSOON_BURST,26.9,96.6,0.687
MET-NL-KOH-2023-07,NL-KOH,Kohima,Nagaland,25.67,94.1,2023,7,451.0,585.8,29.9,247.5,1,SEVERE_MONSOON_BURST,28.7,99.0,0.849
MET-NL-KOH-2023-08,NL-KOH,Kohima,Nagaland,25.67,94.1,2023,8,451.0,459.2,1.8,107.7,0,HEAVY_MONSOON,26.5,99.0,0.666
MET-NL-KOH-2023-09,NL-KOH,Kohima,Nagaland,25.67,94.1,2023,9,287.0,401.7,40.0,178.1,0,SEVERE_MONSOON_BURST,27.3,99.0,0.915
MET-NL-KOH-2023-10,NL-KOH,Kohima,Nagaland,25.67,94.1,2023,10,123.0,81.3,-33.9,36.2,0,MODERATE_SHOWERS,26.0,74.8,0.432
MET-NL-KOH-2023-11,NL-KOH,Kohima,Nagaland,25.67,94.1,2023,11,30.8,23.9,-22.4,17.0,0,DRY_PERIOD,25.5,65.2,0.406
MET-NL-KOH-2023-12,NL-KOH,Kohima,Nagaland,25.67,94.1,2023,12,30.8,31.6,2.6,15.1,0,DRY_PERIOD,23.6,70.1,0.537
MET-NL-KOH-2024-01,NL-KOH,Kohima,Nagaland,25.67,94.1,2024,1,30.8,60.6,96.8,39.8,0,DRY_PERIOD,24.4,60.8,1.0
MET-NL-KOH-2024-02,NL-KOH,Kohima,Nagaland,25.67,94.1,2024,2,30.8,44.3,43.8,18.8,0,DRY_PERIOD,21.4,65.3,0.753
MET-NL-KOH-2024-03,NL-KOH,Kohima,Nagaland,25.67,94.1,2024,3,30.8,34.2,11.0,26.7,0,DRY_PERIOD,26.8,58.1,0.581
MET-NL-KOH-2024-04,NL-KOH,Kohima,Nagaland,25.67,94.1,2024,4,123.0,146.1,18.8,70.8,0,MODERATE_SHOWERS,27.4,73.5,0.777
MET-NL-KOH-2024-05,NL-KOH,Kohima,Nagaland,25.67,94.1,2024,5,287.0,270.2,-5.9,67.8,0,HEAVY_MONSOON,25.0,86.0,0.616
MET-NL-KOH-2024-06,NL-KOH,Kohima,Nagaland,25.67,94.1,2024,6,451.0,397.7,-11.8,79.3,0,HEAVY_MONSOON,25.4,88.2,0.577
MET-NL-KOH-2024-07,NL-KOH,Kohima,Nagaland,25.67,94.1,2024,7,451.0,318.5,-29.4,73.3,0,HEAVY_MONSOON,25.6,89.6,0.462
MET-NL-KOH-2024-08,NL-KOH,Kohima,Nagaland,25.67,94.1,2024,8,451.0,416.0,-7.8,107.5,0,HEAVY_MONSOON,28.1,99.0,0.603
MET-NL-KOH-2024-09,NL-KOH,Kohima,Nagaland,25.67,94.1,2024,9,287.0,362.4,26.3,89.7,0,HEAVY_MONSOON,28.1,98.7,0.826
MET-NL-KOH-2024-10,NL-KOH,Kohima,Nagaland,25.67,94.1,2024,10,123.0,100.1,-18.6,29.2,0,MODERATE_SHOWERS,26.1,77.9,0.532
MET-NL-KOH-2024-11,NL-KOH,Kohima,Nagaland,25.67,94.1,2024,11,30.8,45.5,47.7,30.5,0,DRY_PERIOD,28.5,70.6,0.773
MET-NL-KOH-2024-12,NL-KOH,Kohima,Nagaland,25.67,94.1,2024,12,30.8,33.5,8.8,19.1,0,DRY_PERIOD,22.5,58.4,0.57
MET-NL-KOH-2025-01,NL-KOH,Kohima,Nagaland,25.67,94.1,2025,1,30.8,44.2,43.5,20.6,0,DRY_PERIOD,21.9,63.1,0.751
MET-NL-KOH-2025-02,NL-KOH,Kohima,Nagaland,25.67,94.1,2025,2,30.8,38.0,23.4,21.0,0,DRY_PERIOD,22.6,63.7,0.646
MET-NL-KOH-2025-03,NL-KOH,Kohima,Nagaland,25.67,94.1,2025,3,30.8,40.2,30.5,18.1,0,DRY_PERIOD,25.0,70.8,0.683
MET-NL-KOH-2025-04,NL-KOH,Kohima,Nagaland,25.67,94.1,2025,4,123.0,138.2,12.4,74.0,0,MODERATE_SHOWERS,27.8,75.7,0.735
MET-NL-KOH-2025-05,NL-KOH,Kohima,Nagaland,25.67,94.1,2025,5,287.0,305.8,6.6,86.0,0,HEAVY_MONSOON,27.7,89.1,0.697
MET-NL-KOH-2025-06,NL-KOH,Kohima,Nagaland,25.67,94.1,2025,6,451.0,531.7,17.9,140.0,1,SEVERE_MONSOON_BURST,25.7,99.0,0.771
MET-NL-KOH-2025-07,NL-KOH,Kohima,Nagaland,25.67,94.1,2025,7,451.0,433.3,-3.9,166.2,0,SEVERE_MONSOON_BURST,26.5,99.0,0.628
MET-NL-KOH-2025-08,NL-KOH,Kohima,Nagaland,25.67,94.1,2025,8,451.0,535.0,18.6,133.8,0,SEVERE_MONSOON_BURST,27.1,99.0,0.776
MET-NL-KOH-2025-09,NL-KOH,Kohima,Nagaland,25.67,94.1,2025,9,287.0,207.8,-27.6,86.2,0,MODERATE_SHOWERS,26.4,84.4,0.473
MET-NL-KOH-2025-10,NL-KOH,Kohima,Nagaland,25.67,94.1,2025,10,123.0,172.7,40.4,62.2,0,MODERATE_SHOWERS,28.0,78.8,0.918
MET-NL-KOH-2025-11,NL-KOH,Kohima,Nagaland,25.67,94.1,2025,11,30.8,49.2,59.7,38.1,0,DRY_PERIOD,27.0,72.0,0.836
MET-NL-KOH-2025-12,NL-KOH,Kohima,Nagaland,25.67,94.1,2025,12,30.8,49.0,59.1,38.4,0,DRY_PERIOD,23.1,65.3,0.833
MET-NL-KOH-2026-01,NL-KOH,Kohima,Nagaland,25.67,94.1,2026,1,30.8,47.5,54.2,23.4,0,DRY_PERIOD,23.2,73.7,0.807
MET-NL-KOH-2026-02,NL-KOH,Kohima,Nagaland,25.67,94.1,2026,2,30.8,33.1,7.5,20.1,0,DRY_PERIOD,21.9,67.9,0.563
MET-NL-KOH-2026-03,NL-KOH,Kohima,Nagaland,25.67,94.1,2026,3,30.8,62.6,103.2,32.2,0,DRY_PERIOD,28.8,70.7,1.0
MET-NL-KOH-2026-04,NL-KOH,Kohima,Nagaland,25.67,94.1,2026,4,123.0,163.5,32.9,125.0,0,MODERATE_SHOWERS,28.9,82.3,0.869
MET-NL-KOH-2026-05,NL-KOH,Kohima,Nagaland,25.67,94.1,2026,5,287.0,298.6,4.0,68.0,0,HEAVY_MONSOON,28.9,82.5,0.68
MET-NL-KOH-2026-06,NL-KOH,Kohima,Nagaland,25.67,94.1,2026,6,451.0,378.8,-16.0,76.6,0,HEAVY_MONSOON,27.4,99.0,0.549
MET-NL-KOH-2026-07,NL-KOH,Kohima,Nagaland,25.67,94.1,2026,7,451.0,586.1,30.0,166.5,0,SEVERE_MONSOON_BURST,25.8,99.0,0.85
MET-NL-KOH-2026-08,NL-KOH,Kohima,Nagaland,25.67,94.1,2026,8,451.0,431.4,-4.3,141.2,1,HEAVY_MONSOON,26.3,99.0,0.625
MET-NL-KOH-2026-09,NL-KOH,Kohima,Nagaland,25.67,94.1,2026,9,287.0,348.8,21.5,116.4,0,HEAVY_MONSOON,26.2,87.6,0.795
MET-NL-KOH-2026-10,NL-KOH,Kohima,Nagaland,25.67,94.1,2026,10,123.0,162.9,32.4,46.8,0,MODERATE_SHOWERS,27.3,69.7,0.866
MET-NL-KOH-2026-11,NL-KOH,Kohima,Nagaland,25.67,94.1,2026,11,30.8,36.7,19.2,15.9,0,DRY_PERIOD,26.9,68.1,0.624
MET-NL-KOH-2026-12,NL-KOH,Kohima,Nagaland,25.67,94.1,2026,12,30.8,62.1,101.6,47.7,0,DRY_PERIOD,21.2,74.7,1.0
MET-NL-DIM-2015-01,NL-DIM,Dimapur,Nagaland,25.9,93.72,2015,1,26.2,26.3,0.4,11.0,0,DRY_PERIOD,25.0,69.6,0.447
MET-NL-DIM-2015-02,NL-DIM,Dimapur,Nagaland,25.9,93.72,2015,2,26.2,26.4,0.8,14.4,0,DRY_PERIOD,24.6,65.2,0.449
MET-NL-DIM-2015-03,NL-DIM,Dimapur,Nagaland,25.9,93.72,2015,3,26.2,24.6,-6.1,17.2,0,DRY_PERIOD,25.9,61.2,0.418
MET-NL-DIM-2015-04,NL-DIM,Dimapur,Nagaland,25.9,93.72,2015,4,105.0,156.6,49.1,86.4,0,MODERATE_SHOWERS,26.1,74.9,0.975
MET-NL-DIM-2015-05,NL-DIM,Dimapur,Nagaland,25.9,93.72,2015,5,245.0,329.4,34.4,125.5,0,HEAVY_MONSOON,26.5,81.8,0.879
MET-NL-DIM-2015-06,NL-DIM,Dimapur,Nagaland,25.9,93.72,2015,6,385.0,574.0,49.1,224.2,0,SEVERE_MONSOON_BURST,26.3,99.0,0.975
MET-NL-DIM-2015-07,NL-DIM,Dimapur,Nagaland,25.9,93.72,2015,7,385.0,288.5,-25.1,60.1,0,HEAVY_MONSOON,28.2,88.9,0.49
MET-NL-DIM-2015-08,NL-DIM,Dimapur,Nagaland,25.9,93.72,2015,8,385.0,273.7,-28.9,97.8,0,HEAVY_MONSOON,25.2,85.6,0.465
MET-NL-DIM-2015-09,NL-DIM,Dimapur,Nagaland,25.9,93.72,2015,9,245.0,220.7,-9.9,58.8,0,MODERATE_SHOWERS,25.7,82.2,0.589
MET-NL-DIM-2015-10,NL-DIM,Dimapur,Nagaland,25.9,93.72,2015,10,105.0,112.0,6.7,20.3,0,MODERATE_SHOWERS,25.5,76.0,0.697
MET-NL-DIM-2015-11,NL-DIM,Dimapur,Nagaland,25.9,93.72,2015,11,26.2,20.5,-21.8,11.4,0,DRY_PERIOD,26.4,68.6,0.348
MET-NL-DIM-2015-12,NL-DIM,Dimapur,Nagaland,25.9,93.72,2015,12,26.2,45.3,72.9,29.3,0,DRY_PERIOD,22.8,62.4,0.77
MET-NL-DIM-2016-01,NL-DIM,Dimapur,Nagaland,25.9,93.72,2016,1,26.2,38.4,46.6,25.7,0,DRY_PERIOD,24.7,67.4,0.653
MET-NL-DIM-2016-02,NL-DIM,Dimapur,Nagaland,25.9,93.72,2016,2,26.2,35.9,37.0,20.9,0,DRY_PERIOD,24.5,68.3,0.61
MET-NL-DIM-2016-03,NL-DIM,Dimapur,Nagaland,25.9,93.72,2016,3,26.2,36.9,40.8,20.2,0,DRY_PERIOD,28.3,69.5,0.627
MET-NL-DIM-2016-04,NL-DIM,Dimapur,Nagaland,25.9,93.72,2016,4,105.0,123.7,17.8,83.6,0,MODERATE_SHOWERS,26.0,67.0,0.77
MET-NL-DIM-2016-05,NL-DIM,Dimapur,Nagaland,25.9,93.72,2016,5,245.0,325.3,32.8,76.9,0,HEAVY_MONSOON,25.1,85.2,0.868
MET-NL-DIM-2016-06,NL-DIM,Dimapur,Nagaland,25.9,93.72,2016,6,385.0,532.0,38.2,116.5,0,SEVERE_MONSOON_BURST,25.7,99.0,0.903
MET-NL-DIM-2016-07,NL-DIM,Dimapur,Nagaland,25.9,93.72,2016,7,385.0,518.4,34.6,158.5,0,SEVERE_MONSOON_BURST,28.0,99.0,0.88
MET-NL-DIM-2016-08,NL-DIM,Dimapur,Nagaland,25.9,93.72,2016,8,385.0,273.7,-28.9,50.2,0,HEAVY_MONSOON,25.7,84.7,0.465
MET-NL-DIM-2016-09,NL-DIM,Dimapur,Nagaland,25.9,93.72,2016,9,245.0,219.3,-10.5,41.1,0,MODERATE_SHOWERS,28.1,81.2,0.585
MET-NL-DIM-2016-10,NL-DIM,Dimapur,Nagaland,25.9,93.72,2016,10,105.0,108.4,3.2,38.5,0,MODERATE_SHOWERS,25.3,76.4,0.675
MET-NL-DIM-2016-11,NL-DIM,Dimapur,Nagaland,25.9,93.72,2016,11,26.2,34.6,32.1,20.5,0,DRY_PERIOD,28.8,63.7,0.588
MET-NL-DIM-2016-12,NL-DIM,Dimapur,Nagaland,25.9,93.72,2016,12,26.2,29.9,14.1,17.7,0,DRY_PERIOD,21.1,71.7,0.508
MET-NL-DIM-2017-01,NL-DIM,Dimapur,Nagaland,25.9,93.72,2017,1,26.2,56.0,113.7,37.2,0,DRY_PERIOD,22.9,63.4,0.952
MET-NL-DIM-2017-02,NL-DIM,Dimapur,Nagaland,25.9,93.72,2017,2,26.2,20.8,-20.6,8.9,0,DRY_PERIOD,24.8,70.3,0.354
MET-NL-DIM-2017-03,NL-DIM,Dimapur,Nagaland,25.9,93.72,2017,3,26.2,41.9,59.9,28.7,0,DRY_PERIOD,25.1,66.0,0.712
MET-NL-DIM-2017-04,NL-DIM,Dimapur,Nagaland,25.9,93.72,2017,4,105.0,97.6,-7.0,59.0,0,MODERATE_SHOWERS,25.8,74.0,0.608
MET-NL-DIM-2017-05,NL-DIM,Dimapur,Nagaland,25.9,93.72,2017,5,245.0,357.4,45.9,150.7,0,SEVERE_MONSOON_BURST,25.7,90.8,0.954
MET-NL-DIM-2017-06,NL-DIM,Dimapur,Nagaland,25.9,93.72,2017,6,385.0,275.7,-28.4,89.7,0,HEAVY_MONSOON,27.4,80.8,0.468
MET-NL-DIM-2017-07,NL-DIM,Dimapur,Nagaland,25.9,93.72,2017,7,385.0,255.6,-33.6,107.0,0,HEAVY_MONSOON,25.2,86.2,0.434
MET-NL-DIM-2017-08,NL-DIM,Dimapur,Nagaland,25.9,93.72,2017,8,385.0,265.9,-30.9,70.6,0,HEAVY_MONSOON,28.4,83.5,0.452
MET-NL-DIM-2017-09,NL-DIM,Dimapur,Nagaland,25.9,93.72,2017,9,245.0,291.0,18.8,61.8,0,HEAVY_MONSOON,29.0,93.2,0.777
MET-NL-DIM-2017-10,NL-DIM,Dimapur,Nagaland,25.9,93.72,2017,10,105.0,129.8,23.6,31.1,0,MODERATE_SHOWERS,26.0,74.1,0.808
MET-NL-DIM-2017-11,NL-DIM,Dimapur,Nagaland,25.9,93.72,2017,11,26.2,30.9,17.9,23.8,0,DRY_PERIOD,28.2,59.3,0.525
MET-NL-DIM-2017-12,NL-DIM,Dimapur,Nagaland,25.9,93.72,2017,12,26.2,46.3,76.7,29.7,0,DRY_PERIOD,21.8,66.8,0.787
MET-NL-DIM-2018-01,NL-DIM,Dimapur,Nagaland,25.9,93.72,2018,1,26.2,54.3,107.3,42.4,0,DRY_PERIOD,22.7,73.1,0.923
MET-NL-DIM-2018-02,NL-DIM,Dimapur,Nagaland,25.9,93.72,2018,2,26.2,33.1,26.3,15.3,0,DRY_PERIOD,21.3,69.6,0.563
MET-NL-DIM-2018-03,NL-DIM,Dimapur,Nagaland,25.9,93.72,2018,3,26.2,44.5,69.8,20.2,0,DRY_PERIOD,26.5,67.6,0.756
MET-NL-DIM-2018-04,NL-DIM,Dimapur,Nagaland,25.9,93.72,2018,4,105.0,116.3,10.8,66.4,0,MODERATE_SHOWERS,25.9,74.9,0.724
MET-NL-DIM-2018-05,NL-DIM,Dimapur,Nagaland,25.9,93.72,2018,5,245.0,229.3,-6.4,99.3,0,MODERATE_SHOWERS,25.9,82.3,0.612
MET-NL-DIM-2018-06,NL-DIM,Dimapur,Nagaland,25.9,93.72,2018,6,385.0,282.8,-26.5,112.1,0,HEAVY_MONSOON,25.6,90.7,0.48
MET-NL-DIM-2018-07,NL-DIM,Dimapur,Nagaland,25.9,93.72,2018,7,385.0,526.6,36.8,136.6,0,SEVERE_MONSOON_BURST,25.0,99.0,0.894
MET-NL-DIM-2018-08,NL-DIM,Dimapur,Nagaland,25.9,93.72,2018,8,385.0,319.0,-17.1,131.8,0,HEAVY_MONSOON,28.1,93.1,0.542
MET-NL-DIM-2018-09,NL-DIM,Dimapur,Nagaland,25.9,93.72,2018,9,245.0,353.3,44.2,133.1,1,HEAVY_MONSOON,26.4,91.9,0.943
MET-NL-DIM-2018-10,NL-DIM,Dimapur,Nagaland,25.9,93.72,2018,10,105.0,102.0,-2.9,36.8,0,MODERATE_SHOWERS,27.1,76.9,0.635
MET-NL-DIM-2018-11,NL-DIM,Dimapur,Nagaland,25.9,93.72,2018,11,26.2,17.6,-32.8,10.8,0,DRY_PERIOD,26.4,62.8,0.299
MET-NL-DIM-2018-12,NL-DIM,Dimapur,Nagaland,25.9,93.72,2018,12,26.2,23.9,-8.8,16.6,0,DRY_PERIOD,21.8,71.4,0.406
MET-NL-DIM-2019-01,NL-DIM,Dimapur,Nagaland,25.9,93.72,2019,1,26.2,38.7,47.7,29.5,0,DRY_PERIOD,22.1,61.5,0.658
MET-NL-DIM-2019-02,NL-DIM,Dimapur,Nagaland,25.9,93.72,2019,2,26.2,29.9,14.1,14.8,0,DRY_PERIOD,23.5,58.3,0.508
MET-NL-DIM-2019-03,NL-DIM,Dimapur,Nagaland,25.9,93.72,2019,3,26.2,44.8,71.0,24.3,0,DRY_PERIOD,27.5,69.3,0.762
MET-NL-DIM-2019-04,NL-DIM,Dimapur,Nagaland,25.9,93.72,2019,4,105.0,125.1,19.1,98.3,0,MODERATE_SHOWERS,28.3,74.0,0.779
MET-NL-DIM-2019-05,NL-DIM,Dimapur,Nagaland,25.9,93.72,2019,5,245.0,208.9,-14.7,51.3,0,MODERATE_SHOWERS,25.9,74.3,0.558
MET-NL-DIM-2019-06,NL-DIM,Dimapur,Nagaland,25.9,93.72,2019,6,385.0,532.2,38.2,187.1,0,SEVERE_MONSOON_BURST,28.7,99.0,0.904
MET-NL-DIM-2019-07,NL-DIM,Dimapur,Nagaland,25.9,93.72,2019,7,385.0,283.1,-26.5,122.1,1,HEAVY_MONSOON,25.4,84.9,0.481
MET-NL-DIM-2019-08,NL-DIM,Dimapur,Nagaland,25.9,93.72,2019,8,385.0,277.4,-27.9,64.7,0,HEAVY_MONSOON,27.4,89.2,0.471
MET-NL-DIM-2019-09,NL-DIM,Dimapur,Nagaland,25.9,93.72,2019,9,245.0,254.9,4.0,105.5,0,HEAVY_MONSOON,28.6,87.3,0.68
MET-NL-DIM-2019-10,NL-DIM,Dimapur,Nagaland,25.9,93.72,2019,10,105.0,126.8,20.8,23.5,0,MODERATE_SHOWERS,27.6,67.8,0.79
MET-NL-DIM-2019-11,NL-DIM,Dimapur,Nagaland,25.9,93.72,2019,11,26.2,39.9,52.3,22.4,0,DRY_PERIOD,28.0,65.0,0.678
MET-NL-DIM-2019-12,NL-DIM,Dimapur,Nagaland,25.9,93.72,2019,12,26.2,51.7,97.3,37.7,0,DRY_PERIOD,21.0,61.7,0.879
MET-NL-DIM-2020-01,NL-DIM,Dimapur,Nagaland,25.9,93.72,2020,1,26.2,42.7,63.0,33.3,0,DRY_PERIOD,23.8,61.2,0.726
MET-NL-DIM-2020-02,NL-DIM,Dimapur,Nagaland,25.9,93.72,2020,2,26.2,55.2,110.7,29.0,0,DRY_PERIOD,24.0,62.8,0.938
MET-NL-DIM-2020-03,NL-DIM,Dimapur,Nagaland,25.9,93.72,2020,3,26.2,35.4,35.1,21.9,0,DRY_PERIOD,25.9,70.6,0.602
MET-NL-DIM-2020-04,NL-DIM,Dimapur,Nagaland,25.9,93.72,2020,4,105.0,156.0,48.6,120.9,0,MODERATE_SHOWERS,28.1,72.0,0.971
MET-NL-DIM-2020-05,NL-DIM,Dimapur,Nagaland,25.9,93.72,2020,5,245.0,277.3,13.2,56.1,0,HEAVY_MONSOON,27.0,86.1,0.74
MET-NL-DIM-2020-06,NL-DIM,Dimapur,Nagaland,25.9,93.72,2020,6,385.0,547.7,42.3,208.1,0,SEVERE_MONSOON_BURST,28.0,99.0,0.93
MET-NL-DIM-2020-07,NL-DIM,Dimapur,Nagaland,25.9,93.72,2020,7,385.0,325.1,-15.6,122.4,0,HEAVY_MONSOON,26.8,87.0,0.552
MET-NL-DIM-2020-08,NL-DIM,Dimapur,Nagaland,25.9,93.72,2020,8,385.0,337.2,-12.4,104.2,0,HEAVY_MONSOON,28.7,88.4,0.573
MET-NL-DIM-2020-09,NL-DIM,Dimapur,Nagaland,25.9,93.72,2020,9,245.0,294.7,20.3,55.8,0,HEAVY_MONSOON,28.8,93.5,0.786
MET-NL-DIM-2020-10,NL-DIM,Dimapur,Nagaland,25.9,93.72,2020,10,105.0,109.4,4.2,33.0,0,MODERATE_SHOWERS,26.9,73.6,0.681
MET-NL-DIM-2020-11,NL-DIM,Dimapur,Nagaland,25.9,93.72,2020,11,26.2,35.5,35.5,23.1,0,DRY_PERIOD,28.1,69.5,0.603
MET-NL-DIM-2020-12,NL-DIM,Dimapur,Nagaland,25.9,93.72,2020,12,26.2,21.4,-18.3,10.2,0,DRY_PERIOD,23.6,65.7,0.364
MET-NL-DIM-2021-01,NL-DIM,Dimapur,Nagaland,25.9,93.72,2021,1,26.2,30.9,17.9,22.6,0,DRY_PERIOD,23.0,59.6,0.525
MET-NL-DIM-2021-02,NL-DIM,Dimapur,Nagaland,25.9,93.72,2021,2,26.2,38.6,47.3,22.4,0,DRY_PERIOD,24.5,65.6,0.656
MET-NL-DIM-2021-03,NL-DIM,Dimapur,Nagaland,25.9,93.72,2021,3,26.2,35.2,34.4,14.1,0,DRY_PERIOD,28.7,61.3,0.598
MET-NL-DIM-2021-04,NL-DIM,Dimapur,Nagaland,25.9,93.72,2021,4,105.0,99.8,-5.0,62.8,0,MODERATE_SHOWERS,25.1,68.9,0.621
MET-NL-DIM-2021-05,NL-DIM,Dimapur,Nagaland,25.9,93.72,2021,5,245.0,187.7,-23.4,60.6,0,MODERATE_SHOWERS,27.7,84.2,0.501
MET-NL-DIM-2021-06,NL-DIM,Dimapur,Nagaland,25.9,93.72,2021,6,385.0,523.5,36.0,186.9,0,SEVERE_MONSOON_BURST,26.1,99.0,0.889
MET-NL-DIM-2021-07,NL-DIM,Dimapur,Nagaland,25.9,93.72,2021,7,385.0,556.1,44.4,167.9,0,SEVERE_MONSOON_BURST,25.6,99.0,0.944
MET-NL-DIM-2021-08,NL-DIM,Dimapur,Nagaland,25.9,93.72,2021,8,385.0,547.2,42.1,186.3,0,SEVERE_MONSOON_BURST,25.9,99.0,0.929
MET-NL-DIM-2021-09,NL-DIM,Dimapur,Nagaland,25.9,93.72,2021,9,245.0,252.7,3.1,77.6,0,HEAVY_MONSOON,27.2,78.0,0.674
MET-NL-DIM-2021-10,NL-DIM,Dimapur,Nagaland,25.9,93.72,2021,10,105.0,113.1,7.7,26.2,0,MODERATE_SHOWERS,25.3,69.2,0.704
MET-NL-DIM-2021-11,NL-DIM,Dimapur,Nagaland,25.9,93.72,2021,11,26.2,14.3,-45.4,7.0,0,DRY_PERIOD,25.1,61.5,0.243
MET-NL-DIM-2021-12,NL-DIM,Dimapur,Nagaland,25.9,93.72,2021,12,26.2,29.5,12.6,16.5,0,DRY_PERIOD,21.0,64.9,0.501
MET-NL-DIM-2022-01,NL-DIM,Dimapur,Nagaland,25.9,93.72,2022,1,26.2,20.4,-22.1,9.3,0,DRY_PERIOD,24.6,59.1,0.347
MET-NL-DIM-2022-02,NL-DIM,Dimapur,Nagaland,25.9,93.72,2022,2,26.2,33.0,26.0,16.6,0,DRY_PERIOD,23.0,67.9,0.561
MET-NL-DIM-2022-03,NL-DIM,Dimapur,Nagaland,25.9,93.72,2022,3,26.2,50.9,94.3,37.0,0,DRY_PERIOD,27.7,62.3,0.865
MET-NL-DIM-2022-04,NL-DIM,Dimapur,Nagaland,25.9,93.72,2022,4,105.0,79.0,-24.8,54.6,0,DRY_PERIOD,28.1,66.8,0.492
MET-NL-DIM-2022-05,NL-DIM,Dimapur,Nagaland,25.9,93.72,2022,5,245.0,362.3,47.9,101.2,0,HEAVY_MONSOON,27.4,85.2,0.967
MET-NL-DIM-2022-06,NL-DIM,Dimapur,Nagaland,25.9,93.72,2022,6,385.0,346.6,-10.0,116.0,0,HEAVY_MONSOON,26.9,94.8,0.589
MET-NL-DIM-2022-07,NL-DIM,Dimapur,Nagaland,25.9,93.72,2022,7,385.0,453.2,17.7,87.6,0,HEAVY_MONSOON,27.6,99.0,0.77
MET-NL-DIM-2022-08,NL-DIM,Dimapur,Nagaland,25.9,93.72,2022,8,385.0,301.5,-21.7,102.2,0,HEAVY_MONSOON,28.6,88.0,0.512
MET-NL-DIM-2022-09,NL-DIM,Dimapur,Nagaland,25.9,93.72,2022,9,245.0,251.4,2.6,63.5,0,HEAVY_MONSOON,25.0,79.4,0.671
MET-NL-DIM-2022-10,NL-DIM,Dimapur,Nagaland,25.9,93.72,2022,10,105.0,133.8,27.4,38.2,0,MODERATE_SHOWERS,27.5,78.2,0.833
MET-NL-DIM-2022-11,NL-DIM,Dimapur,Nagaland,25.9,93.72,2022,11,26.2,42.1,60.7,18.1,0,DRY_PERIOD,27.8,69.6,0.716
MET-NL-DIM-2022-12,NL-DIM,Dimapur,Nagaland,25.9,93.72,2022,12,26.2,35.5,35.5,15.4,0,DRY_PERIOD,23.2,66.2,0.603
MET-NL-DIM-2023-01,NL-DIM,Dimapur,Nagaland,25.9,93.72,2023,1,26.2,30.9,17.9,13.0,0,DRY_PERIOD,24.1,62.9,0.525
MET-NL-DIM-2023-02,NL-DIM,Dimapur,Nagaland,25.9,93.72,2023,2,26.2,36.4,38.9,21.7,0,DRY_PERIOD,22.6,58.4,0.619
MET-NL-DIM-2023-03,NL-DIM,Dimapur,Nagaland,25.9,93.72,2023,3,26.2,37.8,44.3,21.5,0,DRY_PERIOD,28.5,58.1,0.643
MET-NL-DIM-2023-04,NL-DIM,Dimapur,Nagaland,25.9,93.72,2023,4,105.0,161.2,53.5,111.0,0,MODERATE_SHOWERS,25.1,71.2,1.0
MET-NL-DIM-2023-05,NL-DIM,Dimapur,Nagaland,25.9,93.72,2023,5,245.0,280.5,14.5,116.4,0,HEAVY_MONSOON,27.3,80.5,0.749
MET-NL-DIM-2023-06,NL-DIM,Dimapur,Nagaland,25.9,93.72,2023,6,385.0,416.1,8.1,118.5,0,HEAVY_MONSOON,26.7,99.0,0.707
MET-NL-DIM-2023-07,NL-DIM,Dimapur,Nagaland,25.9,93.72,2023,7,385.0,414.4,7.6,153.4,1,SEVERE_MONSOON_BURST,25.1,92.7,0.704
MET-NL-DIM-2023-08,NL-DIM,Dimapur,Nagaland,25.9,93.72,2023,8,385.0,403.3,4.8,100.3,0,HEAVY_MONSOON,25.6,90.9,0.685
MET-NL-DIM-2023-09,NL-DIM,Dimapur,Nagaland,25.9,93.72,2023,9,245.0,228.2,-6.9,65.0,0,MODERATE_SHOWERS,27.8,82.4,0.609
MET-NL-DIM-2023-10,NL-DIM,Dimapur,Nagaland,25.9,93.72,2023,10,105.0,138.1,31.5,33.9,0,MODERATE_SHOWERS,27.6,73.4,0.86
MET-NL-DIM-2023-11,NL-DIM,Dimapur,Nagaland,25.9,93.72,2023,11,26.2,54.8,109.2,24.9,0,DRY_PERIOD,28.2,66.8,0.932
MET-NL-DIM-2023-12,NL-DIM,Dimapur,Nagaland,25.9,93.72,2023,12,26.2,47.1,79.8,29.4,0,DRY_PERIOD,22.4,67.0,0.801
MET-NL-DIM-2024-01,NL-DIM,Dimapur,Nagaland,25.9,93.72,2024,1,26.2,25.6,-2.3,13.0,0,DRY_PERIOD,24.2,63.5,0.435
MET-NL-DIM-2024-02,NL-DIM,Dimapur,Nagaland,25.9,93.72,2024,2,26.2,49.4,88.5,34.9,0,DRY_PERIOD,24.5,62.9,0.84
MET-NL-DIM-2024-03,NL-DIM,Dimapur,Nagaland,25.9,93.72,2024,3,26.2,14.0,-46.6,9.0,0,DRY_PERIOD,27.5,66.1,0.238
MET-NL-DIM-2024-04,NL-DIM,Dimapur,Nagaland,25.9,93.72,2024,4,105.0,149.7,42.6,70.3,0,MODERATE_SHOWERS,25.5,69.2,0.932
MET-NL-DIM-2024-05,NL-DIM,Dimapur,Nagaland,25.9,93.72,2024,5,245.0,225.4,-8.0,47.5,0,MODERATE_SHOWERS,27.6,86.4,0.602
MET-NL-DIM-2024-06,NL-DIM,Dimapur,Nagaland,25.9,93.72,2024,6,385.0,446.6,16.0,118.1,0,HEAVY_MONSOON,29.0,96.9,0.758
MET-NL-DIM-2024-07,NL-DIM,Dimapur,Nagaland,25.9,93.72,2024,7,385.0,489.3,27.1,134.9,0,HEAVY_MONSOON,28.8,99.0,0.831
MET-NL-DIM-2024-08,NL-DIM,Dimapur,Nagaland,25.9,93.72,2024,8,385.0,364.2,-5.4,109.5,0,HEAVY_MONSOON,25.4,88.3,0.619
MET-NL-DIM-2024-09,NL-DIM,Dimapur,Nagaland,25.9,93.72,2024,9,245.0,316.4,29.1,99.1,0,HEAVY_MONSOON,25.8,86.7,0.844
MET-NL-DIM-2024-10,NL-DIM,Dimapur,Nagaland,25.9,93.72,2024,10,105.0,168.5,60.5,74.2,0,MODERATE_SHOWERS,27.1,71.2,1.0
MET-NL-DIM-2024-11,NL-DIM,Dimapur,Nagaland,25.9,93.72,2024,11,26.2,50.9,94.3,39.6,0,DRY_PERIOD,25.4,64.8,0.865
MET-NL-DIM-2024-12,NL-DIM,Dimapur,Nagaland,25.9,93.72,2024,12,26.2,26.7,1.9,16.4,0,DRY_PERIOD,22.6,64.0,0.454
MET-NL-DIM-2025-01,NL-DIM,Dimapur,Nagaland,25.9,93.72,2025,1,26.2,19.1,-27.1,10.3,0,DRY_PERIOD,24.8,61.9,0.325
MET-NL-DIM-2025-02,NL-DIM,Dimapur,Nagaland,25.9,93.72,2025,2,26.2,22.4,-14.5,17.2,0,DRY_PERIOD,24.3,63.0,0.381
MET-NL-DIM-2025-03,NL-DIM,Dimapur,Nagaland,25.9,93.72,2025,3,26.2,52.3,99.6,39.0,0,DRY_PERIOD,25.7,66.4,0.889
MET-NL-DIM-2025-04,NL-DIM,Dimapur,Nagaland,25.9,93.72,2025,4,105.0,128.1,22.0,89.2,0,MODERATE_SHOWERS,28.2,69.6,0.798
MET-NL-DIM-2025-05,NL-DIM,Dimapur,Nagaland,25.9,93.72,2025,5,245.0,220.8,-9.9,66.3,0,MODERATE_SHOWERS,27.4,83.9,0.589
MET-NL-DIM-2025-06,NL-DIM,Dimapur,Nagaland,25.9,93.72,2025,6,385.0,302.9,-21.3,83.7,0,HEAVY_MONSOON,27.8,88.2,0.514
MET-NL-DIM-2025-07,NL-DIM,Dimapur,Nagaland,25.9,93.72,2025,7,385.0,306.3,-20.4,68.0,0,HEAVY_MONSOON,26.4,86.3,0.52
MET-NL-DIM-2025-08,NL-DIM,Dimapur,Nagaland,25.9,93.72,2025,8,385.0,501.1,30.2,117.6,0,SEVERE_MONSOON_BURST,26.0,99.0,0.851
MET-NL-DIM-2025-09,NL-DIM,Dimapur,Nagaland,25.9,93.72,2025,9,245.0,250.5,2.2,90.0,0,HEAVY_MONSOON,28.4,82.4,0.669
MET-NL-DIM-2025-10,NL-DIM,Dimapur,Nagaland,25.9,93.72,2025,10,105.0,108.3,3.1,39.6,0,MODERATE_SHOWERS,25.9,71.6,0.674
MET-NL-DIM-2025-11,NL-DIM,Dimapur,Nagaland,25.9,93.72,2025,11,26.2,14.9,-43.1,9.5,0,DRY_PERIOD,26.7,68.8,0.253
MET-NL-DIM-2025-12,NL-DIM,Dimapur,Nagaland,25.9,93.72,2025,12,26.2,12.3,-53.1,9.5,0,DRY_PERIOD,24.9,60.8,0.209
MET-NL-DIM-2026-01,NL-DIM,Dimapur,Nagaland,25.9,93.72,2026,1,26.2,37.3,42.4,27.5,0,DRY_PERIOD,23.6,67.7,0.634
MET-NL-DIM-2026-02,NL-DIM,Dimapur,Nagaland,25.9,93.72,2026,2,26.2,30.4,16.0,21.1,0,DRY_PERIOD,23.9,58.3,0.517
MET-NL-DIM-2026-03,NL-DIM,Dimapur,Nagaland,25.9,93.72,2026,3,26.2,25.9,-1.1,20.1,0,DRY_PERIOD,28.9,63.4,0.44
MET-NL-DIM-2026-04,NL-DIM,Dimapur,Nagaland,25.9,93.72,2026,4,105.0,146.9,39.9,87.3,0,MODERATE_SHOWERS,27.8,79.1,0.915
MET-NL-DIM-2026-05,NL-DIM,Dimapur,Nagaland,25.9,93.72,2026,5,245.0,336.1,37.2,65.6,0,HEAVY_MONSOON,25.9,89.6,0.897
MET-NL-DIM-2026-06,NL-DIM,Dimapur,Nagaland,25.9,93.72,2026,6,385.0,444.6,15.5,98.9,0,HEAVY_MONSOON,27.2,98.3,0.755
MET-NL-DIM-2026-07,NL-DIM,Dimapur,Nagaland,25.9,93.72,2026,7,385.0,571.9,48.5,209.3,1,SEVERE_MONSOON_BURST,27.9,99.0,0.971
MET-NL-DIM-2026-08,NL-DIM,Dimapur,Nagaland,25.9,93.72,2026,8,385.0,463.4,20.4,143.4,0,HEAVY_MONSOON,26.7,99.0,0.787
MET-NL-DIM-2026-09,NL-DIM,Dimapur,Nagaland,25.9,93.72,2026,9,245.0,268.0,9.4,109.5,0,HEAVY_MONSOON,26.1,78.4,0.715
MET-NL-DIM-2026-10,NL-DIM,Dimapur,Nagaland,25.9,93.72,2026,10,105.0,109.9,4.7,24.3,0,MODERATE_SHOWERS,28.7,70.3,0.684
MET-NL-DIM-2026-11,NL-DIM,Dimapur,Nagaland,25.9,93.72,2026,11,26.2,17.0,-35.1,13.0,0,DRY_PERIOD,26.6,68.0,0.289
MET-NL-DIM-2026-12,NL-DIM,Dimapur,Nagaland,25.9,93.72,2026,12,26.2,44.4,69.5,24.1,0,DRY_PERIOD,22.5,71.5,0.755
MET-NL-MON-2015-01,NL-MON,Mon,Nagaland,26.75,95.06,2015,1,34.5,49.2,42.6,39.2,0,DRY_PERIOD,24.5,67.5,0.836
MET-NL-MON-2015-02,NL-MON,Mon,Nagaland,26.75,95.06,2015,2,34.5,59.5,72.5,30.2,0,DRY_PERIOD,24.5,72.1,1.0
MET-NL-MON-2015-03,NL-MON,Mon,Nagaland,26.75,95.06,2015,3,34.5,45.1,30.7,35.4,0,DRY_PERIOD,25.7,62.6,0.767
MET-NL-MON-2015-04,NL-MON,Mon,Nagaland,26.75,95.06,2015,4,138.0,149.6,8.4,78.3,0,MODERATE_SHOWERS,27.4,71.9,0.709
MET-NL-MON-2015-05,NL-MON,Mon,Nagaland,26.75,95.06,2015,5,322.0,245.8,-23.7,51.4,0,MODERATE_SHOWERS,26.3,88.8,0.499
MET-NL-MON-2015-06,NL-MON,Mon,Nagaland,26.75,95.06,2015,6,506.0,750.8,48.4,165.0,1,SEVERE_MONSOON_BURST,28.2,99.0,0.97
MET-NL-MON-2015-07,NL-MON,Mon,Nagaland,26.75,95.06,2015,7,506.0,479.1,-5.3,212.4,1,SEVERE_MONSOON_BURST,28.1,99.0,0.619
MET-NL-MON-2015-08,NL-MON,Mon,Nagaland,26.75,95.06,2015,8,506.0,592.1,17.0,262.4,0,SEVERE_MONSOON_BURST,25.1,99.0,0.765
MET-NL-MON-2015-09,NL-MON,Mon,Nagaland,26.75,95.06,2015,9,322.0,285.0,-11.5,67.7,0,HEAVY_MONSOON,28.9,80.3,0.579
MET-NL-MON-2015-10,NL-MON,Mon,Nagaland,26.75,95.06,2015,10,138.0,134.0,-2.9,29.9,0,MODERATE_SHOWERS,28.4,78.9,0.635
MET-NL-MON-2015-11,NL-MON,Mon,Nagaland,26.75,95.06,2015,11,34.5,41.5,20.3,30.2,0,DRY_PERIOD,27.4,71.9,0.705
MET-NL-MON-2015-12,NL-MON,Mon,Nagaland,26.75,95.06,2015,12,34.5,36.1,4.6,23.2,0,DRY_PERIOD,23.2,67.8,0.614
MET-NL-MON-2016-01,NL-MON,Mon,Nagaland,26.75,95.06,2016,1,34.5,27.2,-21.2,17.0,0,DRY_PERIOD,22.4,65.5,0.462
MET-NL-MON-2016-02,NL-MON,Mon,Nagaland,26.75,95.06,2016,2,34.5,48.6,40.9,36.4,0,DRY_PERIOD,22.6,72.8,0.826
MET-NL-MON-2016-03,NL-MON,Mon,Nagaland,26.75,95.06,2016,3,34.5,56.3,63.2,24.0,0,DRY_PERIOD,28.2,64.7,0.957
MET-NL-MON-2016-04,NL-MON,Mon,Nagaland,26.75,95.06,2016,4,138.0,166.6,20.7,91.8,0,MODERATE_SHOWERS,26.1,76.6,0.789
MET-NL-MON-2016-05,NL-MON,Mon,Nagaland,26.75,95.06,2016,5,322.0,319.4,-0.8,68.1,0,HEAVY_MONSOON,27.2,87.0,0.649
MET-NL-MON-2016-06,NL-MON,Mon,Nagaland,26.75,95.06,2016,6,506.0,386.6,-23.6,152.7,0,SEVERE_MONSOON_BURST,29.0,99.0,0.5
MET-NL-MON-2016-07,NL-MON,Mon,Nagaland,26.75,95.06,2016,7,506.0,433.8,-14.3,96.0,0,HEAVY_MONSOON,25.2,97.0,0.561
MET-NL-MON-2016-08,NL-MON,Mon,Nagaland,26.75,95.06,2016,8,506.0,587.5,16.1,232.0,1,SEVERE_MONSOON_BURST,25.6,99.0,0.759
MET-NL-MON-2016-09,NL-MON,Mon,Nagaland,26.75,95.06,2016,9,322.0,250.5,-22.2,85.3,0,HEAVY_MONSOON,28.8,86.3,0.509
MET-NL-MON-2016-10,NL-MON,Mon,Nagaland,26.75,95.06,2016,10,138.0,159.2,15.4,61.7,0,MODERATE_SHOWERS,28.9,77.2,0.754
MET-NL-MON-2016-11,NL-MON,Mon,Nagaland,26.75,95.06,2016,11,34.5,41.5,20.3,22.0,0,DRY_PERIOD,26.8,58.3,0.705
MET-NL-MON-2016-12,NL-MON,Mon,Nagaland,26.75,95.06,2016,12,34.5,21.2,-38.6,11.3,0,DRY_PERIOD,23.5,61.3,0.36
MET-NL-MON-2017-01,NL-MON,Mon,Nagaland,26.75,95.06,2017,1,34.5,38.1,10.4,21.4,0,DRY_PERIOD,22.7,66.6,0.648
MET-NL-MON-2017-02,NL-MON,Mon,Nagaland,26.75,95.06,2017,2,34.5,58.2,68.7,35.9,0,DRY_PERIOD,21.2,60.6,0.989
MET-NL-MON-2017-03,NL-MON,Mon,Nagaland,26.75,95.06,2017,3,34.5,49.1,42.3,24.6,0,DRY_PERIOD,25.3,68.8,0.835
MET-NL-MON-2017-04,NL-MON,Mon,Nagaland,26.75,95.06,2017,4,138.0,145.1,5.1,106.3,0,MODERATE_SHOWERS,27.1,71.6,0.687
MET-NL-MON-2017-05,NL-MON,Mon,Nagaland,26.75,95.06,2017,5,322.0,388.5,20.7,160.5,0,SEVERE_MONSOON_BURST,27.0,98.8,0.789
MET-NL-MON-2017-06,NL-MON,Mon,Nagaland,26.75,95.06,2017,6,506.0,575.5,13.7,203.6,1,SEVERE_MONSOON_BURST,27.2,99.0,0.744
MET-NL-MON-2017-07,NL-MON,Mon,Nagaland,26.75,95.06,2017,7,506.0,348.7,-31.1,98.2,0,HEAVY_MONSOON,26.9,93.3,0.451
MET-NL-MON-2017-08,NL-MON,Mon,Nagaland,26.75,95.06,2017,8,506.0,717.5,41.8,151.5,0,SEVERE_MONSOON_BURST,27.7,99.0,0.927
MET-NL-MON-2017-09,NL-MON,Mon,Nagaland,26.75,95.06,2017,9,322.0,278.2,-13.6,112.9,0,HEAVY_MONSOON,25.9,79.3,0.565
MET-NL-MON-2017-10,NL-MON,Mon,Nagaland,26.75,95.06,2017,10,138.0,190.0,37.7,76.8,0,MODERATE_SHOWERS,25.2,79.6,0.9
MET-NL-MON-2017-11,NL-MON,Mon,Nagaland,26.75,95.06,2017,11,34.5,64.6,87.2,45.6,0,DRY_PERIOD,25.0,63.8,1.0
MET-NL-MON-2017-12,NL-MON,Mon,Nagaland,26.75,95.06,2017,12,34.5,24.2,-29.9,11.4,0,DRY_PERIOD,22.3,67.8,0.411
MET-NL-MON-2018-01,NL-MON,Mon,Nagaland,26.75,95.06,2018,1,34.5,53.4,54.8,34.9,0,DRY_PERIOD,24.1,64.7,0.908
MET-NL-MON-2018-02,NL-MON,Mon,Nagaland,26.75,95.06,2018,2,34.5,56.0,62.3,39.4,0,DRY_PERIOD,24.0,70.4,0.952
MET-NL-MON-2018-03,NL-MON,Mon,Nagaland,26.75,95.06,2018,3,34.5,30.9,-10.4,18.5,0,DRY_PERIOD,25.0,63.5,0.525
MET-NL-MON-2018-04,NL-MON,Mon,Nagaland,26.75,95.06,2018,4,138.0,190.8,38.3,149.3,1,MODERATE_SHOWERS,26.0,81.1,0.904
MET-NL-MON-2018-05,NL-MON,Mon,Nagaland,26.75,95.06,2018,5,322.0,229.0,-28.9,66.2,0,MODERATE_SHOWERS,26.8,80.8,0.465
MET-NL-MON-2018-06,NL-MON,Mon,Nagaland,26.75,95.06,2018,6,506.0,338.8,-33.0,70.2,0,HEAVY_MONSOON,27.5,83.3,0.438
MET-NL-MON-2018-07,NL-MON,Mon,Nagaland,26.75,95.06,2018,7,506.0,697.6,37.9,277.0,0,SEVERE_MONSOON_BURST,28.9,99.0,0.901
MET-NL-MON-2018-08,NL-MON,Mon,Nagaland,26.75,95.06,2018,8,506.0,463.9,-8.3,193.4,0,SEVERE_MONSOON_BURST,25.1,96.1,0.599
MET-NL-MON-2018-09,NL-MON,Mon,Nagaland,26.75,95.06,2018,9,322.0,309.4,-3.9,68.4,0,HEAVY_MONSOON,26.3,89.4,0.628
MET-NL-MON-2018-10,NL-MON,Mon,Nagaland,26.75,95.06,2018,10,138.0,152.2,10.3,61.5,0,MODERATE_SHOWERS,28.3,80.9,0.721
MET-NL-MON-2018-11,NL-MON,Mon,Nagaland,26.75,95.06,2018,11,34.5,45.0,30.4,34.3,0,DRY_PERIOD,25.6,68.4,0.765
MET-NL-MON-2018-12,NL-MON,Mon,Nagaland,26.75,95.06,2018,12,34.5,59.0,71.0,30.9,0,DRY_PERIOD,21.3,72.9,1.0
MET-NL-MON-2019-01,NL-MON,Mon,Nagaland,26.75,95.06,2019,1,34.5,29.7,-13.9,20.3,0,DRY_PERIOD,21.6,59.1,0.505
MET-NL-MON-2019-02,NL-MON,Mon,Nagaland,26.75,95.06,2019,2,34.5,35.8,3.8,27.8,0,DRY_PERIOD,24.1,63.4,0.609
MET-NL-MON-2019-03,NL-MON,Mon,Nagaland,26.75,95.06,2019,3,34.5,36.9,7.0,29.4,0,DRY_PERIOD,25.0,61.5,0.627
MET-NL-MON-2019-04,NL-MON,Mon,Nagaland,26.75,95.06,2019,4,138.0,140.8,2.0,99.5,0,MODERATE_SHOWERS,25.5,74.5,0.667
MET-NL-MON-2019-05,NL-MON,Mon,Nagaland,26.75,95.06,2019,5,322.0,420.7,30.7,143.5,0,HEAVY_MONSOON,28.0,89.4,0.854
MET-NL-MON-2019-06,NL-MON,Mon,Nagaland,26.75,95.06,2019,6,506.0,669.2,32.3,270.0,0,SEVERE_MONSOON_BURST,28.3,99.0,0.865
MET-NL-MON-2019-07,NL-MON,Mon,Nagaland,26.75,95.06,2019,7,506.0,410.3,-18.9,82.7,0,HEAVY_MONSOON,25.2,97.9,0.53
MET-NL-MON-2019-08,NL-MON,Mon,Nagaland,26.75,95.06,2019,8,506.0,736.8,45.6,255.5,1,SEVERE_MONSOON_BURST,27.7,99.0,0.952
MET-NL-MON-2019-09,NL-MON,Mon,Nagaland,26.75,95.06,2019,9,322.0,445.9,38.5,116.6,0,HEAVY_MONSOON,27.1,95.7,0.905
MET-NL-MON-2019-10,NL-MON,Mon,Nagaland,26.75,95.06,2019,10,138.0,148.5,7.6,44.4,0,MODERATE_SHOWERS,26.1,81.1,0.704
MET-NL-MON-2019-11,NL-MON,Mon,Nagaland,26.75,95.06,2019,11,34.5,43.5,26.1,27.7,0,DRY_PERIOD,28.5,60.4,0.739
MET-NL-MON-2019-12,NL-MON,Mon,Nagaland,26.75,95.06,2019,12,34.5,58.3,69.0,24.9,0,DRY_PERIOD,22.7,66.7,0.991
MET-NL-MON-2020-01,NL-MON,Mon,Nagaland,26.75,95.06,2020,1,34.5,65.8,90.7,40.9,0,DRY_PERIOD,23.8,70.4,1.0
MET-NL-MON-2020-02,NL-MON,Mon,Nagaland,26.75,95.06,2020,2,34.5,34.7,0.6,27.1,0,DRY_PERIOD,22.8,66.6,0.59
MET-NL-MON-2020-03,NL-MON,Mon,Nagaland,26.75,95.06,2020,3,34.5,42.9,24.3,21.6,0,DRY_PERIOD,27.2,72.5,0.729
MET-NL-MON-2020-04,NL-MON,Mon,Nagaland,26.75,95.06,2020,4,138.0,88.7,-35.7,51.8,0,MODERATE_SHOWERS,28.7,71.2,0.42
MET-NL-MON-2020-05,NL-MON,Mon,Nagaland,26.75,95.06,2020,5,322.0,293.2,-8.9,94.3,0,HEAVY_MONSOON,25.4,82.2,0.595
MET-NL-MON-2020-06,NL-MON,Mon,Nagaland,26.75,95.06,2020,6,506.0,415.0,-18.0,182.9,1,SEVERE_MONSOON_BURST,28.6,91.1,0.536
MET-NL-MON-2020-07,NL-MON,Mon,Nagaland,26.75,95.06,2020,7,506.0,397.5,-21.4,97.0,0,HEAVY_MONSOON,26.5,95.9,0.514
MET-NL-MON-2020-08,NL-MON,Mon,Nagaland,26.75,95.06,2020,8,506.0,497.7,-1.6,223.9,0,SEVERE_MONSOON_BURST,26.8,95.2,0.643
MET-NL-MON-2020-09,NL-MON,Mon,Nagaland,26.75,95.06,2020,9,322.0,273.0,-15.2,51.9,0,HEAVY_MONSOON,28.1,88.4,0.554
MET-NL-MON-2020-10,NL-MON,Mon,Nagaland,26.75,95.06,2020,10,138.0,126.1,-8.6,38.4,0,MODERATE_SHOWERS,25.6,79.9,0.597
MET-NL-MON-2020-11,NL-MON,Mon,Nagaland,26.75,95.06,2020,11,34.5,40.5,17.4,20.5,0,DRY_PERIOD,25.4,62.8,0.689
MET-NL-MON-2020-12,NL-MON,Mon,Nagaland,26.75,95.06,2020,12,34.5,43.1,24.9,31.0,0,DRY_PERIOD,23.0,67.9,0.733
MET-NL-MON-2021-01,NL-MON,Mon,Nagaland,26.75,95.06,2021,1,34.5,37.9,9.9,24.7,0,DRY_PERIOD,23.2,64.6,0.644
MET-NL-MON-2021-02,NL-MON,Mon,Nagaland,26.75,95.06,2021,2,34.5,62.6,81.4,34.7,0,DRY_PERIOD,21.7,69.2,1.0
MET-NL-MON-2021-03,NL-MON,Mon,Nagaland,26.75,95.06,2021,3,34.5,24.3,-29.6,14.7,0,DRY_PERIOD,25.5,69.7,0.413
MET-NL-MON-2021-04,NL-MON,Mon,Nagaland,26.75,95.06,2021,4,138.0,180.6,30.9,110.8,0,MODERATE_SHOWERS,25.3,84.2,0.856
MET-NL-MON-2021-05,NL-MON,Mon,Nagaland,26.75,95.06,2021,5,322.0,254.6,-20.9,94.1,0,HEAVY_MONSOON,27.7,87.5,0.517
MET-NL-MON-2021-06,NL-MON,Mon,Nagaland,26.75,95.06,2021,6,506.0,385.8,-23.8,128.5,1,HEAVY_MONSOON,26.5,89.3,0.499
MET-NL-MON-2021-07,NL-MON,Mon,Nagaland,26.75,95.06,2021,7,506.0,550.8,8.9,182.4,1,SEVERE_MONSOON_BURST,25.0,99.0,0.712
MET-NL-MON-2021-08,NL-MON,Mon,Nagaland,26.75,95.06,2021,8,506.0,543.1,7.3,168.6,1,SEVERE_MONSOON_BURST,27.6,99.0,0.702
MET-NL-MON-2021-09,NL-MON,Mon,Nagaland,26.75,95.06,2021,9,322.0,341.1,5.9,128.0,0,HEAVY_MONSOON,28.7,91.1,0.693
MET-NL-MON-2021-10,NL-MON,Mon,Nagaland,26.75,95.06,2021,10,138.0,169.8,23.0,65.8,0,MODERATE_SHOWERS,29.0,71.3,0.805
MET-NL-MON-2021-11,NL-MON,Mon,Nagaland,26.75,95.06,2021,11,34.5,54.3,57.4,37.0,0,DRY_PERIOD,27.3,69.4,0.923
MET-NL-MON-2021-12,NL-MON,Mon,Nagaland,26.75,95.06,2021,12,34.5,28.8,-16.5,12.4,0,DRY_PERIOD,24.0,66.9,0.49
MET-NL-MON-2022-01,NL-MON,Mon,Nagaland,26.75,95.06,2022,1,34.5,63.0,82.6,28.7,0,DRY_PERIOD,21.5,65.7,1.0
MET-NL-MON-2022-02,NL-MON,Mon,Nagaland,26.75,95.06,2022,2,34.5,43.7,26.7,21.2,0,DRY_PERIOD,23.4,60.5,0.743
MET-NL-MON-2022-03,NL-MON,Mon,Nagaland,26.75,95.06,2022,3,34.5,29.6,-14.2,12.0,0,DRY_PERIOD,28.3,65.0,0.503
MET-NL-MON-2022-04,NL-MON,Mon,Nagaland,26.75,95.06,2022,4,138.0,177.6,28.7,116.0,0,MODERATE_SHOWERS,28.3,82.3,0.841
MET-NL-MON-2022-05,NL-MON,Mon,Nagaland,26.75,95.06,2022,5,322.0,374.2,16.2,71.8,0,HEAVY_MONSOON,25.5,85.9,0.76
MET-NL-MON-2022-06,NL-MON,Mon,Nagaland,26.75,95.06,2022,6,506.0,358.5,-29.2,68.3,0,HEAVY_MONSOON,28.7,84.6,0.463
MET-NL-MON-2022-07,NL-MON,Mon,Nagaland,26.75,95.06,2022,7,506.0,679.3,34.2,269.7,0,SEVERE_MONSOON_BURST,28.0,99.0,0.878
MET-NL-MON-2022-08,NL-MON,Mon,Nagaland,26.75,95.06,2022,8,506.0,419.7,-17.1,130.4,0,HEAVY_MONSOON,25.0,96.7,0.542
MET-NL-MON-2022-09,NL-MON,Mon,Nagaland,26.75,95.06,2022,9,322.0,380.7,18.2,100.8,0,HEAVY_MONSOON,27.8,98.7,0.773
MET-NL-MON-2022-10,NL-MON,Mon,Nagaland,26.75,95.06,2022,10,138.0,122.3,-11.4,51.8,0,MODERATE_SHOWERS,26.9,71.4,0.579
MET-NL-MON-2022-11,NL-MON,Mon,Nagaland,26.75,95.06,2022,11,34.5,39.4,14.2,22.7,0,DRY_PERIOD,25.0,61.3,0.67
MET-NL-MON-2022-12,NL-MON,Mon,Nagaland,26.75,95.06,2022,12,34.5,41.5,20.3,26.4,0,DRY_PERIOD,21.4,68.6,0.705
MET-NL-MON-2023-01,NL-MON,Mon,Nagaland,26.75,95.06,2023,1,34.5,37.6,9.0,18.3,0,DRY_PERIOD,22.4,71.4,0.639
MET-NL-MON-2023-02,NL-MON,Mon,Nagaland,26.75,95.06,2023,2,34.5,46.2,33.9,23.4,0,DRY_PERIOD,21.5,70.4,0.785
MET-NL-MON-2023-03,NL-MON,Mon,Nagaland,26.75,95.06,2023,3,34.5,32.7,-5.2,14.0,0,DRY_PERIOD,25.8,69.5,0.556
MET-NL-MON-2023-04,NL-MON,Mon,Nagaland,26.75,95.06,2023,4,138.0,165.0,19.6,124.4,0,MODERATE_SHOWERS,25.7,73.2,0.782
MET-NL-MON-2023-05,NL-MON,Mon,Nagaland,26.75,95.06,2023,5,322.0,308.0,-4.3,102.2,0,HEAVY_MONSOON,27.8,84.9,0.625
MET-NL-MON-2023-06,NL-MON,Mon,Nagaland,26.75,95.06,2023,6,506.0,686.1,35.6,130.4,0,SEVERE_MONSOON_BURST,27.5,99.0,0.887
MET-NL-MON-2023-07,NL-MON,Mon,Nagaland,26.75,95.06,2023,7,506.0,637.9,26.1,286.9,0,SEVERE_MONSOON_BURST,26.5,99.0,0.824
MET-NL-MON-2023-08,NL-MON,Mon,Nagaland,26.75,95.06,2023,8,506.0,544.7,7.6,197.0,0,SEVERE_MONSOON_BURST,26.1,99.0,0.704
MET-NL-MON-2023-09,NL-MON,Mon,Nagaland,26.75,95.06,2023,9,322.0,279.5,-13.2,99.6,0,HEAVY_MONSOON,26.4,90.4,0.568
MET-NL-MON-2023-10,NL-MON,Mon,Nagaland,26.75,95.06,2023,10,138.0,130.6,-5.4,36.5,0,MODERATE_SHOWERS,26.3,75.1,0.619
MET-NL-MON-2023-11,NL-MON,Mon,Nagaland,26.75,95.06,2023,11,34.5,49.3,42.9,33.2,0,DRY_PERIOD,26.0,73.9,0.838
MET-NL-MON-2023-12,NL-MON,Mon,Nagaland,26.75,95.06,2023,12,34.5,59.5,72.5,25.2,0,DRY_PERIOD,23.9,73.3,1.0
MET-NL-MON-2024-01,NL-MON,Mon,Nagaland,26.75,95.06,2024,1,34.5,31.7,-8.1,20.3,0,DRY_PERIOD,23.5,67.1,0.539
MET-NL-MON-2024-02,NL-MON,Mon,Nagaland,26.75,95.06,2024,2,34.5,50.2,45.5,31.6,0,DRY_PERIOD,21.0,60.7,0.853
MET-NL-MON-2024-03,NL-MON,Mon,Nagaland,26.75,95.06,2024,3,34.5,54.5,58.0,33.1,0,DRY_PERIOD,27.7,70.7,0.926
MET-NL-MON-2024-04,NL-MON,Mon,Nagaland,26.75,95.06,2024,4,138.0,166.5,20.7,110.6,0,MODERATE_SHOWERS,25.8,71.4,0.789
MET-NL-MON-2024-05,NL-MON,Mon,Nagaland,26.75,95.06,2024,5,322.0,398.5,23.8,145.8,0,HEAVY_MONSOON,25.1,96.9,0.809
MET-NL-MON-2024-06,NL-MON,Mon,Nagaland,26.75,95.06,2024,6,506.0,393.0,-22.3,95.9,0,HEAVY_MONSOON,26.6,89.7,0.508
MET-NL-MON-2024-07,NL-MON,Mon,Nagaland,26.75,95.06,2024,7,506.0,558.1,10.3,195.9,1,SEVERE_MONSOON_BURST,27.7,99.0,0.721
MET-NL-MON-2024-08,NL-MON,Mon,Nagaland,26.75,95.06,2024,8,506.0,477.1,-5.7,189.5,0,SEVERE_MONSOON_BURST,28.3,99.0,0.617
MET-NL-MON-2024-09,NL-MON,Mon,Nagaland,26.75,95.06,2024,9,322.0,392.9,22.0,134.9,1,HEAVY_MONSOON,28.6,88.0,0.798
MET-NL-MON-2024-10,NL-MON,Mon,Nagaland,26.75,95.06,2024,10,138.0,150.1,8.8,41.6,0,MODERATE_SHOWERS,25.5,70.1,0.711
MET-NL-MON-2024-11,NL-MON,Mon,Nagaland,26.75,95.06,2024,11,34.5,49.4,43.2,36.0,0,DRY_PERIOD,25.8,71.3,0.84
MET-NL-MON-2024-12,NL-MON,Mon,Nagaland,26.75,95.06,2024,12,34.5,50.7,47.0,23.1,0,DRY_PERIOD,21.5,66.1,0.862
MET-NL-MON-2025-01,NL-MON,Mon,Nagaland,26.75,95.06,2025,1,34.5,37.9,9.9,27.8,0,DRY_PERIOD,21.3,71.3,0.644
MET-NL-MON-2025-02,NL-MON,Mon,Nagaland,26.75,95.06,2025,2,34.5,55.1,59.7,35.5,0,DRY_PERIOD,23.1,61.6,0.937
MET-NL-MON-2025-03,NL-MON,Mon,Nagaland,26.75,95.06,2025,3,34.5,39.2,13.6,25.6,0,DRY_PERIOD,26.4,62.8,0.666
MET-NL-MON-2025-04,NL-MON,Mon,Nagaland,26.75,95.06,2025,4,138.0,161.8,17.2,73.6,0,MODERATE_SHOWERS,26.0,78.7,0.767
MET-NL-MON-2025-05,NL-MON,Mon,Nagaland,26.75,95.06,2025,5,322.0,304.8,-5.3,78.1,0,HEAVY_MONSOON,27.8,89.4,0.619
MET-NL-MON-2025-06,NL-MON,Mon,Nagaland,26.75,95.06,2025,6,506.0,474.5,-6.2,156.0,0,SEVERE_MONSOON_BURST,28.5,99.0,0.613
MET-NL-MON-2025-07,NL-MON,Mon,Nagaland,26.75,95.06,2025,7,506.0,738.1,45.9,314.0,0,SEVERE_MONSOON_BURST,28.9,99.0,0.954
MET-NL-MON-2025-08,NL-MON,Mon,Nagaland,26.75,95.06,2025,8,506.0,437.2,-13.6,80.0,0,HEAVY_MONSOON,27.1,99.0,0.565
MET-NL-MON-2025-09,NL-MON,Mon,Nagaland,26.75,95.06,2025,9,322.0,257.9,-19.9,96.9,0,HEAVY_MONSOON,28.3,85.7,0.524
MET-NL-MON-2025-10,NL-MON,Mon,Nagaland,26.75,95.06,2025,10,138.0,170.2,23.3,41.0,0,MODERATE_SHOWERS,25.1,73.3,0.806
MET-NL-MON-2025-11,NL-MON,Mon,Nagaland,26.75,95.06,2025,11,34.5,37.7,9.3,26.5,0,DRY_PERIOD,26.2,65.4,0.641
MET-NL-MON-2025-12,NL-MON,Mon,Nagaland,26.75,95.06,2025,12,34.5,39.9,15.7,26.6,0,DRY_PERIOD,24.7,60.7,0.678
MET-NL-MON-2026-01,NL-MON,Mon,Nagaland,26.75,95.06,2026,1,34.5,57.8,67.5,35.4,0,DRY_PERIOD,21.3,61.2,0.983
MET-NL-MON-2026-02,NL-MON,Mon,Nagaland,26.75,95.06,2026,2,34.5,39.5,14.5,25.9,0,DRY_PERIOD,21.4,72.9,0.671
MET-NL-MON-2026-03,NL-MON,Mon,Nagaland,26.75,95.06,2026,3,34.5,59.5,72.5,33.6,0,DRY_PERIOD,26.1,66.3,1.0
MET-NL-MON-2026-04,NL-MON,Mon,Nagaland,26.75,95.06,2026,4,138.0,192.9,39.8,109.8,0,MODERATE_SHOWERS,25.5,84.4,0.914
MET-NL-MON-2026-05,NL-MON,Mon,Nagaland,26.75,95.06,2026,5,322.0,372.6,15.7,93.7,0,HEAVY_MONSOON,26.4,93.9,0.757
MET-NL-MON-2026-06,NL-MON,Mon,Nagaland,26.75,95.06,2026,6,506.0,349.5,-30.9,147.5,0,HEAVY_MONSOON,27.5,94.5,0.452
MET-NL-MON-2026-07,NL-MON,Mon,Nagaland,26.75,95.06,2026,7,506.0,440.8,-12.9,89.6,0,HEAVY_MONSOON,28.3,99.0,0.57
MET-NL-MON-2026-08,NL-MON,Mon,Nagaland,26.75,95.06,2026,8,506.0,439.8,-13.1,110.0,0,HEAVY_MONSOON,28.1,94.5,0.568
MET-NL-MON-2026-09,NL-MON,Mon,Nagaland,26.75,95.06,2026,9,322.0,390.5,21.3,98.1,0,HEAVY_MONSOON,26.3,87.6,0.793
MET-NL-MON-2026-10,NL-MON,Mon,Nagaland,26.75,95.06,2026,10,138.0,176.0,27.5,72.1,0,MODERATE_SHOWERS,28.8,80.8,0.834
MET-NL-MON-2026-11,NL-MON,Mon,Nagaland,26.75,95.06,2026,11,34.5,73.4,112.8,40.7,0,DRY_PERIOD,25.6,73.0,1.0
MET-NL-MON-2026-12,NL-MON,Mon,Nagaland,26.75,95.06,2026,12,34.5,29.6,-14.2,18.4,0,DRY_PERIOD,21.1,58.5,0.503
MET-MN-IMP-2015-01,MN-IMP,Imphal West,Manipur,24.81,93.93,2015,1,23.2,28.6,23.3,19.5,0,DRY_PERIOD,24.5,58.3,0.486
MET-MN-IMP-2015-02,MN-IMP,Imphal West,Manipur,24.81,93.93,2015,2,23.2,36.5,57.3,14.9,0,DRY_PERIOD,21.3,62.3,0.62
MET-MN-IMP-2015-03,MN-IMP,Imphal West,Manipur,24.81,93.93,2015,3,23.2,26.7,15.1,18.5,0,DRY_PERIOD,27.7,62.2,0.454
MET-MN-IMP-2015-04,MN-IMP,Imphal West,Manipur,24.81,93.93,2015,4,93.0,120.2,29.2,77.6,0,MODERATE_SHOWERS,26.3,72.5,0.845
MET-MN-IMP-2015-05,MN-IMP,Imphal West,Manipur,24.81,93.93,2015,5,217.0,268.0,23.5,48.7,0,HEAVY_MONSOON,26.8,81.9,0.808
MET-MN-IMP-2015-06,MN-IMP,Imphal West,Manipur,24.81,93.93,2015,6,341.0,484.3,42.0,205.4,1,SEVERE_MONSOON_BURST,26.8,99.0,0.929
MET-MN-IMP-2015-07,MN-IMP,Imphal West,Manipur,24.81,93.93,2015,7,341.0,321.4,-5.7,128.7,0,HEAVY_MONSOON,25.2,83.9,0.616
MET-MN-IMP-2015-08,MN-IMP,Imphal West,Manipur,24.81,93.93,2015,8,341.0,280.8,-17.7,75.3,0,HEAVY_MONSOON,28.2,90.8,0.538
MET-MN-IMP-2015-09,MN-IMP,Imphal West,Manipur,24.81,93.93,2015,9,217.0,244.0,12.4,69.6,0,MODERATE_SHOWERS,26.0,75.6,0.735
MET-MN-IMP-2015-10,MN-IMP,Imphal West,Manipur,24.81,93.93,2015,10,93.0,132.6,42.6,37.6,0,MODERATE_SHOWERS,25.1,79.7,0.932
MET-MN-IMP-2015-11,MN-IMP,Imphal West,Manipur,24.81,93.93,2015,11,23.2,37.7,62.5,24.4,0,DRY_PERIOD,26.8,70.4,0.641
MET-MN-IMP-2015-12,MN-IMP,Imphal West,Manipur,24.81,93.93,2015,12,23.2,39.3,69.4,23.2,0,DRY_PERIOD,22.0,70.6,0.668
MET-MN-IMP-2016-01,MN-IMP,Imphal West,Manipur,24.81,93.93,2016,1,23.2,15.2,-34.5,6.3,0,DRY_PERIOD,23.9,57.4,0.258
MET-MN-IMP-2016-02,MN-IMP,Imphal West,Manipur,24.81,93.93,2016,2,23.2,46.9,102.2,36.7,0,DRY_PERIOD,22.0,64.8,0.797
MET-MN-IMP-2016-03,MN-IMP,Imphal West,Manipur,24.81,93.93,2016,3,23.2,18.3,-21.1,12.9,0,DRY_PERIOD,25.3,70.5,0.311
MET-MN-IMP-2016-04,MN-IMP,Imphal West,Manipur,24.81,93.93,2016,4,93.0,124.4,33.8,52.9,0,MODERATE_SHOWERS,26.0,77.0,0.875
MET-MN-IMP-2016-05,MN-IMP,Imphal West,Manipur,24.81,93.93,2016,5,217.0,202.4,-6.7,88.6,0,MODERATE_SHOWERS,27.9,74.7,0.61
MET-MN-IMP-2016-06,MN-IMP,Imphal West,Manipur,24.81,93.93,2016,6,341.0,244.8,-28.2,104.4,0,MODERATE_SHOWERS,25.6,82.3,0.469
MET-MN-IMP-2016-07,MN-IMP,Imphal West,Manipur,24.81,93.93,2016,7,341.0,492.1,44.3,169.2,0,SEVERE_MONSOON_BURST,27.3,97.8,0.944
MET-MN-IMP-2016-08,MN-IMP,Imphal West,Manipur,24.81,93.93,2016,8,341.0,334.3,-2.0,126.1,0,HEAVY_MONSOON,29.0,93.1,0.641
MET-MN-IMP-2016-09,MN-IMP,Imphal West,Manipur,24.81,93.93,2016,9,217.0,141.8,-34.7,35.9,0,MODERATE_SHOWERS,27.1,78.7,0.427
MET-MN-IMP-2016-10,MN-IMP,Imphal West,Manipur,24.81,93.93,2016,10,93.0,75.1,-19.2,19.5,0,DRY_PERIOD,27.6,66.8,0.528
MET-MN-IMP-2016-11,MN-IMP,Imphal West,Manipur,24.81,93.93,2016,11,23.2,23.9,3.0,13.2,0,DRY_PERIOD,28.9,71.1,0.406
MET-MN-IMP-2016-12,MN-IMP,Imphal West,Manipur,24.81,93.93,2016,12,23.2,19.2,-17.2,14.5,0,DRY_PERIOD,23.2,63.7,0.326
MET-MN-IMP-2017-01,MN-IMP,Imphal West,Manipur,24.81,93.93,2017,1,23.2,37.0,59.5,21.7,0,DRY_PERIOD,24.3,58.8,0.629
MET-MN-IMP-2017-02,MN-IMP,Imphal West,Manipur,24.81,93.93,2017,2,23.2,45.1,94.4,26.3,0,DRY_PERIOD,24.6,68.9,0.767
MET-MN-IMP-2017-03,MN-IMP,Imphal West,Manipur,24.81,93.93,2017,3,23.2,53.6,131.0,39.3,0,DRY_PERIOD,27.8,73.9,0.911
MET-MN-IMP-2017-04,MN-IMP,Imphal West,Manipur,24.81,93.93,2017,4,93.0,94.3,1.4,74.9,0,MODERATE_SHOWERS,26.5,63.7,0.663
MET-MN-IMP-2017-05,MN-IMP,Imphal West,Manipur,24.81,93.93,2017,5,217.0,296.5,36.6,68.9,0,HEAVY_MONSOON,25.6,84.2,0.893
MET-MN-IMP-2017-06,MN-IMP,Imphal West,Manipur,24.81,93.93,2017,6,341.0,323.7,-5.1,142.0,0,HEAVY_MONSOON,26.9,95.7,0.621
MET-MN-IMP-2017-07,MN-IMP,Imphal West,Manipur,24.81,93.93,2017,7,341.0,490.2,43.8,116.4,0,HEAVY_MONSOON,27.0,99.0,0.94
MET-MN-IMP-2017-08,MN-IMP,Imphal West,Manipur,24.81,93.93,2017,8,341.0,427.7,25.4,122.1,0,HEAVY_MONSOON,27.4,99.0,0.82
MET-MN-IMP-2017-09,MN-IMP,Imphal West,Manipur,24.81,93.93,2017,9,217.0,294.6,35.8,131.6,0,HEAVY_MONSOON,28.4,89.5,0.888
MET-MN-IMP-2017-10,MN-IMP,Imphal West,Manipur,24.81,93.93,2017,10,93.0,94.0,1.1,40.1,0,MODERATE_SHOWERS,25.0,66.2,0.661
MET-MN-IMP-2017-11,MN-IMP,Imphal West,Manipur,24.81,93.93,2017,11,23.2,24.5,5.6,19.2,0,DRY_PERIOD,26.8,58.4,0.416
MET-MN-IMP-2017-12,MN-IMP,Imphal West,Manipur,24.81,93.93,2017,12,23.2,26.3,13.4,21.0,0,DRY_PERIOD,22.4,69.6,0.447
MET-MN-IMP-2018-01,MN-IMP,Imphal West,Manipur,24.81,93.93,2018,1,23.2,35.1,51.3,23.1,0,DRY_PERIOD,23.6,62.6,0.597
MET-MN-IMP-2018-02,MN-IMP,Imphal West,Manipur,24.81,93.93,2018,2,23.2,27.8,19.8,14.2,0,DRY_PERIOD,24.7,59.7,0.473
MET-MN-IMP-2018-03,MN-IMP,Imphal West,Manipur,24.81,93.93,2018,3,23.2,35.3,52.2,25.4,0,DRY_PERIOD,25.3,64.5,0.6
MET-MN-IMP-2018-04,MN-IMP,Imphal West,Manipur,24.81,93.93,2018,4,93.0,115.4,24.1,54.1,0,MODERATE_SHOWERS,26.0,79.2,0.811
MET-MN-IMP-2018-05,MN-IMP,Imphal West,Manipur,24.81,93.93,2018,5,217.0,160.3,-26.1,60.2,0,MODERATE_SHOWERS,27.0,76.1,0.483
MET-MN-IMP-2018-06,MN-IMP,Imphal West,Manipur,24.81,93.93,2018,6,341.0,435.2,27.6,125.3,0,HEAVY_MONSOON,27.5,94.6,0.834
MET-MN-IMP-2018-07,MN-IMP,Imphal West,Manipur,24.81,93.93,2018,7,341.0,308.0,-9.7,86.1,0,HEAVY_MONSOON,26.4,82.8,0.591
MET-MN-IMP-2018-08,MN-IMP,Imphal West,Manipur,24.81,93.93,2018,8,341.0,252.5,-26.0,66.8,0,HEAVY_MONSOON,28.2,86.9,0.484
MET-MN-IMP-2018-09,MN-IMP,Imphal West,Manipur,24.81,93.93,2018,9,217.0,290.7,34.0,78.1,0,HEAVY_MONSOON,28.5,87.5,0.876
MET-MN-IMP-2018-10,MN-IMP,Imphal West,Manipur,24.81,93.93,2018,10,93.0,121.1,30.2,40.5,0,MODERATE_SHOWERS,26.5,78.9,0.851
MET-MN-IMP-2018-11,MN-IMP,Imphal West,Manipur,24.81,93.93,2018,11,23.2,44.4,91.4,35.5,0,DRY_PERIOD,26.0,69.0,0.755
MET-MN-IMP-2018-12,MN-IMP,Imphal West,Manipur,24.81,93.93,2018,12,23.2,21.9,-5.6,9.5,0,DRY_PERIOD,23.9,67.4,0.372
MET-MN-IMP-2019-01,MN-IMP,Imphal West,Manipur,24.81,93.93,2019,1,23.2,47.0,102.6,33.1,0,DRY_PERIOD,23.0,67.2,0.799
MET-MN-IMP-2019-02,MN-IMP,Imphal West,Manipur,24.81,93.93,2019,2,23.2,32.8,41.4,19.0,0,DRY_PERIOD,21.5,59.7,0.558
MET-MN-IMP-2019-03,MN-IMP,Imphal West,Manipur,24.81,93.93,2019,3,23.2,23.8,2.6,14.6,0,DRY_PERIOD,25.4,67.2,0.405
MET-MN-IMP-2019-04,MN-IMP,Imphal West,Manipur,24.81,93.93,2019,4,93.0,101.3,8.9,45.6,0,MODERATE_SHOWERS,25.7,65.6,0.712
MET-MN-IMP-2019-05,MN-IMP,Imphal West,Manipur,24.81,93.93,2019,5,217.0,137.2,-36.8,57.8,0,MODERATE_SHOWERS,25.5,72.4,0.413
MET-MN-IMP-2019-06,MN-IMP,Imphal West,Manipur,24.81,93.93,2019,6,341.0,243.2,-28.7,70.3,0,MODERATE_SHOWERS,25.8,85.1,0.466
MET-MN-IMP-2019-07,MN-IMP,Imphal West,Manipur,24.81,93.93,2019,7,341.0,428.8,25.7,191.5,0,SEVERE_MONSOON_BURST,28.6,99.0,0.822
MET-MN-IMP-2019-08,MN-IMP,Imphal West,Manipur,24.81,93.93,2019,8,341.0,422.3,23.8,114.5,0,HEAVY_MONSOON,25.7,99.0,0.81
MET-MN-IMP-2019-09,MN-IMP,Imphal West,Manipur,24.81,93.93,2019,9,217.0,251.9,16.1,84.3,0,HEAVY_MONSOON,28.3,88.7,0.759
MET-MN-IMP-2019-10,MN-IMP,Imphal West,Manipur,24.81,93.93,2019,10,93.0,118.2,27.1,32.0,0,MODERATE_SHOWERS,27.8,71.4,0.831
MET-MN-IMP-2019-11,MN-IMP,Imphal West,Manipur,24.81,93.93,2019,11,23.2,22.2,-4.3,15.9,0,DRY_PERIOD,25.6,67.4,0.377
MET-MN-IMP-2019-12,MN-IMP,Imphal West,Manipur,24.81,93.93,2019,12,23.2,44.7,92.7,34.8,0,DRY_PERIOD,21.7,59.6,0.76
MET-MN-IMP-2020-01,MN-IMP,Imphal West,Manipur,24.81,93.93,2020,1,23.2,16.9,-27.2,10.1,0,DRY_PERIOD,22.7,62.0,0.287
MET-MN-IMP-2020-02,MN-IMP,Imphal West,Manipur,24.81,93.93,2020,2,23.2,37.4,61.2,24.2,0,DRY_PERIOD,22.1,66.7,0.636
MET-MN-IMP-2020-03,MN-IMP,Imphal West,Manipur,24.81,93.93,2020,3,23.2,37.2,60.3,28.5,0,DRY_PERIOD,28.0,69.3,0.632
MET-MN-IMP-2020-04,MN-IMP,Imphal West,Manipur,24.81,93.93,2020,4,93.0,101.2,8.8,78.2,0,MODERATE_SHOWERS,25.1,69.4,0.711
MET-MN-IMP-2020-05,MN-IMP,Imphal West,Manipur,24.81,93.93,2020,5,217.0,193.4,-10.9,69.7,0,MODERATE_SHOWERS,27.8,71.6,0.583
MET-MN-IMP-2020-06,MN-IMP,Imphal West,Manipur,24.81,93.93,2020,6,341.0,408.7,19.9,148.1,0,HEAVY_MONSOON,28.1,99.0,0.784
MET-MN-IMP-2020-07,MN-IMP,Imphal West,Manipur,24.81,93.93,2020,7,341.0,477.4,40.0,201.0,0,SEVERE_MONSOON_BURST,28.6,95.1,0.915
MET-MN-IMP-2020-08,MN-IMP,Imphal West,Manipur,24.81,93.93,2020,8,341.0,350.7,2.8,71.9,0,HEAVY_MONSOON,25.5,83.5,0.672
MET-MN-IMP-2020-09,MN-IMP,Imphal West,Manipur,24.81,93.93,2020,9,217.0,300.7,38.6,108.3,0,HEAVY_MONSOON,25.8,92.4,0.906
MET-MN-IMP-2020-10,MN-IMP,Imphal West,Manipur,24.81,93.93,2020,10,93.0,97.8,5.2,37.4,0,MODERATE_SHOWERS,26.6,77.2,0.688
MET-MN-IMP-2020-11,MN-IMP,Imphal West,Manipur,24.81,93.93,2020,11,23.2,33.6,44.8,22.4,0,DRY_PERIOD,26.6,63.8,0.571
MET-MN-IMP-2020-12,MN-IMP,Imphal West,Manipur,24.81,93.93,2020,12,23.2,40.8,75.9,23.1,0,DRY_PERIOD,24.6,70.2,0.694
MET-MN-IMP-2021-01,MN-IMP,Imphal West,Manipur,24.81,93.93,2021,1,23.2,43.8,88.8,21.6,0,DRY_PERIOD,24.9,62.4,0.745
MET-MN-IMP-2021-02,MN-IMP,Imphal West,Manipur,24.81,93.93,2021,2,23.2,16.8,-27.6,10.9,0,DRY_PERIOD,24.0,68.2,0.286
MET-MN-IMP-2021-03,MN-IMP,Imphal West,Manipur,24.81,93.93,2021,3,23.2,31.6,36.2,14.9,0,DRY_PERIOD,27.6,62.9,0.537
MET-MN-IMP-2021-04,MN-IMP,Imphal West,Manipur,24.81,93.93,2021,4,93.0,90.4,-2.8,56.1,0,MODERATE_SHOWERS,26.8,62.5,0.636
MET-MN-IMP-2021-05,MN-IMP,Imphal West,Manipur,24.81,93.93,2021,5,217.0,176.2,-18.8,61.8,0,MODERATE_SHOWERS,26.7,73.3,0.531
MET-MN-IMP-2021-06,MN-IMP,Imphal West,Manipur,24.81,93.93,2021,6,341.0,250.6,-26.5,90.1,0,HEAVY_MONSOON,25.2,88.9,0.481
MET-MN-IMP-2021-07,MN-IMP,Imphal West,Manipur,24.81,93.93,2021,7,341.0,485.9,42.5,206.0,0,SEVERE_MONSOON_BURST,25.1,96.8,0.932
MET-MN-IMP-2021-08,MN-IMP,Imphal West,Manipur,24.81,93.93,2021,8,341.0,292.4,-14.3,54.8,0,HEAVY_MONSOON,28.2,83.4,0.561
MET-MN-IMP-2021-09,MN-IMP,Imphal West,Manipur,24.81,93.93,2021,9,217.0,206.8,-4.7,89.8,0,MODERATE_SHOWERS,27.3,85.7,0.623
MET-MN-IMP-2021-10,MN-IMP,Imphal West,Manipur,24.81,93.93,2021,10,93.0,91.7,-1.4,40.2,0,MODERATE_SHOWERS,26.8,68.1,0.645
MET-MN-IMP-2021-11,MN-IMP,Imphal West,Manipur,24.81,93.93,2021,11,23.2,24.6,6.0,19.5,0,DRY_PERIOD,25.6,67.0,0.418
MET-MN-IMP-2021-12,MN-IMP,Imphal West,Manipur,24.81,93.93,2021,12,23.2,22.6,-2.6,9.5,0,DRY_PERIOD,24.5,64.3,0.384
MET-MN-IMP-2022-01,MN-IMP,Imphal West,Manipur,24.81,93.93,2022,1,23.2,44.7,92.7,27.0,0,DRY_PERIOD,24.8,73.2,0.76
MET-MN-IMP-2022-02,MN-IMP,Imphal West,Manipur,24.81,93.93,2022,2,23.2,29.3,26.3,14.3,0,DRY_PERIOD,22.1,70.1,0.498
MET-MN-IMP-2022-03,MN-IMP,Imphal West,Manipur,24.81,93.93,2022,3,23.2,35.4,52.6,18.5,0,DRY_PERIOD,25.8,60.0,0.602
MET-MN-IMP-2022-04,MN-IMP,Imphal West,Manipur,24.81,93.93,2022,4,93.0,121.9,31.1,72.5,0,MODERATE_SHOWERS,26.1,70.4,0.857
MET-MN-IMP-2022-05,MN-IMP,Imphal West,Manipur,24.81,93.93,2022,5,217.0,272.3,25.5,65.6,0,HEAVY_MONSOON,26.8,88.8,0.82
MET-MN-IMP-2022-06,MN-IMP,Imphal West,Manipur,24.81,93.93,2022,6,341.0,378.0,10.9,77.9,0,HEAVY_MONSOON,25.8,89.2,0.725
MET-MN-IMP-2022-07,MN-IMP,Imphal West,Manipur,24.81,93.93,2022,7,341.0,439.6,28.9,96.5,0,HEAVY_MONSOON,25.5,99.0,0.843
MET-MN-IMP-2022-08,MN-IMP,Imphal West,Manipur,24.81,93.93,2022,8,341.0,489.5,43.5,100.6,0,HEAVY_MONSOON,26.0,97.9,0.939
MET-MN-IMP-2022-09,MN-IMP,Imphal West,Manipur,24.81,93.93,2022,9,217.0,166.7,-23.2,31.0,0,MODERATE_SHOWERS,27.4,75.4,0.502
MET-MN-IMP-2022-10,MN-IMP,Imphal West,Manipur,24.81,93.93,2022,10,93.0,140.3,50.9,29.0,0,MODERATE_SHOWERS,27.3,71.7,0.986
MET-MN-IMP-2022-11,MN-IMP,Imphal West,Manipur,24.81,93.93,2022,11,23.2,39.0,68.1,25.2,0,DRY_PERIOD,26.8,68.2,0.663
MET-MN-IMP-2022-12,MN-IMP,Imphal West,Manipur,24.81,93.93,2022,12,23.2,50.0,115.5,33.9,0,DRY_PERIOD,22.6,68.1,0.85
MET-MN-IMP-2023-01,MN-IMP,Imphal West,Manipur,24.81,93.93,2023,1,23.2,33.8,45.7,14.9,0,DRY_PERIOD,24.1,70.0,0.575
MET-MN-IMP-2023-02,MN-IMP,Imphal West,Manipur,24.81,93.93,2023,2,23.2,10.0,-56.9,6.8,0,DRY_PERIOD,21.9,63.7,0.17
MET-MN-IMP-2023-03,MN-IMP,Imphal West,Manipur,24.81,93.93,2023,3,23.2,53.8,131.9,23.7,0,DRY_PERIOD,28.4,67.5,0.915
MET-MN-IMP-2023-04,MN-IMP,Imphal West,Manipur,24.81,93.93,2023,4,93.0,90.4,-2.8,64.3,0,MODERATE_SHOWERS,27.8,73.9,0.636
MET-MN-IMP-2023-05,MN-IMP,Imphal West,Manipur,24.81,93.93,2023,5,217.0,269.5,24.2,72.6,0,HEAVY_MONSOON,28.3,81.2,0.812
MET-MN-IMP-2023-06,MN-IMP,Imphal West,Manipur,24.81,93.93,2023,6,341.0,327.9,-3.8,115.3,0,HEAVY_MONSOON,26.6,95.1,0.629
MET-MN-IMP-2023-07,MN-IMP,Imphal West,Manipur,24.81,93.93,2023,7,341.0,314.3,-7.8,122.8,0,HEAVY_MONSOON,28.7,82.6,0.603
MET-MN-IMP-2023-08,MN-IMP,Imphal West,Manipur,24.81,93.93,2023,8,341.0,472.1,38.4,102.0,0,HEAVY_MONSOON,25.1,99.0,0.905
MET-MN-IMP-2023-09,MN-IMP,Imphal West,Manipur,24.81,93.93,2023,9,217.0,246.9,13.8,69.5,0,MODERATE_SHOWERS,26.0,88.2,0.744
MET-MN-IMP-2023-10,MN-IMP,Imphal West,Manipur,24.81,93.93,2023,10,93.0,122.7,31.9,41.5,0,MODERATE_SHOWERS,28.6,65.5,0.863
MET-MN-IMP-2023-11,MN-IMP,Imphal West,Manipur,24.81,93.93,2023,11,23.2,20.2,-12.9,14.6,0,DRY_PERIOD,27.7,67.6,0.343
MET-MN-IMP-2023-12,MN-IMP,Imphal West,Manipur,24.81,93.93,2023,12,23.2,32.7,40.9,21.8,0,DRY_PERIOD,24.0,58.6,0.556
MET-MN-IMP-2024-01,MN-IMP,Imphal West,Manipur,24.81,93.93,2024,1,23.2,27.7,19.4,18.2,0,DRY_PERIOD,24.6,65.9,0.471
MET-MN-IMP-2024-02,MN-IMP,Imphal West,Manipur,24.81,93.93,2024,2,23.2,24.8,6.9,14.9,0,DRY_PERIOD,22.3,64.9,0.422
MET-MN-IMP-2024-03,MN-IMP,Imphal West,Manipur,24.81,93.93,2024,3,23.2,20.5,-11.6,16.2,0,DRY_PERIOD,28.1,61.4,0.348
MET-MN-IMP-2024-04,MN-IMP,Imphal West,Manipur,24.81,93.93,2024,4,93.0,89.6,-3.7,48.2,0,MODERATE_SHOWERS,28.0,67.5,0.63
MET-MN-IMP-2024-05,MN-IMP,Imphal West,Manipur,24.81,93.93,2024,5,217.0,311.2,43.4,94.8,0,HEAVY_MONSOON,27.3,89.1,0.938
MET-MN-IMP-2024-06,MN-IMP,Imphal West,Manipur,24.81,93.93,2024,6,341.0,370.9,8.8,153.6,0,SEVERE_MONSOON_BURST,25.3,91.8,0.711
MET-MN-IMP-2024-07,MN-IMP,Imphal West,Manipur,24.81,93.93,2024,7,341.0,369.2,8.3,125.3,0,HEAVY_MONSOON,27.4,95.4,0.708
MET-MN-IMP-2024-08,MN-IMP,Imphal West,Manipur,24.81,93.93,2024,8,341.0,490.5,43.8,189.3,0,SEVERE_MONSOON_BURST,27.0,99.0,0.941
MET-MN-IMP-2024-09,MN-IMP,Imphal West,Manipur,24.81,93.93,2024,9,217.0,289.1,33.2,119.3,0,HEAVY_MONSOON,26.4,81.6,0.871
MET-MN-IMP-2024-10,MN-IMP,Imphal West,Manipur,24.81,93.93,2024,10,93.0,116.6,25.4,31.5,0,MODERATE_SHOWERS,25.2,75.4,0.82
MET-MN-IMP-2024-11,MN-IMP,Imphal West,Manipur,24.81,93.93,2024,11,23.2,35.7,53.9,19.5,0,DRY_PERIOD,26.8,61.1,0.607
MET-MN-IMP-2024-12,MN-IMP,Imphal West,Manipur,24.81,93.93,2024,12,23.2,33.1,42.7,14.3,0,DRY_PERIOD,21.2,59.0,0.563
MET-MN-IMP-2025-01,MN-IMP,Imphal West,Manipur,24.81,93.93,2025,1,23.2,49.6,113.8,19.9,0,DRY_PERIOD,23.7,60.5,0.843
MET-MN-IMP-2025-02,MN-IMP,Imphal West,Manipur,24.81,93.93,2025,2,23.2,29.3,26.3,20.0,0,DRY_PERIOD,24.7,57.6,0.498
MET-MN-IMP-2025-03,MN-IMP,Imphal West,Manipur,24.81,93.93,2025,3,23.2,36.8,58.6,17.2,0,DRY_PERIOD,25.7,65.0,0.626
MET-MN-IMP-2025-04,MN-IMP,Imphal West,Manipur,24.81,93.93,2025,4,93.0,130.4,40.2,84.6,0,MODERATE_SHOWERS,26.6,68.2,0.917
MET-MN-IMP-2025-05,MN-IMP,Imphal West,Manipur,24.81,93.93,2025,5,217.0,206.1,-5.0,74.2,0,MODERATE_SHOWERS,26.5,79.7,0.621
MET-MN-IMP-2025-06,MN-IMP,Imphal West,Manipur,24.81,93.93,2025,6,341.0,307.5,-9.8,100.7,0,HEAVY_MONSOON,26.7,81.0,0.59
MET-MN-IMP-2025-07,MN-IMP,Imphal West,Manipur,24.81,93.93,2025,7,341.0,377.6,10.7,127.1,0,HEAVY_MONSOON,25.7,99.0,0.724
MET-MN-IMP-2025-08,MN-IMP,Imphal West,Manipur,24.81,93.93,2025,8,341.0,331.3,-2.8,133.2,1,HEAVY_MONSOON,27.9,93.0,0.635
MET-MN-IMP-2025-09,MN-IMP,Imphal West,Manipur,24.81,93.93,2025,9,217.0,280.5,29.3,116.3,0,HEAVY_MONSOON,28.1,81.6,0.845
MET-MN-IMP-2025-10,MN-IMP,Imphal West,Manipur,24.81,93.93,2025,10,93.0,126.6,36.1,42.3,0,MODERATE_SHOWERS,26.3,70.1,0.89
MET-MN-IMP-2025-11,MN-IMP,Imphal West,Manipur,24.81,93.93,2025,11,23.2,30.8,32.8,16.4,0,DRY_PERIOD,27.1,62.0,0.524
MET-MN-IMP-2025-12,MN-IMP,Imphal West,Manipur,24.81,93.93,2025,12,23.2,39.6,70.7,17.0,0,DRY_PERIOD,22.4,62.8,0.673
MET-MN-IMP-2026-01,MN-IMP,Imphal West,Manipur,24.81,93.93,2026,1,23.2,36.5,57.3,21.4,0,DRY_PERIOD,23.9,64.3,0.62
MET-MN-IMP-2026-02,MN-IMP,Imphal West,Manipur,24.81,93.93,2026,2,23.2,46.6,100.9,36.8,0,DRY_PERIOD,22.4,68.0,0.792
MET-MN-IMP-2026-03,MN-IMP,Imphal West,Manipur,24.81,93.93,2026,3,23.2,39.2,69.0,16.5,0,DRY_PERIOD,25.5,67.7,0.666
MET-MN-IMP-2026-04,MN-IMP,Imphal West,Manipur,24.81,93.93,2026,4,93.0,81.2,-12.7,55.2,0,MODERATE_SHOWERS,27.3,63.8,0.571
MET-MN-IMP-2026-05,MN-IMP,Imphal West,Manipur,24.81,93.93,2026,5,217.0,285.4,31.5,117.5,0,HEAVY_MONSOON,28.4,89.6,0.86
MET-MN-IMP-2026-06,MN-IMP,Imphal West,Manipur,24.81,93.93,2026,6,341.0,288.6,-15.4,90.2,0,HEAVY_MONSOON,26.3,88.5,0.553
MET-MN-IMP-2026-07,MN-IMP,Imphal West,Manipur,24.81,93.93,2026,7,341.0,292.5,-14.2,120.9,1,HEAVY_MONSOON,27.0,78.5,0.561
MET-MN-IMP-2026-08,MN-IMP,Imphal West,Manipur,24.81,93.93,2026,8,341.0,353.4,3.6,110.5,0,HEAVY_MONSOON,26.7,93.1,0.678
MET-MN-IMP-2026-09,MN-IMP,Imphal West,Manipur,24.81,93.93,2026,9,217.0,146.3,-32.6,62.7,0,MODERATE_SHOWERS,28.1,79.9,0.441
MET-MN-IMP-2026-10,MN-IMP,Imphal West,Manipur,24.81,93.93,2026,10,93.0,91.8,-1.3,31.2,0,MODERATE_SHOWERS,27.5,68.6,0.645
MET-MN-IMP-2026-11,MN-IMP,Imphal West,Manipur,24.81,93.93,2026,11,23.2,38.4,65.5,20.0,0,DRY_PERIOD,26.3,67.4,0.653
MET-MN-IMP-2026-12,MN-IMP,Imphal West,Manipur,24.81,93.93,2026,12,23.2,24.8,6.9,17.6,0,DRY_PERIOD,21.0,61.8,0.422
MET-MN-SEN-2015-01,MN-SEN,Senapati,Manipur,25.27,94.02,2015,1,28.5,20.4,-28.4,10.8,0,DRY_PERIOD,24.2,57.2,0.347
MET-MN-SEN-2015-02,MN-SEN,Senapati,Manipur,25.27,94.02,2015,2,28.5,37.3,30.9,24.2,0,DRY_PERIOD,23.8,63.7,0.634
MET-MN-SEN-2015-03,MN-SEN,Senapati,Manipur,25.27,94.02,2015,3,28.5,34.7,21.8,27.0,0,DRY_PERIOD,27.6,60.2,0.59
MET-MN-SEN-2015-04,MN-SEN,Senapati,Manipur,25.27,94.02,2015,4,114.0,120.6,5.8,58.8,0,MODERATE_SHOWERS,27.4,76.5,0.692
MET-MN-SEN-2015-05,MN-SEN,Senapati,Manipur,25.27,94.02,2015,5,266.0,280.3,5.4,74.8,0,HEAVY_MONSOON,27.2,79.6,0.689
MET-MN-SEN-2015-06,MN-SEN,Senapati,Manipur,25.27,94.02,2015,6,418.0,613.2,46.7,126.4,1,SEVERE_MONSOON_BURST,26.7,99.0,0.959
MET-MN-SEN-2015-07,MN-SEN,Senapati,Manipur,25.27,94.02,2015,7,418.0,495.5,18.5,160.5,1,SEVERE_MONSOON_BURST,28.1,99.0,0.775
MET-MN-SEN-2015-08,MN-SEN,Senapati,Manipur,25.27,94.02,2015,8,418.0,539.5,29.1,120.9,0,SEVERE_MONSOON_BURST,28.6,99.0,0.844
MET-MN-SEN-2015-09,MN-SEN,Senapati,Manipur,25.27,94.02,2015,9,266.0,268.8,1.1,118.7,0,HEAVY_MONSOON,28.2,86.0,0.661
MET-MN-SEN-2015-10,MN-SEN,Senapati,Manipur,25.27,94.02,2015,10,114.0,71.0,-37.7,21.3,0,DRY_PERIOD,25.3,64.3,0.407
MET-MN-SEN-2015-11,MN-SEN,Senapati,Manipur,25.27,94.02,2015,11,28.5,12.8,-55.1,10.0,0,DRY_PERIOD,28.6,66.2,0.218
MET-MN-SEN-2015-12,MN-SEN,Senapati,Manipur,25.27,94.02,2015,12,28.5,36.3,27.4,22.2,0,DRY_PERIOD,22.0,69.4,0.617
MET-MN-SEN-2016-01,MN-SEN,Senapati,Manipur,25.27,94.02,2016,1,28.5,34.8,22.1,20.9,0,DRY_PERIOD,21.6,62.5,0.592
MET-MN-SEN-2016-02,MN-SEN,Senapati,Manipur,25.27,94.02,2016,2,28.5,32.9,15.4,18.6,0,DRY_PERIOD,23.2,64.1,0.559
MET-MN-SEN-2016-03,MN-SEN,Senapati,Manipur,25.27,94.02,2016,3,28.5,42.3,48.4,27.8,0,DRY_PERIOD,25.2,72.3,0.719
MET-MN-SEN-2016-04,MN-SEN,Senapati,Manipur,25.27,94.02,2016,4,114.0,119.7,5.0,63.8,0,MODERATE_SHOWERS,27.8,74.1,0.687
MET-MN-SEN-2016-05,MN-SEN,Senapati,Manipur,25.27,94.02,2016,5,266.0,321.0,20.7,101.3,0,HEAVY_MONSOON,27.5,87.2,0.789
MET-MN-SEN-2016-06,MN-SEN,Senapati,Manipur,25.27,94.02,2016,6,418.0,537.4,28.6,143.1,0,SEVERE_MONSOON_BURST,27.0,99.0,0.841
MET-MN-SEN-2016-07,MN-SEN,Senapati,Manipur,25.27,94.02,2016,7,418.0,425.0,1.7,168.6,1,SEVERE_MONSOON_BURST,27.7,99.0,0.665
MET-MN-SEN-2016-08,MN-SEN,Senapati,Manipur,25.27,94.02,2016,8,418.0,529.1,26.6,105.4,0,SEVERE_MONSOON_BURST,25.3,99.0,0.828
MET-MN-SEN-2016-09,MN-SEN,Senapati,Manipur,25.27,94.02,2016,9,266.0,267.9,0.7,59.6,0,HEAVY_MONSOON,28.1,83.6,0.659
MET-MN-SEN-2016-10,MN-SEN,Senapati,Manipur,25.27,94.02,2016,10,114.0,121.9,6.9,53.1,0,MODERATE_SHOWERS,26.2,68.3,0.699
MET-MN-SEN-2016-11,MN-SEN,Senapati,Manipur,25.27,94.02,2016,11,28.5,39.8,39.6,21.1,0,DRY_PERIOD,28.4,69.8,0.677
MET-MN-SEN-2016-12,MN-SEN,Senapati,Manipur,25.27,94.02,2016,12,28.5,31.1,9.1,19.1,0,DRY_PERIOD,22.1,63.0,0.529
MET-MN-SEN-2017-01,MN-SEN,Senapati,Manipur,25.27,94.02,2017,1,28.5,47.9,68.1,25.0,0,DRY_PERIOD,23.7,63.1,0.814
MET-MN-SEN-2017-02,MN-SEN,Senapati,Manipur,25.27,94.02,2017,2,28.5,32.0,12.3,15.4,0,DRY_PERIOD,22.6,59.4,0.544
MET-MN-SEN-2017-03,MN-SEN,Senapati,Manipur,25.27,94.02,2017,3,28.5,23.2,-18.6,17.7,0,DRY_PERIOD,26.0,62.6,0.394
MET-MN-SEN-2017-04,MN-SEN,Senapati,Manipur,25.27,94.02,2017,4,114.0,161.4,41.6,105.9,0,MODERATE_SHOWERS,28.7,76.8,0.926
MET-MN-SEN-2017-05,MN-SEN,Senapati,Manipur,25.27,94.02,2017,5,266.0,270.5,1.7,101.4,0,HEAVY_MONSOON,25.2,78.1,0.665
MET-MN-SEN-2017-06,MN-SEN,Senapati,Manipur,25.27,94.02,2017,6,418.0,511.6,22.4,93.5,0,SEVERE_MONSOON_BURST,27.8,99.0,0.8
MET-MN-SEN-2017-07,MN-SEN,Senapati,Manipur,25.27,94.02,2017,7,418.0,471.9,12.9,90.2,0,HEAVY_MONSOON,27.9,99.0,0.738
MET-MN-SEN-2017-08,MN-SEN,Senapati,Manipur,25.27,94.02,2017,8,418.0,353.9,-15.3,139.9,0,HEAVY_MONSOON,27.1,93.5,0.554
MET-MN-SEN-2017-09,MN-SEN,Senapati,Manipur,25.27,94.02,2017,9,266.0,275.8,3.7,83.4,0,HEAVY_MONSOON,27.0,79.0,0.678
MET-MN-SEN-2017-10,MN-SEN,Senapati,Manipur,25.27,94.02,2017,10,114.0,92.1,-19.2,41.3,0,MODERATE_SHOWERS,25.5,65.4,0.528
MET-MN-SEN-2017-11,MN-SEN,Senapati,Manipur,25.27,94.02,2017,11,28.5,29.1,2.1,21.0,0,DRY_PERIOD,25.8,69.4,0.495
MET-MN-SEN-2017-12,MN-SEN,Senapati,Manipur,25.27,94.02,2017,12,28.5,46.4,62.8,18.6,0,DRY_PERIOD,24.0,67.7,0.789
MET-MN-SEN-2018-01,MN-SEN,Senapati,Manipur,25.27,94.02,2018,1,28.5,30.6,7.4,21.1,0,DRY_PERIOD,23.4,59.4,0.52
MET-MN-SEN-2018-02,MN-SEN,Senapati,Manipur,25.27,94.02,2018,2,28.5,23.1,-18.9,14.1,0,DRY_PERIOD,24.0,66.7,0.393
MET-MN-SEN-2018-03,MN-SEN,Senapati,Manipur,25.27,94.02,2018,3,28.5,34.1,19.6,18.4,0,DRY_PERIOD,25.3,70.2,0.58
MET-MN-SEN-2018-04,MN-SEN,Senapati,Manipur,25.27,94.02,2018,4,114.0,89.3,-21.7,43.7,0,MODERATE_SHOWERS,26.9,74.9,0.512
MET-MN-SEN-2018-05,MN-SEN,Senapati,Manipur,25.27,94.02,2018,5,266.0,323.5,21.6,85.2,0,HEAVY_MONSOON,28.3,86.1,0.795
MET-MN-SEN-2018-06,MN-SEN,Senapati,Manipur,25.27,94.02,2018,6,418.0,352.9,-15.6,113.5,0,HEAVY_MONSOON,26.2,97.0,0.552
MET-MN-SEN-2018-07,MN-SEN,Senapati,Manipur,25.27,94.02,2018,7,418.0,602.5,44.1,220.0,0,SEVERE_MONSOON_BURST,27.6,99.0,0.942
MET-MN-SEN-2018-08,MN-SEN,Senapati,Manipur,25.27,94.02,2018,8,418.0,482.7,15.5,197.9,0,SEVERE_MONSOON_BURST,26.1,99.0,0.755
MET-MN-SEN-2018-09,MN-SEN,Senapati,Manipur,25.27,94.02,2018,9,266.0,382.4,43.8,105.6,0,HEAVY_MONSOON,26.4,86.5,0.94
MET-MN-SEN-2018-10,MN-SEN,Senapati,Manipur,25.27,94.02,2018,10,114.0,136.5,19.7,46.2,0,MODERATE_SHOWERS,27.4,68.6,0.783
MET-MN-SEN-2018-11,MN-SEN,Senapati,Manipur,25.27,94.02,2018,11,28.5,49.7,74.4,34.2,0,DRY_PERIOD,27.9,60.5,0.845
MET-MN-SEN-2018-12,MN-SEN,Senapati,Manipur,25.27,94.02,2018,12,28.5,38.8,36.1,29.7,0,DRY_PERIOD,22.7,59.2,0.66
MET-MN-SEN-2019-01,MN-SEN,Senapati,Manipur,25.27,94.02,2019,1,28.5,61.5,115.8,39.3,0,DRY_PERIOD,22.4,73.6,1.0
MET-MN-SEN-2019-02,MN-SEN,Senapati,Manipur,25.27,94.02,2019,2,28.5,41.3,44.9,33.0,0,DRY_PERIOD,23.2,68.3,0.702
MET-MN-SEN-2019-03,MN-SEN,Senapati,Manipur,25.27,94.02,2019,3,28.5,38.5,35.1,25.7,0,DRY_PERIOD,25.1,63.3,0.654
MET-MN-SEN-2019-04,MN-SEN,Senapati,Manipur,25.27,94.02,2019,4,114.0,158.2,38.8,100.6,0,MODERATE_SHOWERS,25.5,73.9,0.907
MET-MN-SEN-2019-05,MN-SEN,Senapati,Manipur,25.27,94.02,2019,5,266.0,225.0,-15.4,87.7,0,MODERATE_SHOWERS,25.9,77.4,0.553
MET-MN-SEN-2019-06,MN-SEN,Senapati,Manipur,25.27,94.02,2019,6,418.0,381.9,-8.6,136.4,0,HEAVY_MONSOON,25.1,96.1,0.597
MET-MN-SEN-2019-07,MN-SEN,Senapati,Manipur,25.27,94.02,2019,7,418.0,463.8,11.0,100.1,0,HEAVY_MONSOON,25.3,99.0,0.725
MET-MN-SEN-2019-08,MN-SEN,Senapati,Manipur,25.27,94.02,2019,8,418.0,576.8,38.0,255.7,0,SEVERE_MONSOON_BURST,25.2,99.0,0.902
MET-MN-SEN-2019-09,MN-SEN,Senapati,Manipur,25.27,94.02,2019,9,266.0,279.3,5.0,100.3,0,HEAVY_MONSOON,25.5,87.1,0.687
MET-MN-SEN-2019-10,MN-SEN,Senapati,Manipur,25.27,94.02,2019,10,114.0,120.9,6.1,28.5,0,MODERATE_SHOWERS,26.7,68.5,0.693
MET-MN-SEN-2019-11,MN-SEN,Senapati,Manipur,25.27,94.02,2019,11,28.5,45.6,60.0,21.0,0,DRY_PERIOD,25.9,72.1,0.775
MET-MN-SEN-2019-12,MN-SEN,Senapati,Manipur,25.27,94.02,2019,12,28.5,43.5,52.6,22.2,0,DRY_PERIOD,24.6,68.0,0.739
MET-MN-SEN-2020-01,MN-SEN,Senapati,Manipur,25.27,94.02,2020,1,28.5,33.6,17.9,16.5,0,DRY_PERIOD,22.4,65.7,0.571
MET-MN-SEN-2020-02,MN-SEN,Senapati,Manipur,25.27,94.02,2020,2,28.5,36.6,28.4,18.4,0,DRY_PERIOD,23.3,60.7,0.622
MET-MN-SEN-2020-03,MN-SEN,Senapati,Manipur,25.27,94.02,2020,3,28.5,37.1,30.2,22.1,0,DRY_PERIOD,28.6,63.4,0.631
MET-MN-SEN-2020-04,MN-SEN,Senapati,Manipur,25.27,94.02,2020,4,114.0,122.1,7.1,50.8,0,MODERATE_SHOWERS,28.4,76.2,0.7
MET-MN-SEN-2020-05,MN-SEN,Senapati,Manipur,25.27,94.02,2020,5,266.0,206.5,-22.4,73.0,0,MODERATE_SHOWERS,26.7,79.7,0.508
MET-MN-SEN-2020-06,MN-SEN,Senapati,Manipur,25.27,94.02,2020,6,418.0,351.8,-15.8,103.7,0,HEAVY_MONSOON,28.7,89.3,0.55
MET-MN-SEN-2020-07,MN-SEN,Senapati,Manipur,25.27,94.02,2020,7,418.0,503.5,20.5,152.0,0,SEVERE_MONSOON_BURST,25.2,97.9,0.788
MET-MN-SEN-2020-08,MN-SEN,Senapati,Manipur,25.27,94.02,2020,8,418.0,554.6,32.7,142.9,0,SEVERE_MONSOON_BURST,27.5,99.0,0.868
MET-MN-SEN-2020-09,MN-SEN,Senapati,Manipur,25.27,94.02,2020,9,266.0,181.0,-32.0,49.6,0,MODERATE_SHOWERS,28.3,71.4,0.445
MET-MN-SEN-2020-10,MN-SEN,Senapati,Manipur,25.27,94.02,2020,10,114.0,76.3,-33.1,17.8,0,DRY_PERIOD,26.3,64.4,0.438
MET-MN-SEN-2020-11,MN-SEN,Senapati,Manipur,25.27,94.02,2020,11,28.5,25.0,-12.3,10.5,0,DRY_PERIOD,26.9,70.7,0.425
MET-MN-SEN-2020-12,MN-SEN,Senapati,Manipur,25.27,94.02,2020,12,28.5,46.8,64.2,35.6,0,DRY_PERIOD,22.5,58.9,0.796
MET-MN-SEN-2021-01,MN-SEN,Senapati,Manipur,25.27,94.02,2021,1,28.5,32.4,13.7,23.9,0,DRY_PERIOD,24.6,69.2,0.551
MET-MN-SEN-2021-02,MN-SEN,Senapati,Manipur,25.27,94.02,2021,2,28.5,24.7,-13.3,15.7,0,DRY_PERIOD,22.5,62.6,0.42
MET-MN-SEN-2021-03,MN-SEN,Senapati,Manipur,25.27,94.02,2021,3,28.5,32.8,15.1,19.6,0,DRY_PERIOD,28.1,59.0,0.558
MET-MN-SEN-2021-04,MN-SEN,Senapati,Manipur,25.27,94.02,2021,4,114.0,99.6,-12.6,74.5,0,MODERATE_SHOWERS,26.4,72.9,0.571
MET-MN-SEN-2021-05,MN-SEN,Senapati,Manipur,25.27,94.02,2021,5,266.0,176.2,-33.8,38.0,0,MODERATE_SHOWERS,28.7,73.4,0.433
MET-MN-SEN-2021-06,MN-SEN,Senapati,Manipur,25.27,94.02,2021,6,418.0,488.7,16.9,165.2,1,SEVERE_MONSOON_BURST,27.3,99.0,0.764
MET-MN-SEN-2021-07,MN-SEN,Senapati,Manipur,25.27,94.02,2021,7,418.0,406.8,-2.7,82.1,0,HEAVY_MONSOON,27.9,97.8,0.636
MET-MN-SEN-2021-08,MN-SEN,Senapati,Manipur,25.27,94.02,2021,8,418.0,374.7,-10.4,81.3,0,HEAVY_MONSOON,26.7,97.4,0.586
MET-MN-SEN-2021-09,MN-SEN,Senapati,Manipur,25.27,94.02,2021,9,266.0,350.6,31.8,67.0,0,HEAVY_MONSOON,28.1,97.3,0.862
MET-MN-SEN-2021-10,MN-SEN,Senapati,Manipur,25.27,94.02,2021,10,114.0,148.0,29.8,41.7,0,MODERATE_SHOWERS,25.5,81.4,0.849
MET-MN-SEN-2021-11,MN-SEN,Senapati,Manipur,25.27,94.02,2021,11,28.5,32.6,14.4,21.5,0,DRY_PERIOD,28.9,66.1,0.554
MET-MN-SEN-2021-12,MN-SEN,Senapati,Manipur,25.27,94.02,2021,12,28.5,47.6,67.0,22.0,0,DRY_PERIOD,23.9,69.6,0.809
MET-MN-SEN-2022-01,MN-SEN,Senapati,Manipur,25.27,94.02,2022,1,28.5,45.4,59.3,19.0,0,DRY_PERIOD,23.6,67.1,0.772
MET-MN-SEN-2022-02,MN-SEN,Senapati,Manipur,25.27,94.02,2022,2,28.5,52.3,83.5,30.3,0,DRY_PERIOD,22.8,66.5,0.889
MET-MN-SEN-2022-03,MN-SEN,Senapati,Manipur,25.27,94.02,2022,3,28.5,53.2,86.7,34.5,0,DRY_PERIOD,25.5,72.4,0.904
MET-MN-SEN-2022-04,MN-SEN,Senapati,Manipur,25.27,94.02,2022,4,114.0,92.7,-18.7,39.7,0,MODERATE_SHOWERS,27.7,64.8,0.532
MET-MN-SEN-2022-05,MN-SEN,Senapati,Manipur,25.27,94.02,2022,5,266.0,269.1,1.2,93.5,0,HEAVY_MONSOON,27.6,89.4,0.661
MET-MN-SEN-2022-06,MN-SEN,Senapati,Manipur,25.27,94.02,2022,6,418.0,491.7,17.6,164.6,1,SEVERE_MONSOON_BURST,25.8,99.0,0.769
MET-MN-SEN-2022-07,MN-SEN,Senapati,Manipur,25.27,94.02,2022,7,418.0,592.7,41.8,145.3,1,SEVERE_MONSOON_BURST,25.6,99.0,0.927
MET-MN-SEN-2022-08,MN-SEN,Senapati,Manipur,25.27,94.02,2022,8,418.0,458.7,9.7,185.5,0,SEVERE_MONSOON_BURST,27.3,99.0,0.718
MET-MN-SEN-2022-09,MN-SEN,Senapati,Manipur,25.27,94.02,2022,9,266.0,231.9,-12.8,74.7,0,MODERATE_SHOWERS,26.5,81.4,0.57
MET-MN-SEN-2022-10,MN-SEN,Senapati,Manipur,25.27,94.02,2022,10,114.0,167.2,46.7,52.9,0,MODERATE_SHOWERS,27.5,72.8,0.959
MET-MN-SEN-2022-11,MN-SEN,Senapati,Manipur,25.27,94.02,2022,11,28.5,35.7,25.3,19.1,0,DRY_PERIOD,27.8,72.0,0.607
MET-MN-SEN-2022-12,MN-SEN,Senapati,Manipur,25.27,94.02,2022,12,28.5,36.2,27.0,27.7,0,DRY_PERIOD,23.1,62.8,0.615
MET-MN-SEN-2023-01,MN-SEN,Senapati,Manipur,25.27,94.02,2023,1,28.5,47.4,66.3,27.2,0,DRY_PERIOD,21.9,70.8,0.806
MET-MN-SEN-2023-02,MN-SEN,Senapati,Manipur,25.27,94.02,2023,2,28.5,48.7,70.9,24.1,0,DRY_PERIOD,24.3,69.6,0.828
MET-MN-SEN-2023-03,MN-SEN,Senapati,Manipur,25.27,94.02,2023,3,28.5,29.4,3.2,12.2,0,DRY_PERIOD,27.7,61.6,0.5
MET-MN-SEN-2023-04,MN-SEN,Senapati,Manipur,25.27,94.02,2023,4,114.0,132.2,16.0,98.2,0,MODERATE_SHOWERS,27.9,68.9,0.758
MET-MN-SEN-2023-05,MN-SEN,Senapati,Manipur,25.27,94.02,2023,5,266.0,198.5,-25.4,86.6,0,MODERATE_SHOWERS,25.2,81.2,0.488
MET-MN-SEN-2023-06,MN-SEN,Senapati,Manipur,25.27,94.02,2023,6,418.0,408.0,-2.4,94.7,0,HEAVY_MONSOON,25.2,92.8,0.638
MET-MN-SEN-2023-07,MN-SEN,Senapati,Manipur,25.27,94.02,2023,7,418.0,357.8,-14.4,136.4,0,HEAVY_MONSOON,26.7,92.3,0.56
MET-MN-SEN-2023-08,MN-SEN,Senapati,Manipur,25.27,94.02,2023,8,418.0,311.5,-25.5,128.8,1,HEAVY_MONSOON,26.9,83.2,0.487
MET-MN-SEN-2023-09,MN-SEN,Senapati,Manipur,25.27,94.02,2023,9,266.0,332.5,25.0,122.2,0,HEAVY_MONSOON,25.5,92.2,0.817
MET-MN-SEN-2023-10,MN-SEN,Senapati,Manipur,25.27,94.02,2023,10,114.0,125.5,10.1,30.6,0,MODERATE_SHOWERS,25.8,71.5,0.72
MET-MN-SEN-2023-11,MN-SEN,Senapati,Manipur,25.27,94.02,2023,11,28.5,49.6,74.0,26.3,0,DRY_PERIOD,27.1,66.8,0.843
MET-MN-SEN-2023-12,MN-SEN,Senapati,Manipur,25.27,94.02,2023,12,28.5,17.6,-38.2,8.6,0,DRY_PERIOD,22.8,65.1,0.299
MET-MN-SEN-2024-01,MN-SEN,Senapati,Manipur,25.27,94.02,2024,1,28.5,45.1,58.2,20.0,0,DRY_PERIOD,21.4,72.7,0.767
MET-MN-SEN-2024-02,MN-SEN,Senapati,Manipur,25.27,94.02,2024,2,28.5,39.1,37.2,20.9,0,DRY_PERIOD,24.5,67.8,0.665
MET-MN-SEN-2024-03,MN-SEN,Senapati,Manipur,25.27,94.02,2024,3,28.5,32.8,15.1,17.1,0,DRY_PERIOD,27.0,69.5,0.558
MET-MN-SEN-2024-04,MN-SEN,Senapati,Manipur,25.27,94.02,2024,4,114.0,153.2,34.4,107.8,0,MODERATE_SHOWERS,26.6,67.5,0.879
MET-MN-SEN-2024-05,MN-SEN,Senapati,Manipur,25.27,94.02,2024,5,266.0,291.6,9.6,88.6,0,HEAVY_MONSOON,27.2,84.3,0.717
MET-MN-SEN-2024-06,MN-SEN,Senapati,Manipur,25.27,94.02,2024,6,418.0,306.1,-26.8,111.4,0,HEAVY_MONSOON,25.3,92.8,0.479
MET-MN-SEN-2024-07,MN-SEN,Senapati,Manipur,25.27,94.02,2024,7,418.0,549.0,31.3,132.8,1,SEVERE_MONSOON_BURST,27.4,99.0,0.859
MET-MN-SEN-2024-08,MN-SEN,Senapati,Manipur,25.27,94.02,2024,8,418.0,526.5,26.0,210.5,0,SEVERE_MONSOON_BURST,28.3,99.0,0.824
MET-MN-SEN-2024-09,MN-SEN,Senapati,Manipur,25.27,94.02,2024,9,266.0,347.7,30.7,108.5,0,HEAVY_MONSOON,27.5,92.2,0.855
MET-MN-SEN-2024-10,MN-SEN,Senapati,Manipur,25.27,94.02,2024,10,114.0,178.0,56.1,63.9,0,MODERATE_SHOWERS,27.7,75.9,1.0
MET-MN-SEN-2024-11,MN-SEN,Senapati,Manipur,25.27,94.02,2024,11,28.5,39.5,38.6,28.5,0,DRY_PERIOD,27.3,68.4,0.671
MET-MN-SEN-2024-12,MN-SEN,Senapati,Manipur,25.27,94.02,2024,12,28.5,25.8,-9.5,18.2,0,DRY_PERIOD,24.0,70.2,0.439
MET-MN-SEN-2025-01,MN-SEN,Senapati,Manipur,25.27,94.02,2025,1,28.5,31.7,11.2,17.1,0,DRY_PERIOD,21.3,69.6,0.539
MET-MN-SEN-2025-02,MN-SEN,Senapati,Manipur,25.27,94.02,2025,2,28.5,45.9,61.1,23.4,0,DRY_PERIOD,22.2,62.6,0.78
MET-MN-SEN-2025-03,MN-SEN,Senapati,Manipur,25.27,94.02,2025,3,28.5,23.2,-18.6,13.7,0,DRY_PERIOD,27.7,70.6,0.394
MET-MN-SEN-2025-04,MN-SEN,Senapati,Manipur,25.27,94.02,2025,4,114.0,112.6,-1.2,47.3,0,MODERATE_SHOWERS,26.7,65.4,0.646
MET-MN-SEN-2025-05,MN-SEN,Senapati,Manipur,25.27,94.02,2025,5,266.0,319.4,20.1,143.0,1,HEAVY_MONSOON,26.7,94.5,0.785
MET-MN-SEN-2025-06,MN-SEN,Senapati,Manipur,25.27,94.02,2025,6,418.0,297.7,-28.8,116.4,0,HEAVY_MONSOON,25.8,91.4,0.466
MET-MN-SEN-2025-07,MN-SEN,Senapati,Manipur,25.27,94.02,2025,7,418.0,544.7,30.3,181.1,0,SEVERE_MONSOON_BURST,25.6,98.7,0.852
MET-MN-SEN-2025-08,MN-SEN,Senapati,Manipur,25.27,94.02,2025,8,418.0,362.4,-13.3,117.3,0,HEAVY_MONSOON,26.1,86.5,0.567
MET-MN-SEN-2025-09,MN-SEN,Senapati,Manipur,25.27,94.02,2025,9,266.0,321.3,20.8,133.3,0,HEAVY_MONSOON,26.2,81.0,0.79
MET-MN-SEN-2025-10,MN-SEN,Senapati,Manipur,25.27,94.02,2025,10,114.0,105.0,-7.9,46.8,0,MODERATE_SHOWERS,28.9,73.2,0.602
MET-MN-SEN-2025-11,MN-SEN,Senapati,Manipur,25.27,94.02,2025,11,28.5,45.1,58.2,28.1,0,DRY_PERIOD,26.8,70.5,0.767
MET-MN-SEN-2025-12,MN-SEN,Senapati,Manipur,25.27,94.02,2025,12,28.5,27.3,-4.2,20.3,0,DRY_PERIOD,24.5,67.3,0.464
MET-MN-SEN-2026-01,MN-SEN,Senapati,Manipur,25.27,94.02,2026,1,28.5,35.0,22.8,20.3,0,DRY_PERIOD,24.1,65.4,0.595
MET-MN-SEN-2026-02,MN-SEN,Senapati,Manipur,25.27,94.02,2026,2,28.5,41.0,43.9,27.3,0,DRY_PERIOD,24.0,73.2,0.697
MET-MN-SEN-2026-03,MN-SEN,Senapati,Manipur,25.27,94.02,2026,3,28.5,35.9,26.0,23.8,0,DRY_PERIOD,29.0,72.3,0.61
MET-MN-SEN-2026-04,MN-SEN,Senapati,Manipur,25.27,94.02,2026,4,114.0,157.2,37.9,64.1,0,MODERATE_SHOWERS,28.9,73.4,0.902
MET-MN-SEN-2026-05,MN-SEN,Senapati,Manipur,25.27,94.02,2026,5,266.0,273.5,2.8,89.0,0,HEAVY_MONSOON,27.6,79.9,0.672
MET-MN-SEN-2026-06,MN-SEN,Senapati,Manipur,25.27,94.02,2026,6,418.0,392.5,-6.1,169.2,0,SEVERE_MONSOON_BURST,25.7,99.0,0.614
MET-MN-SEN-2026-07,MN-SEN,Senapati,Manipur,25.27,94.02,2026,7,418.0,365.1,-12.7,108.6,0,HEAVY_MONSOON,25.5,84.8,0.571
MET-MN-SEN-2026-08,MN-SEN,Senapati,Manipur,25.27,94.02,2026,8,418.0,284.6,-31.9,97.5,0,HEAVY_MONSOON,26.2,84.7,0.445
MET-MN-SEN-2026-09,MN-SEN,Senapati,Manipur,25.27,94.02,2026,9,266.0,295.1,10.9,66.9,0,HEAVY_MONSOON,27.1,81.8,0.725
MET-MN-SEN-2026-10,MN-SEN,Senapati,Manipur,25.27,94.02,2026,10,114.0,150.5,32.0,58.4,0,MODERATE_SHOWERS,25.4,71.4,0.863
MET-MN-SEN-2026-11,MN-SEN,Senapati,Manipur,25.27,94.02,2026,11,28.5,38.7,35.8,22.1,0,DRY_PERIOD,26.9,60.9,0.658
MET-MN-SEN-2026-12,MN-SEN,Senapati,Manipur,25.27,94.02,2026,12,28.5,15.3,-46.3,10.9,0,DRY_PERIOD,24.3,59.7,0.26
MET-MN-CCP-2015-01,MN-CCP,Churachandpur,Manipur,24.33,93.68,2015,1,26.2,22.7,-13.4,9.6,0,DRY_PERIOD,25.0,70.3,0.386
MET-MN-CCP-2015-02,MN-CCP,Churachandpur,Manipur,24.33,93.68,2015,2,26.2,9.8,-62.6,4.1,0,DRY_PERIOD,21.2,58.0,0.167
MET-MN-CCP-2015-03,MN-CCP,Churachandpur,Manipur,24.33,93.68,2015,3,26.2,15.9,-39.3,8.7,0,DRY_PERIOD,25.1,62.2,0.27
MET-MN-CCP-2015-04,MN-CCP,Churachandpur,Manipur,24.33,93.68,2015,4,105.0,112.4,7.0,49.2,0,MODERATE_SHOWERS,26.0,64.1,0.7
MET-MN-CCP-2015-05,MN-CCP,Churachandpur,Manipur,24.33,93.68,2015,5,245.0,191.7,-21.8,75.8,0,MODERATE_SHOWERS,25.6,72.6,0.512
MET-MN-CCP-2015-06,MN-CCP,Churachandpur,Manipur,24.33,93.68,2015,6,385.0,332.3,-13.7,67.7,0,HEAVY_MONSOON,26.7,95.9,0.564
MET-MN-CCP-2015-07,MN-CCP,Churachandpur,Manipur,24.33,93.68,2015,7,385.0,401.7,4.3,89.9,0,HEAVY_MONSOON,28.2,98.2,0.682
MET-MN-CCP-2015-08,MN-CCP,Churachandpur,Manipur,24.33,93.68,2015,8,385.0,317.2,-17.6,84.7,0,HEAVY_MONSOON,28.1,84.9,0.539
MET-MN-CCP-2015-09,MN-CCP,Churachandpur,Manipur,24.33,93.68,2015,9,245.0,353.3,44.2,95.3,0,HEAVY_MONSOON,27.5,87.5,0.943
MET-MN-CCP-2015-10,MN-CCP,Churachandpur,Manipur,24.33,93.68,2015,10,105.0,88.8,-15.4,39.4,0,MODERATE_SHOWERS,28.6,69.0,0.553
MET-MN-CCP-2015-11,MN-CCP,Churachandpur,Manipur,24.33,93.68,2015,11,26.2,21.4,-18.3,15.4,0,DRY_PERIOD,27.5,63.2,0.364
MET-MN-CCP-2015-12,MN-CCP,Churachandpur,Manipur,24.33,93.68,2015,12,26.2,21.9,-16.4,9.7,0,DRY_PERIOD,23.9,60.3,0.372
MET-MN-CCP-2016-01,MN-CCP,Churachandpur,Manipur,24.33,93.68,2016,1,26.2,14.9,-43.1,7.3,0,DRY_PERIOD,23.5,65.6,0.253
MET-MN-CCP-2016-02,MN-CCP,Churachandpur,Manipur,24.33,93.68,2016,2,26.2,36.6,39.7,14.9,0,DRY_PERIOD,22.3,64.1,0.622
MET-MN-CCP-2016-03,MN-CCP,Churachandpur,Manipur,24.33,93.68,2016,3,26.2,39.5,50.8,24.8,0,DRY_PERIOD,27.8,66.6,0.671
MET-MN-CCP-2016-04,MN-CCP,Churachandpur,Manipur,24.33,93.68,2016,4,105.0,107.8,2.7,51.0,0,MODERATE_SHOWERS,28.5,67.1,0.671
MET-MN-CCP-2016-05,MN-CCP,Churachandpur,Manipur,24.33,93.68,2016,5,245.0,312.9,27.7,136.0,0,HEAVY_MONSOON,26.0,90.1,0.835
MET-MN-CCP-2016-06,MN-CCP,Churachandpur,Manipur,24.33,93.68,2016,6,385.0,345.0,-10.4,139.4,1,HEAVY_MONSOON,25.3,83.2,0.586
MET-MN-CCP-2016-07,MN-CCP,Churachandpur,Manipur,24.33,93.68,2016,7,385.0,526.5,36.8,140.6,0,SEVERE_MONSOON_BURST,27.1,99.0,0.894
MET-MN-CCP-2016-08,MN-CCP,Churachandpur,Manipur,24.33,93.68,2016,8,385.0,569.1,47.8,180.3,0,SEVERE_MONSOON_BURST,27.8,99.0,0.967
MET-MN-CCP-2016-09,MN-CCP,Churachandpur,Manipur,24.33,93.68,2016,9,245.0,285.1,16.4,71.5,0,HEAVY_MONSOON,27.4,92.2,0.761
MET-MN-CCP-2016-10,MN-CCP,Churachandpur,Manipur,24.33,93.68,2016,10,105.0,145.8,38.9,65.1,0,MODERATE_SHOWERS,25.6,72.1,0.908
MET-MN-CCP-2016-11,MN-CCP,Churachandpur,Manipur,24.33,93.68,2016,11,26.2,41.3,57.6,28.4,0,DRY_PERIOD,28.0,70.2,0.702
MET-MN-CCP-2016-12,MN-CCP,Churachandpur,Manipur,24.33,93.68,2016,12,26.2,45.7,74.4,23.9,0,DRY_PERIOD,24.8,64.7,0.777
MET-MN-CCP-2017-01,MN-CCP,Churachandpur,Manipur,24.33,93.68,2017,1,26.2,27.1,3.4,20.5,0,DRY_PERIOD,24.3,68.9,0.461
MET-MN-CCP-2017-02,MN-CCP,Churachandpur,Manipur,24.33,93.68,2017,2,26.2,36.6,39.7,26.3,0,DRY_PERIOD,21.5,58.8,0.622
MET-MN-CCP-2017-03,MN-CCP,Churachandpur,Manipur,24.33,93.68,2017,3,26.2,49.2,87.8,38.8,0,DRY_PERIOD,27.0,66.5,0.836
MET-MN-CCP-2017-04,MN-CCP,Churachandpur,Manipur,24.33,93.68,2017,4,105.0,100.2,-4.6,69.2,0,MODERATE_SHOWERS,25.6,76.6,0.624
MET-MN-CCP-2017-05,MN-CCP,Churachandpur,Manipur,24.33,93.68,2017,5,245.0,354.3,44.6,104.6,0,HEAVY_MONSOON,25.7,94.3,0.946
MET-MN-CCP-2017-06,MN-CCP,Churachandpur,Manipur,24.33,93.68,2017,6,385.0,389.7,1.2,132.0,1,HEAVY_MONSOON,25.8,98.5,0.662
MET-MN-CCP-2017-07,MN-CCP,Churachandpur,Manipur,24.33,93.68,2017,7,385.0,437.9,13.7,134.8,1,HEAVY_MONSOON,28.4,99.0,0.744
MET-MN-CCP-2017-08,MN-CCP,Churachandpur,Manipur,24.33,93.68,2017,8,385.0,379.4,-1.5,128.3,0,HEAVY_MONSOON,26.5,94.8,0.644
MET-MN-CCP-2017-09,MN-CCP,Churachandpur,Manipur,24.33,93.68,2017,9,245.0,187.7,-23.4,73.6,0,MODERATE_SHOWERS,28.9,79.5,0.501
MET-MN-CCP-2017-10,MN-CCP,Churachandpur,Manipur,24.33,93.68,2017,10,105.0,146.3,39.3,41.7,0,MODERATE_SHOWERS,25.6,74.5,0.911
MET-MN-CCP-2017-11,MN-CCP,Churachandpur,Manipur,24.33,93.68,2017,11,26.2,52.7,101.1,23.7,0,DRY_PERIOD,25.0,72.0,0.896
MET-MN-CCP-2017-12,MN-CCP,Churachandpur,Manipur,24.33,93.68,2017,12,26.2,36.0,37.4,19.5,0,DRY_PERIOD,23.5,57.9,0.612
MET-MN-CCP-2018-01,MN-CCP,Churachandpur,Manipur,24.33,93.68,2018,1,26.2,24.7,-5.7,12.1,0,DRY_PERIOD,23.1,59.5,0.42
MET-MN-CCP-2018-02,MN-CCP,Churachandpur,Manipur,24.33,93.68,2018,2,26.2,42.4,61.8,24.1,0,DRY_PERIOD,21.3,64.0,0.721
MET-MN-CCP-2018-03,MN-CCP,Churachandpur,Manipur,24.33,93.68,2018,3,26.2,26.0,-0.8,15.8,0,DRY_PERIOD,28.9,65.0,0.442
MET-MN-CCP-2018-04,MN-CCP,Churachandpur,Manipur,24.33,93.68,2018,4,105.0,151.2,44.0,110.2,0,MODERATE_SHOWERS,26.0,73.4,0.942
MET-MN-CCP-2018-05,MN-CCP,Churachandpur,Manipur,24.33,93.68,2018,5,245.0,195.8,-20.1,79.1,0,MODERATE_SHOWERS,27.9,78.6,0.523
MET-MN-CCP-2018-06,MN-CCP,Churachandpur,Manipur,24.33,93.68,2018,6,385.0,302.2,-21.5,104.4,0,HEAVY_MONSOON,25.6,80.4,0.513
MET-MN-CCP-2018-07,MN-CCP,Churachandpur,Manipur,24.33,93.68,2018,7,385.0,298.3,-22.5,65.7,0,HEAVY_MONSOON,26.9,83.8,0.507
MET-MN-CCP-2018-08,MN-CCP,Churachandpur,Manipur,24.33,93.68,2018,8,385.0,555.2,44.2,119.3,0,SEVERE_MONSOON_BURST,25.4,99.0,0.943
MET-MN-CCP-2018-09,MN-CCP,Churachandpur,Manipur,24.33,93.68,2018,9,245.0,259.5,5.9,78.3,0,HEAVY_MONSOON,26.8,86.8,0.693
MET-MN-CCP-2018-10,MN-CCP,Churachandpur,Manipur,24.33,93.68,2018,10,105.0,116.6,11.0,26.0,0,MODERATE_SHOWERS,25.4,75.2,0.726
MET-MN-CCP-2018-11,MN-CCP,Churachandpur,Manipur,24.33,93.68,2018,11,26.2,30.5,16.4,21.7,0,DRY_PERIOD,28.9,68.9,0.518
MET-MN-CCP-2018-12,MN-CCP,Churachandpur,Manipur,24.33,93.68,2018,12,26.2,22.2,-15.3,12.9,0,DRY_PERIOD,23.2,66.8,0.377
MET-MN-CCP-2019-01,MN-CCP,Churachandpur,Manipur,24.33,93.68,2019,1,26.2,36.6,39.7,18.2,0,DRY_PERIOD,24.7,67.5,0.622
MET-MN-CCP-2019-02,MN-CCP,Churachandpur,Manipur,24.33,93.68,2019,2,26.2,13.2,-49.6,6.3,0,DRY_PERIOD,23.8,65.0,0.224
MET-MN-CCP-2019-03,MN-CCP,Churachandpur,Manipur,24.33,93.68,2019,3,26.2,44.5,69.8,30.7,0,DRY_PERIOD,28.7,70.6,0.756
MET-MN-CCP-2019-04,MN-CCP,Churachandpur,Manipur,24.33,93.68,2019,4,105.0,145.7,38.8,91.3,0,MODERATE_SHOWERS,27.2,79.8,0.907
MET-MN-CCP-2019-05,MN-CCP,Churachandpur,Manipur,24.33,93.68,2019,5,245.0,301.2,22.9,67.9,0,HEAVY_MONSOON,27.2,89.1,0.804
MET-MN-CCP-2019-06,MN-CCP,Churachandpur,Manipur,24.33,93.68,2019,6,385.0,551.6,43.3,213.4,0,SEVERE_MONSOON_BURST,25.2,99.0,0.937
MET-MN-CCP-2019-07,MN-CCP,Churachandpur,Manipur,24.33,93.68,2019,7,385.0,336.5,-12.6,76.5,0,HEAVY_MONSOON,26.5,90.4,0.571
MET-MN-CCP-2019-08,MN-CCP,Churachandpur,Manipur,24.33,93.68,2019,8,385.0,408.8,6.2,143.8,0,HEAVY_MONSOON,28.4,97.2,0.694
MET-MN-CCP-2019-09,MN-CCP,Churachandpur,Manipur,24.33,93.68,2019,9,245.0,314.0,28.2,130.3,0,HEAVY_MONSOON,26.0,92.9,0.838
MET-MN-CCP-2019-10,MN-CCP,Churachandpur,Manipur,24.33,93.68,2019,10,105.0,123.4,17.5,39.9,0,MODERATE_SHOWERS,28.1,76.9,0.768
MET-MN-CCP-2019-11,MN-CCP,Churachandpur,Manipur,24.33,93.68,2019,11,26.2,35.6,35.9,14.9,0,DRY_PERIOD,26.1,61.4,0.605
MET-MN-CCP-2019-12,MN-CCP,Churachandpur,Manipur,24.33,93.68,2019,12,26.2,31.2,19.1,23.0,0,DRY_PERIOD,22.2,72.4,0.53
MET-MN-CCP-2020-01,MN-CCP,Churachandpur,Manipur,24.33,93.68,2020,1,26.2,52.1,98.9,26.7,0,DRY_PERIOD,21.1,71.8,0.886
MET-MN-CCP-2020-02,MN-CCP,Churachandpur,Manipur,24.33,93.68,2020,2,26.2,29.4,12.2,16.2,0,DRY_PERIOD,23.8,58.0,0.5
MET-MN-CCP-2020-03,MN-CCP,Churachandpur,Manipur,24.33,93.68,2020,3,26.2,23.1,-11.8,15.3,0,DRY_PERIOD,25.2,67.7,0.393
MET-MN-CCP-2020-04,MN-CCP,Churachandpur,Manipur,24.33,93.68,2020,4,105.0,162.6,54.9,91.1,0,MODERATE_SHOWERS,27.5,80.5,1.0
MET-MN-CCP-2020-05,MN-CCP,Churachandpur,Manipur,24.33,93.68,2020,5,245.0,369.6,50.9,113.2,0,HEAVY_MONSOON,25.3,97.4,0.986
MET-MN-CCP-2020-06,MN-CCP,Churachandpur,Manipur,24.33,93.68,2020,6,385.0,487.9,26.7,192.4,0,SEVERE_MONSOON_BURST,27.4,99.0,0.829
MET-MN-CCP-2020-07,MN-CCP,Churachandpur,Manipur,24.33,93.68,2020,7,385.0,316.5,-17.8,121.8,0,HEAVY_MONSOON,28.1,90.0,0.538
MET-MN-CCP-2020-08,MN-CCP,Churachandpur,Manipur,24.33,93.68,2020,8,385.0,412.8,7.2,119.2,0,HEAVY_MONSOON,27.7,91.5,0.701
MET-MN-CCP-2020-09,MN-CCP,Churachandpur,Manipur,24.33,93.68,2020,9,245.0,236.4,-3.5,47.4,0,MODERATE_SHOWERS,25.9,77.1,0.631
MET-MN-CCP-2020-10,MN-CCP,Churachandpur,Manipur,24.33,93.68,2020,10,105.0,140.9,34.2,28.8,0,MODERATE_SHOWERS,27.7,81.0,0.877
MET-MN-CCP-2020-11,MN-CCP,Churachandpur,Manipur,24.33,93.68,2020,11,26.2,30.1,14.9,14.0,0,DRY_PERIOD,29.0,68.6,0.512
MET-MN-CCP-2020-12,MN-CCP,Churachandpur,Manipur,24.33,93.68,2020,12,26.2,32.8,25.2,21.1,0,DRY_PERIOD,22.9,69.5,0.558
MET-MN-CCP-2021-01,MN-CCP,Churachandpur,Manipur,24.33,93.68,2021,1,26.2,26.5,1.1,15.4,0,DRY_PERIOD,23.9,61.0,0.451
MET-MN-CCP-2021-02,MN-CCP,Churachandpur,Manipur,24.33,93.68,2021,2,26.2,15.6,-40.5,11.2,0,DRY_PERIOD,22.4,63.9,0.265
MET-MN-CCP-2021-03,MN-CCP,Churachandpur,Manipur,24.33,93.68,2021,3,26.2,44.9,71.4,27.2,0,DRY_PERIOD,27.2,66.4,0.763
MET-MN-CCP-2021-04,MN-CCP,Churachandpur,Manipur,24.33,93.68,2021,4,105.0,79.5,-24.3,49.0,0,DRY_PERIOD,26.0,75.2,0.495
MET-MN-CCP-2021-05,MN-CCP,Churachandpur,Manipur,24.33,93.68,2021,5,245.0,219.0,-10.6,98.0,0,MODERATE_SHOWERS,26.9,75.8,0.584
MET-MN-CCP-2021-06,MN-CCP,Churachandpur,Manipur,24.33,93.68,2021,6,385.0,399.2,3.7,144.4,0,HEAVY_MONSOON,26.7,98.3,0.678
MET-MN-CCP-2021-07,MN-CCP,Churachandpur,Manipur,24.33,93.68,2021,7,385.0,266.4,-30.8,86.4,0,HEAVY_MONSOON,26.7,89.2,0.452
MET-MN-CCP-2021-08,MN-CCP,Churachandpur,Manipur,24.33,93.68,2021,8,385.0,486.6,26.4,131.9,0,HEAVY_MONSOON,27.1,99.0,0.826
MET-MN-CCP-2021-09,MN-CCP,Churachandpur,Manipur,24.33,93.68,2021,9,245.0,229.1,-6.5,98.1,0,MODERATE_SHOWERS,25.3,81.0,0.611
MET-MN-CCP-2021-10,MN-CCP,Churachandpur,Manipur,24.33,93.68,2021,10,105.0,115.5,10.0,28.3,0,MODERATE_SHOWERS,26.1,77.6,0.719
MET-MN-CCP-2021-11,MN-CCP,Churachandpur,Manipur,24.33,93.68,2021,11,26.2,42.8,63.4,26.9,0,DRY_PERIOD,28.7,64.2,0.728
MET-MN-CCP-2021-12,MN-CCP,Churachandpur,Manipur,24.33,93.68,2021,12,26.2,30.0,14.5,16.9,0,DRY_PERIOD,22.9,64.1,0.51
MET-MN-CCP-2022-01,MN-CCP,Churachandpur,Manipur,24.33,93.68,2022,1,26.2,54.0,106.1,28.7,0,DRY_PERIOD,22.5,61.1,0.918
MET-MN-CCP-2022-02,MN-CCP,Churachandpur,Manipur,24.33,93.68,2022,2,26.2,19.4,-26.0,13.0,0,DRY_PERIOD,24.5,60.2,0.33
MET-MN-CCP-2022-03,MN-CCP,Churachandpur,Manipur,24.33,93.68,2022,3,26.2,52.9,101.9,40.5,0,DRY_PERIOD,27.9,60.3,0.899
MET-MN-CCP-2022-04,MN-CCP,Churachandpur,Manipur,24.33,93.68,2022,4,105.0,91.9,-12.5,73.0,0,MODERATE_SHOWERS,26.2,69.9,0.572
MET-MN-CCP-2022-05,MN-CCP,Churachandpur,Manipur,24.33,93.68,2022,5,245.0,263.5,7.6,106.7,0,HEAVY_MONSOON,28.9,86.3,0.703
MET-MN-CCP-2022-06,MN-CCP,Churachandpur,Manipur,24.33,93.68,2022,6,385.0,328.8,-14.6,135.9,1,HEAVY_MONSOON,25.8,95.4,0.558
MET-MN-CCP-2022-07,MN-CCP,Churachandpur,Manipur,24.33,93.68,2022,7,385.0,344.5,-10.5,90.3,0,HEAVY_MONSOON,27.5,94.6,0.585
MET-MN-CCP-2022-08,MN-CCP,Churachandpur,Manipur,24.33,93.68,2022,8,385.0,504.8,31.1,130.2,0,SEVERE_MONSOON_BURST,27.5,99.0,0.857
MET-MN-CCP-2022-09,MN-CCP,Churachandpur,Manipur,24.33,93.68,2022,9,245.0,215.3,-12.1,76.4,0,MODERATE_SHOWERS,25.9,85.3,0.575
MET-MN-CCP-2022-10,MN-CCP,Churachandpur,Manipur,24.33,93.68,2022,10,105.0,117.7,12.1,45.0,0,MODERATE_SHOWERS,28.2,68.6,0.733
MET-MN-CCP-2022-11,MN-CCP,Churachandpur,Manipur,24.33,93.68,2022,11,26.2,28.7,9.5,21.7,0,DRY_PERIOD,28.9,62.8,0.488
MET-MN-CCP-2022-12,MN-CCP,Churachandpur,Manipur,24.33,93.68,2022,12,26.2,36.4,38.9,16.5,0,DRY_PERIOD,21.9,63.5,0.619
MET-MN-CCP-2023-01,MN-CCP,Churachandpur,Manipur,24.33,93.68,2023,1,26.2,46.7,78.2,32.1,0,DRY_PERIOD,22.7,62.0,0.794
MET-MN-CCP-2023-02,MN-CCP,Churachandpur,Manipur,24.33,93.68,2023,2,26.2,31.5,20.2,13.5,0,DRY_PERIOD,22.9,60.2,0.535
MET-MN-CCP-2023-03,MN-CCP,Churachandpur,Manipur,24.33,93.68,2023,3,26.2,43.2,64.9,18.6,0,DRY_PERIOD,26.1,63.9,0.734
MET-MN-CCP-2023-04,MN-CCP,Churachandpur,Manipur,24.33,93.68,2023,4,105.0,119.4,13.7,81.6,0,MODERATE_SHOWERS,28.3,78.6,0.744
MET-MN-CCP-2023-05,MN-CCP,Churachandpur,Manipur,24.33,93.68,2023,5,245.0,267.6,9.2,74.4,0,HEAVY_MONSOON,28.0,91.1,0.714
MET-MN-CCP-2023-06,MN-CCP,Churachandpur,Manipur,24.33,93.68,2023,6,385.0,335.5,-12.9,112.2,0,HEAVY_MONSOON,28.8,87.8,0.57
MET-MN-CCP-2023-07,MN-CCP,Churachandpur,Manipur,24.33,93.68,2023,7,385.0,504.7,31.1,170.7,0,SEVERE_MONSOON_BURST,25.3,99.0,0.857
MET-MN-CCP-2023-08,MN-CCP,Churachandpur,Manipur,24.33,93.68,2023,8,385.0,286.1,-25.7,125.5,0,HEAVY_MONSOON,27.5,78.5,0.486
MET-MN-CCP-2023-09,MN-CCP,Churachandpur,Manipur,24.33,93.68,2023,9,245.0,349.9,42.8,153.6,1,SEVERE_MONSOON_BURST,26.5,96.7,0.934
MET-MN-CCP-2023-10,MN-CCP,Churachandpur,Manipur,24.33,93.68,2023,10,105.0,133.0,26.7,43.8,0,MODERATE_SHOWERS,26.6,69.4,0.828
MET-MN-CCP-2023-11,MN-CCP,Churachandpur,Manipur,24.33,93.68,2023,11,26.2,51.3,95.8,31.5,0,DRY_PERIOD,27.8,69.4,0.872
MET-MN-CCP-2023-12,MN-CCP,Churachandpur,Manipur,24.33,93.68,2023,12,26.2,57.5,119.5,46.0,0,DRY_PERIOD,21.7,70.9,0.977
MET-MN-CCP-2024-01,MN-CCP,Churachandpur,Manipur,24.33,93.68,2024,1,26.2,40.4,54.2,31.5,0,DRY_PERIOD,24.1,72.4,0.687
MET-MN-CCP-2024-02,MN-CCP,Churachandpur,Manipur,24.33,93.68,2024,2,26.2,45.1,72.1,20.3,0,DRY_PERIOD,23.2,70.1,0.767
MET-MN-CCP-2024-03,MN-CCP,Churachandpur,Manipur,24.33,93.68,2024,3,26.2,27.7,5.7,20.3,0,DRY_PERIOD,25.8,57.7,0.471
MET-MN-CCP-2024-04,MN-CCP,Churachandpur,Manipur,24.33,93.68,2024,4,105.0,162.0,54.3,109.8,0,MODERATE_SHOWERS,25.1,79.3,1.0
MET-MN-CCP-2024-05,MN-CCP,Churachandpur,Manipur,24.33,93.68,2024,5,245.0,309.1,26.2,89.6,0,HEAVY_MONSOON,26.4,89.4,0.825
MET-MN-CCP-2024-06,MN-CCP,Churachandpur,Manipur,24.33,93.68,2024,6,385.0,349.9,-9.1,116.1,0,HEAVY_MONSOON,26.1,92.0,0.594
MET-MN-CCP-2024-07,MN-CCP,Churachandpur,Manipur,24.33,93.68,2024,7,385.0,353.4,-8.2,116.5,0,HEAVY_MONSOON,26.6,95.0,0.6
MET-MN-CCP-2024-08,MN-CCP,Churachandpur,Manipur,24.33,93.68,2024,8,385.0,450.1,16.9,142.8,0,HEAVY_MONSOON,27.0,98.2,0.764
MET-MN-CCP-2024-09,MN-CCP,Churachandpur,Manipur,24.33,93.68,2024,9,245.0,254.3,3.8,90.1,0,HEAVY_MONSOON,26.7,81.2,0.679
MET-MN-CCP-2024-10,MN-CCP,Churachandpur,Manipur,24.33,93.68,2024,10,105.0,156.6,49.1,37.6,0,MODERATE_SHOWERS,28.5,77.5,0.975
MET-MN-CCP-2024-11,MN-CCP,Churachandpur,Manipur,24.33,93.68,2024,11,26.2,25.4,-3.1,15.8,0,DRY_PERIOD,25.7,59.4,0.432
MET-MN-CCP-2024-12,MN-CCP,Churachandpur,Manipur,24.33,93.68,2024,12,26.2,38.1,45.4,27.2,0,DRY_PERIOD,23.3,60.9,0.648
MET-MN-CCP-2025-01,MN-CCP,Churachandpur,Manipur,24.33,93.68,2025,1,26.2,32.3,23.3,17.2,0,DRY_PERIOD,22.8,58.4,0.549
MET-MN-CCP-2025-02,MN-CCP,Churachandpur,Manipur,24.33,93.68,2025,2,26.2,28.5,8.8,21.0,0,DRY_PERIOD,24.2,67.5,0.484
MET-MN-CCP-2025-03,MN-CCP,Churachandpur,Manipur,24.33,93.68,2025,3,26.2,50.4,92.4,33.1,0,DRY_PERIOD,26.1,70.7,0.857
MET-MN-CCP-2025-04,MN-CCP,Churachandpur,Manipur,24.33,93.68,2025,4,105.0,96.7,-7.9,48.0,0,MODERATE_SHOWERS,25.2,66.0,0.602
MET-MN-CCP-2025-05,MN-CCP,Churachandpur,Manipur,24.33,93.68,2025,5,245.0,252.7,3.1,91.0,0,HEAVY_MONSOON,27.0,87.8,0.674
MET-MN-CCP-2025-06,MN-CCP,Churachandpur,Manipur,24.33,93.68,2025,6,385.0,462.6,20.2,176.7,0,SEVERE_MONSOON_BURST,26.6,99.0,0.786
MET-MN-CCP-2025-07,MN-CCP,Churachandpur,Manipur,24.33,93.68,2025,7,385.0,347.7,-9.7,65.2,0,HEAVY_MONSOON,27.4,91.3,0.59
MET-MN-CCP-2025-08,MN-CCP,Churachandpur,Manipur,24.33,93.68,2025,8,385.0,512.7,33.2,113.1,0,SEVERE_MONSOON_BURST,25.4,99.0,0.871
MET-MN-CCP-2025-09,MN-CCP,Churachandpur,Manipur,24.33,93.68,2025,9,245.0,267.0,9.0,105.3,0,HEAVY_MONSOON,26.2,86.0,0.713
MET-MN-CCP-2025-10,MN-CCP,Churachandpur,Manipur,24.33,93.68,2025,10,105.0,121.1,15.3,47.2,0,MODERATE_SHOWERS,26.2,78.4,0.754
MET-MN-CCP-2025-11,MN-CCP,Churachandpur,Manipur,24.33,93.68,2025,11,26.2,27.8,6.1,20.6,0,DRY_PERIOD,28.8,69.6,0.473
MET-MN-CCP-2025-12,MN-CCP,Churachandpur,Manipur,24.33,93.68,2025,12,26.2,12.2,-53.4,8.3,0,DRY_PERIOD,23.8,57.0,0.207
MET-MN-CCP-2026-01,MN-CCP,Churachandpur,Manipur,24.33,93.68,2026,1,26.2,27.1,3.4,19.2,0,DRY_PERIOD,23.3,67.2,0.461
MET-MN-CCP-2026-02,MN-CCP,Churachandpur,Manipur,24.33,93.68,2026,2,26.2,26.2,0.0,15.7,0,DRY_PERIOD,24.7,65.3,0.445
MET-MN-CCP-2026-03,MN-CCP,Churachandpur,Manipur,24.33,93.68,2026,3,26.2,25.8,-1.5,10.9,0,DRY_PERIOD,25.4,60.1,0.439
MET-MN-CCP-2026-04,MN-CCP,Churachandpur,Manipur,24.33,93.68,2026,4,105.0,107.8,2.7,82.7,0,MODERATE_SHOWERS,28.5,73.8,0.671
MET-MN-CCP-2026-05,MN-CCP,Churachandpur,Manipur,24.33,93.68,2026,5,245.0,260.7,6.4,54.8,0,HEAVY_MONSOON,27.9,90.2,0.696
MET-MN-CCP-2026-06,MN-CCP,Churachandpur,Manipur,24.33,93.68,2026,6,385.0,294.5,-23.5,106.1,0,HEAVY_MONSOON,26.8,85.5,0.5
MET-MN-CCP-2026-07,MN-CCP,Churachandpur,Manipur,24.33,93.68,2026,7,385.0,419.1,8.9,107.9,0,HEAVY_MONSOON,26.7,88.7,0.712
MET-MN-CCP-2026-08,MN-CCP,Churachandpur,Manipur,24.33,93.68,2026,8,385.0,447.4,16.2,116.6,0,HEAVY_MONSOON,25.3,99.0,0.76
MET-MN-CCP-2026-09,MN-CCP,Churachandpur,Manipur,24.33,93.68,2026,9,245.0,210.4,-14.1,64.3,0,MODERATE_SHOWERS,26.6,79.0,0.562
MET-MN-CCP-2026-10,MN-CCP,Churachandpur,Manipur,24.33,93.68,2026,10,105.0,155.0,47.6,36.5,0,MODERATE_SHOWERS,26.5,80.7,0.965
MET-MN-CCP-2026-11,MN-CCP,Churachandpur,Manipur,24.33,93.68,2026,11,26.2,31.0,18.3,24.8,0,DRY_PERIOD,25.5,61.1,0.527
MET-MN-CCP-2026-12,MN-CCP,Churachandpur,Manipur,24.33,93.68,2026,12,26.2,37.6,43.5,16.9,0,DRY_PERIOD,21.1,64.5,0.639
MET-MZ-AIZ-2015-01,MZ-AIZ,Aizawl,Mizoram,23.72,92.71,2015,1,40.5,81.9,102.2,60.9,0,MODERATE_SHOWERS,24.2,72.5,1.0
MET-MZ-AIZ-2015-02,MZ-AIZ,Aizawl,Mizoram,23.72,92.71,2015,2,40.5,48.0,18.5,23.0,0,DRY_PERIOD,23.2,71.3,0.775
MET-MZ-AIZ-2015-03,MZ-AIZ,Aizawl,Mizoram,23.72,92.71,2015,3,40.5,49.3,21.7,25.0,0,DRY_PERIOD,28.1,68.7,0.796
MET-MZ-AIZ-2015-04,MZ-AIZ,Aizawl,Mizoram,23.72,92.71,2015,4,162.0,209.7,29.4,151.7,0,SEVERE_MONSOON_BURST,28.5,78.5,0.846
MET-MZ-AIZ-2015-05,MZ-AIZ,Aizawl,Mizoram,23.72,92.71,2015,5,378.0,402.1,6.4,170.0,0,SEVERE_MONSOON_BURST,25.6,99.0,0.696
MET-MZ-AIZ-2015-06,MZ-AIZ,Aizawl,Mizoram,23.72,92.71,2015,6,594.0,626.6,5.5,141.6,0,SEVERE_MONSOON_BURST,27.7,99.0,0.69
MET-MZ-AIZ-2015-07,MZ-AIZ,Aizawl,Mizoram,23.72,92.71,2015,7,594.0,466.8,-21.4,131.0,0,HEAVY_MONSOON,25.9,96.1,0.514
MET-MZ-AIZ-2015-08,MZ-AIZ,Aizawl,Mizoram,23.72,92.71,2015,8,594.0,841.9,41.7,191.1,0,SEVERE_MONSOON_BURST,25.6,99.0,0.927
MET-MZ-AIZ-2015-09,MZ-AIZ,Aizawl,Mizoram,23.72,92.71,2015,9,378.0,363.3,-3.9,151.7,0,SEVERE_MONSOON_BURST,25.5,90.1,0.628
MET-MZ-AIZ-2015-10,MZ-AIZ,Aizawl,Mizoram,23.72,92.71,2015,10,162.0,203.5,25.6,72.7,0,MODERATE_SHOWERS,25.5,83.4,0.821
MET-MZ-AIZ-2015-11,MZ-AIZ,Aizawl,Mizoram,23.72,92.71,2015,11,40.5,72.7,79.5,55.8,0,DRY_PERIOD,25.5,73.8,1.0
MET-MZ-AIZ-2015-12,MZ-AIZ,Aizawl,Mizoram,23.72,92.71,2015,12,40.5,49.4,22.0,29.8,0,DRY_PERIOD,23.8,67.5,0.798
MET-MZ-AIZ-2016-01,MZ-AIZ,Aizawl,Mizoram,23.72,92.71,2016,1,40.5,20.7,-48.9,11.0,0,DRY_PERIOD,23.8,71.4,0.334
MET-MZ-AIZ-2016-02,MZ-AIZ,Aizawl,Mizoram,23.72,92.71,2016,2,40.5,37.6,-7.2,17.7,0,DRY_PERIOD,22.6,72.1,0.607
MET-MZ-AIZ-2016-03,MZ-AIZ,Aizawl,Mizoram,23.72,92.71,2016,3,40.5,65.9,62.7,49.8,0,DRY_PERIOD,25.4,62.2,1.0
MET-MZ-AIZ-2016-04,MZ-AIZ,Aizawl,Mizoram,23.72,92.71,2016,4,162.0,137.4,-15.2,60.2,0,MODERATE_SHOWERS,27.4,70.6,0.555
MET-MZ-AIZ-2016-05,MZ-AIZ,Aizawl,Mizoram,23.72,92.71,2016,5,378.0,501.2,32.6,98.8,0,SEVERE_MONSOON_BURST,27.8,95.4,0.867
MET-MZ-AIZ-2016-06,MZ-AIZ,Aizawl,Mizoram,23.72,92.71,2016,6,594.0,597.5,0.6,202.0,1,SEVERE_MONSOON_BURST,27.3,99.0,0.658
MET-MZ-AIZ-2016-07,MZ-AIZ,Aizawl,Mizoram,23.72,92.71,2016,7,594.0,616.4,3.8,266.8,0,SEVERE_MONSOON_BURST,25.8,99.0,0.679
MET-MZ-AIZ-2016-08,MZ-AIZ,Aizawl,Mizoram,23.72,92.71,2016,8,594.0,589.4,-0.8,256.1,0,SEVERE_MONSOON_BURST,28.4,99.0,0.649
MET-MZ-AIZ-2016-09,MZ-AIZ,Aizawl,Mizoram,23.72,92.71,2016,9,378.0,392.5,3.8,84.7,0,HEAVY_MONSOON,28.5,91.5,0.679
MET-MZ-AIZ-2016-10,MZ-AIZ,Aizawl,Mizoram,23.72,92.71,2016,10,162.0,155.2,-4.2,50.5,0,MODERATE_SHOWERS,28.0,81.5,0.626
MET-MZ-AIZ-2016-11,MZ-AIZ,Aizawl,Mizoram,23.72,92.71,2016,11,40.5,41.2,1.7,17.6,0,DRY_PERIOD,28.9,66.6,0.665
MET-MZ-AIZ-2016-12,MZ-AIZ,Aizawl,Mizoram,23.72,92.71,2016,12,40.5,33.5,-17.3,18.8,0,DRY_PERIOD,24.7,68.9,0.541
MET-MZ-AIZ-2017-01,MZ-AIZ,Aizawl,Mizoram,23.72,92.71,2017,1,40.5,64.7,59.8,48.3,0,DRY_PERIOD,22.1,62.5,1.0
MET-MZ-AIZ-2017-02,MZ-AIZ,Aizawl,Mizoram,23.72,92.71,2017,2,40.5,28.2,-30.4,12.3,0,DRY_PERIOD,22.2,58.6,0.455
MET-MZ-AIZ-2017-03,MZ-AIZ,Aizawl,Mizoram,23.72,92.71,2017,3,40.5,64.4,59.0,26.3,0,DRY_PERIOD,27.3,68.4,1.0
MET-MZ-AIZ-2017-04,MZ-AIZ,Aizawl,Mizoram,23.72,92.71,2017,4,162.0,200.3,23.6,144.3,1,MODERATE_SHOWERS,28.8,76.4,0.808
MET-MZ-AIZ-2017-05,MZ-AIZ,Aizawl,Mizoram,23.72,92.71,2017,5,378.0,452.5,19.7,196.1,1,SEVERE_MONSOON_BURST,25.4,92.3,0.783
MET-MZ-AIZ-2017-06,MZ-AIZ,Aizawl,Mizoram,23.72,92.71,2017,6,594.0,510.4,-14.1,202.9,1,SEVERE_MONSOON_BURST,26.7,99.0,0.562
MET-MZ-AIZ-2017-07,MZ-AIZ,Aizawl,Mizoram,23.72,92.71,2017,7,594.0,553.5,-6.8,226.0,0,SEVERE_MONSOON_BURST,26.8,99.0,0.609
MET-MZ-AIZ-2017-08,MZ-AIZ,Aizawl,Mizoram,23.72,92.71,2017,8,594.0,479.3,-19.3,107.7,0,HEAVY_MONSOON,28.2,99.0,0.528
MET-MZ-AIZ-2017-09,MZ-AIZ,Aizawl,Mizoram,23.72,92.71,2017,9,378.0,373.7,-1.1,134.5,1,HEAVY_MONSOON,28.7,92.1,0.646
MET-MZ-AIZ-2017-10,MZ-AIZ,Aizawl,Mizoram,23.72,92.71,2017,10,162.0,168.9,4.3,69.0,0,MODERATE_SHOWERS,25.5,75.2,0.682
MET-MZ-AIZ-2017-11,MZ-AIZ,Aizawl,Mizoram,23.72,92.71,2017,11,40.5,25.8,-36.3,10.3,0,DRY_PERIOD,26.8,67.2,0.417
MET-MZ-AIZ-2017-12,MZ-AIZ,Aizawl,Mizoram,23.72,92.71,2017,12,40.5,63.2,56.0,43.5,0,DRY_PERIOD,23.6,61.4,1.0
MET-MZ-AIZ-2018-01,MZ-AIZ,Aizawl,Mizoram,23.72,92.71,2018,1,40.5,49.5,22.2,38.6,0,DRY_PERIOD,22.6,61.7,0.799
MET-MZ-AIZ-2018-02,MZ-AIZ,Aizawl,Mizoram,23.72,92.71,2018,2,40.5,41.8,3.2,19.1,0,DRY_PERIOD,22.5,66.8,0.675
MET-MZ-AIZ-2018-03,MZ-AIZ,Aizawl,Mizoram,23.72,92.71,2018,3,40.5,54.2,33.8,27.1,0,DRY_PERIOD,27.5,59.4,0.875
MET-MZ-AIZ-2018-04,MZ-AIZ,Aizawl,Mizoram,23.72,92.71,2018,4,162.0,206.5,27.5,91.1,0,MODERATE_SHOWERS,25.8,82.2,0.833
MET-MZ-AIZ-2018-05,MZ-AIZ,Aizawl,Mizoram,23.72,92.71,2018,5,378.0,278.6,-26.3,61.0,0,HEAVY_MONSOON,26.1,88.0,0.482
MET-MZ-AIZ-2018-06,MZ-AIZ,Aizawl,Mizoram,23.72,92.71,2018,6,594.0,732.2,23.3,236.7,1,SEVERE_MONSOON_BURST,25.5,99.0,0.806
MET-MZ-AIZ-2018-07,MZ-AIZ,Aizawl,Mizoram,23.72,92.71,2018,7,594.0,423.4,-28.7,140.0,0,HEAVY_MONSOON,27.3,93.8,0.466
MET-MZ-AIZ-2018-08,MZ-AIZ,Aizawl,Mizoram,23.72,92.71,2018,8,594.0,695.9,17.2,230.9,1,SEVERE_MONSOON_BURST,26.2,99.0,0.766
MET-MZ-AIZ-2018-09,MZ-AIZ,Aizawl,Mizoram,23.72,92.71,2018,9,378.0,478.8,26.7,205.9,0,SEVERE_MONSOON_BURST,27.6,96.7,0.828
MET-MZ-AIZ-2018-10,MZ-AIZ,Aizawl,Mizoram,23.72,92.71,2018,10,162.0,232.7,43.6,85.6,0,MODERATE_SHOWERS,28.3,83.2,0.939
MET-MZ-AIZ-2018-11,MZ-AIZ,Aizawl,Mizoram,23.72,92.71,2018,11,40.5,53.0,30.9,26.4,0,DRY_PERIOD,25.5,68.9,0.856
MET-MZ-AIZ-2018-12,MZ-AIZ,Aizawl,Mizoram,23.72,92.71,2018,12,40.5,41.9,3.5,32.9,0,DRY_PERIOD,24.2,71.7,0.676
MET-MZ-AIZ-2019-01,MZ-AIZ,Aizawl,Mizoram,23.72,92.71,2019,1,40.5,66.4,64.0,41.2,0,DRY_PERIOD,22.3,62.6,1.0
MET-MZ-AIZ-2019-02,MZ-AIZ,Aizawl,Mizoram,23.72,92.71,2019,2,40.5,61.1,50.9,27.3,0,DRY_PERIOD,24.4,60.5,0.986
MET-MZ-AIZ-2019-03,MZ-AIZ,Aizawl,Mizoram,23.72,92.71,2019,3,40.5,46.5,14.8,26.5,0,DRY_PERIOD,28.5,72.8,0.751
MET-MZ-AIZ-2019-04,MZ-AIZ,Aizawl,Mizoram,23.72,92.71,2019,4,162.0,120.5,-25.6,55.9,0,MODERATE_SHOWERS,29.0,66.7,0.486
MET-MZ-AIZ-2019-05,MZ-AIZ,Aizawl,Mizoram,23.72,92.71,2019,5,378.0,418.1,10.6,88.0,0,HEAVY_MONSOON,25.3,99.0,0.723
MET-MZ-AIZ-2019-06,MZ-AIZ,Aizawl,Mizoram,23.72,92.71,2019,6,594.0,786.3,32.4,302.8,0,SEVERE_MONSOON_BURST,26.0,99.0,0.866
MET-MZ-AIZ-2019-07,MZ-AIZ,Aizawl,Mizoram,23.72,92.71,2019,7,594.0,483.4,-18.6,202.5,0,SEVERE_MONSOON_BURST,28.2,99.0,0.532
MET-MZ-AIZ-2019-08,MZ-AIZ,Aizawl,Mizoram,23.72,92.71,2019,8,594.0,427.5,-28.0,112.9,0,HEAVY_MONSOON,28.7,99.0,0.471
MET-MZ-AIZ-2019-09,MZ-AIZ,Aizawl,Mizoram,23.72,92.71,2019,9,378.0,405.7,7.3,111.0,0,HEAVY_MONSOON,28.5,91.3,0.702
MET-MZ-AIZ-2019-10,MZ-AIZ,Aizawl,Mizoram,23.72,92.71,2019,10,162.0,173.4,7.0,69.3,0,MODERATE_SHOWERS,25.7,71.0,0.7
MET-MZ-AIZ-2019-11,MZ-AIZ,Aizawl,Mizoram,23.72,92.71,2019,11,40.5,47.8,18.0,23.1,0,DRY_PERIOD,25.4,69.4,0.772
MET-MZ-AIZ-2019-12,MZ-AIZ,Aizawl,Mizoram,23.72,92.71,2019,12,40.5,41.8,3.2,18.3,0,DRY_PERIOD,23.6,59.5,0.675
MET-MZ-AIZ-2020-01,MZ-AIZ,Aizawl,Mizoram,23.72,92.71,2020,1,40.5,70.1,73.1,42.2,0,DRY_PERIOD,23.2,64.3,1.0
MET-MZ-AIZ-2020-02,MZ-AIZ,Aizawl,Mizoram,23.72,92.71,2020,2,40.5,64.0,58.0,26.5,0,DRY_PERIOD,24.5,64.6,1.0
MET-MZ-AIZ-2020-03,MZ-AIZ,Aizawl,Mizoram,23.72,92.71,2020,3,40.5,68.0,67.9,34.3,0,DRY_PERIOD,28.0,61.2,1.0
MET-MZ-AIZ-2020-04,MZ-AIZ,Aizawl,Mizoram,23.72,92.71,2020,4,162.0,228.4,41.0,166.6,0,SEVERE_MONSOON_BURST,28.2,78.3,0.922
MET-MZ-AIZ-2020-05,MZ-AIZ,Aizawl,Mizoram,23.72,92.71,2020,5,378.0,516.4,36.6,127.6,0,SEVERE_MONSOON_BURST,25.6,99.0,0.893
MET-MZ-AIZ-2020-06,MZ-AIZ,Aizawl,Mizoram,23.72,92.71,2020,6,594.0,405.6,-31.7,160.9,0,SEVERE_MONSOON_BURST,26.0,97.8,0.446
MET-MZ-AIZ-2020-07,MZ-AIZ,Aizawl,Mizoram,23.72,92.71,2020,7,594.0,405.3,-31.8,118.0,0,HEAVY_MONSOON,25.2,98.2,0.446
MET-MZ-AIZ-2020-08,MZ-AIZ,Aizawl,Mizoram,23.72,92.71,2020,8,594.0,540.5,-9.0,186.4,0,SEVERE_MONSOON_BURST,28.8,99.0,0.595
MET-MZ-AIZ-2020-09,MZ-AIZ,Aizawl,Mizoram,23.72,92.71,2020,9,378.0,564.9,49.4,142.8,1,SEVERE_MONSOON_BURST,26.1,99.0,0.977
MET-MZ-AIZ-2020-10,MZ-AIZ,Aizawl,Mizoram,23.72,92.71,2020,10,162.0,250.2,54.4,106.6,0,HEAVY_MONSOON,25.1,84.4,1.0
MET-MZ-AIZ-2020-11,MZ-AIZ,Aizawl,Mizoram,23.72,92.71,2020,11,40.5,22.0,-45.7,14.3,0,DRY_PERIOD,27.9,66.4,0.355
MET-MZ-AIZ-2020-12,MZ-AIZ,Aizawl,Mizoram,23.72,92.71,2020,12,40.5,30.0,-25.9,23.9,0,DRY_PERIOD,22.0,66.1,0.484
MET-MZ-AIZ-2021-01,MZ-AIZ,Aizawl,Mizoram,23.72,92.71,2021,1,40.5,41.5,2.5,28.7,0,DRY_PERIOD,23.9,69.7,0.67
MET-MZ-AIZ-2021-02,MZ-AIZ,Aizawl,Mizoram,23.72,92.71,2021,2,40.5,41.1,1.5,23.1,0,DRY_PERIOD,24.5,71.5,0.664
MET-MZ-AIZ-2021-03,MZ-AIZ,Aizawl,Mizoram,23.72,92.71,2021,3,40.5,46.4,14.6,35.9,0,DRY_PERIOD,25.4,59.4,0.749
MET-MZ-AIZ-2021-04,MZ-AIZ,Aizawl,Mizoram,23.72,92.71,2021,4,162.0,172.1,6.2,73.2,0,MODERATE_SHOWERS,28.2,77.4,0.695
MET-MZ-AIZ-2021-05,MZ-AIZ,Aizawl,Mizoram,23.72,92.71,2021,5,378.0,391.8,3.7,148.8,0,HEAVY_MONSOON,27.9,88.6,0.678
MET-MZ-AIZ-2021-06,MZ-AIZ,Aizawl,Mizoram,23.72,92.71,2021,6,594.0,792.5,33.4,253.3,0,SEVERE_MONSOON_BURST,26.9,99.0,0.872
MET-MZ-AIZ-2021-07,MZ-AIZ,Aizawl,Mizoram,23.72,92.71,2021,7,594.0,724.2,21.9,172.9,0,SEVERE_MONSOON_BURST,28.9,99.0,0.797
MET-MZ-AIZ-2021-08,MZ-AIZ,Aizawl,Mizoram,23.72,92.71,2021,8,594.0,576.5,-2.9,137.1,0,SEVERE_MONSOON_BURST,27.2,99.0,0.635
MET-MZ-AIZ-2021-09,MZ-AIZ,Aizawl,Mizoram,23.72,92.71,2021,9,378.0,535.5,41.7,109.8,0,SEVERE_MONSOON_BURST,28.9,99.0,0.926
MET-MZ-AIZ-2021-10,MZ-AIZ,Aizawl,Mizoram,23.72,92.71,2021,10,162.0,188.9,16.6,57.9,0,MODERATE_SHOWERS,26.6,71.1,0.762
MET-MZ-AIZ-2021-11,MZ-AIZ,Aizawl,Mizoram,23.72,92.71,2021,11,40.5,43.9,8.4,29.9,0,DRY_PERIOD,26.4,64.2,0.709
MET-MZ-AIZ-2021-12,MZ-AIZ,Aizawl,Mizoram,23.72,92.71,2021,12,40.5,34.5,-14.8,27.3,0,DRY_PERIOD,21.7,58.8,0.557
MET-MZ-AIZ-2022-01,MZ-AIZ,Aizawl,Mizoram,23.72,92.71,2022,1,40.5,29.5,-27.2,20.4,0,DRY_PERIOD,24.2,72.3,0.476
MET-MZ-AIZ-2022-02,MZ-AIZ,Aizawl,Mizoram,23.72,92.71,2022,2,40.5,58.1,43.5,41.9,0,DRY_PERIOD,22.0,68.1,0.938
MET-MZ-AIZ-2022-03,MZ-AIZ,Aizawl,Mizoram,23.72,92.71,2022,3,40.5,73.6,81.7,40.5,0,DRY_PERIOD,27.9,62.0,1.0
MET-MZ-AIZ-2022-04,MZ-AIZ,Aizawl,Mizoram,23.72,92.71,2022,4,162.0,134.7,-16.9,105.6,0,MODERATE_SHOWERS,25.7,67.1,0.544
MET-MZ-AIZ-2022-05,MZ-AIZ,Aizawl,Mizoram,23.72,92.71,2022,5,378.0,287.1,-24.0,82.3,0,HEAVY_MONSOON,26.8,90.5,0.497
MET-MZ-AIZ-2022-06,MZ-AIZ,Aizawl,Mizoram,23.72,92.71,2022,6,594.0,777.0,30.8,147.3,1,SEVERE_MONSOON_BURST,26.2,99.0,0.855
MET-MZ-AIZ-2022-07,MZ-AIZ,Aizawl,Mizoram,23.72,92.71,2022,7,594.0,855.5,44.0,306.5,0,SEVERE_MONSOON_BURST,25.1,99.0,0.942
MET-MZ-AIZ-2022-08,MZ-AIZ,Aizawl,Mizoram,23.72,92.71,2022,8,594.0,721.3,21.4,166.8,1,SEVERE_MONSOON_BURST,27.1,99.0,0.794
MET-MZ-AIZ-2022-09,MZ-AIZ,Aizawl,Mizoram,23.72,92.71,2022,9,378.0,438.0,15.9,127.9,1,HEAVY_MONSOON,27.3,99.0,0.758
MET-MZ-AIZ-2022-10,MZ-AIZ,Aizawl,Mizoram,23.72,92.71,2022,10,162.0,209.5,29.3,92.0,0,MODERATE_SHOWERS,26.7,82.7,0.846
MET-MZ-AIZ-2022-11,MZ-AIZ,Aizawl,Mizoram,23.72,92.71,2022,11,40.5,39.6,-2.2,18.6,0,DRY_PERIOD,25.9,65.8,0.639
MET-MZ-AIZ-2022-12,MZ-AIZ,Aizawl,Mizoram,23.72,92.71,2022,12,40.5,74.3,83.5,32.6,0,DRY_PERIOD,21.7,75.3,1.0
MET-MZ-AIZ-2023-01,MZ-AIZ,Aizawl,Mizoram,23.72,92.71,2023,1,40.5,23.4,-42.2,15.2,0,DRY_PERIOD,22.2,69.2,0.378
MET-MZ-AIZ-2023-02,MZ-AIZ,Aizawl,Mizoram,23.72,92.71,2023,2,40.5,68.7,69.6,37.9,0,DRY_PERIOD,23.3,74.8,1.0
MET-MZ-AIZ-2023-03,MZ-AIZ,Aizawl,Mizoram,23.72,92.71,2023,3,40.5,46.3,14.3,33.1,0,DRY_PERIOD,28.8,68.7,0.747
MET-MZ-AIZ-2023-04,MZ-AIZ,Aizawl,Mizoram,23.72,92.71,2023,4,162.0,255.1,57.5,110.4,0,HEAVY_MONSOON,28.9,85.3,1.0
MET-MZ-AIZ-2023-05,MZ-AIZ,Aizawl,Mizoram,23.72,92.71,2023,5,378.0,544.7,44.1,148.6,1,SEVERE_MONSOON_BURST,27.6,99.0,0.942
MET-MZ-AIZ-2023-06,MZ-AIZ,Aizawl,Mizoram,23.72,92.71,2023,6,594.0,457.9,-22.9,188.6,1,SEVERE_MONSOON_BURST,27.8,98.7,0.504
MET-MZ-AIZ-2023-07,MZ-AIZ,Aizawl,Mizoram,23.72,92.71,2023,7,594.0,476.4,-19.8,100.5,0,HEAVY_MONSOON,27.6,99.0,0.524
MET-MZ-AIZ-2023-08,MZ-AIZ,Aizawl,Mizoram,23.72,92.71,2023,8,594.0,747.8,25.9,233.0,0,SEVERE_MONSOON_BURST,26.0,99.0,0.823
MET-MZ-AIZ-2023-09,MZ-AIZ,Aizawl,Mizoram,23.72,92.71,2023,9,378.0,538.7,42.5,179.4,0,SEVERE_MONSOON_BURST,27.4,99.0,0.932
MET-MZ-AIZ-2023-10,MZ-AIZ,Aizawl,Mizoram,23.72,92.71,2023,10,162.0,218.0,34.6,78.0,0,MODERATE_SHOWERS,29.0,87.1,0.88
MET-MZ-AIZ-2023-11,MZ-AIZ,Aizawl,Mizoram,23.72,92.71,2023,11,40.5,41.7,3.0,30.4,0,DRY_PERIOD,28.7,72.4,0.673
MET-MZ-AIZ-2023-12,MZ-AIZ,Aizawl,Mizoram,23.72,92.71,2023,12,40.5,31.4,-22.5,14.7,0,DRY_PERIOD,21.1,63.7,0.507
MET-MZ-AIZ-2024-01,MZ-AIZ,Aizawl,Mizoram,23.72,92.71,2024,1,40.5,33.3,-17.8,18.1,0,DRY_PERIOD,24.0,61.1,0.538
MET-MZ-AIZ-2024-02,MZ-AIZ,Aizawl,Mizoram,23.72,92.71,2024,2,40.5,44.0,8.6,34.5,0,DRY_PERIOD,23.6,67.2,0.71
MET-MZ-AIZ-2024-03,MZ-AIZ,Aizawl,Mizoram,23.72,92.71,2024,3,40.5,53.4,31.9,22.4,0,DRY_PERIOD,26.0,73.4,0.862
MET-MZ-AIZ-2024-04,MZ-AIZ,Aizawl,Mizoram,23.72,92.71,2024,4,162.0,140.9,-13.0,94.9,0,MODERATE_SHOWERS,26.8,69.0,0.569
MET-MZ-AIZ-2024-05,MZ-AIZ,Aizawl,Mizoram,23.72,92.71,2024,5,378.0,362.1,-4.2,132.7,0,HEAVY_MONSOON,28.4,94.4,0.626
MET-MZ-AIZ-2024-06,MZ-AIZ,Aizawl,Mizoram,23.72,92.71,2024,6,594.0,808.8,36.2,170.0,0,SEVERE_MONSOON_BURST,27.9,99.0,0.89
MET-MZ-AIZ-2024-07,MZ-AIZ,Aizawl,Mizoram,23.72,92.71,2024,7,594.0,844.2,42.1,275.4,1,SEVERE_MONSOON_BURST,26.5,99.0,0.929
MET-MZ-AIZ-2024-08,MZ-AIZ,Aizawl,Mizoram,23.72,92.71,2024,8,594.0,474.6,-20.1,133.4,0,HEAVY_MONSOON,27.7,94.9,0.522
MET-MZ-AIZ-2024-09,MZ-AIZ,Aizawl,Mizoram,23.72,92.71,2024,9,378.0,478.8,26.7,121.5,0,HEAVY_MONSOON,28.1,99.0,0.828
MET-MZ-AIZ-2024-10,MZ-AIZ,Aizawl,Mizoram,23.72,92.71,2024,10,162.0,219.8,35.7,69.6,0,MODERATE_SHOWERS,27.0,75.7,0.887
MET-MZ-AIZ-2024-11,MZ-AIZ,Aizawl,Mizoram,23.72,92.71,2024,11,40.5,49.8,23.0,24.6,0,DRY_PERIOD,27.8,73.0,0.804
MET-MZ-AIZ-2024-12,MZ-AIZ,Aizawl,Mizoram,23.72,92.71,2024,12,40.5,61.2,51.1,27.1,0,DRY_PERIOD,22.8,68.6,0.988
MET-MZ-AIZ-2025-01,MZ-AIZ,Aizawl,Mizoram,23.72,92.71,2025,1,40.5,64.6,59.5,31.5,0,DRY_PERIOD,22.9,72.5,1.0
MET-MZ-AIZ-2025-02,MZ-AIZ,Aizawl,Mizoram,23.72,92.71,2025,2,40.5,20.9,-48.4,9.0,0,DRY_PERIOD,23.9,56.7,0.337
MET-MZ-AIZ-2025-03,MZ-AIZ,Aizawl,Mizoram,23.72,92.71,2025,3,40.5,46.1,13.8,34.5,0,DRY_PERIOD,26.0,63.0,0.744
MET-MZ-AIZ-2025-04,MZ-AIZ,Aizawl,Mizoram,23.72,92.71,2025,4,162.0,208.7,28.8,157.3,1,SEVERE_MONSOON_BURST,27.2,74.0,0.842
MET-MZ-AIZ-2025-05,MZ-AIZ,Aizawl,Mizoram,23.72,92.71,2025,5,378.0,500.0,32.3,105.6,0,HEAVY_MONSOON,26.2,97.4,0.865
MET-MZ-AIZ-2025-06,MZ-AIZ,Aizawl,Mizoram,23.72,92.71,2025,6,594.0,737.3,24.1,235.0,0,SEVERE_MONSOON_BURST,28.2,99.0,0.812
MET-MZ-AIZ-2025-07,MZ-AIZ,Aizawl,Mizoram,23.72,92.71,2025,7,594.0,751.1,26.4,224.5,1,SEVERE_MONSOON_BURST,26.7,99.0,0.827
MET-MZ-AIZ-2025-08,MZ-AIZ,Aizawl,Mizoram,23.72,92.71,2025,8,594.0,824.5,38.8,331.2,0,SEVERE_MONSOON_BURST,26.5,99.0,0.908
MET-MZ-AIZ-2025-09,MZ-AIZ,Aizawl,Mizoram,23.72,92.71,2025,9,378.0,476.9,26.2,164.0,0,SEVERE_MONSOON_BURST,28.1,99.0,0.825
MET-MZ-AIZ-2025-10,MZ-AIZ,Aizawl,Mizoram,23.72,92.71,2025,10,162.0,233.5,44.1,86.4,0,MODERATE_SHOWERS,27.1,83.0,0.942
MET-MZ-AIZ-2025-11,MZ-AIZ,Aizawl,Mizoram,23.72,92.71,2025,11,40.5,67.2,65.9,28.3,0,DRY_PERIOD,28.2,63.9,1.0
MET-MZ-AIZ-2025-12,MZ-AIZ,Aizawl,Mizoram,23.72,92.71,2025,12,40.5,30.1,-25.7,14.2,0,DRY_PERIOD,24.6,61.7,0.486
MET-MZ-AIZ-2026-01,MZ-AIZ,Aizawl,Mizoram,23.72,92.71,2026,1,40.5,51.7,27.7,32.2,0,DRY_PERIOD,23.1,71.0,0.835
MET-MZ-AIZ-2026-02,MZ-AIZ,Aizawl,Mizoram,23.72,92.71,2026,2,40.5,23.4,-42.2,11.0,0,DRY_PERIOD,21.2,60.4,0.378
MET-MZ-AIZ-2026-03,MZ-AIZ,Aizawl,Mizoram,23.72,92.71,2026,3,40.5,40.3,-0.5,32.1,0,DRY_PERIOD,28.1,61.9,0.651
MET-MZ-AIZ-2026-04,MZ-AIZ,Aizawl,Mizoram,23.72,92.71,2026,4,162.0,214.8,32.6,88.4,0,MODERATE_SHOWERS,27.1,73.1,0.867
MET-MZ-AIZ-2026-05,MZ-AIZ,Aizawl,Mizoram,23.72,92.71,2026,5,378.0,446.2,18.0,186.1,0,SEVERE_MONSOON_BURST,25.7,99.0,0.772
MET-MZ-AIZ-2026-06,MZ-AIZ,Aizawl,Mizoram,23.72,92.71,2026,6,594.0,726.3,22.3,295.4,0,SEVERE_MONSOON_BURST,27.6,99.0,0.799
MET-MZ-AIZ-2026-07,MZ-AIZ,Aizawl,Mizoram,23.72,92.71,2026,7,594.0,471.1,-20.7,173.4,0,SEVERE_MONSOON_BURST,26.4,99.0,0.519
MET-MZ-AIZ-2026-08,MZ-AIZ,Aizawl,Mizoram,23.72,92.71,2026,8,594.0,871.0,46.6,345.9,0,SEVERE_MONSOON_BURST,26.5,99.0,0.959
MET-MZ-AIZ-2026-09,MZ-AIZ,Aizawl,Mizoram,23.72,92.71,2026,9,378.0,507.7,34.3,143.9,1,SEVERE_MONSOON_BURST,26.7,99.0,0.878
MET-MZ-AIZ-2026-10,MZ-AIZ,Aizawl,Mizoram,23.72,92.71,2026,10,162.0,165.8,2.3,35.3,0,MODERATE_SHOWERS,26.2,82.5,0.669
MET-MZ-AIZ-2026-11,MZ-AIZ,Aizawl,Mizoram,23.72,92.71,2026,11,40.5,69.7,72.1,46.4,0,DRY_PERIOD,28.0,73.4,1.0
MET-MZ-AIZ-2026-12,MZ-AIZ,Aizawl,Mizoram,23.72,92.71,2026,12,40.5,40.2,-0.7,29.6,0,DRY_PERIOD,24.0,72.9,0.649
MET-MZ-LUN-2015-01,MZ-LUN,Lunglei,Mizoram,22.89,92.73,2015,1,48.0,35.1,-26.9,20.6,0,DRY_PERIOD,23.2,58.8,0.478
MET-MZ-LUN-2015-02,MZ-LUN,Lunglei,Mizoram,22.89,92.73,2015,2,48.0,72.3,50.6,41.9,0,DRY_PERIOD,24.8,72.1,0.985
MET-MZ-LUN-2015-03,MZ-LUN,Lunglei,Mizoram,22.89,92.73,2015,3,48.0,26.9,-44.0,20.2,0,DRY_PERIOD,27.8,67.1,0.366
MET-MZ-LUN-2015-04,MZ-LUN,Lunglei,Mizoram,22.89,92.73,2015,4,192.0,261.0,35.9,118.1,0,HEAVY_MONSOON,28.1,85.1,0.889
MET-MZ-LUN-2015-05,MZ-LUN,Lunglei,Mizoram,22.89,92.73,2015,5,448.0,611.5,36.5,266.5,0,SEVERE_MONSOON_BURST,27.4,99.0,0.892
MET-MZ-LUN-2015-06,MZ-LUN,Lunglei,Mizoram,22.89,92.73,2015,6,704.0,479.3,-31.9,137.8,0,HEAVY_MONSOON,28.0,93.4,0.445
MET-MZ-LUN-2015-07,MZ-LUN,Lunglei,Mizoram,22.89,92.73,2015,7,704.0,732.5,4.0,304.9,1,SEVERE_MONSOON_BURST,27.7,99.0,0.68
MET-MZ-LUN-2015-08,MZ-LUN,Lunglei,Mizoram,22.89,92.73,2015,8,704.0,935.5,32.9,286.4,0,SEVERE_MONSOON_BURST,28.1,99.0,0.869
MET-MZ-LUN-2015-09,MZ-LUN,Lunglei,Mizoram,22.89,92.73,2015,9,448.0,584.6,30.5,189.8,0,SEVERE_MONSOON_BURST,26.0,99.0,0.853
MET-MZ-LUN-2015-10,MZ-LUN,Lunglei,Mizoram,22.89,92.73,2015,10,192.0,182.6,-4.9,82.0,0,MODERATE_SHOWERS,27.1,82.7,0.622
MET-MZ-LUN-2015-11,MZ-LUN,Lunglei,Mizoram,22.89,92.73,2015,11,48.0,71.4,48.8,39.9,0,DRY_PERIOD,26.8,65.8,0.973
MET-MZ-LUN-2015-12,MZ-LUN,Lunglei,Mizoram,22.89,92.73,2015,12,48.0,84.1,75.2,39.6,0,MODERATE_SHOWERS,21.7,63.8,1.0
MET-MZ-LUN-2016-01,MZ-LUN,Lunglei,Mizoram,22.89,92.73,2016,1,48.0,49.9,4.0,25.5,0,DRY_PERIOD,22.3,59.1,0.68
MET-MZ-LUN-2016-02,MZ-LUN,Lunglei,Mizoram,22.89,92.73,2016,2,48.0,42.6,-11.2,30.7,0,DRY_PERIOD,22.9,72.7,0.58
MET-MZ-LUN-2016-03,MZ-LUN,Lunglei,Mizoram,22.89,92.73,2016,3,48.0,76.1,58.5,52.5,0,DRY_PERIOD,27.9,64.2,1.0
MET-MZ-LUN-2016-04,MZ-LUN,Lunglei,Mizoram,22.89,92.73,2016,4,192.0,195.3,1.7,101.3,0,MODERATE_SHOWERS,28.2,74.5,0.665
MET-MZ-LUN-2016-05,MZ-LUN,Lunglei,Mizoram,22.89,92.73,2016,5,448.0,433.2,-3.3,186.7,1,SEVERE_MONSOON_BURST,28.5,97.0,0.632
MET-MZ-LUN-2016-06,MZ-LUN,Lunglei,Mizoram,22.89,92.73,2016,6,704.0,496.5,-29.5,202.7,0,SEVERE_MONSOON_BURST,27.9,99.0,0.461
MET-MZ-LUN-2016-07,MZ-LUN,Lunglei,Mizoram,22.89,92.73,2016,7,704.0,860.8,22.3,239.3,0,SEVERE_MONSOON_BURST,25.7,99.0,0.799
MET-MZ-LUN-2016-08,MZ-LUN,Lunglei,Mizoram,22.89,92.73,2016,8,704.0,952.5,35.3,295.7,0,SEVERE_MONSOON_BURST,27.8,99.0,0.885
MET-MZ-LUN-2016-09,MZ-LUN,Lunglei,Mizoram,22.89,92.73,2016,9,448.0,373.8,-16.6,137.7,1,HEAVY_MONSOON,25.1,99.0,0.546
MET-MZ-LUN-2016-10,MZ-LUN,Lunglei,Mizoram,22.89,92.73,2016,10,192.0,183.1,-4.6,35.7,0,MODERATE_SHOWERS,28.8,74.6,0.624
MET-MZ-LUN-2016-11,MZ-LUN,Lunglei,Mizoram,22.89,92.73,2016,11,48.0,80.9,68.5,59.1,0,MODERATE_SHOWERS,25.3,66.6,1.0
MET-MZ-LUN-2016-12,MZ-LUN,Lunglei,Mizoram,22.89,92.73,2016,12,48.0,44.2,-7.9,27.7,0,DRY_PERIOD,21.6,63.1,0.602
MET-MZ-LUN-2017-01,MZ-LUN,Lunglei,Mizoram,22.89,92.73,2017,1,48.0,68.0,41.7,43.0,0,DRY_PERIOD,22.1,67.7,0.926
MET-MZ-LUN-2017-02,MZ-LUN,Lunglei,Mizoram,22.89,92.73,2017,2,48.0,70.6,47.1,31.1,0,DRY_PERIOD,22.8,61.6,0.962
MET-MZ-LUN-2017-03,MZ-LUN,Lunglei,Mizoram,22.89,92.73,2017,3,48.0,53.4,11.2,21.7,0,DRY_PERIOD,27.9,72.3,0.727
MET-MZ-LUN-2017-04,MZ-LUN,Lunglei,Mizoram,22.89,92.73,2017,4,192.0,160.8,-16.2,102.7,0,MODERATE_SHOWERS,26.7,69.3,0.548
MET-MZ-LUN-2017-05,MZ-LUN,Lunglei,Mizoram,22.89,92.73,2017,5,448.0,430.3,-4.0,77.9,0,HEAVY_MONSOON,25.0,95.3,0.628
MET-MZ-LUN-2017-06,MZ-LUN,Lunglei,Mizoram,22.89,92.73,2017,6,704.0,828.1,17.6,188.5,1,SEVERE_MONSOON_BURST,29.0,99.0,0.769
MET-MZ-LUN-2017-07,MZ-LUN,Lunglei,Mizoram,22.89,92.73,2017,7,704.0,725.5,3.1,164.6,0,SEVERE_MONSOON_BURST,28.1,99.0,0.674
MET-MZ-LUN-2017-08,MZ-LUN,Lunglei,Mizoram,22.89,92.73,2017,8,704.0,671.6,-4.6,122.7,1,SEVERE_MONSOON_BURST,27.4,99.0,0.624
MET-MZ-LUN-2017-09,MZ-LUN,Lunglei,Mizoram,22.89,92.73,2017,9,448.0,305.5,-31.8,74.7,0,HEAVY_MONSOON,25.6,82.6,0.446
MET-MZ-LUN-2017-10,MZ-LUN,Lunglei,Mizoram,22.89,92.73,2017,10,192.0,236.0,22.9,79.5,0,MODERATE_SHOWERS,26.8,76.4,0.804
MET-MZ-LUN-2017-11,MZ-LUN,Lunglei,Mizoram,22.89,92.73,2017,11,48.0,78.5,63.5,33.0,0,DRY_PERIOD,26.9,68.8,1.0
MET-MZ-LUN-2017-12,MZ-LUN,Lunglei,Mizoram,22.89,92.73,2017,12,48.0,71.0,47.9,52.5,0,DRY_PERIOD,22.6,64.3,0.967
MET-MZ-LUN-2018-01,MZ-LUN,Lunglei,Mizoram,22.89,92.73,2018,1,48.0,44.9,-6.5,28.0,0,DRY_PERIOD,23.1,69.9,0.612
MET-MZ-LUN-2018-02,MZ-LUN,Lunglei,Mizoram,22.89,92.73,2018,2,48.0,74.4,55.0,51.4,0,DRY_PERIOD,22.2,61.2,1.0
MET-MZ-LUN-2018-03,MZ-LUN,Lunglei,Mizoram,22.89,92.73,2018,3,48.0,78.8,64.2,49.6,0,DRY_PERIOD,25.1,71.4,1.0
MET-MZ-LUN-2018-04,MZ-LUN,Lunglei,Mizoram,22.89,92.73,2018,4,192.0,147.7,-23.1,68.5,0,MODERATE_SHOWERS,27.9,67.7,0.503
MET-MZ-LUN-2018-05,MZ-LUN,Lunglei,Mizoram,22.89,92.73,2018,5,448.0,523.6,16.9,136.6,1,SEVERE_MONSOON_BURST,26.9,99.0,0.764
MET-MZ-LUN-2018-06,MZ-LUN,Lunglei,Mizoram,22.89,92.73,2018,6,704.0,978.1,38.9,377.7,0,SEVERE_MONSOON_BURST,26.1,99.0,0.908
MET-MZ-LUN-2018-07,MZ-LUN,Lunglei,Mizoram,22.89,92.73,2018,7,704.0,970.8,37.9,314.9,1,SEVERE_MONSOON_BURST,26.1,99.0,0.902
MET-MZ-LUN-2018-08,MZ-LUN,Lunglei,Mizoram,22.89,92.73,2018,8,704.0,772.5,9.7,275.0,0,SEVERE_MONSOON_BURST,27.9,99.0,0.717
MET-MZ-LUN-2018-09,MZ-LUN,Lunglei,Mizoram,22.89,92.73,2018,9,448.0,577.4,28.9,217.8,1,SEVERE_MONSOON_BURST,27.5,99.0,0.843
MET-MZ-LUN-2018-10,MZ-LUN,Lunglei,Mizoram,22.89,92.73,2018,10,192.0,247.0,28.6,83.1,0,MODERATE_SHOWERS,28.3,86.2,0.841
MET-MZ-LUN-2018-11,MZ-LUN,Lunglei,Mizoram,22.89,92.73,2018,11,48.0,35.7,-25.6,17.9,0,DRY_PERIOD,25.0,62.1,0.486
MET-MZ-LUN-2018-12,MZ-LUN,Lunglei,Mizoram,22.89,92.73,2018,12,48.0,84.0,75.0,60.9,0,MODERATE_SHOWERS,21.1,63.4,1.0
MET-MZ-LUN-2019-01,MZ-LUN,Lunglei,Mizoram,22.89,92.73,2019,1,48.0,28.1,-41.5,18.6,0,DRY_PERIOD,23.0,66.5,0.383
MET-MZ-LUN-2019-02,MZ-LUN,Lunglei,Mizoram,22.89,92.73,2019,2,48.0,81.0,68.8,46.5,0,MODERATE_SHOWERS,23.8,64.2,1.0
MET-MZ-LUN-2019-03,MZ-LUN,Lunglei,Mizoram,22.89,92.73,2019,3,48.0,81.7,70.2,45.0,0,MODERATE_SHOWERS,27.2,63.6,1.0
MET-MZ-LUN-2019-04,MZ-LUN,Lunglei,Mizoram,22.89,92.73,2019,4,192.0,207.3,8.0,89.5,0,MODERATE_SHOWERS,27.8,76.9,0.706
MET-MZ-LUN-2019-05,MZ-LUN,Lunglei,Mizoram,22.89,92.73,2019,5,448.0,503.6,12.4,164.1,1,SEVERE_MONSOON_BURST,28.4,99.0,0.735
MET-MZ-LUN-2019-06,MZ-LUN,Lunglei,Mizoram,22.89,92.73,2019,6,704.0,698.0,-0.9,210.3,1,SEVERE_MONSOON_BURST,25.4,99.0,0.648
MET-MZ-LUN-2019-07,MZ-LUN,Lunglei,Mizoram,22.89,92.73,2019,7,704.0,1024.5,45.5,237.2,0,SEVERE_MONSOON_BURST,28.2,99.0,0.952
MET-MZ-LUN-2019-08,MZ-LUN,Lunglei,Mizoram,22.89,92.73,2019,8,704.0,943.7,34.0,409.4,0,SEVERE_MONSOON_BURST,25.2,99.0,0.876
MET-MZ-LUN-2019-09,MZ-LUN,Lunglei,Mizoram,22.89,92.73,2019,9,448.0,342.5,-23.5,78.6,0,HEAVY_MONSOON,27.0,86.1,0.5
MET-MZ-LUN-2019-10,MZ-LUN,Lunglei,Mizoram,22.89,92.73,2019,10,192.0,253.2,31.9,96.3,0,HEAVY_MONSOON,25.1,88.2,0.862
MET-MZ-LUN-2019-11,MZ-LUN,Lunglei,Mizoram,22.89,92.73,2019,11,48.0,75.3,56.9,38.5,0,DRY_PERIOD,28.7,75.0,1.0
MET-MZ-LUN-2019-12,MZ-LUN,Lunglei,Mizoram,22.89,92.73,2019,12,48.0,50.5,5.2,21.0,0,DRY_PERIOD,24.5,64.4,0.688
MET-MZ-LUN-2020-01,MZ-LUN,Lunglei,Mizoram,22.89,92.73,2020,1,48.0,69.5,44.8,34.9,0,DRY_PERIOD,24.6,63.9,0.947
MET-MZ-LUN-2020-02,MZ-LUN,Lunglei,Mizoram,22.89,92.73,2020,2,48.0,71.7,49.4,51.2,0,DRY_PERIOD,21.6,68.2,0.977
MET-MZ-LUN-2020-03,MZ-LUN,Lunglei,Mizoram,22.89,92.73,2020,3,48.0,61.7,28.5,35.9,0,DRY_PERIOD,26.3,72.8,0.84
MET-MZ-LUN-2020-04,MZ-LUN,Lunglei,Mizoram,22.89,92.73,2020,4,192.0,211.7,10.3,124.6,0,MODERATE_SHOWERS,27.3,79.3,0.721
MET-MZ-LUN-2020-05,MZ-LUN,Lunglei,Mizoram,22.89,92.73,2020,5,448.0,464.8,3.8,104.2,0,HEAVY_MONSOON,27.0,99.0,0.678
MET-MZ-LUN-2020-06,MZ-LUN,Lunglei,Mizoram,22.89,92.73,2020,6,704.0,935.5,32.9,237.9,0,SEVERE_MONSOON_BURST,26.7,99.0,0.869
MET-MZ-LUN-2020-07,MZ-LUN,Lunglei,Mizoram,22.89,92.73,2020,7,704.0,941.9,33.8,185.6,0,SEVERE_MONSOON_BURST,26.3,99.0,0.875
MET-MZ-LUN-2020-08,MZ-LUN,Lunglei,Mizoram,22.89,92.73,2020,8,704.0,601.4,-14.6,171.7,0,SEVERE_MONSOON_BURST,25.8,99.0,0.559
MET-MZ-LUN-2020-09,MZ-LUN,Lunglei,Mizoram,22.89,92.73,2020,9,448.0,608.3,35.8,249.6,1,SEVERE_MONSOON_BURST,27.4,99.0,0.888
MET-MZ-LUN-2020-10,MZ-LUN,Lunglei,Mizoram,22.89,92.73,2020,10,192.0,256.1,33.4,96.2,0,HEAVY_MONSOON,28.5,81.6,0.872
MET-MZ-LUN-2020-11,MZ-LUN,Lunglei,Mizoram,22.89,92.73,2020,11,48.0,51.8,7.9,38.2,0,DRY_PERIOD,25.9,71.0,0.706
MET-MZ-LUN-2020-12,MZ-LUN,Lunglei,Mizoram,22.89,92.73,2020,12,48.0,74.5,55.2,32.0,0,DRY_PERIOD,22.4,62.9,1.0
MET-MZ-LUN-2021-01,MZ-LUN,Lunglei,Mizoram,22.89,92.73,2021,1,48.0,81.6,70.0,50.5,0,MODERATE_SHOWERS,24.3,71.1,1.0
MET-MZ-LUN-2021-02,MZ-LUN,Lunglei,Mizoram,22.89,92.73,2021,2,48.0,69.6,45.0,46.3,0,DRY_PERIOD,22.3,65.5,0.948
MET-MZ-LUN-2021-03,MZ-LUN,Lunglei,Mizoram,22.89,92.73,2021,3,48.0,22.7,-52.7,11.1,0,DRY_PERIOD,27.0,58.5,0.309
MET-MZ-LUN-2021-04,MZ-LUN,Lunglei,Mizoram,22.89,92.73,2021,4,192.0,189.6,-1.3,102.2,0,MODERATE_SHOWERS,28.4,74.5,0.646
MET-MZ-LUN-2021-05,MZ-LUN,Lunglei,Mizoram,22.89,92.73,2021,5,448.0,569.2,27.1,209.1,0,SEVERE_MONSOON_BURST,26.4,99.0,0.831
MET-MZ-LUN-2021-06,MZ-LUN,Lunglei,Mizoram,22.89,92.73,2021,6,704.0,579.8,-17.6,223.0,0,SEVERE_MONSOON_BURST,27.0,99.0,0.538
MET-MZ-LUN-2021-07,MZ-LUN,Lunglei,Mizoram,22.89,92.73,2021,7,704.0,812.6,15.4,215.2,0,SEVERE_MONSOON_BURST,26.8,99.0,0.755
MET-MZ-LUN-2021-08,MZ-LUN,Lunglei,Mizoram,22.89,92.73,2021,8,704.0,580.6,-17.5,133.1,0,SEVERE_MONSOON_BURST,27.6,99.0,0.539
MET-MZ-LUN-2021-09,MZ-LUN,Lunglei,Mizoram,22.89,92.73,2021,9,448.0,608.3,35.8,222.6,1,SEVERE_MONSOON_BURST,25.2,99.0,0.888
MET-MZ-LUN-2021-10,MZ-LUN,Lunglei,Mizoram,22.89,92.73,2021,10,192.0,210.7,9.7,41.6,0,MODERATE_SHOWERS,27.4,77.7,0.718
MET-MZ-LUN-2021-11,MZ-LUN,Lunglei,Mizoram,22.89,92.73,2021,11,48.0,70.0,45.8,29.9,0,DRY_PERIOD,27.6,66.4,0.954
MET-MZ-LUN-2021-12,MZ-LUN,Lunglei,Mizoram,22.89,92.73,2021,12,48.0,72.9,51.9,39.8,0,DRY_PERIOD,22.6,63.0,0.993
MET-MZ-LUN-2022-01,MZ-LUN,Lunglei,Mizoram,22.89,92.73,2022,1,48.0,56.0,16.7,43.3,0,DRY_PERIOD,21.7,71.2,0.763
MET-MZ-LUN-2022-02,MZ-LUN,Lunglei,Mizoram,22.89,92.73,2022,2,48.0,60.0,25.0,35.1,0,DRY_PERIOD,24.5,69.3,0.817
MET-MZ-LUN-2022-03,MZ-LUN,Lunglei,Mizoram,22.89,92.73,2022,3,48.0,66.6,38.7,42.5,0,DRY_PERIOD,28.2,65.7,0.907
MET-MZ-LUN-2022-04,MZ-LUN,Lunglei,Mizoram,22.89,92.73,2022,4,192.0,134.9,-29.7,95.7,0,MODERATE_SHOWERS,29.0,67.0,0.459
MET-MZ-LUN-2022-05,MZ-LUN,Lunglei,Mizoram,22.89,92.73,2022,5,448.0,610.9,36.4,259.9,0,SEVERE_MONSOON_BURST,28.9,99.0,0.892
MET-MZ-LUN-2022-06,MZ-LUN,Lunglei,Mizoram,22.89,92.73,2022,6,704.0,693.5,-1.5,209.6,1,SEVERE_MONSOON_BURST,27.0,99.0,0.644
MET-MZ-LUN-2022-07,MZ-LUN,Lunglei,Mizoram,22.89,92.73,2022,7,704.0,905.3,28.6,354.9,0,SEVERE_MONSOON_BURST,28.9,99.0,0.841
MET-MZ-LUN-2022-08,MZ-LUN,Lunglei,Mizoram,22.89,92.73,2022,8,704.0,835.9,18.7,350.2,0,SEVERE_MONSOON_BURST,27.7,99.0,0.776
MET-MZ-LUN-2022-09,MZ-LUN,Lunglei,Mizoram,22.89,92.73,2022,9,448.0,372.7,-16.8,68.5,0,HEAVY_MONSOON,26.6,97.5,0.544
MET-MZ-LUN-2022-10,MZ-LUN,Lunglei,Mizoram,22.89,92.73,2022,10,192.0,166.8,-13.1,37.6,0,MODERATE_SHOWERS,27.2,70.2,0.568
MET-MZ-LUN-2022-11,MZ-LUN,Lunglei,Mizoram,22.89,92.73,2022,11,48.0,64.4,34.2,32.1,0,DRY_PERIOD,25.4,64.0,0.877
MET-MZ-LUN-2022-12,MZ-LUN,Lunglei,Mizoram,22.89,92.73,2022,12,48.0,72.3,50.6,35.4,0,DRY_PERIOD,21.9,75.4,0.985
MET-MZ-LUN-2023-01,MZ-LUN,Lunglei,Mizoram,22.89,92.73,2023,1,48.0,53.4,11.2,30.1,0,DRY_PERIOD,21.4,69.4,0.727
MET-MZ-LUN-2023-02,MZ-LUN,Lunglei,Mizoram,22.89,92.73,2023,2,48.0,36.3,-24.4,21.7,0,DRY_PERIOD,23.8,65.7,0.494
MET-MZ-LUN-2023-03,MZ-LUN,Lunglei,Mizoram,22.89,92.73,2023,3,48.0,90.5,88.5,48.6,0,MODERATE_SHOWERS,28.5,63.5,1.0
MET-MZ-LUN-2023-04,MZ-LUN,Lunglei,Mizoram,22.89,92.73,2023,4,192.0,164.0,-14.6,122.7,1,MODERATE_SHOWERS,28.7,71.1,0.558
MET-MZ-LUN-2023-05,MZ-LUN,Lunglei,Mizoram,22.89,92.73,2023,5,448.0,565.8,26.3,121.0,0,SEVERE_MONSOON_BURST,27.5,99.0,0.826
MET-MZ-LUN-2023-06,MZ-LUN,Lunglei,Mizoram,22.89,92.73,2023,6,704.0,487.5,-30.8,178.1,0,SEVERE_MONSOON_BURST,27.8,96.0,0.453
MET-MZ-LUN-2023-07,MZ-LUN,Lunglei,Mizoram,22.89,92.73,2023,7,704.0,494.2,-29.8,173.3,1,SEVERE_MONSOON_BURST,25.2,96.2,0.459
MET-MZ-LUN-2023-08,MZ-LUN,Lunglei,Mizoram,22.89,92.73,2023,8,704.0,516.1,-26.7,104.0,0,SEVERE_MONSOON_BURST,28.2,99.0,0.479
MET-MZ-LUN-2023-09,MZ-LUN,Lunglei,Mizoram,22.89,92.73,2023,9,448.0,617.7,37.9,127.4,0,SEVERE_MONSOON_BURST,26.3,99.0,0.902
MET-MZ-LUN-2023-10,MZ-LUN,Lunglei,Mizoram,22.89,92.73,2023,10,192.0,117.5,-38.8,52.0,0,MODERATE_SHOWERS,25.7,76.0,0.4
MET-MZ-LUN-2023-11,MZ-LUN,Lunglei,Mizoram,22.89,92.73,2023,11,48.0,51.8,7.9,32.7,0,DRY_PERIOD,28.2,69.0,0.706
MET-MZ-LUN-2023-12,MZ-LUN,Lunglei,Mizoram,22.89,92.73,2023,12,48.0,59.1,23.1,29.0,0,DRY_PERIOD,24.5,62.5,0.805
MET-MZ-LUN-2024-01,MZ-LUN,Lunglei,Mizoram,22.89,92.73,2024,1,48.0,75.1,56.5,55.2,0,DRY_PERIOD,24.3,63.1,1.0
MET-MZ-LUN-2024-02,MZ-LUN,Lunglei,Mizoram,22.89,92.73,2024,2,48.0,72.3,50.6,57.1,0,DRY_PERIOD,24.0,74.0,0.985
MET-MZ-LUN-2024-03,MZ-LUN,Lunglei,Mizoram,22.89,92.73,2024,3,48.0,60.5,26.0,45.5,0,DRY_PERIOD,27.1,60.8,0.824
MET-MZ-LUN-2024-04,MZ-LUN,Lunglei,Mizoram,22.89,92.73,2024,4,192.0,178.0,-7.3,121.9,0,MODERATE_SHOWERS,28.4,74.1,0.606
MET-MZ-LUN-2024-05,MZ-LUN,Lunglei,Mizoram,22.89,92.73,2024,5,448.0,649.3,44.9,126.3,1,SEVERE_MONSOON_BURST,27.1,99.0,0.948
MET-MZ-LUN-2024-06,MZ-LUN,Lunglei,Mizoram,22.89,92.73,2024,6,704.0,796.2,13.1,176.9,0,SEVERE_MONSOON_BURST,25.6,99.0,0.739
MET-MZ-LUN-2024-07,MZ-LUN,Lunglei,Mizoram,22.89,92.73,2024,7,704.0,919.2,30.6,383.4,1,SEVERE_MONSOON_BURST,25.5,99.0,0.854
MET-MZ-LUN-2024-08,MZ-LUN,Lunglei,Mizoram,22.89,92.73,2024,8,704.0,886.7,26.0,362.3,1,SEVERE_MONSOON_BURST,27.6,99.0,0.824
MET-MZ-LUN-2024-09,MZ-LUN,Lunglei,Mizoram,22.89,92.73,2024,9,448.0,456.9,2.0,90.7,0,HEAVY_MONSOON,28.3,95.2,0.667
MET-MZ-LUN-2024-10,MZ-LUN,Lunglei,Mizoram,22.89,92.73,2024,10,192.0,172.3,-10.3,58.9,0,MODERATE_SHOWERS,26.1,83.7,0.587
MET-MZ-LUN-2024-11,MZ-LUN,Lunglei,Mizoram,22.89,92.73,2024,11,48.0,29.9,-37.7,13.9,0,DRY_PERIOD,26.1,65.1,0.407
MET-MZ-LUN-2024-12,MZ-LUN,Lunglei,Mizoram,22.89,92.73,2024,12,48.0,43.0,-10.4,33.0,0,DRY_PERIOD,22.4,71.9,0.586
MET-MZ-LUN-2025-01,MZ-LUN,Lunglei,Mizoram,22.89,92.73,2025,1,48.0,61.8,28.7,39.4,0,DRY_PERIOD,21.3,66.1,0.842
MET-MZ-LUN-2025-02,MZ-LUN,Lunglei,Mizoram,22.89,92.73,2025,2,48.0,47.4,-1.3,26.2,0,DRY_PERIOD,23.8,71.1,0.646
MET-MZ-LUN-2025-03,MZ-LUN,Lunglei,Mizoram,22.89,92.73,2025,3,48.0,81.2,69.2,41.6,0,MODERATE_SHOWERS,25.7,65.8,1.0
MET-MZ-LUN-2025-04,MZ-LUN,Lunglei,Mizoram,22.89,92.73,2025,4,192.0,199.4,3.9,118.6,0,MODERATE_SHOWERS,27.4,81.6,0.679
MET-MZ-LUN-2025-05,MZ-LUN,Lunglei,Mizoram,22.89,92.73,2025,5,448.0,395.2,-11.8,139.3,0,HEAVY_MONSOON,27.4,88.8,0.577
MET-MZ-LUN-2025-06,MZ-LUN,Lunglei,Mizoram,22.89,92.73,2025,6,704.0,482.2,-31.5,144.2,1,HEAVY_MONSOON,25.2,94.9,0.448
MET-MZ-LUN-2025-07,MZ-LUN,Lunglei,Mizoram,22.89,92.73,2025,7,704.0,624.6,-11.3,147.4,1,SEVERE_MONSOON_BURST,25.0,99.0,0.58
MET-MZ-LUN-2025-08,MZ-LUN,Lunglei,Mizoram,22.89,92.73,2025,8,704.0,713.2,1.3,140.9,0,SEVERE_MONSOON_BURST,25.7,99.0,0.662
MET-MZ-LUN-2025-09,MZ-LUN,Lunglei,Mizoram,22.89,92.73,2025,9,448.0,441.1,-1.5,88.5,0,HEAVY_MONSOON,28.7,93.0,0.644
MET-MZ-LUN-2025-10,MZ-LUN,Lunglei,Mizoram,22.89,92.73,2025,10,192.0,129.7,-32.4,43.6,0,MODERATE_SHOWERS,26.9,76.6,0.442
MET-MZ-LUN-2025-11,MZ-LUN,Lunglei,Mizoram,22.89,92.73,2025,11,48.0,72.6,51.2,44.6,0,DRY_PERIOD,27.1,67.2,0.989
MET-MZ-LUN-2025-12,MZ-LUN,Lunglei,Mizoram,22.89,92.73,2025,12,48.0,45.7,-4.8,32.7,0,DRY_PERIOD,24.3,71.4,0.623
MET-MZ-LUN-2026-01,MZ-LUN,Lunglei,Mizoram,22.89,92.73,2026,1,48.0,50.9,6.0,36.7,0,DRY_PERIOD,21.2,73.8,0.693
MET-MZ-LUN-2026-02,MZ-LUN,Lunglei,Mizoram,22.89,92.73,2026,2,48.0,57.3,19.4,38.8,0,DRY_PERIOD,23.6,67.8,0.781
MET-MZ-LUN-2026-03,MZ-LUN,Lunglei,Mizoram,22.89,92.73,2026,3,48.0,73.9,54.0,35.0,0,DRY_PERIOD,28.2,67.1,1.0
MET-MZ-LUN-2026-04,MZ-LUN,Lunglei,Mizoram,22.89,92.73,2026,4,192.0,201.4,4.9,112.8,0,MODERATE_SHOWERS,27.2,82.9,0.686
MET-MZ-LUN-2026-05,MZ-LUN,Lunglei,Mizoram,22.89,92.73,2026,5,448.0,332.4,-25.8,94.3,0,HEAVY_MONSOON,26.7,88.2,0.485
MET-MZ-LUN-2026-06,MZ-LUN,Lunglei,Mizoram,22.89,92.73,2026,6,704.0,792.1,12.5,318.4,1,SEVERE_MONSOON_BURST,27.7,99.0,0.736
MET-MZ-LUN-2026-07,MZ-LUN,Lunglei,Mizoram,22.89,92.73,2026,7,704.0,526.1,-25.3,211.7,0,SEVERE_MONSOON_BURST,26.9,99.0,0.489
MET-MZ-LUN-2026-08,MZ-LUN,Lunglei,Mizoram,22.89,92.73,2026,8,704.0,772.0,9.7,256.9,0,SEVERE_MONSOON_BURST,26.1,99.0,0.717
MET-MZ-LUN-2026-09,MZ-LUN,Lunglei,Mizoram,22.89,92.73,2026,9,448.0,451.9,0.9,91.3,0,HEAVY_MONSOON,26.4,96.9,0.66
MET-MZ-LUN-2026-10,MZ-LUN,Lunglei,Mizoram,22.89,92.73,2026,10,192.0,176.9,-7.9,60.4,0,MODERATE_SHOWERS,25.6,83.8,0.602
MET-MZ-LUN-2026-11,MZ-LUN,Lunglei,Mizoram,22.89,92.73,2026,11,48.0,61.1,27.3,26.5,0,DRY_PERIOD,25.5,71.6,0.832
MET-MZ-LUN-2026-12,MZ-LUN,Lunglei,Mizoram,22.89,92.73,2026,12,48.0,74.2,54.6,45.7,0,DRY_PERIOD,22.6,73.8,1.0
MET-TR-WTR-2015-01,TR-WTR,West Tripura (Agartala),Tripura,23.83,91.28,2015,1,33.8,46.0,36.1,31.6,0,DRY_PERIOD,24.6,66.7,0.782
MET-TR-WTR-2015-02,TR-WTR,West Tripura (Agartala),Tripura,23.83,91.28,2015,2,33.8,21.8,-35.5,9.3,0,DRY_PERIOD,23.6,66.0,0.371
MET-TR-WTR-2015-03,TR-WTR,West Tripura (Agartala),Tripura,23.83,91.28,2015,3,33.8,41.6,23.1,28.4,0,DRY_PERIOD,26.3,69.7,0.707
MET-TR-WTR-2015-04,TR-WTR,West Tripura (Agartala),Tripura,23.83,91.28,2015,4,135.0,139.3,3.2,68.8,0,MODERATE_SHOWERS,27.8,77.3,0.675
MET-TR-WTR-2015-05,TR-WTR,West Tripura (Agartala),Tripura,23.83,91.28,2015,5,315.0,459.9,46.0,157.7,1,SEVERE_MONSOON_BURST,25.5,99.0,0.955
MET-TR-WTR-2015-06,TR-WTR,West Tripura (Agartala),Tripura,23.83,91.28,2015,6,495.0,495.3,0.1,196.8,0,SEVERE_MONSOON_BURST,26.0,99.0,0.654
MET-TR-WTR-2015-07,TR-WTR,West Tripura (Agartala),Tripura,23.83,91.28,2015,7,495.0,332.8,-32.8,94.2,0,HEAVY_MONSOON,27.5,93.1,0.44
MET-TR-WTR-2015-08,TR-WTR,West Tripura (Agartala),Tripura,23.83,91.28,2015,8,495.0,637.9,28.9,248.1,1,SEVERE_MONSOON_BURST,27.1,99.0,0.843
MET-TR-WTR-2015-09,TR-WTR,West Tripura (Agartala),Tripura,23.83,91.28,2015,9,315.0,220.0,-30.2,72.9,0,MODERATE_SHOWERS,28.1,85.5,0.457
MET-TR-WTR-2015-10,TR-WTR,West Tripura (Agartala),Tripura,23.83,91.28,2015,10,135.0,98.2,-27.3,41.1,0,MODERATE_SHOWERS,26.2,68.7,0.476
MET-TR-WTR-2015-11,TR-WTR,West Tripura (Agartala),Tripura,23.83,91.28,2015,11,33.8,27.9,-17.5,15.7,0,DRY_PERIOD,27.5,67.6,0.474
MET-TR-WTR-2015-12,TR-WTR,West Tripura (Agartala),Tripura,23.83,91.28,2015,12,33.8,45.4,34.3,20.0,0,DRY_PERIOD,22.9,72.8,0.772
MET-TR-WTR-2016-01,TR-WTR,West Tripura (Agartala),Tripura,23.83,91.28,2016,1,33.8,17.1,-49.4,10.2,0,DRY_PERIOD,21.7,69.3,0.291
MET-TR-WTR-2016-02,TR-WTR,West Tripura (Agartala),Tripura,23.83,91.28,2016,2,33.8,51.3,51.8,21.2,0,DRY_PERIOD,22.1,67.4,0.872
MET-TR-WTR-2016-03,TR-WTR,West Tripura (Agartala),Tripura,23.83,91.28,2016,3,33.8,44.9,32.8,22.7,0,DRY_PERIOD,27.2,70.7,0.763
MET-TR-WTR-2016-04,TR-WTR,West Tripura (Agartala),Tripura,23.83,91.28,2016,4,135.0,120.3,-10.9,63.8,0,MODERATE_SHOWERS,25.5,72.6,0.583
MET-TR-WTR-2016-05,TR-WTR,West Tripura (Agartala),Tripura,23.83,91.28,2016,5,315.0,307.9,-2.3,88.1,0,HEAVY_MONSOON,28.7,87.3,0.639
MET-TR-WTR-2016-06,TR-WTR,West Tripura (Agartala),Tripura,23.83,91.28,2016,6,495.0,392.0,-20.8,102.2,0,HEAVY_MONSOON,27.8,93.7,0.518
MET-TR-WTR-2016-07,TR-WTR,West Tripura (Agartala),Tripura,23.83,91.28,2016,7,495.0,500.1,1.0,187.3,0,SEVERE_MONSOON_BURST,26.2,99.0,0.661
MET-TR-WTR-2016-08,TR-WTR,West Tripura (Agartala),Tripura,23.83,91.28,2016,8,495.0,487.4,-1.5,135.8,1,HEAVY_MONSOON,26.7,97.7,0.644
MET-TR-WTR-2016-09,TR-WTR,West Tripura (Agartala),Tripura,23.83,91.28,2016,9,315.0,431.8,37.1,111.9,0,HEAVY_MONSOON,28.7,94.4,0.896
MET-TR-WTR-2016-10,TR-WTR,West Tripura (Agartala),Tripura,23.83,91.28,2016,10,135.0,128.5,-4.8,31.4,0,MODERATE_SHOWERS,28.5,77.2,0.622
MET-TR-WTR-2016-11,TR-WTR,West Tripura (Agartala),Tripura,23.83,91.28,2016,11,33.8,50.9,50.6,32.0,0,DRY_PERIOD,26.7,64.5,0.865
MET-TR-WTR-2016-12,TR-WTR,West Tripura (Agartala),Tripura,23.83,91.28,2016,12,33.8,61.8,82.8,45.2,0,DRY_PERIOD,25.0,64.9,1.0
MET-TR-WTR-2017-01,TR-WTR,West Tripura (Agartala),Tripura,23.83,91.28,2017,1,33.8,50.6,49.7,25.6,0,DRY_PERIOD,24.2,67.6,0.86
MET-TR-WTR-2017-02,TR-WTR,West Tripura (Agartala),Tripura,23.83,91.28,2017,2,33.8,45.3,34.0,30.5,0,DRY_PERIOD,21.7,58.9,0.77
MET-TR-WTR-2017-03,TR-WTR,West Tripura (Agartala),Tripura,23.83,91.28,2017,3,33.8,32.9,-2.7,19.4,0,DRY_PERIOD,26.5,66.7,0.559
MET-TR-WTR-2017-04,TR-WTR,West Tripura (Agartala),Tripura,23.83,91.28,2017,4,135.0,159.0,17.8,97.2,0,MODERATE_SHOWERS,26.2,76.2,0.77
MET-TR-WTR-2017-05,TR-WTR,West Tripura (Agartala),Tripura,23.83,91.28,2017,5,315.0,322.1,2.3,135.8,0,HEAVY_MONSOON,28.4,93.6,0.669
MET-TR-WTR-2017-06,TR-WTR,West Tripura (Agartala),Tripura,23.83,91.28,2017,6,495.0,657.8,32.9,228.9,1,SEVERE_MONSOON_BURST,26.5,99.0,0.869
MET-TR-WTR-2017-07,TR-WTR,West Tripura (Agartala),Tripura,23.83,91.28,2017,7,495.0,492.1,-0.6,142.5,1,HEAVY_MONSOON,25.4,99.0,0.65
MET-TR-WTR-2017-08,TR-WTR,West Tripura (Agartala),Tripura,23.83,91.28,2017,8,495.0,569.9,15.1,256.3,0,SEVERE_MONSOON_BURST,28.7,99.0,0.753
MET-TR-WTR-2017-09,TR-WTR,West Tripura (Agartala),Tripura,23.83,91.28,2017,9,315.0,243.3,-22.8,59.8,0,MODERATE_SHOWERS,28.7,82.7,0.505
MET-TR-WTR-2017-10,TR-WTR,West Tripura (Agartala),Tripura,23.83,91.28,2017,10,135.0,122.1,-9.6,23.0,0,MODERATE_SHOWERS,25.5,78.1,0.591
MET-TR-WTR-2017-11,TR-WTR,West Tripura (Agartala),Tripura,23.83,91.28,2017,11,33.8,43.2,27.8,29.0,0,DRY_PERIOD,25.6,58.9,0.734
MET-TR-WTR-2017-12,TR-WTR,West Tripura (Agartala),Tripura,23.83,91.28,2017,12,33.8,41.3,22.2,27.2,0,DRY_PERIOD,24.8,68.2,0.702
MET-TR-WTR-2018-01,TR-WTR,West Tripura (Agartala),Tripura,23.83,91.28,2018,1,33.8,30.5,-9.8,15.0,0,DRY_PERIOD,22.7,66.3,0.518
MET-TR-WTR-2018-02,TR-WTR,West Tripura (Agartala),Tripura,23.83,91.28,2018,2,33.8,35.9,6.2,19.4,0,DRY_PERIOD,24.0,70.7,0.61
MET-TR-WTR-2018-03,TR-WTR,West Tripura (Agartala),Tripura,23.83,91.28,2018,3,33.8,25.5,-24.6,11.1,0,DRY_PERIOD,28.6,70.6,0.433
MET-TR-WTR-2018-04,TR-WTR,West Tripura (Agartala),Tripura,23.83,91.28,2018,4,135.0,167.1,23.8,68.0,0,MODERATE_SHOWERS,26.0,76.4,0.809
MET-TR-WTR-2018-05,TR-WTR,West Tripura (Agartala),Tripura,23.83,91.28,2018,5,315.0,315.8,0.3,128.9,1,HEAVY_MONSOON,25.7,94.5,0.656
MET-TR-WTR-2018-06,TR-WTR,West Tripura (Agartala),Tripura,23.83,91.28,2018,6,495.0,525.7,6.2,153.6,0,SEVERE_MONSOON_BURST,27.3,98.8,0.694
MET-TR-WTR-2018-07,TR-WTR,West Tripura (Agartala),Tripura,23.83,91.28,2018,7,495.0,471.5,-4.7,191.7,1,SEVERE_MONSOON_BURST,29.0,99.0,0.623
MET-TR-WTR-2018-08,TR-WTR,West Tripura (Agartala),Tripura,23.83,91.28,2018,8,495.0,465.9,-5.9,180.8,0,SEVERE_MONSOON_BURST,28.0,99.0,0.615
MET-TR-WTR-2018-09,TR-WTR,West Tripura (Agartala),Tripura,23.83,91.28,2018,9,315.0,349.2,10.9,137.3,0,HEAVY_MONSOON,25.9,88.5,0.725
MET-TR-WTR-2018-10,TR-WTR,West Tripura (Agartala),Tripura,23.83,91.28,2018,10,135.0,184.0,36.3,52.1,0,MODERATE_SHOWERS,26.9,81.6,0.891
MET-TR-WTR-2018-11,TR-WTR,West Tripura (Agartala),Tripura,23.83,91.28,2018,11,33.8,16.3,-51.8,12.5,0,DRY_PERIOD,27.9,64.7,0.277
MET-TR-WTR-2018-12,TR-WTR,West Tripura (Agartala),Tripura,23.83,91.28,2018,12,33.8,54.9,62.4,35.9,0,DRY_PERIOD,22.0,62.7,0.933
MET-TR-WTR-2019-01,TR-WTR,West Tripura (Agartala),Tripura,23.83,91.28,2019,1,33.8,53.1,57.1,29.9,0,DRY_PERIOD,24.9,71.3,0.903
MET-TR-WTR-2019-02,TR-WTR,West Tripura (Agartala),Tripura,23.83,91.28,2019,2,33.8,64.7,91.4,51.3,0,DRY_PERIOD,21.1,72.8,1.0
MET-TR-WTR-2019-03,TR-WTR,West Tripura (Agartala),Tripura,23.83,91.28,2019,3,33.8,57.3,69.5,44.6,0,DRY_PERIOD,25.0,64.7,0.974
MET-TR-WTR-2019-04,TR-WTR,West Tripura (Agartala),Tripura,23.83,91.28,2019,4,135.0,156.4,15.9,123.1,0,MODERATE_SHOWERS,25.4,73.7,0.757
MET-TR-WTR-2019-05,TR-WTR,West Tripura (Agartala),Tripura,23.83,91.28,2019,5,315.0,298.0,-5.4,68.7,0,HEAVY_MONSOON,28.8,87.7,0.619
MET-TR-WTR-2019-06,TR-WTR,West Tripura (Agartala),Tripura,23.83,91.28,2019,6,495.0,478.4,-3.4,167.1,0,SEVERE_MONSOON_BURST,26.1,99.0,0.632
MET-TR-WTR-2019-07,TR-WTR,West Tripura (Agartala),Tripura,23.83,91.28,2019,7,495.0,432.5,-12.6,157.9,1,SEVERE_MONSOON_BURST,27.1,99.0,0.571
MET-TR-WTR-2019-08,TR-WTR,West Tripura (Agartala),Tripura,23.83,91.28,2019,8,495.0,464.7,-6.1,200.3,0,SEVERE_MONSOON_BURST,26.8,99.0,0.614
MET-TR-WTR-2019-09,TR-WTR,West Tripura (Agartala),Tripura,23.83,91.28,2019,9,315.0,436.3,38.5,136.1,1,HEAVY_MONSOON,26.0,97.9,0.906
MET-TR-WTR-2019-10,TR-WTR,West Tripura (Agartala),Tripura,23.83,91.28,2019,10,135.0,147.5,9.3,48.0,0,MODERATE_SHOWERS,28.0,71.0,0.714
MET-TR-WTR-2019-11,TR-WTR,West Tripura (Agartala),Tripura,23.83,91.28,2019,11,33.8,38.0,12.4,22.2,0,DRY_PERIOD,28.2,72.2,0.646
MET-TR-WTR-2019-12,TR-WTR,West Tripura (Agartala),Tripura,23.83,91.28,2019,12,33.8,40.9,21.0,23.6,0,DRY_PERIOD,22.2,67.9,0.695
MET-TR-WTR-2020-01,TR-WTR,West Tripura (Agartala),Tripura,23.83,91.28,2020,1,33.8,23.6,-30.2,9.6,0,DRY_PERIOD,25.0,62.3,0.401
MET-TR-WTR-2020-02,TR-WTR,West Tripura (Agartala),Tripura,23.83,91.28,2020,2,33.8,45.1,33.4,31.2,0,DRY_PERIOD,24.8,59.5,0.767
MET-TR-WTR-2020-03,TR-WTR,West Tripura (Agartala),Tripura,23.83,91.28,2020,3,33.8,46.2,36.7,29.3,0,DRY_PERIOD,25.6,63.2,0.785
MET-TR-WTR-2020-04,TR-WTR,West Tripura (Agartala),Tripura,23.83,91.28,2020,4,135.0,141.3,4.7,111.2,0,MODERATE_SHOWERS,25.1,73.4,0.684
MET-TR-WTR-2020-05,TR-WTR,West Tripura (Agartala),Tripura,23.83,91.28,2020,5,315.0,248.2,-21.2,91.3,0,MODERATE_SHOWERS,26.4,87.8,0.515
MET-TR-WTR-2020-06,TR-WTR,West Tripura (Agartala),Tripura,23.83,91.28,2020,6,495.0,386.1,-22.0,83.0,0,HEAVY_MONSOON,26.1,97.5,0.51
MET-TR-WTR-2020-07,TR-WTR,West Tripura (Agartala),Tripura,23.83,91.28,2020,7,495.0,461.9,-6.7,160.4,0,SEVERE_MONSOON_BURST,25.0,92.6,0.61
MET-TR-WTR-2020-08,TR-WTR,West Tripura (Agartala),Tripura,23.83,91.28,2020,8,495.0,453.5,-8.4,186.9,0,SEVERE_MONSOON_BURST,26.2,99.0,0.599
MET-TR-WTR-2020-09,TR-WTR,West Tripura (Agartala),Tripura,23.83,91.28,2020,9,315.0,430.7,36.7,96.5,0,HEAVY_MONSOON,27.7,99.0,0.894
MET-TR-WTR-2020-10,TR-WTR,West Tripura (Agartala),Tripura,23.83,91.28,2020,10,135.0,129.3,-4.2,50.1,0,MODERATE_SHOWERS,28.9,79.6,0.626
MET-TR-WTR-2020-11,TR-WTR,West Tripura (Agartala),Tripura,23.83,91.28,2020,11,33.8,37.4,10.7,19.5,0,DRY_PERIOD,26.0,66.1,0.636
MET-TR-WTR-2020-12,TR-WTR,West Tripura (Agartala),Tripura,23.83,91.28,2020,12,33.8,35.9,6.2,28.6,0,DRY_PERIOD,22.0,58.8,0.61
MET-TR-WTR-2021-01,TR-WTR,West Tripura (Agartala),Tripura,23.83,91.28,2021,1,33.8,60.4,78.7,32.0,0,DRY_PERIOD,24.9,71.6,1.0
MET-TR-WTR-2021-02,TR-WTR,West Tripura (Agartala),Tripura,23.83,91.28,2021,2,33.8,36.1,6.8,23.0,0,DRY_PERIOD,24.6,60.5,0.614
MET-TR-WTR-2021-03,TR-WTR,West Tripura (Agartala),Tripura,23.83,91.28,2021,3,33.8,29.6,-12.4,17.2,0,DRY_PERIOD,26.6,60.2,0.503
MET-TR-WTR-2021-04,TR-WTR,West Tripura (Agartala),Tripura,23.83,91.28,2021,4,135.0,112.5,-16.7,59.1,0,MODERATE_SHOWERS,28.7,74.3,0.545
MET-TR-WTR-2021-05,TR-WTR,West Tripura (Agartala),Tripura,23.83,91.28,2021,5,315.0,355.8,13.0,120.2,0,HEAVY_MONSOON,27.3,93.6,0.739
MET-TR-WTR-2021-06,TR-WTR,West Tripura (Agartala),Tripura,23.83,91.28,2021,6,495.0,392.4,-20.7,75.2,0,HEAVY_MONSOON,27.6,87.0,0.518
MET-TR-WTR-2021-07,TR-WTR,West Tripura (Agartala),Tripura,23.83,91.28,2021,7,495.0,708.5,43.1,261.4,0,SEVERE_MONSOON_BURST,27.9,99.0,0.936
MET-TR-WTR-2021-08,TR-WTR,West Tripura (Agartala),Tripura,23.83,91.28,2021,8,495.0,547.1,10.5,145.7,0,SEVERE_MONSOON_BURST,28.6,99.0,0.723
MET-TR-WTR-2021-09,TR-WTR,West Tripura (Agartala),Tripura,23.83,91.28,2021,9,315.0,353.2,12.1,79.9,0,HEAVY_MONSOON,28.9,91.9,0.733
MET-TR-WTR-2021-10,TR-WTR,West Tripura (Agartala),Tripura,23.83,91.28,2021,10,135.0,119.1,-11.8,44.7,0,MODERATE_SHOWERS,25.1,76.7,0.577
MET-TR-WTR-2021-11,TR-WTR,West Tripura (Agartala),Tripura,23.83,91.28,2021,11,33.8,13.9,-58.9,7.9,0,DRY_PERIOD,28.2,58.2,0.236
MET-TR-WTR-2021-12,TR-WTR,West Tripura (Agartala),Tripura,23.83,91.28,2021,12,33.8,49.0,45.0,36.2,0,DRY_PERIOD,21.8,59.3,0.833
MET-TR-WTR-2022-01,TR-WTR,West Tripura (Agartala),Tripura,23.83,91.28,2022,1,33.8,39.6,17.2,24.7,0,DRY_PERIOD,21.5,72.1,0.673
MET-TR-WTR-2022-02,TR-WTR,West Tripura (Agartala),Tripura,23.83,91.28,2022,2,33.8,35.5,5.0,19.0,0,DRY_PERIOD,23.6,63.3,0.603
MET-TR-WTR-2022-03,TR-WTR,West Tripura (Agartala),Tripura,23.83,91.28,2022,3,33.8,24.2,-28.4,11.9,0,DRY_PERIOD,26.9,59.0,0.411
MET-TR-WTR-2022-04,TR-WTR,West Tripura (Agartala),Tripura,23.83,91.28,2022,4,135.0,142.9,5.9,79.9,0,MODERATE_SHOWERS,26.0,80.3,0.692
MET-TR-WTR-2022-05,TR-WTR,West Tripura (Agartala),Tripura,23.83,91.28,2022,5,315.0,252.4,-19.9,79.7,0,HEAVY_MONSOON,25.2,81.8,0.524
MET-TR-WTR-2022-06,TR-WTR,West Tripura (Agartala),Tripura,23.83,91.28,2022,6,495.0,376.5,-23.9,143.1,1,HEAVY_MONSOON,25.3,99.0,0.497
MET-TR-WTR-2022-07,TR-WTR,West Tripura (Agartala),Tripura,23.83,91.28,2022,7,495.0,575.1,16.2,160.9,0,SEVERE_MONSOON_BURST,25.3,99.0,0.76
MET-TR-WTR-2022-08,TR-WTR,West Tripura (Agartala),Tripura,23.83,91.28,2022,8,495.0,365.2,-26.2,123.7,1,HEAVY_MONSOON,28.7,85.7,0.482
MET-TR-WTR-2022-09,TR-WTR,West Tripura (Agartala),Tripura,23.83,91.28,2022,9,315.0,371.5,17.9,152.8,0,SEVERE_MONSOON_BURST,26.1,87.4,0.771
MET-TR-WTR-2022-10,TR-WTR,West Tripura (Agartala),Tripura,23.83,91.28,2022,10,135.0,185.9,37.7,51.9,0,MODERATE_SHOWERS,25.3,81.2,0.9
MET-TR-WTR-2022-11,TR-WTR,West Tripura (Agartala),Tripura,23.83,91.28,2022,11,33.8,52.6,55.6,28.2,0,DRY_PERIOD,26.6,65.3,0.894
MET-TR-WTR-2022-12,TR-WTR,West Tripura (Agartala),Tripura,23.83,91.28,2022,12,33.8,55.6,64.5,38.4,0,DRY_PERIOD,23.2,61.2,0.945
MET-TR-WTR-2023-01,TR-WTR,West Tripura (Agartala),Tripura,23.83,91.28,2023,1,33.8,24.6,-27.2,19.1,0,DRY_PERIOD,24.9,68.4,0.418
MET-TR-WTR-2023-02,TR-WTR,West Tripura (Agartala),Tripura,23.83,91.28,2023,2,33.8,41.6,23.1,24.9,0,DRY_PERIOD,24.4,71.1,0.707
MET-TR-WTR-2023-03,TR-WTR,West Tripura (Agartala),Tripura,23.83,91.28,2023,3,33.8,49.0,45.0,27.8,0,DRY_PERIOD,25.4,63.9,0.833
MET-TR-WTR-2023-04,TR-WTR,West Tripura (Agartala),Tripura,23.83,91.28,2023,4,135.0,112.9,-16.4,56.4,0,MODERATE_SHOWERS,28.0,65.7,0.547
MET-TR-WTR-2023-05,TR-WTR,West Tripura (Agartala),Tripura,23.83,91.28,2023,5,315.0,447.6,42.1,132.7,1,HEAVY_MONSOON,26.3,99.0,0.929
MET-TR-WTR-2023-06,TR-WTR,West Tripura (Agartala),Tripura,23.83,91.28,2023,6,495.0,571.0,15.4,132.2,0,SEVERE_MONSOON_BURST,28.7,99.0,0.754
MET-TR-WTR-2023-07,TR-WTR,West Tripura (Agartala),Tripura,23.83,91.28,2023,7,495.0,641.1,29.5,226.9,0,SEVERE_MONSOON_BURST,26.7,99.0,0.847
MET-TR-WTR-2023-08,TR-WTR,West Tripura (Agartala),Tripura,23.83,91.28,2023,8,495.0,691.5,39.7,261.9,0,SEVERE_MONSOON_BURST,26.2,99.0,0.913
MET-TR-WTR-2023-09,TR-WTR,West Tripura (Agartala),Tripura,23.83,91.28,2023,9,315.0,321.2,2.0,87.6,0,HEAVY_MONSOON,27.5,86.2,0.667
MET-TR-WTR-2023-10,TR-WTR,West Tripura (Agartala),Tripura,23.83,91.28,2023,10,135.0,194.6,44.1,79.4,0,MODERATE_SHOWERS,27.5,82.1,0.943
MET-TR-WTR-2023-11,TR-WTR,West Tripura (Agartala),Tripura,23.83,91.28,2023,11,33.8,56.9,68.3,28.0,0,DRY_PERIOD,25.3,69.1,0.967
MET-TR-WTR-2023-12,TR-WTR,West Tripura (Agartala),Tripura,23.83,91.28,2023,12,33.8,39.7,17.5,28.0,0,DRY_PERIOD,24.0,68.2,0.675
MET-TR-WTR-2024-01,TR-WTR,West Tripura (Agartala),Tripura,23.83,91.28,2024,1,33.8,43.3,28.1,26.1,0,DRY_PERIOD,21.7,73.3,0.736
MET-TR-WTR-2024-02,TR-WTR,West Tripura (Agartala),Tripura,23.83,91.28,2024,2,33.8,29.5,-12.7,20.4,0,DRY_PERIOD,22.2,69.0,0.501
MET-TR-WTR-2024-03,TR-WTR,West Tripura (Agartala),Tripura,23.83,91.28,2024,3,33.8,40.5,19.8,27.4,0,DRY_PERIOD,25.3,66.0,0.689
MET-TR-WTR-2024-04,TR-WTR,West Tripura (Agartala),Tripura,23.83,91.28,2024,4,135.0,175.8,30.2,98.6,0,MODERATE_SHOWERS,26.8,77.1,0.851
MET-TR-WTR-2024-05,TR-WTR,West Tripura (Agartala),Tripura,23.83,91.28,2024,5,315.0,386.1,22.6,138.9,0,HEAVY_MONSOON,25.2,87.7,0.801
MET-TR-WTR-2024-06,TR-WTR,West Tripura (Agartala),Tripura,23.83,91.28,2024,6,495.0,397.3,-19.7,177.6,0,SEVERE_MONSOON_BURST,28.6,89.6,0.525
MET-TR-WTR-2024-07,TR-WTR,West Tripura (Agartala),Tripura,23.83,91.28,2024,7,495.0,347.1,-29.9,150.1,0,SEVERE_MONSOON_BURST,28.0,91.5,0.458
MET-TR-WTR-2024-08,TR-WTR,West Tripura (Agartala),Tripura,23.83,91.28,2024,8,495.0,392.6,-20.7,133.9,0,HEAVY_MONSOON,25.1,99.0,0.519
MET-TR-WTR-2024-09,TR-WTR,West Tripura (Agartala),Tripura,23.83,91.28,2024,9,315.0,478.5,51.9,194.1,0,SEVERE_MONSOON_BURST,27.3,95.9,0.993
MET-TR-WTR-2024-10,TR-WTR,West Tripura (Agartala),Tripura,23.83,91.28,2024,10,135.0,139.2,3.1,26.3,0,MODERATE_SHOWERS,25.1,72.2,0.674
MET-TR-WTR-2024-11,TR-WTR,West Tripura (Agartala),Tripura,23.83,91.28,2024,11,33.8,44.0,30.2,22.5,0,DRY_PERIOD,26.1,62.7,0.748
MET-TR-WTR-2024-12,TR-WTR,West Tripura (Agartala),Tripura,23.83,91.28,2024,12,33.8,59.7,76.6,47.4,0,DRY_PERIOD,21.1,66.9,1.0
MET-TR-WTR-2025-01,TR-WTR,West Tripura (Agartala),Tripura,23.83,91.28,2025,1,33.8,31.6,-6.5,15.0,0,DRY_PERIOD,21.0,63.3,0.537
MET-TR-WTR-2025-02,TR-WTR,West Tripura (Agartala),Tripura,23.83,91.28,2025,2,33.8,25.5,-24.6,16.4,0,DRY_PERIOD,24.4,70.0,0.433
MET-TR-WTR-2025-03,TR-WTR,West Tripura (Agartala),Tripura,23.83,91.28,2025,3,33.8,52.5,55.3,40.7,0,DRY_PERIOD,26.7,60.7,0.892
MET-TR-WTR-2025-04,TR-WTR,West Tripura (Agartala),Tripura,23.83,91.28,2025,4,135.0,116.5,-13.7,49.4,0,MODERATE_SHOWERS,28.5,65.0,0.564
MET-TR-WTR-2025-05,TR-WTR,West Tripura (Agartala),Tripura,23.83,91.28,2025,5,315.0,462.7,46.9,144.1,0,HEAVY_MONSOON,29.0,95.2,0.96
MET-TR-WTR-2025-06,TR-WTR,West Tripura (Agartala),Tripura,23.83,91.28,2025,6,495.0,612.3,23.7,199.6,0,SEVERE_MONSOON_BURST,27.7,99.0,0.809
MET-TR-WTR-2025-07,TR-WTR,West Tripura (Agartala),Tripura,23.83,91.28,2025,7,495.0,727.1,46.9,237.9,0,SEVERE_MONSOON_BURST,28.9,99.0,0.96
MET-TR-WTR-2025-08,TR-WTR,West Tripura (Agartala),Tripura,23.83,91.28,2025,8,495.0,535.1,8.1,168.0,0,SEVERE_MONSOON_BURST,25.5,99.0,0.707
MET-TR-WTR-2025-09,TR-WTR,West Tripura (Agartala),Tripura,23.83,91.28,2025,9,315.0,427.7,35.8,167.9,1,SEVERE_MONSOON_BURST,28.4,98.2,0.888
MET-TR-WTR-2025-10,TR-WTR,West Tripura (Agartala),Tripura,23.83,91.28,2025,10,135.0,182.0,34.8,73.9,0,MODERATE_SHOWERS,28.1,74.8,0.881
MET-TR-WTR-2025-11,TR-WTR,West Tripura (Agartala),Tripura,23.83,91.28,2025,11,33.8,22.1,-34.6,14.7,0,DRY_PERIOD,28.4,59.4,0.376
MET-TR-WTR-2025-12,TR-WTR,West Tripura (Agartala),Tripura,23.83,91.28,2025,12,33.8,61.3,81.4,25.6,0,DRY_PERIOD,21.2,62.1,1.0
MET-TR-WTR-2026-01,TR-WTR,West Tripura (Agartala),Tripura,23.83,91.28,2026,1,33.8,18.8,-44.4,8.0,0,DRY_PERIOD,24.7,67.7,0.32
MET-TR-WTR-2026-02,TR-WTR,West Tripura (Agartala),Tripura,23.83,91.28,2026,2,33.8,30.0,-11.2,13.1,0,DRY_PERIOD,23.7,57.9,0.51
MET-TR-WTR-2026-03,TR-WTR,West Tripura (Agartala),Tripura,23.83,91.28,2026,3,33.8,31.2,-7.7,18.3,0,DRY_PERIOD,27.4,66.1,0.53
MET-TR-WTR-2026-04,TR-WTR,West Tripura (Agartala),Tripura,23.83,91.28,2026,4,135.0,143.9,6.6,113.3,0,MODERATE_SHOWERS,25.7,74.0,0.697
MET-TR-WTR-2026-05,TR-WTR,West Tripura (Agartala),Tripura,23.83,91.28,2026,5,315.0,213.3,-32.3,43.4,0,MODERATE_SHOWERS,27.3,76.5,0.443
MET-TR-WTR-2026-06,TR-WTR,West Tripura (Agartala),Tripura,23.83,91.28,2026,6,495.0,401.7,-18.8,145.4,0,HEAVY_MONSOON,28.8,92.5,0.531
MET-TR-WTR-2026-07,TR-WTR,West Tripura (Agartala),Tripura,23.83,91.28,2026,7,495.0,658.9,33.1,279.7,0,SEVERE_MONSOON_BURST,25.7,99.0,0.87
MET-TR-WTR-2026-08,TR-WTR,West Tripura (Agartala),Tripura,23.83,91.28,2026,8,495.0,556.9,12.5,134.2,1,SEVERE_MONSOON_BURST,28.0,99.0,0.736
MET-TR-WTR-2026-09,TR-WTR,West Tripura (Agartala),Tripura,23.83,91.28,2026,9,315.0,382.6,21.5,157.4,1,SEVERE_MONSOON_BURST,25.1,93.5,0.794
MET-TR-WTR-2026-10,TR-WTR,West Tripura (Agartala),Tripura,23.83,91.28,2026,10,135.0,139.3,3.2,34.5,0,MODERATE_SHOWERS,25.6,75.2,0.675
MET-TR-WTR-2026-11,TR-WTR,West Tripura (Agartala),Tripura,23.83,91.28,2026,11,33.8,34.8,3.0,27.6,0,DRY_PERIOD,27.1,71.1,0.592
MET-TR-WTR-2026-12,TR-WTR,West Tripura (Agartala),Tripura,23.83,91.28,2026,12,33.8,44.6,32.0,30.3,0,DRY_PERIOD,23.8,73.0,0.758
MET-TR-DHA-2015-01,TR-DHA,Dhalai (Ambassa),Tripura,23.92,91.85,2015,1,37.5,38.4,2.4,22.1,0,DRY_PERIOD,22.0,63.1,0.653
MET-TR-DHA-2015-02,TR-DHA,Dhalai (Ambassa),Tripura,23.92,91.85,2015,2,37.5,62.1,65.6,41.0,0,DRY_PERIOD,22.6,71.1,1.0
MET-TR-DHA-2015-03,TR-DHA,Dhalai (Ambassa),Tripura,23.92,91.85,2015,3,37.5,75.9,102.4,31.1,0,DRY_PERIOD,28.8,68.9,1.0
MET-TR-DHA-2015-04,TR-DHA,Dhalai (Ambassa),Tripura,23.92,91.85,2015,4,150.0,132.6,-11.6,53.4,0,MODERATE_SHOWERS,25.7,80.2,0.578
MET-TR-DHA-2015-05,TR-DHA,Dhalai (Ambassa),Tripura,23.92,91.85,2015,5,350.0,513.2,46.6,220.8,1,SEVERE_MONSOON_BURST,25.7,99.0,0.959
MET-TR-DHA-2015-06,TR-DHA,Dhalai (Ambassa),Tripura,23.92,91.85,2015,6,550.0,615.3,11.9,207.5,1,SEVERE_MONSOON_BURST,25.7,99.0,0.731
MET-TR-DHA-2015-07,TR-DHA,Dhalai (Ambassa),Tripura,23.92,91.85,2015,7,550.0,678.2,23.3,287.0,0,SEVERE_MONSOON_BURST,26.2,99.0,0.806
MET-TR-DHA-2015-08,TR-DHA,Dhalai (Ambassa),Tripura,23.92,91.85,2015,8,550.0,380.2,-30.9,170.1,0,SEVERE_MONSOON_BURST,26.6,88.6,0.452
MET-TR-DHA-2015-09,TR-DHA,Dhalai (Ambassa),Tripura,23.92,91.85,2015,9,350.0,263.7,-24.7,61.2,0,HEAVY_MONSOON,27.0,90.2,0.493
MET-TR-DHA-2015-10,TR-DHA,Dhalai (Ambassa),Tripura,23.92,91.85,2015,10,150.0,166.9,11.3,57.4,0,MODERATE_SHOWERS,26.5,80.5,0.728
MET-TR-DHA-2015-11,TR-DHA,Dhalai (Ambassa),Tripura,23.92,91.85,2015,11,37.5,33.6,-10.4,25.9,0,DRY_PERIOD,27.1,69.9,0.571
MET-TR-DHA-2015-12,TR-DHA,Dhalai (Ambassa),Tripura,23.92,91.85,2015,12,37.5,41.7,11.2,30.2,0,DRY_PERIOD,23.3,68.4,0.709
MET-TR-DHA-2016-01,TR-DHA,Dhalai (Ambassa),Tripura,23.92,91.85,2016,1,37.5,57.6,53.6,28.2,0,DRY_PERIOD,21.9,68.6,0.979
MET-TR-DHA-2016-02,TR-DHA,Dhalai (Ambassa),Tripura,23.92,91.85,2016,2,37.5,49.8,32.8,33.1,0,DRY_PERIOD,22.2,65.3,0.847
MET-TR-DHA-2016-03,TR-DHA,Dhalai (Ambassa),Tripura,23.92,91.85,2016,3,37.5,39.9,6.4,23.5,0,DRY_PERIOD,26.9,59.1,0.678
MET-TR-DHA-2016-04,TR-DHA,Dhalai (Ambassa),Tripura,23.92,91.85,2016,4,150.0,126.6,-15.6,80.9,0,MODERATE_SHOWERS,25.9,76.1,0.552
MET-TR-DHA-2016-05,TR-DHA,Dhalai (Ambassa),Tripura,23.92,91.85,2016,5,350.0,393.5,12.4,96.6,0,HEAVY_MONSOON,25.7,94.0,0.735
MET-TR-DHA-2016-06,TR-DHA,Dhalai (Ambassa),Tripura,23.92,91.85,2016,6,550.0,665.0,20.9,252.0,0,SEVERE_MONSOON_BURST,28.5,99.0,0.791
MET-TR-DHA-2016-07,TR-DHA,Dhalai (Ambassa),Tripura,23.92,91.85,2016,7,550.0,616.0,12.0,149.1,0,SEVERE_MONSOON_BURST,27.5,99.0,0.732
MET-TR-DHA-2016-08,TR-DHA,Dhalai (Ambassa),Tripura,23.92,91.85,2016,8,550.0,565.0,2.7,145.2,0,SEVERE_MONSOON_BURST,28.8,99.0,0.672
MET-TR-DHA-2016-09,TR-DHA,Dhalai (Ambassa),Tripura,23.92,91.85,2016,9,350.0,486.2,38.9,123.3,0,HEAVY_MONSOON,25.2,99.0,0.908
MET-TR-DHA-2016-10,TR-DHA,Dhalai (Ambassa),Tripura,23.92,91.85,2016,10,150.0,193.0,28.7,65.0,0,MODERATE_SHOWERS,25.1,75.9,0.841
MET-TR-DHA-2016-11,TR-DHA,Dhalai (Ambassa),Tripura,23.92,91.85,2016,11,37.5,43.9,17.1,19.2,0,DRY_PERIOD,28.0,68.3,0.746
MET-TR-DHA-2016-12,TR-DHA,Dhalai (Ambassa),Tripura,23.92,91.85,2016,12,37.5,45.2,20.5,27.9,0,DRY_PERIOD,24.3,72.5,0.768
MET-TR-DHA-2017-01,TR-DHA,Dhalai (Ambassa),Tripura,23.92,91.85,2017,1,37.5,50.4,34.4,24.7,0,DRY_PERIOD,23.1,65.4,0.857
MET-TR-DHA-2017-02,TR-DHA,Dhalai (Ambassa),Tripura,23.92,91.85,2017,2,37.5,56.6,50.9,32.9,0,DRY_PERIOD,22.5,60.1,0.962
MET-TR-DHA-2017-03,TR-DHA,Dhalai (Ambassa),Tripura,23.92,91.85,2017,3,37.5,27.8,-25.9,19.9,0,DRY_PERIOD,29.0,71.5,0.473
MET-TR-DHA-2017-04,TR-DHA,Dhalai (Ambassa),Tripura,23.92,91.85,2017,4,150.0,131.7,-12.2,95.0,0,MODERATE_SHOWERS,28.2,76.1,0.574
MET-TR-DHA-2017-05,TR-DHA,Dhalai (Ambassa),Tripura,23.92,91.85,2017,5,350.0,489.8,39.9,204.4,1,SEVERE_MONSOON_BURST,25.8,99.0,0.915
MET-TR-DHA-2017-06,TR-DHA,Dhalai (Ambassa),Tripura,23.92,91.85,2017,6,550.0,636.3,15.7,231.7,0,SEVERE_MONSOON_BURST,28.7,99.0,0.756
MET-TR-DHA-2017-07,TR-DHA,Dhalai (Ambassa),Tripura,23.92,91.85,2017,7,550.0,486.9,-11.5,171.4,0,SEVERE_MONSOON_BURST,27.0,96.0,0.579
MET-TR-DHA-2017-08,TR-DHA,Dhalai (Ambassa),Tripura,23.92,91.85,2017,8,550.0,637.2,15.9,202.3,0,SEVERE_MONSOON_BURST,27.3,99.0,0.758
MET-TR-DHA-2017-09,TR-DHA,Dhalai (Ambassa),Tripura,23.92,91.85,2017,9,350.0,255.5,-27.0,106.6,0,HEAVY_MONSOON,25.9,79.7,0.477
MET-TR-DHA-2017-10,TR-DHA,Dhalai (Ambassa),Tripura,23.92,91.85,2017,10,150.0,136.7,-8.9,44.2,0,MODERATE_SHOWERS,28.3,68.9,0.596
MET-TR-DHA-2017-11,TR-DHA,Dhalai (Ambassa),Tripura,23.92,91.85,2017,11,37.5,58.9,57.1,38.6,0,DRY_PERIOD,27.0,74.2,1.0
MET-TR-DHA-2017-12,TR-DHA,Dhalai (Ambassa),Tripura,23.92,91.85,2017,12,37.5,55.5,48.0,42.0,0,DRY_PERIOD,24.5,64.1,0.944
MET-TR-DHA-2018-01,TR-DHA,Dhalai (Ambassa),Tripura,23.92,91.85,2018,1,37.5,60.9,62.4,45.6,0,DRY_PERIOD,23.6,66.5,1.0
MET-TR-DHA-2018-02,TR-DHA,Dhalai (Ambassa),Tripura,23.92,91.85,2018,2,37.5,50.7,35.2,36.0,0,DRY_PERIOD,23.1,60.3,0.862
MET-TR-DHA-2018-03,TR-DHA,Dhalai (Ambassa),Tripura,23.92,91.85,2018,3,37.5,52.8,40.8,31.9,0,DRY_PERIOD,25.3,63.2,0.898
MET-TR-DHA-2018-04,TR-DHA,Dhalai (Ambassa),Tripura,23.92,91.85,2018,4,150.0,204.1,36.1,112.6,0,MODERATE_SHOWERS,26.5,72.6,0.89
MET-TR-DHA-2018-05,TR-DHA,Dhalai (Ambassa),Tripura,23.92,91.85,2018,5,350.0,309.5,-11.6,57.3,0,HEAVY_MONSOON,28.2,81.7,0.578
MET-TR-DHA-2018-06,TR-DHA,Dhalai (Ambassa),Tripura,23.92,91.85,2018,6,550.0,749.6,36.3,182.1,1,SEVERE_MONSOON_BURST,25.0,99.0,0.891
MET-TR-DHA-2018-07,TR-DHA,Dhalai (Ambassa),Tripura,23.92,91.85,2018,7,550.0,761.7,38.5,182.5,0,SEVERE_MONSOON_BURST,25.5,99.0,0.906
MET-TR-DHA-2018-08,TR-DHA,Dhalai (Ambassa),Tripura,23.92,91.85,2018,8,550.0,658.2,19.7,220.7,0,SEVERE_MONSOON_BURST,27.3,99.0,0.782
MET-TR-DHA-2018-09,TR-DHA,Dhalai (Ambassa),Tripura,23.92,91.85,2018,9,350.0,273.2,-21.9,78.9,0,HEAVY_MONSOON,27.1,84.6,0.51
MET-TR-DHA-2018-10,TR-DHA,Dhalai (Ambassa),Tripura,23.92,91.85,2018,10,150.0,149.0,-0.7,58.6,0,MODERATE_SHOWERS,28.3,67.9,0.649
MET-TR-DHA-2018-11,TR-DHA,Dhalai (Ambassa),Tripura,23.92,91.85,2018,11,37.5,42.4,13.1,20.7,0,DRY_PERIOD,27.9,60.6,0.721
MET-TR-DHA-2018-12,TR-DHA,Dhalai (Ambassa),Tripura,23.92,91.85,2018,12,37.5,45.1,20.3,31.0,0,DRY_PERIOD,21.6,69.7,0.767
MET-TR-DHA-2019-01,TR-DHA,Dhalai (Ambassa),Tripura,23.92,91.85,2019,1,37.5,31.3,-16.5,22.5,0,DRY_PERIOD,21.8,62.4,0.532
MET-TR-DHA-2019-02,TR-DHA,Dhalai (Ambassa),Tripura,23.92,91.85,2019,2,37.5,57.1,52.3,33.5,0,DRY_PERIOD,21.7,70.5,0.971
MET-TR-DHA-2019-03,TR-DHA,Dhalai (Ambassa),Tripura,23.92,91.85,2019,3,37.5,37.8,0.8,20.6,0,DRY_PERIOD,28.6,66.6,0.643
MET-TR-DHA-2019-04,TR-DHA,Dhalai (Ambassa),Tripura,23.92,91.85,2019,4,150.0,216.9,44.6,128.4,0,MODERATE_SHOWERS,25.7,85.8,0.945
MET-TR-DHA-2019-05,TR-DHA,Dhalai (Ambassa),Tripura,23.92,91.85,2019,5,350.0,365.7,4.5,136.2,0,HEAVY_MONSOON,27.0,84.6,0.683
MET-TR-DHA-2019-06,TR-DHA,Dhalai (Ambassa),Tripura,23.92,91.85,2019,6,550.0,547.8,-0.4,182.5,1,SEVERE_MONSOON_BURST,25.1,99.0,0.651
MET-TR-DHA-2019-07,TR-DHA,Dhalai (Ambassa),Tripura,23.92,91.85,2019,7,550.0,571.0,3.8,176.0,0,SEVERE_MONSOON_BURST,25.6,99.0,0.679
MET-TR-DHA-2019-08,TR-DHA,Dhalai (Ambassa),Tripura,23.92,91.85,2019,8,550.0,460.4,-16.3,174.8,1,SEVERE_MONSOON_BURST,27.1,96.1,0.547
MET-TR-DHA-2019-09,TR-DHA,Dhalai (Ambassa),Tripura,23.92,91.85,2019,9,350.0,259.1,-26.0,108.4,0,HEAVY_MONSOON,25.5,81.0,0.484
MET-TR-DHA-2019-10,TR-DHA,Dhalai (Ambassa),Tripura,23.92,91.85,2019,10,150.0,169.4,12.9,58.9,0,MODERATE_SHOWERS,26.8,73.3,0.738
MET-TR-DHA-2019-11,TR-DHA,Dhalai (Ambassa),Tripura,23.92,91.85,2019,11,37.5,48.6,29.6,36.4,0,DRY_PERIOD,25.3,64.4,0.826
MET-TR-DHA-2019-12,TR-DHA,Dhalai (Ambassa),Tripura,23.92,91.85,2019,12,37.5,53.1,41.6,34.8,0,DRY_PERIOD,24.6,63.4,0.903
MET-TR-DHA-2020-01,TR-DHA,Dhalai (Ambassa),Tripura,23.92,91.85,2020,1,37.5,42.5,13.3,24.3,0,DRY_PERIOD,24.0,70.6,0.722
MET-TR-DHA-2020-02,TR-DHA,Dhalai (Ambassa),Tripura,23.92,91.85,2020,2,37.5,76.0,102.7,34.5,0,DRY_PERIOD,25.0,68.2,1.0
MET-TR-DHA-2020-03,TR-DHA,Dhalai (Ambassa),Tripura,23.92,91.85,2020,3,37.5,43.2,15.2,23.1,0,DRY_PERIOD,27.9,70.9,0.734
MET-TR-DHA-2020-04,TR-DHA,Dhalai (Ambassa),Tripura,23.92,91.85,2020,4,150.0,166.0,10.7,111.1,0,MODERATE_SHOWERS,25.3,82.9,0.724
MET-TR-DHA-2020-05,TR-DHA,Dhalai (Ambassa),Tripura,23.92,91.85,2020,5,350.0,440.4,25.8,136.0,0,HEAVY_MONSOON,26.9,99.0,0.823
MET-TR-DHA-2020-06,TR-DHA,Dhalai (Ambassa),Tripura,23.92,91.85,2020,6,550.0,595.5,8.3,118.2,0,SEVERE_MONSOON_BURST,25.1,99.0,0.708
MET-TR-DHA-2020-07,TR-DHA,Dhalai (Ambassa),Tripura,23.92,91.85,2020,7,550.0,588.5,7.0,179.5,0,SEVERE_MONSOON_BURST,26.4,99.0,0.7
MET-TR-DHA-2020-08,TR-DHA,Dhalai (Ambassa),Tripura,23.92,91.85,2020,8,550.0,608.8,10.7,245.5,1,SEVERE_MONSOON_BURST,28.0,99.0,0.724
MET-TR-DHA-2020-09,TR-DHA,Dhalai (Ambassa),Tripura,23.92,91.85,2020,9,350.0,335.2,-4.2,79.0,0,HEAVY_MONSOON,25.2,92.8,0.626
MET-TR-DHA-2020-10,TR-DHA,Dhalai (Ambassa),Tripura,23.92,91.85,2020,10,150.0,146.3,-2.5,54.5,0,MODERATE_SHOWERS,27.9,73.5,0.638
MET-TR-DHA-2020-11,TR-DHA,Dhalai (Ambassa),Tripura,23.92,91.85,2020,11,37.5,48.4,29.1,20.0,0,DRY_PERIOD,25.7,73.0,0.823
MET-TR-DHA-2020-12,TR-DHA,Dhalai (Ambassa),Tripura,23.92,91.85,2020,12,37.5,34.5,-8.0,25.2,0,DRY_PERIOD,24.7,62.3,0.586
MET-TR-DHA-2021-01,TR-DHA,Dhalai (Ambassa),Tripura,23.92,91.85,2021,1,37.5,30.2,-19.5,12.5,0,DRY_PERIOD,23.1,71.5,0.513
MET-TR-DHA-2021-02,TR-DHA,Dhalai (Ambassa),Tripura,23.92,91.85,2021,2,37.5,70.4,87.7,50.0,0,DRY_PERIOD,24.8,68.0,1.0
MET-TR-DHA-2021-03,TR-DHA,Dhalai (Ambassa),Tripura,23.92,91.85,2021,3,37.5,53.9,43.7,36.5,0,DRY_PERIOD,28.1,71.4,0.916
MET-TR-DHA-2021-04,TR-DHA,Dhalai (Ambassa),Tripura,23.92,91.85,2021,4,150.0,203.7,35.8,140.6,1,MODERATE_SHOWERS,27.4,77.0,0.888
MET-TR-DHA-2021-05,TR-DHA,Dhalai (Ambassa),Tripura,23.92,91.85,2021,5,350.0,370.7,5.9,77.0,0,HEAVY_MONSOON,27.3,97.0,0.693
MET-TR-DHA-2021-06,TR-DHA,Dhalai (Ambassa),Tripura,23.92,91.85,2021,6,550.0,414.9,-24.6,142.9,0,HEAVY_MONSOON,26.2,99.0,0.493
MET-TR-DHA-2021-07,TR-DHA,Dhalai (Ambassa),Tripura,23.92,91.85,2021,7,550.0,787.1,43.1,324.1,0,SEVERE_MONSOON_BURST,25.8,99.0,0.936
MET-TR-DHA-2021-08,TR-DHA,Dhalai (Ambassa),Tripura,23.92,91.85,2021,8,550.0,676.1,22.9,195.9,0,SEVERE_MONSOON_BURST,27.0,99.0,0.804
MET-TR-DHA-2021-09,TR-DHA,Dhalai (Ambassa),Tripura,23.92,91.85,2021,9,350.0,392.9,12.3,101.2,0,HEAVY_MONSOON,27.7,90.0,0.734
MET-TR-DHA-2021-10,TR-DHA,Dhalai (Ambassa),Tripura,23.92,91.85,2021,10,150.0,184.1,22.7,75.7,0,MODERATE_SHOWERS,27.6,74.8,0.802
MET-TR-DHA-2021-11,TR-DHA,Dhalai (Ambassa),Tripura,23.92,91.85,2021,11,37.5,47.1,25.6,31.3,0,DRY_PERIOD,25.3,64.7,0.801
MET-TR-DHA-2021-12,TR-DHA,Dhalai (Ambassa),Tripura,23.92,91.85,2021,12,37.5,34.4,-8.3,22.7,0,DRY_PERIOD,23.5,60.5,0.585
MET-TR-DHA-2022-01,TR-DHA,Dhalai (Ambassa),Tripura,23.92,91.85,2022,1,37.5,39.1,4.3,27.6,0,DRY_PERIOD,21.2,62.9,0.665
MET-TR-DHA-2022-02,TR-DHA,Dhalai (Ambassa),Tripura,23.92,91.85,2022,2,37.5,27.2,-27.5,13.5,0,DRY_PERIOD,23.8,71.0,0.462
MET-TR-DHA-2022-03,TR-DHA,Dhalai (Ambassa),Tripura,23.92,91.85,2022,3,37.5,42.6,13.6,27.0,0,DRY_PERIOD,28.2,67.4,0.724
MET-TR-DHA-2022-04,TR-DHA,Dhalai (Ambassa),Tripura,23.92,91.85,2022,4,150.0,165.3,10.2,93.8,0,MODERATE_SHOWERS,26.0,81.1,0.721
MET-TR-DHA-2022-05,TR-DHA,Dhalai (Ambassa),Tripura,23.92,91.85,2022,5,350.0,452.6,29.3,110.8,0,HEAVY_MONSOON,28.5,94.5,0.846
MET-TR-DHA-2022-06,TR-DHA,Dhalai (Ambassa),Tripura,23.92,91.85,2022,6,550.0,414.2,-24.7,170.5,0,SEVERE_MONSOON_BURST,26.1,99.0,0.492
MET-TR-DHA-2022-07,TR-DHA,Dhalai (Ambassa),Tripura,23.92,91.85,2022,7,550.0,490.0,-10.9,208.3,0,SEVERE_MONSOON_BURST,28.9,99.0,0.583
MET-TR-DHA-2022-08,TR-DHA,Dhalai (Ambassa),Tripura,23.92,91.85,2022,8,550.0,534.9,-2.7,203.3,1,SEVERE_MONSOON_BURST,25.9,99.0,0.636
MET-TR-DHA-2022-09,TR-DHA,Dhalai (Ambassa),Tripura,23.92,91.85,2022,9,350.0,294.4,-15.9,105.5,0,HEAVY_MONSOON,28.5,89.7,0.55
MET-TR-DHA-2022-10,TR-DHA,Dhalai (Ambassa),Tripura,23.92,91.85,2022,10,150.0,152.8,1.9,55.1,0,MODERATE_SHOWERS,27.7,68.3,0.666
MET-TR-DHA-2022-11,TR-DHA,Dhalai (Ambassa),Tripura,23.92,91.85,2022,11,37.5,54.4,45.1,23.1,0,DRY_PERIOD,28.2,62.5,0.925
MET-TR-DHA-2022-12,TR-DHA,Dhalai (Ambassa),Tripura,23.92,91.85,2022,12,37.5,53.6,42.9,40.9,0,DRY_PERIOD,23.5,68.6,0.911
MET-TR-DHA-2023-01,TR-DHA,Dhalai (Ambassa),Tripura,23.92,91.85,2023,1,37.5,33.2,-11.5,14.2,0,DRY_PERIOD,22.3,66.9,0.564
MET-TR-DHA-2023-02,TR-DHA,Dhalai (Ambassa),Tripura,23.92,91.85,2023,2,37.5,33.3,-11.2,20.1,0,DRY_PERIOD,21.2,65.2,0.566
MET-TR-DHA-2023-03,TR-DHA,Dhalai (Ambassa),Tripura,23.92,91.85,2023,3,37.5,38.6,2.9,25.6,0,DRY_PERIOD,25.8,68.5,0.656
MET-TR-DHA-2023-04,TR-DHA,Dhalai (Ambassa),Tripura,23.92,91.85,2023,4,150.0,201.7,34.5,142.9,0,MODERATE_SHOWERS,26.3,74.9,0.879
MET-TR-DHA-2023-05,TR-DHA,Dhalai (Ambassa),Tripura,23.92,91.85,2023,5,350.0,470.7,34.5,185.7,1,SEVERE_MONSOON_BURST,27.1,99.0,0.879
MET-TR-DHA-2023-06,TR-DHA,Dhalai (Ambassa),Tripura,23.92,91.85,2023,6,550.0,439.3,-20.1,100.8,0,HEAVY_MONSOON,26.9,99.0,0.522
MET-TR-DHA-2023-07,TR-DHA,Dhalai (Ambassa),Tripura,23.92,91.85,2023,7,550.0,409.3,-25.6,134.4,1,HEAVY_MONSOON,27.7,98.8,0.487
MET-TR-DHA-2023-08,TR-DHA,Dhalai (Ambassa),Tripura,23.92,91.85,2023,8,550.0,543.5,-1.2,190.2,1,SEVERE_MONSOON_BURST,26.3,99.0,0.646
MET-TR-DHA-2023-09,TR-DHA,Dhalai (Ambassa),Tripura,23.92,91.85,2023,9,350.0,272.2,-22.2,121.3,0,HEAVY_MONSOON,26.4,84.0,0.509
MET-TR-DHA-2023-10,TR-DHA,Dhalai (Ambassa),Tripura,23.92,91.85,2023,10,150.0,172.3,14.9,44.2,0,MODERATE_SHOWERS,27.3,78.5,0.751
MET-TR-DHA-2023-11,TR-DHA,Dhalai (Ambassa),Tripura,23.92,91.85,2023,11,37.5,43.2,15.2,31.6,0,DRY_PERIOD,28.8,63.2,0.734
MET-TR-DHA-2023-12,TR-DHA,Dhalai (Ambassa),Tripura,23.92,91.85,2023,12,37.5,48.0,28.0,30.8,0,DRY_PERIOD,21.1,71.0,0.816
MET-TR-DHA-2024-01,TR-DHA,Dhalai (Ambassa),Tripura,23.92,91.85,2024,1,37.5,20.9,-44.3,16.5,0,DRY_PERIOD,21.4,65.2,0.355
MET-TR-DHA-2024-02,TR-DHA,Dhalai (Ambassa),Tripura,23.92,91.85,2024,2,37.5,59.0,57.3,28.1,0,DRY_PERIOD,23.1,62.6,1.0
MET-TR-DHA-2024-03,TR-DHA,Dhalai (Ambassa),Tripura,23.92,91.85,2024,3,37.5,67.5,80.0,33.0,0,DRY_PERIOD,28.9,68.5,1.0
MET-TR-DHA-2024-04,TR-DHA,Dhalai (Ambassa),Tripura,23.92,91.85,2024,4,150.0,223.4,48.9,126.1,0,MODERATE_SHOWERS,26.9,83.9,0.974
MET-TR-DHA-2024-05,TR-DHA,Dhalai (Ambassa),Tripura,23.92,91.85,2024,5,350.0,388.5,11.0,114.0,0,HEAVY_MONSOON,28.3,94.2,0.726
MET-TR-DHA-2024-06,TR-DHA,Dhalai (Ambassa),Tripura,23.92,91.85,2024,6,550.0,422.2,-23.2,178.6,1,SEVERE_MONSOON_BURST,28.8,95.7,0.502
MET-TR-DHA-2024-07,TR-DHA,Dhalai (Ambassa),Tripura,23.92,91.85,2024,7,550.0,691.8,25.8,291.6,1,SEVERE_MONSOON_BURST,27.4,99.0,0.822
MET-TR-DHA-2024-08,TR-DHA,Dhalai (Ambassa),Tripura,23.92,91.85,2024,8,550.0,570.0,3.6,112.0,0,SEVERE_MONSOON_BURST,25.5,99.0,0.678
MET-TR-DHA-2024-09,TR-DHA,Dhalai (Ambassa),Tripura,23.92,91.85,2024,9,350.0,331.6,-5.3,73.5,0,HEAVY_MONSOON,25.9,93.7,0.619
MET-TR-DHA-2024-10,TR-DHA,Dhalai (Ambassa),Tripura,23.92,91.85,2024,10,150.0,188.7,25.8,47.3,0,MODERATE_SHOWERS,26.5,82.7,0.823
MET-TR-DHA-2024-11,TR-DHA,Dhalai (Ambassa),Tripura,23.92,91.85,2024,11,37.5,54.9,46.4,33.9,0,DRY_PERIOD,28.9,73.4,0.933
MET-TR-DHA-2024-12,TR-DHA,Dhalai (Ambassa),Tripura,23.92,91.85,2024,12,37.5,28.6,-23.7,17.2,0,DRY_PERIOD,23.5,58.2,0.486
MET-TR-DHA-2025-01,TR-DHA,Dhalai (Ambassa),Tripura,23.92,91.85,2025,1,37.5,50.7,35.2,30.8,0,DRY_PERIOD,22.7,66.6,0.862
MET-TR-DHA-2025-02,TR-DHA,Dhalai (Ambassa),Tripura,23.92,91.85,2025,2,37.5,56.7,51.2,38.4,0,DRY_PERIOD,22.1,70.6,0.964
MET-TR-DHA-2025-03,TR-DHA,Dhalai (Ambassa),Tripura,23.92,91.85,2025,3,37.5,57.9,54.4,42.5,0,DRY_PERIOD,26.6,63.8,0.984
MET-TR-DHA-2025-04,TR-DHA,Dhalai (Ambassa),Tripura,23.92,91.85,2025,4,150.0,231.4,54.3,151.1,0,SEVERE_MONSOON_BURST,25.1,82.6,1.0
MET-TR-DHA-2025-05,TR-DHA,Dhalai (Ambassa),Tripura,23.92,91.85,2025,5,350.0,405.4,15.8,134.4,0,HEAVY_MONSOON,28.0,92.8,0.757
MET-TR-DHA-2025-06,TR-DHA,Dhalai (Ambassa),Tripura,23.92,91.85,2025,6,550.0,609.5,10.8,271.6,0,SEVERE_MONSOON_BURST,26.6,99.0,0.725
MET-TR-DHA-2025-07,TR-DHA,Dhalai (Ambassa),Tripura,23.92,91.85,2025,7,550.0,718.0,30.5,166.2,0,SEVERE_MONSOON_BURST,25.6,99.0,0.854
MET-TR-DHA-2025-08,TR-DHA,Dhalai (Ambassa),Tripura,23.92,91.85,2025,8,550.0,422.7,-23.1,166.3,1,SEVERE_MONSOON_BURST,26.4,94.1,0.503
MET-TR-DHA-2025-09,TR-DHA,Dhalai (Ambassa),Tripura,23.92,91.85,2025,9,350.0,469.8,34.2,185.9,1,SEVERE_MONSOON_BURST,27.1,97.6,0.878
MET-TR-DHA-2025-10,TR-DHA,Dhalai (Ambassa),Tripura,23.92,91.85,2025,10,150.0,112.9,-24.7,22.8,0,MODERATE_SHOWERS,28.1,70.9,0.492
MET-TR-DHA-2025-11,TR-DHA,Dhalai (Ambassa),Tripura,23.92,91.85,2025,11,37.5,64.0,70.7,29.9,0,DRY_PERIOD,26.8,72.9,1.0
MET-TR-DHA-2025-12,TR-DHA,Dhalai (Ambassa),Tripura,23.92,91.85,2025,12,37.5,32.4,-13.6,24.1,0,DRY_PERIOD,23.6,65.7,0.551
MET-TR-DHA-2026-01,TR-DHA,Dhalai (Ambassa),Tripura,23.92,91.85,2026,1,37.5,53.2,41.9,25.9,0,DRY_PERIOD,24.2,72.3,0.904
MET-TR-DHA-2026-02,TR-DHA,Dhalai (Ambassa),Tripura,23.92,91.85,2026,2,37.5,34.6,-7.7,14.7,0,DRY_PERIOD,23.1,65.9,0.588
MET-TR-DHA-2026-03,TR-DHA,Dhalai (Ambassa),Tripura,23.92,91.85,2026,3,37.5,58.4,55.7,31.2,0,DRY_PERIOD,26.0,73.0,0.993
MET-TR-DHA-2026-04,TR-DHA,Dhalai (Ambassa),Tripura,23.92,91.85,2026,4,150.0,212.2,41.5,146.0,1,MODERATE_SHOWERS,26.4,80.0,0.925
MET-TR-DHA-2026-05,TR-DHA,Dhalai (Ambassa),Tripura,23.92,91.85,2026,5,350.0,487.2,39.2,214.7,1,SEVERE_MONSOON_BURST,28.0,99.0,0.91
MET-TR-DHA-2026-06,TR-DHA,Dhalai (Ambassa),Tripura,23.92,91.85,2026,6,550.0,643.7,17.0,205.6,1,SEVERE_MONSOON_BURST,28.9,99.0,0.765
MET-TR-DHA-2026-07,TR-DHA,Dhalai (Ambassa),Tripura,23.92,91.85,2026,7,550.0,646.6,17.6,277.5,0,SEVERE_MONSOON_BURST,26.8,99.0,0.769
MET-TR-DHA-2026-08,TR-DHA,Dhalai (Ambassa),Tripura,23.92,91.85,2026,8,550.0,612.5,11.4,274.1,0,SEVERE_MONSOON_BURST,25.4,99.0,0.728
MET-TR-DHA-2026-09,TR-DHA,Dhalai (Ambassa),Tripura,23.92,91.85,2026,9,350.0,436.9,24.8,181.5,0,SEVERE_MONSOON_BURST,25.0,92.3,0.816
MET-TR-DHA-2026-10,TR-DHA,Dhalai (Ambassa),Tripura,23.92,91.85,2026,10,150.0,181.7,21.1,69.4,0,MODERATE_SHOWERS,25.1,80.4,0.792
MET-TR-DHA-2026-11,TR-DHA,Dhalai (Ambassa),Tripura,23.92,91.85,2026,11,37.5,43.7,16.5,24.6,0,DRY_PERIOD,28.0,72.4,0.743
MET-TR-DHA-2026-12,TR-DHA,Dhalai (Ambassa),Tripura,23.92,91.85,2026,12,37.5,23.1,-38.4,16.6,0,DRY_PERIOD,21.8,69.9,0.393
