stream_id,corridor_id,timestamp,incline_tilt_deg,pore_pressure_kpa,acoustic_emission_db,precipitation_rate_mmh,surface_displacement_mm,ambient_temp_c,warning_state
TEL-00001,SEG-11,2026-08-30T14:01:02.400214,1.471,55.8,44.1,29.2,14.98,26.8,CRITICAL_SLOPE_MOVEMENT
TEL-00002,SEG-06,2026-08-30T14:03:26.400214,3.201,68.4,55.7,8.0,11.19,14.5,CRITICAL_SLOPE_MOVEMENT
TEL-00003,SEG-11,2026-08-30T14:05:50.400214,2.43,16.7,52.6,24.8,7.67,26.6,WARNING_ELEVATED_PORE_PRESSURE
TEL-00004,SEG-09,2026-08-30T14:08:14.400214,0.203,16.9,44.7,22.2,0.19,18.5,STABLE_NOMINAL
TEL-00005,SEG-06,2026-08-30T14:10:38.400214,2.738,69.8,39.7,40.6,15.81,23.7,CRITICAL_SLOPE_MOVEMENT
TEL-00006,SEG-11,2026-08-30T14:13:02.400214,0.76,81.5,39.9,40.0,7.67,18.3,CRITICAL_SLOPE_MOVEMENT
TEL-00007,SEG-01,2026-08-30T14:15:26.400214,1.144,74.6,71.6,38.7,1.39,16.7,CRITICAL_SLOPE_MOVEMENT
TEL-00008,SEG-15,2026-08-30T14:17:50.400214,2.855,47.2,77.0,2.3,11.76,27.2,WARNING_ELEVATED_PORE_PRESSURE
TEL-00009,SEG-04,2026-08-30T14:20:14.400214,3.452,67.9,60.5,41.8,4.33,25.2,CRITICAL_SLOPE_MOVEMENT
TEL-00010,SEG-01,2026-08-30T14:22:38.400214,2.31,21.3,57.5,2.6,8.47,19.5,WARNING_ELEVATED_PORE_PRESSURE
TEL-00011,SEG-16,2026-08-30T14:25:02.400214,1.0,50.4,62.0,25.9,12.11,27.5,CRITICAL_SLOPE_MOVEMENT
TEL-00012,SEG-13,2026-08-30T14:27:26.400214,3.711,36.6,36.2,11.8,7.89,14.8,CRITICAL_SLOPE_MOVEMENT
TEL-00013,SEG-06,2026-08-30T14:29:50.400214,3.587,20.0,40.3,27.0,9.6,25.2,CRITICAL_SLOPE_MOVEMENT
TEL-00014,SEG-01,2026-08-30T14:32:14.400214,2.175,76.5,67.2,26.5,15.42,16.4,CRITICAL_SLOPE_MOVEMENT
TEL-00015,SEG-01,2026-08-30T14:34:38.400214,3.105,28.9,51.9,1.7,15.51,25.4,CRITICAL_SLOPE_MOVEMENT
TEL-00016,SEG-09,2026-08-30T14:37:02.400214,0.368,22.5,39.0,25.8,7.65,24.3,WARNING_ELEVATED_PORE_PRESSURE
TEL-00017,SEG-05,2026-08-30T14:39:26.400214,1.567,56.5,39.0,5.5,5.43,27.0,WARNING_ELEVATED_PORE_PRESSURE
TEL-00018,SEG-11,2026-08-30T14:41:50.400214,0.867,59.8,53.3,35.8,0.48,15.7,WARNING_ELEVATED_PORE_PRESSURE
TEL-00019,SEG-05,2026-08-30T14:44:14.400214,3.006,55.1,25.4,42.7,7.5,16.6,CRITICAL_SLOPE_MOVEMENT
TEL-00020,SEG-11,2026-08-30T14:46:38.400214,2.353,69.2,38.7,28.1,3.6,15.7,WARNING_ELEVATED_PORE_PRESSURE
TEL-00021,SEG-11,2026-08-30T14:49:02.400214,0.54,28.0,72.5,15.8,12.32,17.1,CRITICAL_SLOPE_MOVEMENT
TEL-00022,SEG-05,2026-08-30T14:51:26.400214,2.395,64.9,57.8,0.7,5.8,21.8,WARNING_ELEVATED_PORE_PRESSURE
TEL-00023,SEG-05,2026-08-30T14:53:50.400214,4.183,57.6,68.4,3.3,8.74,21.1,CRITICAL_SLOPE_MOVEMENT
TEL-00024,SEG-06,2026-08-30T14:56:14.400214,1.845,74.4,56.2,17.0,11.95,17.8,CRITICAL_SLOPE_MOVEMENT
TEL-00025,SEG-14,2026-08-30T14:58:38.400214,2.132,53.4,66.5,34.3,7.92,28.3,WARNING_ELEVATED_PORE_PRESSURE
TEL-00026,SEG-12,2026-08-30T15:01:02.400214,2.431,75.7,59.4,28.0,4.83,24.2,CRITICAL_SLOPE_MOVEMENT
TEL-00027,SEG-06,2026-08-30T15:03:26.400214,1.215,59.7,25.2,18.6,11.36,15.3,WARNING_ELEVATED_PORE_PRESSURE
TEL-00028,SEG-01,2026-08-30T15:05:50.400214,2.198,30.9,42.6,20.4,13.65,21.6,CRITICAL_SLOPE_MOVEMENT
TEL-00029,SEG-05,2026-08-30T15:08:14.400214,0.678,59.6,45.8,16.9,13.8,21.9,CRITICAL_SLOPE_MOVEMENT
TEL-00030,SEG-02,2026-08-30T15:10:38.400214,2.452,35.1,26.9,43.2,1.77,14.3,STABLE_NOMINAL
TEL-00031,SEG-04,2026-08-30T15:13:02.400214,0.849,46.6,33.4,21.8,2.06,28.7,STABLE_NOMINAL
TEL-00032,SEG-07,2026-08-30T15:15:26.400214,2.337,18.8,42.3,21.1,3.87,15.8,STABLE_NOMINAL
TEL-00033,SEG-11,2026-08-30T15:17:50.400214,0.144,38.3,55.4,19.8,12.0,21.8,WARNING_ELEVATED_PORE_PRESSURE
TEL-00034,SEG-03,2026-08-30T15:20:14.400214,1.088,43.6,59.3,20.4,12.42,14.1,CRITICAL_SLOPE_MOVEMENT
TEL-00035,SEG-09,2026-08-30T15:22:38.400214,1.939,55.0,46.3,25.3,10.08,17.8,WARNING_ELEVATED_PORE_PRESSURE
TEL-00036,SEG-16,2026-08-30T15:25:02.400214,1.455,57.9,54.8,0.1,1.06,26.7,WARNING_ELEVATED_PORE_PRESSURE
TEL-00037,SEG-01,2026-08-30T15:27:26.400214,1.615,28.7,74.6,23.2,7.14,17.0,WARNING_ELEVATED_PORE_PRESSURE
TEL-00038,SEG-10,2026-08-30T15:29:50.400214,1.788,55.6,63.7,16.3,1.44,16.5,WARNING_ELEVATED_PORE_PRESSURE
TEL-00039,SEG-01,2026-08-30T15:32:14.400214,2.225,16.2,37.7,20.7,7.67,21.8,WARNING_ELEVATED_PORE_PRESSURE
TEL-00040,SEG-16,2026-08-30T15:34:38.400214,2.141,41.5,27.8,28.3,0.7,24.6,STABLE_NOMINAL
TEL-00041,SEG-16,2026-08-30T15:37:02.400214,2.463,24.7,43.6,23.3,5.17,14.3,WARNING_ELEVATED_PORE_PRESSURE
TEL-00042,SEG-07,2026-08-30T15:39:26.400214,0.785,64.5,57.8,4.5,6.49,16.7,WARNING_ELEVATED_PORE_PRESSURE
TEL-00043,SEG-12,2026-08-30T15:41:50.400214,1.117,36.2,39.8,18.6,3.88,15.5,STABLE_NOMINAL
TEL-00044,SEG-04,2026-08-30T15:44:14.400214,0.969,15.9,39.4,27.9,11.74,25.4,WARNING_ELEVATED_PORE_PRESSURE
TEL-00045,SEG-10,2026-08-30T15:46:38.400214,3.118,33.6,40.9,14.3,0.15,19.8,CRITICAL_SLOPE_MOVEMENT
TEL-00046,SEG-04,2026-08-30T15:49:02.400214,2.864,50.8,53.2,4.1,10.43,24.8,WARNING_ELEVATED_PORE_PRESSURE
TEL-00047,SEG-04,2026-08-30T15:51:26.400214,2.105,30.6,71.0,17.2,15.15,17.3,CRITICAL_SLOPE_MOVEMENT
TEL-00048,SEG-03,2026-08-30T15:53:50.400214,2.006,65.3,48.6,28.7,13.0,29.0,CRITICAL_SLOPE_MOVEMENT
TEL-00049,SEG-02,2026-08-30T15:56:14.400214,0.559,73.5,29.1,33.4,5.5,27.3,CRITICAL_SLOPE_MOVEMENT
TEL-00050,SEG-05,2026-08-30T15:58:38.400214,2.525,18.5,64.4,22.3,14.33,26.1,CRITICAL_SLOPE_MOVEMENT
TEL-00051,SEG-15,2026-08-30T16:01:02.400214,0.943,48.4,46.3,27.5,1.82,17.6,STABLE_NOMINAL
TEL-00052,SEG-06,2026-08-30T16:03:26.400214,2.98,19.5,65.6,42.4,18.13,14.6,CRITICAL_SLOPE_MOVEMENT
TEL-00053,SEG-09,2026-08-30T16:05:50.400214,1.997,78.3,41.2,37.9,10.91,16.7,CRITICAL_SLOPE_MOVEMENT
TEL-00054,SEG-16,2026-08-30T16:08:14.400214,3.39,66.6,33.0,34.9,8.02,25.1,CRITICAL_SLOPE_MOVEMENT
TEL-00055,SEG-13,2026-08-30T16:10:38.400214,0.235,71.5,72.5,24.1,11.84,24.5,CRITICAL_SLOPE_MOVEMENT
TEL-00056,SEG-12,2026-08-30T16:13:02.400214,3.983,83.2,39.2,27.9,10.66,18.7,CRITICAL_SLOPE_MOVEMENT
TEL-00057,SEG-03,2026-08-30T16:15:26.400214,2.603,67.0,40.8,21.6,18.09,19.6,CRITICAL_SLOPE_MOVEMENT
TEL-00058,SEG-10,2026-08-30T16:17:50.400214,2.209,26.7,29.6,32.0,6.25,21.9,WARNING_ELEVATED_PORE_PRESSURE
TEL-00059,SEG-12,2026-08-30T16:20:14.400214,3.465,35.1,28.8,22.1,18.07,14.5,CRITICAL_SLOPE_MOVEMENT
TEL-00060,SEG-12,2026-08-30T16:22:38.400214,4.038,69.3,39.9,12.1,4.4,15.8,CRITICAL_SLOPE_MOVEMENT
TEL-00061,SEG-02,2026-08-30T16:25:02.400214,0.311,25.5,56.8,27.2,9.62,29.0,WARNING_ELEVATED_PORE_PRESSURE
TEL-00062,SEG-10,2026-08-30T16:27:26.400214,1.365,43.8,29.9,34.9,15.64,14.9,CRITICAL_SLOPE_MOVEMENT
TEL-00063,SEG-16,2026-08-30T16:29:50.400214,2.899,68.7,46.5,34.7,2.34,27.4,WARNING_ELEVATED_PORE_PRESSURE
TEL-00064,SEG-14,2026-08-30T16:32:14.400214,0.466,16.6,50.9,8.6,2.94,22.3,STABLE_NOMINAL
TEL-00065,SEG-09,2026-08-30T16:34:38.400214,3.202,31.3,62.8,44.2,3.49,28.6,CRITICAL_SLOPE_MOVEMENT
TEL-00066,SEG-16,2026-08-30T16:37:02.400214,2.601,25.2,65.1,43.9,7.16,14.0,WARNING_ELEVATED_PORE_PRESSURE
TEL-00067,SEG-14,2026-08-30T16:39:26.400214,3.275,21.8,27.0,22.4,7.62,17.6,CRITICAL_SLOPE_MOVEMENT
TEL-00068,SEG-08,2026-08-30T16:41:50.400214,1.812,72.6,74.4,38.6,1.84,22.0,CRITICAL_SLOPE_MOVEMENT
TEL-00069,SEG-12,2026-08-30T16:44:14.400214,1.975,46.8,74.5,44.6,12.9,27.9,CRITICAL_SLOPE_MOVEMENT
TEL-00070,SEG-03,2026-08-30T16:46:38.400214,1.847,66.9,32.4,28.5,11.94,18.1,WARNING_ELEVATED_PORE_PRESSURE
TEL-00071,SEG-12,2026-08-30T16:49:02.400214,2.857,51.4,68.4,38.4,11.36,14.8,WARNING_ELEVATED_PORE_PRESSURE
TEL-00072,SEG-06,2026-08-30T16:51:26.400214,1.718,31.5,37.8,8.7,3.54,27.5,STABLE_NOMINAL
TEL-00073,SEG-14,2026-08-30T16:53:50.400214,1.638,19.1,47.0,17.7,2.35,20.9,STABLE_NOMINAL
TEL-00074,SEG-11,2026-08-30T16:56:14.400214,0.154,38.5,29.5,3.5,8.22,17.9,WARNING_ELEVATED_PORE_PRESSURE
TEL-00075,SEG-06,2026-08-30T16:58:38.400214,1.903,57.3,57.5,15.4,3.59,23.4,WARNING_ELEVATED_PORE_PRESSURE
TEL-00076,SEG-16,2026-08-30T17:01:02.400214,4.106,42.8,65.2,40.6,0.66,21.1,CRITICAL_SLOPE_MOVEMENT
TEL-00077,SEG-02,2026-08-30T17:03:26.400214,1.113,48.1,70.1,1.1,12.98,16.9,CRITICAL_SLOPE_MOVEMENT
TEL-00078,SEG-05,2026-08-30T17:05:50.400214,3.552,61.6,41.5,25.1,13.92,18.2,CRITICAL_SLOPE_MOVEMENT
TEL-00079,SEG-11,2026-08-30T17:08:14.400214,0.939,74.9,69.5,8.6,4.35,15.4,CRITICAL_SLOPE_MOVEMENT
TEL-00080,SEG-13,2026-08-30T17:10:38.400214,0.165,39.8,31.6,32.4,17.56,28.5,CRITICAL_SLOPE_MOVEMENT
TEL-00081,SEG-12,2026-08-30T17:13:02.400214,0.455,18.3,56.0,21.7,17.47,24.7,CRITICAL_SLOPE_MOVEMENT
TEL-00082,SEG-06,2026-08-30T17:15:26.400214,3.513,79.1,33.6,22.9,7.52,23.8,CRITICAL_SLOPE_MOVEMENT
TEL-00083,SEG-14,2026-08-30T17:17:50.400214,1.306,46.8,29.4,6.0,16.08,22.2,CRITICAL_SLOPE_MOVEMENT
TEL-00084,SEG-06,2026-08-30T17:20:14.400214,2.22,33.6,62.9,20.3,15.08,19.5,CRITICAL_SLOPE_MOVEMENT
TEL-00085,SEG-04,2026-08-30T17:22:38.400214,1.622,41.1,68.7,7.9,14.12,23.2,CRITICAL_SLOPE_MOVEMENT
TEL-00086,SEG-05,2026-08-30T17:25:02.400214,1.908,60.3,45.0,20.2,2.51,27.8,WARNING_ELEVATED_PORE_PRESSURE
TEL-00087,SEG-14,2026-08-30T17:27:26.400214,3.584,65.3,51.7,37.0,1.58,18.6,CRITICAL_SLOPE_MOVEMENT
TEL-00088,SEG-01,2026-08-30T17:29:50.400214,3.499,27.6,32.3,5.5,14.54,28.7,CRITICAL_SLOPE_MOVEMENT
TEL-00089,SEG-06,2026-08-30T17:32:14.400214,3.722,19.9,27.2,23.2,10.1,16.8,CRITICAL_SLOPE_MOVEMENT
TEL-00090,SEG-02,2026-08-30T17:34:38.400214,1.049,34.2,37.6,12.5,12.38,18.2,CRITICAL_SLOPE_MOVEMENT
TEL-00091,SEG-01,2026-08-30T17:37:02.400214,3.085,63.6,74.7,30.6,13.35,21.1,CRITICAL_SLOPE_MOVEMENT
TEL-00092,SEG-08,2026-08-30T17:39:26.400214,2.919,72.8,36.7,36.1,10.92,20.6,CRITICAL_SLOPE_MOVEMENT
TEL-00093,SEG-11,2026-08-30T17:41:50.400214,0.963,60.7,43.2,35.1,9.16,16.9,WARNING_ELEVATED_PORE_PRESSURE
TEL-00094,SEG-14,2026-08-30T17:44:14.400214,1.047,18.2,42.6,14.2,11.46,26.3,WARNING_ELEVATED_PORE_PRESSURE
TEL-00095,SEG-16,2026-08-30T17:46:38.400214,3.968,43.7,41.9,31.2,10.64,20.6,CRITICAL_SLOPE_MOVEMENT
TEL-00096,SEG-06,2026-08-30T17:49:02.400214,3.638,35.5,76.1,1.5,10.9,25.7,CRITICAL_SLOPE_MOVEMENT
TEL-00097,SEG-14,2026-08-30T17:51:26.400214,3.713,17.4,25.1,22.4,7.0,15.9,CRITICAL_SLOPE_MOVEMENT
TEL-00098,SEG-13,2026-08-30T17:53:50.400214,0.64,73.3,69.1,4.4,2.22,15.6,CRITICAL_SLOPE_MOVEMENT
TEL-00099,SEG-03,2026-08-30T17:56:14.400214,1.438,19.8,52.8,8.9,14.04,17.3,CRITICAL_SLOPE_MOVEMENT
TEL-00100,SEG-06,2026-08-30T17:58:38.400214,3.678,61.0,70.4,14.8,1.03,21.9,CRITICAL_SLOPE_MOVEMENT
TEL-00101,SEG-08,2026-08-30T18:01:02.400214,3.89,70.1,58.7,21.7,8.11,15.6,CRITICAL_SLOPE_MOVEMENT
TEL-00102,SEG-06,2026-08-30T18:03:26.400214,0.27,65.3,67.3,24.5,17.46,28.0,CRITICAL_SLOPE_MOVEMENT
TEL-00103,SEG-12,2026-08-30T18:05:50.400214,3.872,43.3,71.4,27.1,7.12,26.7,CRITICAL_SLOPE_MOVEMENT
TEL-00104,SEG-14,2026-08-30T18:08:14.400214,0.693,59.9,40.4,16.5,13.68,14.5,CRITICAL_SLOPE_MOVEMENT
TEL-00105,SEG-08,2026-08-30T18:10:38.400214,1.016,47.7,40.4,33.6,3.68,16.1,STABLE_NOMINAL
TEL-00106,SEG-16,2026-08-30T18:13:02.400214,3.985,15.6,35.8,32.5,9.75,22.3,CRITICAL_SLOPE_MOVEMENT
TEL-00107,SEG-05,2026-08-30T18:15:26.400214,1.862,54.5,32.5,8.8,2.93,17.7,WARNING_ELEVATED_PORE_PRESSURE
TEL-00108,SEG-14,2026-08-30T18:17:50.400214,1.936,50.3,77.1,9.0,13.63,23.6,CRITICAL_SLOPE_MOVEMENT
TEL-00109,SEG-01,2026-08-30T18:20:14.400214,3.44,57.4,46.5,12.8,9.91,26.7,CRITICAL_SLOPE_MOVEMENT
TEL-00110,SEG-01,2026-08-30T18:22:38.400214,2.323,79.4,38.6,34.5,14.48,25.5,CRITICAL_SLOPE_MOVEMENT
TEL-00111,SEG-07,2026-08-30T18:25:02.400214,3.152,81.4,41.4,18.0,7.75,16.9,CRITICAL_SLOPE_MOVEMENT
TEL-00112,SEG-16,2026-08-30T18:27:26.400214,4.017,32.0,51.0,34.7,14.52,16.2,CRITICAL_SLOPE_MOVEMENT
TEL-00113,SEG-09,2026-08-30T18:29:50.400214,0.849,60.8,31.3,6.4,1.11,15.5,WARNING_ELEVATED_PORE_PRESSURE
TEL-00114,SEG-03,2026-08-30T18:32:14.400214,1.986,77.2,53.5,10.5,7.39,26.5,CRITICAL_SLOPE_MOVEMENT
TEL-00115,SEG-09,2026-08-30T18:34:38.400214,3.582,82.8,27.3,20.2,18.37,17.2,CRITICAL_SLOPE_MOVEMENT
TEL-00116,SEG-11,2026-08-30T18:37:02.400214,2.611,79.1,29.5,13.9,1.95,28.9,CRITICAL_SLOPE_MOVEMENT
TEL-00117,SEG-16,2026-08-30T18:39:26.400214,2.219,54.9,40.0,28.5,6.95,20.0,WARNING_ELEVATED_PORE_PRESSURE
TEL-00118,SEG-14,2026-08-30T18:41:50.400214,3.798,83.2,44.0,2.2,17.56,23.7,CRITICAL_SLOPE_MOVEMENT
TEL-00119,SEG-12,2026-08-30T18:44:14.400214,1.985,29.3,53.4,44.3,6.79,23.4,WARNING_ELEVATED_PORE_PRESSURE
TEL-00120,SEG-15,2026-08-30T18:46:38.400214,1.188,84.3,54.5,13.5,15.93,22.8,CRITICAL_SLOPE_MOVEMENT
TEL-00121,SEG-10,2026-08-30T18:49:02.400214,3.355,76.6,31.5,32.7,1.89,21.6,CRITICAL_SLOPE_MOVEMENT
TEL-00122,SEG-04,2026-08-30T18:51:26.400214,1.636,56.0,68.5,12.4,10.9,14.8,WARNING_ELEVATED_PORE_PRESSURE
TEL-00123,SEG-13,2026-08-30T18:53:50.400214,3.76,75.9,34.7,32.2,8.08,18.9,CRITICAL_SLOPE_MOVEMENT
TEL-00124,SEG-07,2026-08-30T18:56:14.400214,2.157,47.5,50.7,26.4,7.74,25.0,WARNING_ELEVATED_PORE_PRESSURE
TEL-00125,SEG-13,2026-08-30T18:58:38.400214,0.734,74.1,75.8,38.7,8.98,26.8,CRITICAL_SLOPE_MOVEMENT
TEL-00126,SEG-14,2026-08-30T19:01:02.400214,0.835,39.1,71.9,1.2,15.28,19.0,CRITICAL_SLOPE_MOVEMENT
TEL-00127,SEG-12,2026-08-30T19:03:26.400214,0.347,54.7,32.2,34.6,11.27,17.5,WARNING_ELEVATED_PORE_PRESSURE
TEL-00128,SEG-06,2026-08-30T19:05:50.400214,3.147,33.1,41.7,6.1,9.82,23.4,CRITICAL_SLOPE_MOVEMENT
TEL-00129,SEG-13,2026-08-30T19:08:14.400214,0.578,36.6,34.7,35.0,17.06,29.0,CRITICAL_SLOPE_MOVEMENT
TEL-00130,SEG-13,2026-08-30T19:10:38.400214,3.123,37.8,52.8,41.3,16.72,26.1,CRITICAL_SLOPE_MOVEMENT
TEL-00131,SEG-05,2026-08-30T19:13:02.400214,0.129,49.6,38.8,41.8,7.24,24.7,WARNING_ELEVATED_PORE_PRESSURE
TEL-00132,SEG-15,2026-08-30T19:15:26.400214,3.817,24.3,69.8,8.4,8.44,16.8,CRITICAL_SLOPE_MOVEMENT
TEL-00133,SEG-05,2026-08-30T19:17:50.400214,2.413,33.7,43.8,2.5,5.16,27.0,WARNING_ELEVATED_PORE_PRESSURE
TEL-00134,SEG-07,2026-08-30T19:20:14.400214,2.543,46.2,31.7,6.4,1.29,16.3,STABLE_NOMINAL
TEL-00135,SEG-09,2026-08-30T19:22:38.400214,2.845,26.1,56.1,32.5,4.01,14.5,STABLE_NOMINAL
TEL-00136,SEG-04,2026-08-30T19:25:02.400214,3.51,48.6,67.2,44.3,11.63,26.0,CRITICAL_SLOPE_MOVEMENT
TEL-00137,SEG-14,2026-08-30T19:27:26.400214,2.872,70.2,45.3,1.5,12.25,19.4,CRITICAL_SLOPE_MOVEMENT
TEL-00138,SEG-03,2026-08-30T19:29:50.400214,1.172,74.9,50.9,19.1,13.85,23.1,CRITICAL_SLOPE_MOVEMENT
TEL-00139,SEG-16,2026-08-30T19:32:14.400214,2.683,72.5,47.1,26.9,12.29,27.0,CRITICAL_SLOPE_MOVEMENT
TEL-00140,SEG-03,2026-08-30T19:34:38.400214,2.947,79.9,62.6,4.0,2.18,24.5,CRITICAL_SLOPE_MOVEMENT
TEL-00141,SEG-12,2026-08-30T19:37:02.400214,0.59,74.8,60.6,36.9,6.54,22.7,CRITICAL_SLOPE_MOVEMENT
TEL-00142,SEG-03,2026-08-30T19:39:26.400214,0.972,80.1,34.5,29.1,8.93,16.9,CRITICAL_SLOPE_MOVEMENT
TEL-00143,SEG-13,2026-08-30T19:41:50.400214,4.008,59.9,75.9,21.8,2.56,27.8,CRITICAL_SLOPE_MOVEMENT
TEL-00144,SEG-04,2026-08-30T19:44:14.400214,0.945,74.7,56.2,10.8,6.82,17.8,CRITICAL_SLOPE_MOVEMENT
TEL-00145,SEG-04,2026-08-30T19:46:38.400214,3.522,55.0,77.4,40.0,2.59,23.2,CRITICAL_SLOPE_MOVEMENT
TEL-00146,SEG-11,2026-08-30T19:49:02.400214,0.553,18.9,59.2,29.7,10.11,23.7,WARNING_ELEVATED_PORE_PRESSURE
TEL-00147,SEG-10,2026-08-30T19:51:26.400214,0.388,25.3,34.6,40.7,7.57,27.0,WARNING_ELEVATED_PORE_PRESSURE
TEL-00148,SEG-08,2026-08-30T19:53:50.400214,1.432,15.3,69.0,31.8,18.43,20.9,CRITICAL_SLOPE_MOVEMENT
TEL-00149,SEG-07,2026-08-30T19:56:14.400214,2.265,84.0,66.5,4.7,12.96,27.5,CRITICAL_SLOPE_MOVEMENT
TEL-00150,SEG-05,2026-08-30T19:58:38.400214,1.396,16.4,32.2,5.2,15.39,24.9,CRITICAL_SLOPE_MOVEMENT
TEL-00151,SEG-06,2026-08-30T20:01:02.400214,3.63,40.2,58.5,0.3,5.08,22.8,CRITICAL_SLOPE_MOVEMENT
TEL-00152,SEG-04,2026-08-30T20:03:26.400214,3.098,77.8,41.1,36.4,16.37,17.1,CRITICAL_SLOPE_MOVEMENT
TEL-00153,SEG-04,2026-08-30T20:05:50.400214,3.663,58.7,39.1,16.0,13.64,16.2,CRITICAL_SLOPE_MOVEMENT
TEL-00154,SEG-15,2026-08-30T20:08:14.400214,3.052,25.2,71.3,1.4,17.96,24.2,CRITICAL_SLOPE_MOVEMENT
TEL-00155,SEG-09,2026-08-30T20:10:38.400214,0.209,73.1,48.3,34.8,15.32,16.1,CRITICAL_SLOPE_MOVEMENT
TEL-00156,SEG-12,2026-08-30T20:13:02.400214,2.391,66.9,28.1,38.9,17.19,24.5,CRITICAL_SLOPE_MOVEMENT
TEL-00157,SEG-13,2026-08-30T20:15:26.400214,3.81,83.4,57.8,18.1,11.51,22.1,CRITICAL_SLOPE_MOVEMENT
TEL-00158,SEG-05,2026-08-30T20:17:50.400214,3.502,17.7,32.0,22.0,18.08,24.3,CRITICAL_SLOPE_MOVEMENT
TEL-00159,SEG-11,2026-08-30T20:20:14.400214,2.013,42.1,74.0,19.9,1.08,23.4,STABLE_NOMINAL
TEL-00160,SEG-03,2026-08-30T20:22:38.400214,2.738,67.9,35.7,8.2,13.09,25.1,CRITICAL_SLOPE_MOVEMENT
TEL-00161,SEG-01,2026-08-30T20:25:02.400214,0.504,28.1,53.1,18.3,6.16,26.1,WARNING_ELEVATED_PORE_PRESSURE
TEL-00162,SEG-05,2026-08-30T20:27:26.400214,0.44,61.8,58.0,6.9,13.29,27.4,CRITICAL_SLOPE_MOVEMENT
TEL-00163,SEG-03,2026-08-30T20:29:50.400214,3.09,21.3,28.9,22.3,11.01,27.9,CRITICAL_SLOPE_MOVEMENT
TEL-00164,SEG-03,2026-08-30T20:32:14.400214,2.275,32.6,65.6,28.3,16.53,28.2,CRITICAL_SLOPE_MOVEMENT
TEL-00165,SEG-02,2026-08-30T20:34:38.400214,1.734,83.3,62.5,10.5,18.01,28.3,CRITICAL_SLOPE_MOVEMENT
TEL-00166,SEG-04,2026-08-30T20:37:02.400214,1.888,69.7,29.2,40.0,1.62,25.3,WARNING_ELEVATED_PORE_PRESSURE
TEL-00167,SEG-15,2026-08-30T20:39:26.400214,2.67,44.0,50.2,8.7,4.95,18.4,STABLE_NOMINAL
TEL-00168,SEG-16,2026-08-30T20:41:50.400214,0.907,28.7,69.9,27.9,10.99,25.1,WARNING_ELEVATED_PORE_PRESSURE
TEL-00169,SEG-10,2026-08-30T20:44:14.400214,4.072,57.9,64.6,31.7,14.24,16.5,CRITICAL_SLOPE_MOVEMENT
TEL-00170,SEG-07,2026-08-30T20:46:38.400214,0.957,70.4,69.4,17.0,9.06,22.0,CRITICAL_SLOPE_MOVEMENT
TEL-00171,SEG-06,2026-08-30T20:49:02.400214,2.107,35.2,50.6,1.5,9.78,15.4,WARNING_ELEVATED_PORE_PRESSURE
TEL-00172,SEG-04,2026-08-30T20:51:26.400214,1.985,67.7,66.5,37.6,11.62,14.1,WARNING_ELEVATED_PORE_PRESSURE
TEL-00173,SEG-12,2026-08-30T20:53:50.400214,1.939,15.7,42.9,23.2,3.84,20.4,STABLE_NOMINAL
TEL-00174,SEG-13,2026-08-30T20:56:14.400214,3.99,31.8,56.6,10.1,15.63,25.6,CRITICAL_SLOPE_MOVEMENT
TEL-00175,SEG-01,2026-08-30T20:58:38.400214,2.012,76.7,50.7,8.3,5.88,14.1,CRITICAL_SLOPE_MOVEMENT
TEL-00176,SEG-01,2026-08-30T21:01:02.400214,1.98,22.5,66.4,28.8,6.9,18.2,WARNING_ELEVATED_PORE_PRESSURE
TEL-00177,SEG-05,2026-08-30T21:03:26.400214,2.896,73.0,44.0,35.9,6.67,19.0,CRITICAL_SLOPE_MOVEMENT
TEL-00178,SEG-08,2026-08-30T21:05:50.400214,1.882,73.1,74.9,12.9,5.83,15.7,CRITICAL_SLOPE_MOVEMENT
TEL-00179,SEG-01,2026-08-30T21:08:14.400214,3.636,24.9,40.8,32.7,5.01,16.5,CRITICAL_SLOPE_MOVEMENT
TEL-00180,SEG-01,2026-08-30T21:10:38.400214,1.118,74.2,29.6,3.9,9.13,16.0,CRITICAL_SLOPE_MOVEMENT
TEL-00181,SEG-05,2026-08-30T21:13:02.400214,2.361,28.1,34.9,44.1,1.28,27.0,STABLE_NOMINAL
TEL-00182,SEG-10,2026-08-30T21:15:26.400214,4.072,27.5,35.0,39.9,17.21,22.5,CRITICAL_SLOPE_MOVEMENT
TEL-00183,SEG-15,2026-08-30T21:17:50.400214,3.622,62.8,68.0,8.4,8.09,14.8,CRITICAL_SLOPE_MOVEMENT
TEL-00184,SEG-16,2026-08-30T21:20:14.400214,1.721,45.6,75.9,6.7,2.14,16.4,STABLE_NOMINAL
TEL-00185,SEG-02,2026-08-30T21:22:38.400214,3.049,46.4,53.3,33.0,8.75,26.9,CRITICAL_SLOPE_MOVEMENT
TEL-00186,SEG-14,2026-08-30T21:25:02.400214,0.59,53.3,51.6,4.6,0.53,17.4,WARNING_ELEVATED_PORE_PRESSURE
TEL-00187,SEG-01,2026-08-30T21:27:26.400214,0.532,63.5,38.2,29.9,3.67,23.9,WARNING_ELEVATED_PORE_PRESSURE
TEL-00188,SEG-14,2026-08-30T21:29:50.400214,3.982,21.5,25.5,0.2,2.07,28.2,CRITICAL_SLOPE_MOVEMENT
TEL-00189,SEG-08,2026-08-30T21:32:14.400214,4.052,35.0,67.5,38.3,16.69,28.8,CRITICAL_SLOPE_MOVEMENT
TEL-00190,SEG-11,2026-08-30T21:34:38.400214,2.326,56.8,43.3,24.0,10.66,15.2,WARNING_ELEVATED_PORE_PRESSURE
TEL-00191,SEG-04,2026-08-30T21:37:02.400214,3.378,76.5,58.1,38.5,16.52,24.0,CRITICAL_SLOPE_MOVEMENT
TEL-00192,SEG-03,2026-08-30T21:39:26.400214,2.578,77.7,31.3,28.8,14.69,15.2,CRITICAL_SLOPE_MOVEMENT
TEL-00193,SEG-13,2026-08-30T21:41:50.400214,1.749,40.5,37.0,4.4,7.05,22.6,WARNING_ELEVATED_PORE_PRESSURE
TEL-00194,SEG-06,2026-08-30T21:44:14.400214,0.509,69.9,71.6,23.2,10.63,24.7,WARNING_ELEVATED_PORE_PRESSURE
TEL-00195,SEG-08,2026-08-30T21:46:38.400214,1.998,35.8,64.8,11.7,5.37,28.0,WARNING_ELEVATED_PORE_PRESSURE
TEL-00196,SEG-09,2026-08-30T21:49:02.400214,2.896,70.1,66.1,2.5,9.06,28.3,CRITICAL_SLOPE_MOVEMENT
TEL-00197,SEG-01,2026-08-30T21:51:26.400214,3.263,48.8,77.6,22.1,17.12,17.1,CRITICAL_SLOPE_MOVEMENT
TEL-00198,SEG-05,2026-08-30T21:53:50.400214,2.557,70.7,35.9,6.3,0.52,25.8,CRITICAL_SLOPE_MOVEMENT
TEL-00199,SEG-14,2026-08-30T21:56:14.400214,0.126,42.8,67.2,4.4,14.2,23.0,CRITICAL_SLOPE_MOVEMENT
TEL-00200,SEG-15,2026-08-30T21:58:38.400214,3.729,44.5,65.3,34.2,10.71,25.6,CRITICAL_SLOPE_MOVEMENT
TEL-00201,SEG-11,2026-08-30T22:01:02.400214,4.051,82.4,28.9,14.9,11.79,15.7,CRITICAL_SLOPE_MOVEMENT
TEL-00202,SEG-07,2026-08-30T22:03:26.400214,2.535,20.1,72.5,27.6,7.02,28.9,WARNING_ELEVATED_PORE_PRESSURE
TEL-00203,SEG-04,2026-08-30T22:05:50.400214,3.215,24.4,61.6,11.7,0.05,26.4,CRITICAL_SLOPE_MOVEMENT
TEL-00204,SEG-04,2026-08-30T22:08:14.400214,4.051,29.5,77.8,39.7,3.93,26.5,CRITICAL_SLOPE_MOVEMENT
TEL-00205,SEG-04,2026-08-30T22:10:38.400214,1.406,67.5,74.3,20.2,14.61,26.5,CRITICAL_SLOPE_MOVEMENT
TEL-00206,SEG-01,2026-08-30T22:13:02.400214,0.677,28.2,40.9,33.0,15.85,22.8,CRITICAL_SLOPE_MOVEMENT
TEL-00207,SEG-05,2026-08-30T22:15:26.400214,1.986,81.7,46.6,21.5,7.68,14.7,CRITICAL_SLOPE_MOVEMENT
TEL-00208,SEG-16,2026-08-30T22:17:50.400214,0.36,38.1,31.4,9.4,18.17,26.1,CRITICAL_SLOPE_MOVEMENT
TEL-00209,SEG-08,2026-08-30T22:20:14.400214,0.486,45.9,63.6,26.1,4.7,21.3,STABLE_NOMINAL
TEL-00210,SEG-15,2026-08-30T22:22:38.400214,2.736,54.2,74.0,10.8,8.38,26.1,WARNING_ELEVATED_PORE_PRESSURE
TEL-00211,SEG-02,2026-08-30T22:25:02.400214,0.837,49.5,64.1,4.0,11.11,20.8,WARNING_ELEVATED_PORE_PRESSURE
TEL-00212,SEG-16,2026-08-30T22:27:26.400214,3.593,33.0,50.8,2.8,8.9,19.9,CRITICAL_SLOPE_MOVEMENT
TEL-00213,SEG-03,2026-08-30T22:29:50.400214,0.856,50.8,42.5,5.2,15.28,14.8,CRITICAL_SLOPE_MOVEMENT
TEL-00214,SEG-05,2026-08-30T22:32:14.400214,2.959,59.8,33.0,11.0,2.92,28.7,WARNING_ELEVATED_PORE_PRESSURE
TEL-00215,SEG-08,2026-08-30T22:34:38.400214,0.792,39.4,30.6,29.6,4.48,24.0,STABLE_NOMINAL
TEL-00216,SEG-12,2026-08-30T22:37:02.400214,3.759,53.5,55.8,7.5,0.49,14.4,CRITICAL_SLOPE_MOVEMENT
TEL-00217,SEG-02,2026-08-30T22:39:26.400214,3.558,47.7,76.2,36.9,11.62,17.4,CRITICAL_SLOPE_MOVEMENT
TEL-00218,SEG-14,2026-08-30T22:41:50.400214,2.332,57.9,42.7,20.3,5.86,17.3,WARNING_ELEVATED_PORE_PRESSURE
TEL-00219,SEG-06,2026-08-30T22:44:14.400214,3.488,79.3,28.9,26.2,0.67,22.7,CRITICAL_SLOPE_MOVEMENT
TEL-00220,SEG-10,2026-08-30T22:46:38.400214,3.086,64.8,30.1,25.0,4.97,26.3,CRITICAL_SLOPE_MOVEMENT
TEL-00221,SEG-11,2026-08-30T22:49:02.400214,0.58,72.4,56.1,8.6,6.42,23.4,CRITICAL_SLOPE_MOVEMENT
TEL-00222,SEG-13,2026-08-30T22:51:26.400214,0.479,16.6,68.7,31.7,2.54,27.1,STABLE_NOMINAL
TEL-00223,SEG-01,2026-08-30T22:53:50.400214,3.282,73.4,43.6,17.5,17.16,16.2,CRITICAL_SLOPE_MOVEMENT
TEL-00224,SEG-07,2026-08-30T22:56:14.400214,2.746,68.7,45.2,0.0,6.26,24.0,WARNING_ELEVATED_PORE_PRESSURE
TEL-00225,SEG-15,2026-08-30T22:58:38.400214,0.426,40.1,49.2,39.2,3.86,28.9,STABLE_NOMINAL
TEL-00226,SEG-03,2026-08-30T23:01:02.400214,0.862,62.3,75.0,10.4,14.46,19.3,CRITICAL_SLOPE_MOVEMENT
TEL-00227,SEG-15,2026-08-30T23:03:26.400214,3.823,69.2,69.5,35.0,0.59,27.4,CRITICAL_SLOPE_MOVEMENT
TEL-00228,SEG-10,2026-08-30T23:05:50.400214,1.617,70.5,77.5,13.1,12.1,20.7,CRITICAL_SLOPE_MOVEMENT
TEL-00229,SEG-14,2026-08-30T23:08:14.400214,3.084,59.4,61.1,34.4,7.36,22.9,CRITICAL_SLOPE_MOVEMENT
TEL-00230,SEG-13,2026-08-30T23:10:38.400214,3.211,43.8,62.1,44.7,9.38,20.1,CRITICAL_SLOPE_MOVEMENT
TEL-00231,SEG-10,2026-08-30T23:13:02.400214,3.358,37.0,62.8,40.0,0.9,20.4,CRITICAL_SLOPE_MOVEMENT
TEL-00232,SEG-07,2026-08-30T23:15:26.400214,3.931,84.7,51.9,6.6,18.13,26.2,CRITICAL_SLOPE_MOVEMENT
TEL-00233,SEG-10,2026-08-30T23:17:50.400214,1.773,31.5,63.7,12.4,10.78,26.5,WARNING_ELEVATED_PORE_PRESSURE
TEL-00234,SEG-06,2026-08-30T23:20:14.400214,1.337,62.8,71.6,37.4,7.54,17.5,WARNING_ELEVATED_PORE_PRESSURE
TEL-00235,SEG-04,2026-08-30T23:22:38.400214,0.946,15.9,56.3,39.8,7.56,18.0,WARNING_ELEVATED_PORE_PRESSURE
TEL-00236,SEG-12,2026-08-30T23:25:02.400214,1.534,37.5,39.1,35.2,3.71,28.7,STABLE_NOMINAL
TEL-00237,SEG-14,2026-08-30T23:27:26.400214,1.591,28.6,25.5,36.1,17.41,22.7,CRITICAL_SLOPE_MOVEMENT
TEL-00238,SEG-08,2026-08-30T23:29:50.400214,1.075,23.8,71.9,15.9,10.6,16.8,WARNING_ELEVATED_PORE_PRESSURE
TEL-00239,SEG-09,2026-08-30T23:32:14.400214,4.01,31.7,30.8,9.0,8.55,19.1,CRITICAL_SLOPE_MOVEMENT
TEL-00240,SEG-15,2026-08-30T23:34:38.400214,4.169,49.6,29.9,6.5,1.62,18.7,CRITICAL_SLOPE_MOVEMENT
TEL-00241,SEG-01,2026-08-30T23:37:02.400214,1.029,22.8,54.7,7.6,17.75,28.4,CRITICAL_SLOPE_MOVEMENT
TEL-00242,SEG-10,2026-08-30T23:39:26.400214,0.293,76.7,26.1,10.2,4.31,20.3,CRITICAL_SLOPE_MOVEMENT
TEL-00243,SEG-08,2026-08-30T23:41:50.400214,1.73,37.8,52.9,20.7,18.12,25.7,CRITICAL_SLOPE_MOVEMENT
TEL-00244,SEG-12,2026-08-30T23:44:14.400214,1.195,64.9,50.6,41.7,16.98,15.1,CRITICAL_SLOPE_MOVEMENT
TEL-00245,SEG-07,2026-08-30T23:46:38.400214,0.133,57.7,39.5,41.7,15.38,26.2,CRITICAL_SLOPE_MOVEMENT
TEL-00246,SEG-07,2026-08-30T23:49:02.400214,1.398,59.9,57.6,35.9,12.85,27.6,CRITICAL_SLOPE_MOVEMENT
TEL-00247,SEG-16,2026-08-30T23:51:26.400214,3.449,40.3,65.1,10.4,9.02,22.9,CRITICAL_SLOPE_MOVEMENT
TEL-00248,SEG-02,2026-08-30T23:53:50.400214,3.365,64.7,40.8,22.6,10.37,14.9,CRITICAL_SLOPE_MOVEMENT
TEL-00249,SEG-14,2026-08-30T23:56:14.400214,1.853,23.0,64.5,33.0,4.49,24.6,STABLE_NOMINAL
TEL-00250,SEG-02,2026-08-30T23:58:38.400214,3.63,25.0,54.0,22.1,2.15,25.3,CRITICAL_SLOPE_MOVEMENT
TEL-00251,SEG-16,2026-08-31T00:01:02.400214,2.859,26.7,66.1,2.6,16.24,23.1,CRITICAL_SLOPE_MOVEMENT
TEL-00252,SEG-10,2026-08-31T00:03:26.400214,0.703,35.0,29.7,0.1,5.82,25.3,WARNING_ELEVATED_PORE_PRESSURE
TEL-00253,SEG-03,2026-08-31T00:05:50.400214,2.934,65.8,56.9,10.2,3.59,26.7,WARNING_ELEVATED_PORE_PRESSURE
TEL-00254,SEG-02,2026-08-31T00:08:14.400214,2.645,75.0,34.0,32.2,11.9,15.0,CRITICAL_SLOPE_MOVEMENT
TEL-00255,SEG-06,2026-08-31T00:10:38.400214,0.809,68.1,69.6,29.8,11.27,25.8,WARNING_ELEVATED_PORE_PRESSURE
TEL-00256,SEG-08,2026-08-31T00:13:02.400214,1.067,72.9,37.6,0.8,10.7,19.2,CRITICAL_SLOPE_MOVEMENT
TEL-00257,SEG-04,2026-08-31T00:15:26.400214,2.075,80.2,68.4,42.5,14.26,26.5,CRITICAL_SLOPE_MOVEMENT
TEL-00258,SEG-13,2026-08-31T00:17:50.400214,1.29,34.5,54.5,18.5,9.47,23.0,WARNING_ELEVATED_PORE_PRESSURE
TEL-00259,SEG-15,2026-08-31T00:20:14.400214,2.878,57.7,34.0,44.9,0.34,25.7,WARNING_ELEVATED_PORE_PRESSURE
TEL-00260,SEG-08,2026-08-31T00:22:38.400214,2.347,33.5,77.3,40.8,13.87,17.0,CRITICAL_SLOPE_MOVEMENT
TEL-00261,SEG-06,2026-08-31T00:25:02.400214,0.42,53.7,67.8,23.4,3.78,25.0,WARNING_ELEVATED_PORE_PRESSURE
TEL-00262,SEG-14,2026-08-31T00:27:26.400214,2.865,27.7,36.7,6.1,0.55,17.4,STABLE_NOMINAL
TEL-00263,SEG-14,2026-08-31T00:29:50.400214,2.984,45.2,29.9,17.6,6.03,18.1,WARNING_ELEVATED_PORE_PRESSURE
TEL-00264,SEG-05,2026-08-31T00:32:14.400214,0.351,18.0,73.1,28.7,0.54,16.5,STABLE_NOMINAL
TEL-00265,SEG-14,2026-08-31T00:34:38.400214,0.615,58.7,64.6,44.7,7.72,25.2,WARNING_ELEVATED_PORE_PRESSURE
TEL-00266,SEG-05,2026-08-31T00:37:02.400214,0.313,43.6,68.5,12.6,7.84,14.3,WARNING_ELEVATED_PORE_PRESSURE
TEL-00267,SEG-12,2026-08-31T00:39:26.400214,1.597,25.1,27.3,22.2,6.6,17.3,WARNING_ELEVATED_PORE_PRESSURE
TEL-00268,SEG-12,2026-08-31T00:41:50.400214,0.748,41.4,49.8,6.1,10.29,18.2,WARNING_ELEVATED_PORE_PRESSURE
TEL-00269,SEG-01,2026-08-31T00:44:14.400214,1.739,25.3,50.8,43.0,14.24,26.9,CRITICAL_SLOPE_MOVEMENT
TEL-00270,SEG-06,2026-08-31T00:46:38.400214,3.602,66.6,32.6,42.9,3.85,26.2,CRITICAL_SLOPE_MOVEMENT
TEL-00271,SEG-15,2026-08-31T00:49:02.400214,1.555,75.9,67.0,10.2,6.78,16.5,CRITICAL_SLOPE_MOVEMENT
TEL-00272,SEG-08,2026-08-31T00:51:26.400214,2.027,29.7,74.0,1.2,8.19,18.7,WARNING_ELEVATED_PORE_PRESSURE
TEL-00273,SEG-10,2026-08-31T00:53:50.400214,2.075,16.7,26.8,29.1,2.16,21.8,STABLE_NOMINAL
TEL-00274,SEG-10,2026-08-31T00:56:14.400214,2.402,36.6,65.3,8.8,13.67,14.6,CRITICAL_SLOPE_MOVEMENT
TEL-00275,SEG-05,2026-08-31T00:58:38.400214,1.225,49.7,60.1,39.5,16.5,16.5,CRITICAL_SLOPE_MOVEMENT
TEL-00276,SEG-06,2026-08-31T01:01:02.400214,2.277,66.6,27.4,8.2,6.13,27.9,WARNING_ELEVATED_PORE_PRESSURE
TEL-00277,SEG-03,2026-08-31T01:03:26.400214,3.045,28.3,35.0,19.7,14.58,24.2,CRITICAL_SLOPE_MOVEMENT
TEL-00278,SEG-16,2026-08-31T01:05:50.400214,2.012,77.1,41.2,5.6,7.48,14.9,CRITICAL_SLOPE_MOVEMENT
TEL-00279,SEG-01,2026-08-31T01:08:14.400214,4.197,81.5,72.9,20.4,10.69,20.0,CRITICAL_SLOPE_MOVEMENT
TEL-00280,SEG-05,2026-08-31T01:10:38.400214,1.394,46.4,43.9,7.2,3.6,20.5,STABLE_NOMINAL
TEL-00281,SEG-11,2026-08-31T01:13:02.400214,2.605,41.9,52.4,11.1,4.84,17.7,STABLE_NOMINAL
TEL-00282,SEG-07,2026-08-31T01:15:26.400214,3.206,30.6,60.8,7.8,7.72,25.7,CRITICAL_SLOPE_MOVEMENT
TEL-00283,SEG-05,2026-08-31T01:17:50.400214,0.824,41.8,66.5,5.6,6.92,22.8,WARNING_ELEVATED_PORE_PRESSURE
TEL-00284,SEG-05,2026-08-31T01:20:14.400214,2.616,15.5,49.5,3.8,8.59,24.4,WARNING_ELEVATED_PORE_PRESSURE
TEL-00285,SEG-07,2026-08-31T01:22:38.400214,0.828,15.3,78.0,10.1,15.44,19.8,CRITICAL_SLOPE_MOVEMENT
TEL-00286,SEG-15,2026-08-31T01:25:02.400214,1.493,33.4,31.1,10.5,1.9,25.5,STABLE_NOMINAL
TEL-00287,SEG-03,2026-08-31T01:27:26.400214,3.631,21.6,67.3,31.1,3.9,17.4,CRITICAL_SLOPE_MOVEMENT
TEL-00288,SEG-12,2026-08-31T01:29:50.400214,2.539,71.8,32.4,14.4,2.02,27.5,CRITICAL_SLOPE_MOVEMENT
TEL-00289,SEG-07,2026-08-31T01:32:14.400214,1.174,20.6,50.6,28.0,7.19,22.2,WARNING_ELEVATED_PORE_PRESSURE
TEL-00290,SEG-14,2026-08-31T01:34:38.400214,2.884,39.2,75.7,21.8,13.69,25.1,CRITICAL_SLOPE_MOVEMENT
TEL-00291,SEG-02,2026-08-31T01:37:02.400214,3.934,39.1,32.5,28.0,16.79,23.0,CRITICAL_SLOPE_MOVEMENT
TEL-00292,SEG-15,2026-08-31T01:39:26.400214,2.891,67.4,31.7,25.3,11.62,14.9,WARNING_ELEVATED_PORE_PRESSURE
TEL-00293,SEG-12,2026-08-31T01:41:50.400214,2.56,16.7,68.8,26.5,0.14,28.9,STABLE_NOMINAL
TEL-00294,SEG-07,2026-08-31T01:44:14.400214,1.979,58.4,75.5,40.3,8.85,22.2,WARNING_ELEVATED_PORE_PRESSURE
TEL-00295,SEG-03,2026-08-31T01:46:38.400214,3.911,70.1,33.2,22.3,16.42,21.9,CRITICAL_SLOPE_MOVEMENT
TEL-00296,SEG-09,2026-08-31T01:49:02.400214,3.501,28.6,75.6,0.5,3.36,24.5,CRITICAL_SLOPE_MOVEMENT
TEL-00297,SEG-11,2026-08-31T01:51:26.400214,2.086,48.8,61.8,33.2,10.51,21.7,WARNING_ELEVATED_PORE_PRESSURE
TEL-00298,SEG-05,2026-08-31T01:53:50.400214,1.914,76.6,34.4,27.2,18.41,23.7,CRITICAL_SLOPE_MOVEMENT
TEL-00299,SEG-14,2026-08-31T01:56:14.400214,0.161,33.6,56.9,6.2,6.55,15.2,WARNING_ELEVATED_PORE_PRESSURE
TEL-00300,SEG-05,2026-08-31T01:58:38.400214,4.169,52.8,75.9,34.8,13.35,23.2,CRITICAL_SLOPE_MOVEMENT
TEL-00301,SEG-13,2026-08-31T02:01:02.400214,0.367,23.8,32.3,43.4,13.75,24.3,CRITICAL_SLOPE_MOVEMENT
TEL-00302,SEG-03,2026-08-31T02:03:26.400214,1.449,17.7,49.0,38.5,16.08,14.2,CRITICAL_SLOPE_MOVEMENT
TEL-00303,SEG-03,2026-08-31T02:05:50.400214,1.298,19.1,74.9,38.2,2.24,18.4,STABLE_NOMINAL
TEL-00304,SEG-05,2026-08-31T02:08:14.400214,3.894,53.4,75.3,6.8,12.58,16.4,CRITICAL_SLOPE_MOVEMENT
TEL-00305,SEG-16,2026-08-31T02:10:38.400214,3.412,58.7,45.0,32.8,11.86,18.1,CRITICAL_SLOPE_MOVEMENT
TEL-00306,SEG-07,2026-08-31T02:13:02.400214,1.872,16.3,41.0,3.5,7.5,24.9,WARNING_ELEVATED_PORE_PRESSURE
TEL-00307,SEG-09,2026-08-31T02:15:26.400214,3.866,49.7,50.4,35.2,6.58,28.6,CRITICAL_SLOPE_MOVEMENT
TEL-00308,SEG-16,2026-08-31T02:17:50.400214,3.271,63.3,66.9,14.3,15.2,20.5,CRITICAL_SLOPE_MOVEMENT
TEL-00309,SEG-14,2026-08-31T02:20:14.400214,0.966,75.1,43.2,27.5,15.4,15.9,CRITICAL_SLOPE_MOVEMENT
TEL-00310,SEG-11,2026-08-31T02:22:38.400214,3.466,41.5,34.9,32.1,7.33,21.3,CRITICAL_SLOPE_MOVEMENT
TEL-00311,SEG-10,2026-08-31T02:25:02.400214,2.496,41.6,47.4,24.5,8.01,17.3,WARNING_ELEVATED_PORE_PRESSURE
TEL-00312,SEG-03,2026-08-31T02:27:26.400214,1.255,78.9,71.0,33.4,16.02,24.7,CRITICAL_SLOPE_MOVEMENT
TEL-00313,SEG-12,2026-08-31T02:29:50.400214,2.665,70.9,68.2,24.9,15.6,22.1,CRITICAL_SLOPE_MOVEMENT
TEL-00314,SEG-03,2026-08-31T02:32:14.400214,1.905,55.4,32.8,10.6,9.49,28.5,WARNING_ELEVATED_PORE_PRESSURE
TEL-00315,SEG-10,2026-08-31T02:34:38.400214,1.221,73.4,69.6,19.7,1.32,27.8,CRITICAL_SLOPE_MOVEMENT
TEL-00316,SEG-13,2026-08-31T02:37:02.400214,0.491,37.4,28.0,26.0,4.95,24.9,STABLE_NOMINAL
TEL-00317,SEG-04,2026-08-31T02:39:26.400214,1.475,30.8,73.3,20.2,15.44,27.7,CRITICAL_SLOPE_MOVEMENT
TEL-00318,SEG-15,2026-08-31T02:41:50.400214,0.263,79.0,60.6,26.4,1.36,22.6,CRITICAL_SLOPE_MOVEMENT
TEL-00319,SEG-11,2026-08-31T02:44:14.400214,4.059,76.1,76.3,8.5,10.29,24.5,CRITICAL_SLOPE_MOVEMENT
TEL-00320,SEG-16,2026-08-31T02:46:38.400214,3.364,49.5,68.6,15.6,7.44,24.0,CRITICAL_SLOPE_MOVEMENT
TEL-00321,SEG-07,2026-08-31T02:49:02.400214,1.712,37.0,44.2,1.8,0.84,18.2,STABLE_NOMINAL
TEL-00322,SEG-15,2026-08-31T02:51:26.400214,0.422,35.9,26.5,17.3,11.29,25.5,WARNING_ELEVATED_PORE_PRESSURE
TEL-00323,SEG-04,2026-08-31T02:53:50.400214,2.887,43.3,36.2,22.3,2.42,27.1,STABLE_NOMINAL
TEL-00324,SEG-13,2026-08-31T02:56:14.400214,2.178,21.3,47.3,42.1,5.06,15.6,WARNING_ELEVATED_PORE_PRESSURE
TEL-00325,SEG-04,2026-08-31T02:58:38.400214,2.33,18.0,72.7,35.0,14.32,14.3,CRITICAL_SLOPE_MOVEMENT
TEL-00326,SEG-16,2026-08-31T03:01:02.400214,0.345,44.9,39.4,27.1,16.84,28.8,CRITICAL_SLOPE_MOVEMENT
TEL-00327,SEG-06,2026-08-31T03:03:26.400214,3.379,36.5,28.8,36.5,13.88,22.7,CRITICAL_SLOPE_MOVEMENT
TEL-00328,SEG-16,2026-08-31T03:05:50.400214,3.76,73.5,74.4,4.6,6.59,22.6,CRITICAL_SLOPE_MOVEMENT
TEL-00329,SEG-09,2026-08-31T03:08:14.400214,1.683,30.4,74.3,12.5,6.05,27.2,WARNING_ELEVATED_PORE_PRESSURE
TEL-00330,SEG-15,2026-08-31T03:10:38.400214,2.247,41.7,76.9,6.4,18.29,17.1,CRITICAL_SLOPE_MOVEMENT
TEL-00331,SEG-12,2026-08-31T03:13:02.400214,0.437,48.1,72.9,5.8,5.21,21.0,WARNING_ELEVATED_PORE_PRESSURE
TEL-00332,SEG-13,2026-08-31T03:15:26.400214,2.997,75.5,26.0,20.1,18.0,16.2,CRITICAL_SLOPE_MOVEMENT
TEL-00333,SEG-03,2026-08-31T03:17:50.400214,0.951,81.0,34.5,34.9,6.2,23.1,CRITICAL_SLOPE_MOVEMENT
TEL-00334,SEG-14,2026-08-31T03:20:14.400214,4.022,78.6,76.6,43.7,17.05,18.5,CRITICAL_SLOPE_MOVEMENT
TEL-00335,SEG-01,2026-08-31T03:22:38.400214,3.643,41.2,39.0,25.8,13.88,22.7,CRITICAL_SLOPE_MOVEMENT
TEL-00336,SEG-14,2026-08-31T03:25:02.400214,0.568,83.3,41.3,20.5,0.48,27.4,CRITICAL_SLOPE_MOVEMENT
TEL-00337,SEG-06,2026-08-31T03:27:26.400214,3.587,55.9,73.3,25.6,15.69,22.9,CRITICAL_SLOPE_MOVEMENT
TEL-00338,SEG-12,2026-08-31T03:29:50.400214,0.666,58.4,34.1,3.1,15.18,26.3,CRITICAL_SLOPE_MOVEMENT
TEL-00339,SEG-10,2026-08-31T03:32:14.400214,3.473,76.0,40.1,15.4,18.31,28.8,CRITICAL_SLOPE_MOVEMENT
TEL-00340,SEG-15,2026-08-31T03:34:38.400214,3.035,39.7,47.1,8.5,0.55,28.2,CRITICAL_SLOPE_MOVEMENT
TEL-00341,SEG-05,2026-08-31T03:37:02.400214,0.692,24.0,32.3,30.6,13.33,16.9,CRITICAL_SLOPE_MOVEMENT
TEL-00342,SEG-15,2026-08-31T03:39:26.400214,1.704,44.1,67.9,28.9,1.67,28.8,STABLE_NOMINAL
TEL-00343,SEG-02,2026-08-31T03:41:50.400214,0.637,30.4,63.2,4.0,0.92,16.5,STABLE_NOMINAL
TEL-00344,SEG-01,2026-08-31T03:44:14.400214,1.14,27.7,59.8,16.8,6.41,17.0,WARNING_ELEVATED_PORE_PRESSURE
TEL-00345,SEG-14,2026-08-31T03:46:38.400214,1.439,72.1,36.4,28.6,8.83,19.2,CRITICAL_SLOPE_MOVEMENT
TEL-00346,SEG-11,2026-08-31T03:49:02.400214,2.26,21.0,59.4,22.4,11.99,26.0,WARNING_ELEVATED_PORE_PRESSURE
TEL-00347,SEG-16,2026-08-31T03:51:26.400214,2.095,61.5,71.6,4.7,7.34,18.8,WARNING_ELEVATED_PORE_PRESSURE
TEL-00348,SEG-05,2026-08-31T03:53:50.400214,1.39,34.3,53.8,20.2,4.41,17.9,STABLE_NOMINAL
TEL-00349,SEG-04,2026-08-31T03:56:14.400214,0.716,62.3,30.6,5.8,1.48,21.0,WARNING_ELEVATED_PORE_PRESSURE
TEL-00350,SEG-05,2026-08-31T03:58:38.400214,0.827,37.7,28.1,31.2,3.0,19.8,STABLE_NOMINAL
TEL-00351,SEG-11,2026-08-31T04:01:02.400214,2.263,45.3,55.8,36.6,14.09,22.9,CRITICAL_SLOPE_MOVEMENT
TEL-00352,SEG-03,2026-08-31T04:03:26.400214,1.176,29.4,40.4,22.6,0.6,18.8,STABLE_NOMINAL
TEL-00353,SEG-05,2026-08-31T04:05:50.400214,1.385,84.3,42.8,8.0,12.26,17.5,CRITICAL_SLOPE_MOVEMENT
TEL-00354,SEG-07,2026-08-31T04:08:14.400214,2.273,70.8,77.7,30.0,15.03,17.8,CRITICAL_SLOPE_MOVEMENT
TEL-00355,SEG-08,2026-08-31T04:10:38.400214,1.594,20.4,46.4,1.1,10.91,27.9,WARNING_ELEVATED_PORE_PRESSURE
TEL-00356,SEG-01,2026-08-31T04:13:02.400214,3.86,77.8,39.2,20.5,1.93,24.5,CRITICAL_SLOPE_MOVEMENT
TEL-00357,SEG-10,2026-08-31T04:15:26.400214,1.929,18.0,34.8,18.3,1.58,27.8,STABLE_NOMINAL
TEL-00358,SEG-01,2026-08-31T04:17:50.400214,3.634,31.0,65.5,6.9,11.63,18.4,CRITICAL_SLOPE_MOVEMENT
TEL-00359,SEG-07,2026-08-31T04:20:14.400214,2.663,16.9,35.7,11.9,7.19,24.7,WARNING_ELEVATED_PORE_PRESSURE
TEL-00360,SEG-15,2026-08-31T04:22:38.400214,0.856,44.1,35.9,13.8,2.82,17.5,STABLE_NOMINAL
TEL-00361,SEG-02,2026-08-31T04:25:02.400214,4.13,81.2,69.7,21.5,7.88,25.7,CRITICAL_SLOPE_MOVEMENT
TEL-00362,SEG-02,2026-08-31T04:27:26.400214,1.383,46.7,44.7,20.4,17.71,22.1,CRITICAL_SLOPE_MOVEMENT
TEL-00363,SEG-07,2026-08-31T04:29:50.400214,2.018,77.0,76.5,28.7,6.01,18.4,CRITICAL_SLOPE_MOVEMENT
TEL-00364,SEG-04,2026-08-31T04:32:14.400214,1.278,78.6,55.6,38.2,11.48,28.8,CRITICAL_SLOPE_MOVEMENT
TEL-00365,SEG-05,2026-08-31T04:34:38.400214,3.017,59.3,35.9,30.3,6.16,27.3,CRITICAL_SLOPE_MOVEMENT
TEL-00366,SEG-05,2026-08-31T04:37:02.400214,3.348,43.1,55.2,2.6,10.65,23.2,CRITICAL_SLOPE_MOVEMENT
TEL-00367,SEG-03,2026-08-31T04:39:26.400214,2.892,81.6,32.2,4.4,16.9,19.5,CRITICAL_SLOPE_MOVEMENT
TEL-00368,SEG-05,2026-08-31T04:41:50.400214,0.541,42.5,37.6,19.9,1.3,21.5,STABLE_NOMINAL
TEL-00369,SEG-14,2026-08-31T04:44:14.400214,1.715,40.4,25.5,34.4,0.17,21.6,STABLE_NOMINAL
TEL-00370,SEG-09,2026-08-31T04:46:38.400214,2.992,22.7,51.3,3.4,18.23,21.3,CRITICAL_SLOPE_MOVEMENT
TEL-00371,SEG-04,2026-08-31T04:49:02.400214,1.437,57.2,54.9,17.7,0.79,23.3,WARNING_ELEVATED_PORE_PRESSURE
TEL-00372,SEG-04,2026-08-31T04:51:26.400214,1.871,33.8,54.0,32.0,8.0,20.6,WARNING_ELEVATED_PORE_PRESSURE
TEL-00373,SEG-15,2026-08-31T04:53:50.400214,2.877,72.4,44.7,27.2,10.15,23.1,CRITICAL_SLOPE_MOVEMENT
TEL-00374,SEG-15,2026-08-31T04:56:14.400214,0.223,36.6,52.7,18.8,7.09,24.3,WARNING_ELEVATED_PORE_PRESSURE
TEL-00375,SEG-05,2026-08-31T04:58:38.400214,1.102,72.0,42.3,27.1,14.3,21.5,CRITICAL_SLOPE_MOVEMENT
TEL-00376,SEG-07,2026-08-31T05:01:02.400214,2.829,21.8,67.7,23.4,11.02,21.1,WARNING_ELEVATED_PORE_PRESSURE
TEL-00377,SEG-04,2026-08-31T05:03:26.400214,3.321,44.3,73.7,21.9,6.44,15.0,CRITICAL_SLOPE_MOVEMENT
TEL-00378,SEG-13,2026-08-31T05:05:50.400214,1.428,56.9,40.1,28.0,2.86,17.4,WARNING_ELEVATED_PORE_PRESSURE
TEL-00379,SEG-04,2026-08-31T05:08:14.400214,3.423,42.6,70.5,32.0,12.82,15.9,CRITICAL_SLOPE_MOVEMENT
TEL-00380,SEG-12,2026-08-31T05:10:38.400214,2.851,45.2,54.3,4.5,7.53,21.6,WARNING_ELEVATED_PORE_PRESSURE
TEL-00381,SEG-15,2026-08-31T05:13:02.400214,2.447,67.3,72.8,43.3,18.15,14.3,CRITICAL_SLOPE_MOVEMENT
TEL-00382,SEG-15,2026-08-31T05:15:26.400214,1.394,25.4,33.4,12.8,12.56,17.4,CRITICAL_SLOPE_MOVEMENT
TEL-00383,SEG-07,2026-08-31T05:17:50.400214,1.1,41.2,54.1,15.6,12.66,16.9,CRITICAL_SLOPE_MOVEMENT
TEL-00384,SEG-12,2026-08-31T05:20:14.400214,1.424,18.2,66.5,32.0,15.99,28.4,CRITICAL_SLOPE_MOVEMENT
TEL-00385,SEG-02,2026-08-31T05:22:38.400214,3.845,63.8,64.6,29.7,18.43,28.8,CRITICAL_SLOPE_MOVEMENT
TEL-00386,SEG-01,2026-08-31T05:25:02.400214,4.056,37.8,28.9,5.4,13.08,16.9,CRITICAL_SLOPE_MOVEMENT
TEL-00387,SEG-06,2026-08-31T05:27:26.400214,2.418,22.2,65.4,15.4,3.23,27.6,STABLE_NOMINAL
TEL-00388,SEG-12,2026-08-31T05:29:50.400214,0.153,25.7,27.9,1.0,9.4,28.5,WARNING_ELEVATED_PORE_PRESSURE
TEL-00389,SEG-09,2026-08-31T05:32:14.400214,0.438,79.2,58.4,40.3,11.92,25.7,CRITICAL_SLOPE_MOVEMENT
TEL-00390,SEG-10,2026-08-31T05:34:38.400214,0.296,49.9,63.3,26.7,7.39,20.8,WARNING_ELEVATED_PORE_PRESSURE
TEL-00391,SEG-02,2026-08-31T05:37:02.400214,1.301,18.5,52.7,5.5,6.88,22.8,WARNING_ELEVATED_PORE_PRESSURE
TEL-00392,SEG-10,2026-08-31T05:39:26.400214,2.819,26.8,30.2,35.6,13.61,24.4,CRITICAL_SLOPE_MOVEMENT
TEL-00393,SEG-05,2026-08-31T05:41:50.400214,3.667,72.2,66.1,20.8,7.67,18.6,CRITICAL_SLOPE_MOVEMENT
TEL-00394,SEG-11,2026-08-31T05:44:14.400214,0.734,23.5,74.6,40.0,8.88,24.2,WARNING_ELEVATED_PORE_PRESSURE
TEL-00395,SEG-05,2026-08-31T05:46:38.400214,1.922,63.7,74.0,30.6,0.32,25.1,WARNING_ELEVATED_PORE_PRESSURE
TEL-00396,SEG-05,2026-08-31T05:49:02.400214,3.41,30.6,47.3,2.1,11.06,15.8,CRITICAL_SLOPE_MOVEMENT
TEL-00397,SEG-14,2026-08-31T05:51:26.400214,2.66,17.7,33.2,2.8,12.71,29.0,CRITICAL_SLOPE_MOVEMENT
TEL-00398,SEG-02,2026-08-31T05:53:50.400214,2.369,73.9,31.4,43.1,3.57,19.1,CRITICAL_SLOPE_MOVEMENT
TEL-00399,SEG-09,2026-08-31T05:56:14.400214,0.35,17.2,47.5,36.4,11.56,18.7,WARNING_ELEVATED_PORE_PRESSURE
TEL-00400,SEG-06,2026-08-31T05:58:38.400214,0.423,16.8,49.5,32.0,17.42,21.2,CRITICAL_SLOPE_MOVEMENT
TEL-00401,SEG-16,2026-08-31T06:01:02.400214,1.532,27.6,61.9,5.8,12.13,20.6,CRITICAL_SLOPE_MOVEMENT
TEL-00402,SEG-02,2026-08-31T06:03:26.400214,1.839,42.2,47.1,3.6,12.27,18.1,CRITICAL_SLOPE_MOVEMENT
TEL-00403,SEG-16,2026-08-31T06:05:50.400214,3.611,39.9,29.9,35.5,3.89,16.9,CRITICAL_SLOPE_MOVEMENT
TEL-00404,SEG-16,2026-08-31T06:08:14.400214,1.182,39.7,74.8,30.5,8.12,26.1,WARNING_ELEVATED_PORE_PRESSURE
TEL-00405,SEG-04,2026-08-31T06:10:38.400214,0.746,18.0,29.9,44.9,16.65,21.9,CRITICAL_SLOPE_MOVEMENT
TEL-00406,SEG-09,2026-08-31T06:13:02.400214,1.17,36.1,76.9,19.3,17.19,25.5,CRITICAL_SLOPE_MOVEMENT
TEL-00407,SEG-16,2026-08-31T06:15:26.400214,0.419,25.5,54.5,18.5,11.97,28.0,WARNING_ELEVATED_PORE_PRESSURE
TEL-00408,SEG-15,2026-08-31T06:17:50.400214,2.93,33.4,77.3,1.0,2.48,25.2,STABLE_NOMINAL
TEL-00409,SEG-16,2026-08-31T06:20:14.400214,1.459,25.7,38.7,21.8,6.32,23.7,WARNING_ELEVATED_PORE_PRESSURE
TEL-00410,SEG-12,2026-08-31T06:22:38.400214,2.404,19.8,32.9,30.6,13.91,22.2,CRITICAL_SLOPE_MOVEMENT
TEL-00411,SEG-03,2026-08-31T06:25:02.400214,3.315,38.0,40.3,21.6,6.08,20.1,CRITICAL_SLOPE_MOVEMENT
TEL-00412,SEG-14,2026-08-31T06:27:26.400214,1.143,56.5,50.2,2.2,6.09,15.2,WARNING_ELEVATED_PORE_PRESSURE
TEL-00413,SEG-05,2026-08-31T06:29:50.400214,1.841,79.7,40.6,20.5,12.04,20.5,CRITICAL_SLOPE_MOVEMENT
TEL-00414,SEG-12,2026-08-31T06:32:14.400214,0.771,23.1,37.7,40.4,8.7,25.2,WARNING_ELEVATED_PORE_PRESSURE
TEL-00415,SEG-03,2026-08-31T06:34:38.400214,3.545,26.1,75.3,27.1,10.66,22.3,CRITICAL_SLOPE_MOVEMENT
TEL-00416,SEG-04,2026-08-31T06:37:02.400214,1.897,58.3,52.0,5.7,15.18,16.7,CRITICAL_SLOPE_MOVEMENT
TEL-00417,SEG-04,2026-08-31T06:39:26.400214,3.389,79.3,25.4,10.8,1.56,28.4,CRITICAL_SLOPE_MOVEMENT
TEL-00418,SEG-08,2026-08-31T06:41:50.400214,4.0,64.3,58.4,14.6,14.95,16.8,CRITICAL_SLOPE_MOVEMENT
TEL-00419,SEG-03,2026-08-31T06:44:14.400214,2.333,60.8,30.2,20.9,11.93,16.6,WARNING_ELEVATED_PORE_PRESSURE
TEL-00420,SEG-10,2026-08-31T06:46:38.400214,2.196,18.9,69.6,32.9,12.23,26.6,CRITICAL_SLOPE_MOVEMENT
TEL-00421,SEG-09,2026-08-31T06:49:02.400214,2.392,73.0,35.8,9.7,17.54,23.5,CRITICAL_SLOPE_MOVEMENT
TEL-00422,SEG-03,2026-08-31T06:51:26.400214,0.744,29.7,64.8,6.1,0.52,20.0,STABLE_NOMINAL
TEL-00423,SEG-07,2026-08-31T06:53:50.400214,1.244,41.0,70.8,33.2,13.78,20.2,CRITICAL_SLOPE_MOVEMENT
TEL-00424,SEG-03,2026-08-31T06:56:14.400214,0.411,31.1,38.5,18.7,6.88,21.9,WARNING_ELEVATED_PORE_PRESSURE
TEL-00425,SEG-13,2026-08-31T06:58:38.400214,2.632,22.6,40.9,11.7,8.68,16.6,WARNING_ELEVATED_PORE_PRESSURE
TEL-00426,SEG-03,2026-08-31T07:01:02.400214,2.879,64.1,39.4,11.9,16.32,18.3,CRITICAL_SLOPE_MOVEMENT
TEL-00427,SEG-09,2026-08-31T07:03:26.400214,3.035,20.6,57.9,38.5,3.83,20.1,CRITICAL_SLOPE_MOVEMENT
TEL-00428,SEG-16,2026-08-31T07:05:50.400214,2.077,38.5,52.0,25.8,2.31,28.3,STABLE_NOMINAL
TEL-00429,SEG-10,2026-08-31T07:08:14.400214,4.122,50.1,52.3,21.4,2.41,17.2,CRITICAL_SLOPE_MOVEMENT
TEL-00430,SEG-03,2026-08-31T07:10:38.400214,4.124,73.0,48.8,35.4,14.24,25.9,CRITICAL_SLOPE_MOVEMENT
TEL-00431,SEG-16,2026-08-31T07:13:02.400214,0.474,19.5,33.6,34.8,2.47,17.1,STABLE_NOMINAL
TEL-00432,SEG-06,2026-08-31T07:15:26.400214,2.622,31.1,37.7,37.3,11.87,16.5,WARNING_ELEVATED_PORE_PRESSURE
TEL-00433,SEG-13,2026-08-31T07:17:50.400214,3.632,40.9,48.5,11.4,7.52,25.0,CRITICAL_SLOPE_MOVEMENT
TEL-00434,SEG-11,2026-08-31T07:20:14.400214,2.878,52.0,25.8,21.1,13.91,21.3,CRITICAL_SLOPE_MOVEMENT
TEL-00435,SEG-10,2026-08-31T07:22:38.400214,3.68,80.7,39.2,5.0,3.64,15.5,CRITICAL_SLOPE_MOVEMENT
TEL-00436,SEG-13,2026-08-31T07:25:02.400214,1.23,65.6,56.7,2.0,7.31,28.1,WARNING_ELEVATED_PORE_PRESSURE
TEL-00437,SEG-03,2026-08-31T07:27:26.400214,0.649,36.9,56.6,1.6,7.57,20.0,WARNING_ELEVATED_PORE_PRESSURE
TEL-00438,SEG-02,2026-08-31T07:29:50.400214,3.48,64.0,46.9,37.1,6.94,27.7,CRITICAL_SLOPE_MOVEMENT
TEL-00439,SEG-11,2026-08-31T07:32:14.400214,0.98,82.3,56.5,27.5,0.28,15.0,CRITICAL_SLOPE_MOVEMENT
TEL-00440,SEG-08,2026-08-31T07:34:38.400214,1.631,65.7,71.4,10.2,13.11,27.3,CRITICAL_SLOPE_MOVEMENT
TEL-00441,SEG-13,2026-08-31T07:37:02.400214,0.854,25.4,27.3,17.5,16.88,26.8,CRITICAL_SLOPE_MOVEMENT
TEL-00442,SEG-08,2026-08-31T07:39:26.400214,3.112,65.3,76.8,39.0,15.53,27.7,CRITICAL_SLOPE_MOVEMENT
TEL-00443,SEG-14,2026-08-31T07:41:50.400214,1.634,52.1,75.1,32.2,7.97,18.2,WARNING_ELEVATED_PORE_PRESSURE
TEL-00444,SEG-01,2026-08-31T07:44:14.400214,3.008,78.8,27.6,32.8,1.87,20.0,CRITICAL_SLOPE_MOVEMENT
TEL-00445,SEG-02,2026-08-31T07:46:38.400214,4.066,66.7,63.2,8.6,9.67,24.5,CRITICAL_SLOPE_MOVEMENT
TEL-00446,SEG-03,2026-08-31T07:49:02.400214,2.402,68.8,66.7,4.7,10.91,24.3,WARNING_ELEVATED_PORE_PRESSURE
TEL-00447,SEG-03,2026-08-31T07:51:26.400214,1.11,71.7,50.7,32.4,10.34,18.8,CRITICAL_SLOPE_MOVEMENT
TEL-00448,SEG-15,2026-08-31T07:53:50.400214,0.514,20.7,66.7,44.4,17.24,28.0,CRITICAL_SLOPE_MOVEMENT
TEL-00449,SEG-03,2026-08-31T07:56:14.400214,2.005,69.3,40.0,2.1,5.45,25.6,WARNING_ELEVATED_PORE_PRESSURE
TEL-00450,SEG-01,2026-08-31T07:58:38.400214,1.503,47.5,76.9,4.6,5.96,23.7,WARNING_ELEVATED_PORE_PRESSURE
TEL-00451,SEG-04,2026-08-31T08:01:02.400214,1.55,51.3,72.5,18.0,13.17,16.5,CRITICAL_SLOPE_MOVEMENT
TEL-00452,SEG-12,2026-08-31T08:03:26.400214,2.309,39.6,76.4,16.7,0.87,23.9,STABLE_NOMINAL
TEL-00453,SEG-01,2026-08-31T08:05:50.400214,2.606,81.3,33.3,12.7,14.46,26.4,CRITICAL_SLOPE_MOVEMENT
TEL-00454,SEG-14,2026-08-31T08:08:14.400214,0.152,39.2,54.6,24.2,4.02,25.8,STABLE_NOMINAL
TEL-00455,SEG-13,2026-08-31T08:10:38.400214,0.684,35.9,58.3,0.7,0.36,23.8,STABLE_NOMINAL
TEL-00456,SEG-10,2026-08-31T08:13:02.400214,3.654,33.4,41.9,44.0,12.77,24.3,CRITICAL_SLOPE_MOVEMENT
TEL-00457,SEG-15,2026-08-31T08:15:26.400214,0.782,53.4,27.8,12.2,10.4,14.8,WARNING_ELEVATED_PORE_PRESSURE
TEL-00458,SEG-11,2026-08-31T08:17:50.400214,0.714,69.6,71.6,35.4,0.74,26.4,WARNING_ELEVATED_PORE_PRESSURE
TEL-00459,SEG-07,2026-08-31T08:20:14.400214,1.364,84.4,63.1,37.5,5.57,14.2,CRITICAL_SLOPE_MOVEMENT
TEL-00460,SEG-10,2026-08-31T08:22:38.400214,0.115,34.7,71.3,14.0,15.37,21.0,CRITICAL_SLOPE_MOVEMENT
TEL-00461,SEG-05,2026-08-31T08:25:02.400214,1.245,67.7,72.1,6.9,8.09,23.4,WARNING_ELEVATED_PORE_PRESSURE
TEL-00462,SEG-05,2026-08-31T08:27:26.400214,3.427,51.9,34.8,26.8,3.38,16.2,CRITICAL_SLOPE_MOVEMENT
TEL-00463,SEG-06,2026-08-31T08:29:50.400214,1.684,57.1,41.5,21.5,3.62,16.2,WARNING_ELEVATED_PORE_PRESSURE
TEL-00464,SEG-05,2026-08-31T08:32:14.400214,1.466,61.4,39.1,3.6,10.62,26.3,WARNING_ELEVATED_PORE_PRESSURE
TEL-00465,SEG-11,2026-08-31T08:34:38.400214,1.4,30.0,72.5,41.4,4.68,16.5,STABLE_NOMINAL
TEL-00466,SEG-01,2026-08-31T08:37:02.400214,2.157,53.0,56.1,6.7,4.38,25.9,WARNING_ELEVATED_PORE_PRESSURE
TEL-00467,SEG-13,2026-08-31T08:39:26.400214,4.191,68.6,43.5,25.7,4.52,21.3,CRITICAL_SLOPE_MOVEMENT
TEL-00468,SEG-08,2026-08-31T08:41:50.400214,1.084,24.9,62.5,39.0,4.33,14.6,STABLE_NOMINAL
TEL-00469,SEG-01,2026-08-31T08:44:14.400214,2.952,42.4,44.5,2.3,2.54,27.8,STABLE_NOMINAL
TEL-00470,SEG-12,2026-08-31T08:46:38.400214,3.051,82.8,30.1,39.6,5.99,28.2,CRITICAL_SLOPE_MOVEMENT
TEL-00471,SEG-08,2026-08-31T08:49:02.400214,3.056,22.6,33.7,1.3,8.84,17.7,CRITICAL_SLOPE_MOVEMENT
TEL-00472,SEG-02,2026-08-31T08:51:26.400214,1.796,17.6,74.6,0.1,5.27,23.7,WARNING_ELEVATED_PORE_PRESSURE
TEL-00473,SEG-10,2026-08-31T08:53:50.400214,2.925,45.8,70.5,14.5,12.84,23.4,CRITICAL_SLOPE_MOVEMENT
TEL-00474,SEG-07,2026-08-31T08:56:14.400214,2.1,82.5,48.4,15.6,5.44,15.6,CRITICAL_SLOPE_MOVEMENT
TEL-00475,SEG-03,2026-08-31T08:58:38.400214,4.176,27.1,30.3,38.8,6.79,18.6,CRITICAL_SLOPE_MOVEMENT
TEL-00476,SEG-01,2026-08-31T09:01:02.400214,2.83,81.8,62.6,13.4,17.44,26.4,CRITICAL_SLOPE_MOVEMENT
TEL-00477,SEG-14,2026-08-31T09:03:26.400214,0.324,38.9,58.3,44.6,16.65,25.6,CRITICAL_SLOPE_MOVEMENT
TEL-00478,SEG-12,2026-08-31T09:05:50.400214,2.727,24.4,53.1,16.3,16.54,24.2,CRITICAL_SLOPE_MOVEMENT
TEL-00479,SEG-01,2026-08-31T09:08:14.400214,0.678,57.7,55.6,8.6,0.39,18.7,WARNING_ELEVATED_PORE_PRESSURE
TEL-00480,SEG-07,2026-08-31T09:10:38.400214,3.485,84.0,30.5,42.1,12.71,16.4,CRITICAL_SLOPE_MOVEMENT
TEL-00481,SEG-08,2026-08-31T09:13:02.400214,0.174,44.4,49.4,31.6,13.62,28.1,CRITICAL_SLOPE_MOVEMENT
TEL-00482,SEG-16,2026-08-31T09:15:26.400214,1.239,36.2,34.7,15.6,0.41,21.3,STABLE_NOMINAL
TEL-00483,SEG-05,2026-08-31T09:17:50.400214,0.63,79.7,53.9,29.4,15.64,15.9,CRITICAL_SLOPE_MOVEMENT
TEL-00484,SEG-12,2026-08-31T09:20:14.400214,1.136,52.0,46.0,41.7,3.07,25.9,WARNING_ELEVATED_PORE_PRESSURE
TEL-00485,SEG-06,2026-08-31T09:22:38.400214,2.406,71.3,30.8,28.5,10.07,24.4,CRITICAL_SLOPE_MOVEMENT
TEL-00486,SEG-05,2026-08-31T09:25:02.400214,2.755,35.5,65.5,4.1,9.45,25.9,WARNING_ELEVATED_PORE_PRESSURE
TEL-00487,SEG-07,2026-08-31T09:27:26.400214,2.979,18.0,49.8,12.9,9.89,27.0,WARNING_ELEVATED_PORE_PRESSURE
TEL-00488,SEG-10,2026-08-31T09:29:50.400214,2.463,54.9,33.3,28.1,10.71,23.5,WARNING_ELEVATED_PORE_PRESSURE
TEL-00489,SEG-04,2026-08-31T09:32:14.400214,3.595,82.9,42.1,8.4,6.59,16.1,CRITICAL_SLOPE_MOVEMENT
TEL-00490,SEG-07,2026-08-31T09:34:38.400214,3.329,50.1,68.1,26.5,17.56,28.4,CRITICAL_SLOPE_MOVEMENT
TEL-00491,SEG-09,2026-08-31T09:37:02.400214,0.376,82.1,38.1,20.0,17.28,23.4,CRITICAL_SLOPE_MOVEMENT
TEL-00492,SEG-11,2026-08-31T09:39:26.400214,3.59,58.8,65.0,0.5,3.11,28.9,CRITICAL_SLOPE_MOVEMENT
TEL-00493,SEG-11,2026-08-31T09:41:50.400214,2.12,78.1,75.2,15.8,17.77,28.0,CRITICAL_SLOPE_MOVEMENT
TEL-00494,SEG-11,2026-08-31T09:44:14.400214,0.745,43.7,41.3,19.6,16.79,25.7,CRITICAL_SLOPE_MOVEMENT
TEL-00495,SEG-08,2026-08-31T09:46:38.400214,3.1,51.6,77.2,9.4,10.47,18.5,CRITICAL_SLOPE_MOVEMENT
TEL-00496,SEG-11,2026-08-31T09:49:02.400214,3.926,68.4,45.2,41.8,2.57,28.5,CRITICAL_SLOPE_MOVEMENT
TEL-00497,SEG-11,2026-08-31T09:51:26.400214,4.141,15.4,25.7,23.9,16.3,14.3,CRITICAL_SLOPE_MOVEMENT
TEL-00498,SEG-11,2026-08-31T09:53:50.400214,2.381,52.3,54.8,5.0,15.24,26.8,CRITICAL_SLOPE_MOVEMENT
TEL-00499,SEG-12,2026-08-31T09:56:14.400214,2.504,38.2,37.0,43.7,13.0,22.9,CRITICAL_SLOPE_MOVEMENT
TEL-00500,SEG-10,2026-08-31T09:58:38.400214,1.809,56.1,76.4,0.8,2.38,22.2,WARNING_ELEVATED_PORE_PRESSURE
TEL-00501,SEG-06,2026-08-31T10:01:02.400214,3.606,50.3,30.3,43.6,0.03,25.0,CRITICAL_SLOPE_MOVEMENT
TEL-00502,SEG-03,2026-08-31T10:03:26.400214,2.823,69.0,46.2,19.7,2.44,21.1,WARNING_ELEVATED_PORE_PRESSURE
TEL-00503,SEG-04,2026-08-31T10:05:50.400214,4.069,37.9,63.1,34.0,1.92,25.8,CRITICAL_SLOPE_MOVEMENT
TEL-00504,SEG-13,2026-08-31T10:08:14.400214,4.008,80.8,67.6,12.1,8.48,24.1,CRITICAL_SLOPE_MOVEMENT
TEL-00505,SEG-16,2026-08-31T10:10:38.400214,0.105,29.8,66.9,22.2,11.86,22.9,WARNING_ELEVATED_PORE_PRESSURE
TEL-00506,SEG-08,2026-08-31T10:13:02.400214,1.238,73.8,68.0,33.9,13.03,16.3,CRITICAL_SLOPE_MOVEMENT
TEL-00507,SEG-15,2026-08-31T10:15:26.400214,2.99,17.7,25.5,23.3,11.72,16.8,WARNING_ELEVATED_PORE_PRESSURE
TEL-00508,SEG-03,2026-08-31T10:17:50.400214,3.503,42.0,52.2,13.1,13.38,22.9,CRITICAL_SLOPE_MOVEMENT
TEL-00509,SEG-14,2026-08-31T10:20:14.400214,3.848,29.1,29.1,28.4,8.24,26.9,CRITICAL_SLOPE_MOVEMENT
TEL-00510,SEG-01,2026-08-31T10:22:38.400214,2.834,18.6,38.7,17.0,6.93,19.2,WARNING_ELEVATED_PORE_PRESSURE
TEL-00511,SEG-04,2026-08-31T10:25:02.400214,3.594,67.6,63.6,8.1,14.56,18.8,CRITICAL_SLOPE_MOVEMENT
TEL-00512,SEG-13,2026-08-31T10:27:26.400214,3.377,79.5,27.9,15.5,0.24,22.9,CRITICAL_SLOPE_MOVEMENT
TEL-00513,SEG-13,2026-08-31T10:29:50.400214,2.849,82.3,25.8,4.9,18.11,21.2,CRITICAL_SLOPE_MOVEMENT
TEL-00514,SEG-02,2026-08-31T10:32:14.400214,2.262,51.8,39.1,26.6,9.06,27.2,WARNING_ELEVATED_PORE_PRESSURE
TEL-00515,SEG-10,2026-08-31T10:34:38.400214,1.489,36.9,31.6,20.2,4.88,24.6,STABLE_NOMINAL
TEL-00516,SEG-01,2026-08-31T10:37:02.400214,1.035,20.5,47.7,23.3,16.81,18.8,CRITICAL_SLOPE_MOVEMENT
TEL-00517,SEG-16,2026-08-31T10:39:26.400214,1.194,34.9,57.6,20.9,2.98,15.9,STABLE_NOMINAL
TEL-00518,SEG-16,2026-08-31T10:41:50.400214,3.414,63.6,54.1,12.4,7.62,17.6,CRITICAL_SLOPE_MOVEMENT
TEL-00519,SEG-10,2026-08-31T10:44:14.400214,1.198,35.6,44.1,38.3,12.21,26.2,CRITICAL_SLOPE_MOVEMENT
TEL-00520,SEG-01,2026-08-31T10:46:38.400214,1.357,22.8,41.1,18.9,7.66,23.2,WARNING_ELEVATED_PORE_PRESSURE
TEL-00521,SEG-15,2026-08-31T10:49:02.400214,3.072,15.5,67.3,29.5,12.33,28.3,CRITICAL_SLOPE_MOVEMENT
TEL-00522,SEG-08,2026-08-31T10:51:26.400214,4.064,78.9,63.8,12.5,17.55,26.1,CRITICAL_SLOPE_MOVEMENT
TEL-00523,SEG-16,2026-08-31T10:53:50.400214,1.564,59.4,74.7,19.6,10.87,21.0,WARNING_ELEVATED_PORE_PRESSURE
TEL-00524,SEG-10,2026-08-31T10:56:14.400214,0.807,34.1,71.4,32.4,8.02,15.8,WARNING_ELEVATED_PORE_PRESSURE
TEL-00525,SEG-12,2026-08-31T10:58:38.400214,3.49,42.5,35.2,10.8,15.55,22.8,CRITICAL_SLOPE_MOVEMENT
TEL-00526,SEG-16,2026-08-31T11:01:02.400214,1.256,80.5,38.5,12.5,7.81,23.7,CRITICAL_SLOPE_MOVEMENT
TEL-00527,SEG-13,2026-08-31T11:03:26.400214,0.895,68.0,72.1,38.2,0.61,19.3,WARNING_ELEVATED_PORE_PRESSURE
TEL-00528,SEG-14,2026-08-31T11:05:50.400214,4.09,37.3,60.6,14.7,1.16,24.9,CRITICAL_SLOPE_MOVEMENT
TEL-00529,SEG-10,2026-08-31T11:08:14.400214,3.218,51.0,72.7,22.4,6.22,21.7,CRITICAL_SLOPE_MOVEMENT
TEL-00530,SEG-04,2026-08-31T11:10:38.400214,1.437,79.4,58.0,19.1,13.74,20.7,CRITICAL_SLOPE_MOVEMENT
TEL-00531,SEG-06,2026-08-31T11:13:02.400214,2.895,27.0,31.4,16.4,5.41,21.7,WARNING_ELEVATED_PORE_PRESSURE
TEL-00532,SEG-14,2026-08-31T11:15:26.400214,0.309,36.7,51.4,16.0,16.72,27.3,CRITICAL_SLOPE_MOVEMENT
TEL-00533,SEG-01,2026-08-31T11:17:50.400214,2.494,29.5,25.5,40.1,15.69,14.5,CRITICAL_SLOPE_MOVEMENT
TEL-00534,SEG-08,2026-08-31T11:20:14.400214,0.978,27.8,27.6,32.7,10.81,17.7,WARNING_ELEVATED_PORE_PRESSURE
TEL-00535,SEG-02,2026-08-31T11:22:38.400214,2.457,74.2,74.7,23.9,14.13,22.6,CRITICAL_SLOPE_MOVEMENT
TEL-00536,SEG-12,2026-08-31T11:25:02.400214,3.29,67.3,32.5,32.8,1.29,19.5,CRITICAL_SLOPE_MOVEMENT
TEL-00537,SEG-12,2026-08-31T11:27:26.400214,2.912,20.5,68.2,9.6,10.69,19.1,WARNING_ELEVATED_PORE_PRESSURE
TEL-00538,SEG-15,2026-08-31T11:29:50.400214,1.274,70.9,69.4,34.3,14.82,21.7,CRITICAL_SLOPE_MOVEMENT
TEL-00539,SEG-14,2026-08-31T11:32:14.400214,3.213,16.3,49.6,8.8,13.99,22.4,CRITICAL_SLOPE_MOVEMENT
TEL-00540,SEG-03,2026-08-31T11:34:38.400214,0.936,80.6,76.7,2.8,10.1,27.9,CRITICAL_SLOPE_MOVEMENT
TEL-00541,SEG-06,2026-08-31T11:37:02.400214,3.955,52.3,45.5,4.7,11.09,29.0,CRITICAL_SLOPE_MOVEMENT
TEL-00542,SEG-11,2026-08-31T11:39:26.400214,0.234,63.7,41.1,44.9,1.85,20.3,WARNING_ELEVATED_PORE_PRESSURE
TEL-00543,SEG-03,2026-08-31T11:41:50.400214,1.241,58.4,49.0,24.8,14.62,23.3,CRITICAL_SLOPE_MOVEMENT
TEL-00544,SEG-07,2026-08-31T11:44:14.400214,3.194,31.3,38.5,7.2,11.05,22.2,CRITICAL_SLOPE_MOVEMENT
TEL-00545,SEG-14,2026-08-31T11:46:38.400214,2.168,72.3,51.6,20.5,18.36,17.7,CRITICAL_SLOPE_MOVEMENT
TEL-00546,SEG-15,2026-08-31T11:49:02.400214,3.858,34.9,65.3,43.0,8.55,19.1,CRITICAL_SLOPE_MOVEMENT
TEL-00547,SEG-11,2026-08-31T11:51:26.400214,4.089,66.7,76.8,2.1,17.11,27.3,CRITICAL_SLOPE_MOVEMENT
TEL-00548,SEG-14,2026-08-31T11:53:50.400214,0.278,79.0,67.5,32.8,1.39,26.6,CRITICAL_SLOPE_MOVEMENT
TEL-00549,SEG-11,2026-08-31T11:56:14.400214,3.055,52.6,33.1,33.1,9.86,16.8,CRITICAL_SLOPE_MOVEMENT
TEL-00550,SEG-05,2026-08-31T11:58:38.400214,2.491,77.9,26.5,5.3,16.03,15.9,CRITICAL_SLOPE_MOVEMENT
TEL-00551,SEG-12,2026-08-31T12:01:02.400214,3.431,77.2,64.9,14.4,12.56,20.6,CRITICAL_SLOPE_MOVEMENT
TEL-00552,SEG-12,2026-08-31T12:03:26.400214,1.476,79.0,46.3,2.3,13.76,28.2,CRITICAL_SLOPE_MOVEMENT
TEL-00553,SEG-10,2026-08-31T12:05:50.400214,2.772,32.1,48.5,39.7,2.71,18.8,STABLE_NOMINAL
TEL-00554,SEG-10,2026-08-31T12:08:14.400214,0.57,71.7,43.7,3.2,9.82,22.8,CRITICAL_SLOPE_MOVEMENT
TEL-00555,SEG-15,2026-08-31T12:10:38.400214,0.192,27.2,39.6,20.5,8.2,25.5,WARNING_ELEVATED_PORE_PRESSURE
TEL-00556,SEG-06,2026-08-31T12:13:02.400214,3.782,45.8,41.5,34.5,12.69,17.1,CRITICAL_SLOPE_MOVEMENT
TEL-00557,SEG-03,2026-08-31T12:15:26.400214,0.981,15.4,69.1,43.3,17.69,25.0,CRITICAL_SLOPE_MOVEMENT
TEL-00558,SEG-12,2026-08-31T12:17:50.400214,0.269,62.7,29.5,2.5,16.94,27.5,CRITICAL_SLOPE_MOVEMENT
TEL-00559,SEG-07,2026-08-31T12:20:14.400214,3.724,50.4,26.3,33.0,14.9,17.4,CRITICAL_SLOPE_MOVEMENT
TEL-00560,SEG-01,2026-08-31T12:22:38.400214,2.742,69.5,59.0,8.4,2.5,15.9,WARNING_ELEVATED_PORE_PRESSURE
TEL-00561,SEG-11,2026-08-31T12:25:02.400214,0.163,49.4,45.6,15.2,5.77,18.2,WARNING_ELEVATED_PORE_PRESSURE
TEL-00562,SEG-01,2026-08-31T12:27:26.400214,0.616,38.1,66.9,41.9,10.85,23.8,WARNING_ELEVATED_PORE_PRESSURE
TEL-00563,SEG-03,2026-08-31T12:29:50.400214,2.189,83.3,37.6,18.0,0.53,19.2,CRITICAL_SLOPE_MOVEMENT
TEL-00564,SEG-02,2026-08-31T12:32:14.400214,2.862,61.2,76.3,1.8,17.56,23.2,CRITICAL_SLOPE_MOVEMENT
TEL-00565,SEG-07,2026-08-31T12:34:38.400214,2.965,48.4,33.6,41.4,5.54,20.4,WARNING_ELEVATED_PORE_PRESSURE
TEL-00566,SEG-14,2026-08-31T12:37:02.400214,0.654,39.6,68.7,28.8,17.1,15.7,CRITICAL_SLOPE_MOVEMENT
TEL-00567,SEG-01,2026-08-31T12:39:26.400214,3.691,24.0,52.8,13.1,11.45,17.7,CRITICAL_SLOPE_MOVEMENT
TEL-00568,SEG-08,2026-08-31T12:41:50.400214,1.879,57.9,34.7,24.6,1.1,19.8,WARNING_ELEVATED_PORE_PRESSURE
TEL-00569,SEG-11,2026-08-31T12:44:14.400214,2.029,74.4,40.6,18.1,4.25,27.2,CRITICAL_SLOPE_MOVEMENT
TEL-00570,SEG-14,2026-08-31T12:46:38.400214,2.928,15.2,71.2,41.0,17.57,20.5,CRITICAL_SLOPE_MOVEMENT
TEL-00571,SEG-15,2026-08-31T12:49:02.400214,3.796,56.3,70.0,17.6,11.25,23.1,CRITICAL_SLOPE_MOVEMENT
TEL-00572,SEG-11,2026-08-31T12:51:26.400214,0.66,56.4,73.6,16.8,14.24,21.0,CRITICAL_SLOPE_MOVEMENT
TEL-00573,SEG-04,2026-08-31T12:53:50.400214,2.863,82.1,77.6,37.7,8.51,22.4,CRITICAL_SLOPE_MOVEMENT
TEL-00574,SEG-01,2026-08-31T12:56:14.400214,3.528,56.8,76.6,43.6,9.74,21.8,CRITICAL_SLOPE_MOVEMENT
TEL-00575,SEG-13,2026-08-31T12:58:38.400214,2.186,68.2,35.9,23.1,13.1,24.7,CRITICAL_SLOPE_MOVEMENT
TEL-00576,SEG-03,2026-08-31T13:01:02.400214,1.418,32.3,43.3,36.9,3.99,23.2,STABLE_NOMINAL
TEL-00577,SEG-15,2026-08-31T13:03:26.400214,0.693,28.7,55.6,1.1,14.82,25.8,CRITICAL_SLOPE_MOVEMENT
TEL-00578,SEG-15,2026-08-31T13:05:50.400214,3.126,81.8,34.4,17.8,17.41,22.1,CRITICAL_SLOPE_MOVEMENT
TEL-00579,SEG-14,2026-08-31T13:08:14.400214,0.431,51.2,75.0,4.2,1.41,20.1,WARNING_ELEVATED_PORE_PRESSURE
TEL-00580,SEG-14,2026-08-31T13:10:38.400214,4.128,30.5,49.9,2.8,17.84,25.9,CRITICAL_SLOPE_MOVEMENT
TEL-00581,SEG-09,2026-08-31T13:13:02.400214,0.472,50.9,52.2,1.4,11.88,22.3,WARNING_ELEVATED_PORE_PRESSURE
TEL-00582,SEG-02,2026-08-31T13:15:26.400214,1.534,66.0,32.6,10.7,0.94,23.9,WARNING_ELEVATED_PORE_PRESSURE
TEL-00583,SEG-10,2026-08-31T13:17:50.400214,0.934,53.2,54.9,14.0,6.87,28.9,WARNING_ELEVATED_PORE_PRESSURE
TEL-00584,SEG-12,2026-08-31T13:20:14.400214,3.616,34.8,52.2,24.7,10.53,25.7,CRITICAL_SLOPE_MOVEMENT
TEL-00585,SEG-10,2026-08-31T13:22:38.400214,3.432,73.2,69.5,39.2,11.89,17.7,CRITICAL_SLOPE_MOVEMENT
TEL-00586,SEG-09,2026-08-31T13:25:02.400214,1.326,63.9,53.1,16.0,8.08,18.7,WARNING_ELEVATED_PORE_PRESSURE
TEL-00587,SEG-14,2026-08-31T13:27:26.400214,4.157,22.0,38.3,21.9,12.6,27.7,CRITICAL_SLOPE_MOVEMENT
TEL-00588,SEG-15,2026-08-31T13:29:50.400214,4.036,41.9,37.8,38.5,6.37,23.1,CRITICAL_SLOPE_MOVEMENT
TEL-00589,SEG-11,2026-08-31T13:32:14.400214,0.612,66.5,47.6,37.3,8.28,16.4,WARNING_ELEVATED_PORE_PRESSURE
TEL-00590,SEG-10,2026-08-31T13:34:38.400214,0.101,30.0,34.8,29.0,0.66,15.9,STABLE_NOMINAL
TEL-00591,SEG-07,2026-08-31T13:37:02.400214,1.755,58.1,70.3,19.8,15.72,16.9,CRITICAL_SLOPE_MOVEMENT
TEL-00592,SEG-09,2026-08-31T13:39:26.400214,0.653,36.9,38.5,8.0,8.01,27.1,WARNING_ELEVATED_PORE_PRESSURE
TEL-00593,SEG-16,2026-08-31T13:41:50.400214,3.254,22.2,75.2,31.8,0.02,16.2,CRITICAL_SLOPE_MOVEMENT
TEL-00594,SEG-14,2026-08-31T13:44:14.400214,0.959,50.0,58.1,0.8,4.82,21.3,STABLE_NOMINAL
TEL-00595,SEG-07,2026-08-31T13:46:38.400214,0.123,36.2,53.3,2.6,13.75,16.1,CRITICAL_SLOPE_MOVEMENT
TEL-00596,SEG-12,2026-08-31T13:49:02.400214,3.063,73.1,66.4,1.3,6.51,21.2,CRITICAL_SLOPE_MOVEMENT
TEL-00597,SEG-06,2026-08-31T13:51:26.400214,1.645,29.4,73.3,40.9,7.88,18.0,WARNING_ELEVATED_PORE_PRESSURE
TEL-00598,SEG-09,2026-08-31T13:53:50.400214,0.409,29.1,44.6,9.0,11.39,16.9,WARNING_ELEVATED_PORE_PRESSURE
TEL-00599,SEG-04,2026-08-31T13:56:14.400214,1.488,76.3,76.0,18.0,8.56,18.2,CRITICAL_SLOPE_MOVEMENT
TEL-00600,SEG-06,2026-08-31T13:58:38.400214,2.783,35.4,32.9,43.6,13.41,14.5,CRITICAL_SLOPE_MOVEMENT
TEL-00601,SEG-12,2026-08-31T14:01:02.400214,2.062,20.2,69.4,13.2,16.63,25.3,CRITICAL_SLOPE_MOVEMENT
TEL-00602,SEG-01,2026-08-31T14:03:26.400214,3.133,46.3,36.9,39.0,15.83,22.0,CRITICAL_SLOPE_MOVEMENT
TEL-00603,SEG-13,2026-08-31T14:05:50.400214,2.118,29.8,48.6,29.2,0.2,15.3,STABLE_NOMINAL
TEL-00604,SEG-08,2026-08-31T14:08:14.400214,3.679,75.7,38.2,39.6,0.44,16.2,CRITICAL_SLOPE_MOVEMENT
TEL-00605,SEG-10,2026-08-31T14:10:38.400214,2.3,82.5,77.1,29.9,1.31,26.6,CRITICAL_SLOPE_MOVEMENT
TEL-00606,SEG-01,2026-08-31T14:13:02.400214,2.29,56.3,62.4,35.6,14.94,15.2,CRITICAL_SLOPE_MOVEMENT
TEL-00607,SEG-01,2026-08-31T14:15:26.400214,2.622,58.6,47.5,40.2,9.18,22.6,WARNING_ELEVATED_PORE_PRESSURE
TEL-00608,SEG-10,2026-08-31T14:17:50.400214,1.98,66.6,71.1,31.0,10.12,24.2,WARNING_ELEVATED_PORE_PRESSURE
TEL-00609,SEG-05,2026-08-31T14:20:14.400214,1.927,72.6,48.9,21.4,11.78,15.8,CRITICAL_SLOPE_MOVEMENT
TEL-00610,SEG-15,2026-08-31T14:22:38.400214,3.076,39.5,74.6,21.0,16.82,20.6,CRITICAL_SLOPE_MOVEMENT
TEL-00611,SEG-16,2026-08-31T14:25:02.400214,3.821,16.0,73.2,0.0,12.3,23.8,CRITICAL_SLOPE_MOVEMENT
TEL-00612,SEG-09,2026-08-31T14:27:26.400214,1.086,73.5,29.9,27.6,17.38,14.3,CRITICAL_SLOPE_MOVEMENT
TEL-00613,SEG-08,2026-08-31T14:29:50.400214,1.864,31.6,45.3,3.0,11.39,24.3,WARNING_ELEVATED_PORE_PRESSURE
TEL-00614,SEG-01,2026-08-31T14:32:14.400214,3.543,65.2,68.1,42.1,17.8,20.5,CRITICAL_SLOPE_MOVEMENT
TEL-00615,SEG-01,2026-08-31T14:34:38.400214,0.706,56.6,54.8,14.3,0.66,22.8,WARNING_ELEVATED_PORE_PRESSURE
TEL-00616,SEG-04,2026-08-31T14:37:02.400214,3.26,60.9,52.8,18.8,1.09,23.1,CRITICAL_SLOPE_MOVEMENT
TEL-00617,SEG-15,2026-08-31T14:39:26.400214,1.283,63.6,36.7,24.6,16.15,15.5,CRITICAL_SLOPE_MOVEMENT
TEL-00618,SEG-02,2026-08-31T14:41:50.400214,0.449,35.7,29.2,31.8,3.65,18.9,STABLE_NOMINAL
TEL-00619,SEG-12,2026-08-31T14:44:14.400214,2.2,63.0,50.7,36.7,7.59,15.8,WARNING_ELEVATED_PORE_PRESSURE
TEL-00620,SEG-05,2026-08-31T14:46:38.400214,4.14,79.3,62.8,8.5,6.26,27.0,CRITICAL_SLOPE_MOVEMENT
TEL-00621,SEG-07,2026-08-31T14:49:02.400214,2.065,31.2,45.0,10.3,1.44,14.9,STABLE_NOMINAL
TEL-00622,SEG-07,2026-08-31T14:51:26.400214,2.576,44.5,57.1,9.3,11.46,16.7,WARNING_ELEVATED_PORE_PRESSURE
TEL-00623,SEG-09,2026-08-31T14:53:50.400214,2.564,77.0,50.2,34.7,2.57,19.1,CRITICAL_SLOPE_MOVEMENT
TEL-00624,SEG-09,2026-08-31T14:56:14.400214,2.912,24.5,32.9,15.3,6.32,17.4,WARNING_ELEVATED_PORE_PRESSURE
TEL-00625,SEG-03,2026-08-31T14:58:38.400214,1.992,47.7,52.8,38.6,17.58,15.9,CRITICAL_SLOPE_MOVEMENT
TEL-00626,SEG-11,2026-08-31T15:01:02.400214,1.646,54.9,52.3,37.3,4.1,23.5,WARNING_ELEVATED_PORE_PRESSURE
TEL-00627,SEG-04,2026-08-31T15:03:26.400214,2.427,36.3,35.2,34.2,13.33,15.8,CRITICAL_SLOPE_MOVEMENT
TEL-00628,SEG-03,2026-08-31T15:05:50.400214,3.537,61.9,58.5,15.4,17.65,25.4,CRITICAL_SLOPE_MOVEMENT
TEL-00629,SEG-06,2026-08-31T15:08:14.400214,0.714,20.7,70.4,18.5,3.56,29.0,STABLE_NOMINAL
TEL-00630,SEG-09,2026-08-31T15:10:38.400214,4.12,24.6,46.8,44.5,7.36,23.4,CRITICAL_SLOPE_MOVEMENT
TEL-00631,SEG-06,2026-08-31T15:13:02.400214,0.773,58.9,76.6,5.9,4.05,26.2,WARNING_ELEVATED_PORE_PRESSURE
TEL-00632,SEG-02,2026-08-31T15:15:26.400214,1.84,56.1,42.0,42.3,10.73,23.7,WARNING_ELEVATED_PORE_PRESSURE
TEL-00633,SEG-16,2026-08-31T15:17:50.400214,2.61,53.6,31.0,11.3,5.46,17.9,WARNING_ELEVATED_PORE_PRESSURE
TEL-00634,SEG-16,2026-08-31T15:20:14.400214,3.473,82.9,31.4,19.9,13.1,17.5,CRITICAL_SLOPE_MOVEMENT
TEL-00635,SEG-08,2026-08-31T15:22:38.400214,3.544,49.5,32.1,14.5,15.45,28.4,CRITICAL_SLOPE_MOVEMENT
TEL-00636,SEG-16,2026-08-31T15:25:02.400214,3.937,49.7,68.0,31.0,15.95,26.7,CRITICAL_SLOPE_MOVEMENT
TEL-00637,SEG-02,2026-08-31T15:27:26.400214,0.794,79.8,34.1,1.8,8.02,24.0,CRITICAL_SLOPE_MOVEMENT
TEL-00638,SEG-13,2026-08-31T15:29:50.400214,1.567,18.4,39.8,26.3,13.04,28.4,CRITICAL_SLOPE_MOVEMENT
TEL-00639,SEG-06,2026-08-31T15:32:14.400214,0.317,76.4,74.8,18.5,15.99,17.6,CRITICAL_SLOPE_MOVEMENT
TEL-00640,SEG-11,2026-08-31T15:34:38.400214,3.974,78.1,48.2,18.5,15.03,14.9,CRITICAL_SLOPE_MOVEMENT
TEL-00641,SEG-07,2026-08-31T15:37:02.400214,1.57,36.7,48.8,14.9,13.8,28.2,CRITICAL_SLOPE_MOVEMENT
TEL-00642,SEG-12,2026-08-31T15:39:26.400214,3.423,48.1,74.6,18.4,3.44,28.2,CRITICAL_SLOPE_MOVEMENT
TEL-00643,SEG-16,2026-08-31T15:41:50.400214,1.381,51.4,47.8,8.9,14.68,24.1,CRITICAL_SLOPE_MOVEMENT
TEL-00644,SEG-05,2026-08-31T15:44:14.400214,1.101,68.7,75.0,37.2,9.56,15.7,WARNING_ELEVATED_PORE_PRESSURE
TEL-00645,SEG-04,2026-08-31T15:46:38.400214,3.252,81.9,57.7,30.2,18.08,28.2,CRITICAL_SLOPE_MOVEMENT
TEL-00646,SEG-11,2026-08-31T15:49:02.400214,1.14,31.5,27.0,18.8,15.84,19.9,CRITICAL_SLOPE_MOVEMENT
TEL-00647,SEG-05,2026-08-31T15:51:26.400214,0.439,73.7,60.9,38.6,4.29,24.4,CRITICAL_SLOPE_MOVEMENT
TEL-00648,SEG-11,2026-08-31T15:53:50.400214,3.508,71.2,25.4,28.0,7.68,15.1,CRITICAL_SLOPE_MOVEMENT
TEL-00649,SEG-14,2026-08-31T15:56:14.400214,2.261,77.8,50.5,25.3,3.48,22.8,CRITICAL_SLOPE_MOVEMENT
TEL-00650,SEG-10,2026-08-31T15:58:38.400214,2.008,79.8,56.0,4.1,1.3,25.9,CRITICAL_SLOPE_MOVEMENT
TEL-00651,SEG-16,2026-08-31T16:01:02.400214,2.801,62.6,39.0,9.7,8.89,14.2,WARNING_ELEVATED_PORE_PRESSURE
TEL-00652,SEG-13,2026-08-31T16:03:26.400214,3.228,65.1,56.6,14.4,4.4,17.4,CRITICAL_SLOPE_MOVEMENT
TEL-00653,SEG-14,2026-08-31T16:05:50.400214,2.002,49.7,55.8,0.7,16.45,16.1,CRITICAL_SLOPE_MOVEMENT
TEL-00654,SEG-08,2026-08-31T16:08:14.400214,1.656,45.6,73.2,40.6,0.66,22.6,STABLE_NOMINAL
TEL-00655,SEG-01,2026-08-31T16:10:38.400214,1.638,17.8,26.5,36.1,13.48,16.6,CRITICAL_SLOPE_MOVEMENT
TEL-00656,SEG-05,2026-08-31T16:13:02.400214,0.534,24.1,31.6,12.5,7.41,22.3,WARNING_ELEVATED_PORE_PRESSURE
TEL-00657,SEG-09,2026-08-31T16:15:26.400214,0.583,57.4,62.3,40.0,1.1,28.9,WARNING_ELEVATED_PORE_PRESSURE
TEL-00658,SEG-04,2026-08-31T16:17:50.400214,1.567,56.4,74.2,28.6,8.45,17.3,WARNING_ELEVATED_PORE_PRESSURE
TEL-00659,SEG-08,2026-08-31T16:20:14.400214,2.368,26.5,27.0,17.2,14.41,20.1,CRITICAL_SLOPE_MOVEMENT
TEL-00660,SEG-12,2026-08-31T16:22:38.400214,1.546,41.8,48.9,42.8,5.49,20.7,WARNING_ELEVATED_PORE_PRESSURE
TEL-00661,SEG-02,2026-08-31T16:25:02.400214,2.084,54.0,37.0,26.3,3.9,21.9,WARNING_ELEVATED_PORE_PRESSURE
TEL-00662,SEG-01,2026-08-31T16:27:26.400214,1.408,82.6,76.8,41.4,17.76,23.2,CRITICAL_SLOPE_MOVEMENT
TEL-00663,SEG-14,2026-08-31T16:29:50.400214,1.095,21.1,57.7,17.5,14.0,20.0,CRITICAL_SLOPE_MOVEMENT
TEL-00664,SEG-04,2026-08-31T16:32:14.400214,2.781,84.6,76.3,22.0,6.71,26.6,CRITICAL_SLOPE_MOVEMENT
TEL-00665,SEG-02,2026-08-31T16:34:38.400214,1.007,83.2,54.9,32.2,2.25,26.2,CRITICAL_SLOPE_MOVEMENT
TEL-00666,SEG-04,2026-08-31T16:37:02.400214,0.809,54.8,34.9,30.4,15.36,18.1,CRITICAL_SLOPE_MOVEMENT
TEL-00667,SEG-13,2026-08-31T16:39:26.400214,2.299,76.9,37.4,27.7,14.17,23.7,CRITICAL_SLOPE_MOVEMENT
TEL-00668,SEG-02,2026-08-31T16:41:50.400214,3.649,30.9,75.9,29.3,16.57,19.7,CRITICAL_SLOPE_MOVEMENT
TEL-00669,SEG-10,2026-08-31T16:44:14.400214,2.602,41.2,57.1,28.3,8.57,18.1,WARNING_ELEVATED_PORE_PRESSURE
TEL-00670,SEG-09,2026-08-31T16:46:38.400214,3.66,27.6,62.8,37.5,6.27,22.8,CRITICAL_SLOPE_MOVEMENT
TEL-00671,SEG-03,2026-08-31T16:49:02.400214,2.296,76.5,48.9,39.2,17.64,24.7,CRITICAL_SLOPE_MOVEMENT
TEL-00672,SEG-11,2026-08-31T16:51:26.400214,2.099,39.8,43.2,16.1,4.74,14.6,STABLE_NOMINAL
TEL-00673,SEG-04,2026-08-31T16:53:50.400214,2.183,75.7,35.3,10.0,11.12,26.6,CRITICAL_SLOPE_MOVEMENT
TEL-00674,SEG-10,2026-08-31T16:56:14.400214,3.623,26.5,71.7,14.3,1.14,19.8,CRITICAL_SLOPE_MOVEMENT
TEL-00675,SEG-05,2026-08-31T16:58:38.400214,1.867,19.3,43.4,18.9,10.52,24.7,WARNING_ELEVATED_PORE_PRESSURE
TEL-00676,SEG-09,2026-08-31T17:01:02.400214,3.896,56.5,64.0,40.0,7.26,24.4,CRITICAL_SLOPE_MOVEMENT
TEL-00677,SEG-14,2026-08-31T17:03:26.400214,1.528,79.1,66.1,14.0,17.9,24.6,CRITICAL_SLOPE_MOVEMENT
TEL-00678,SEG-02,2026-08-31T17:05:50.400214,0.106,82.0,66.7,20.6,15.99,16.8,CRITICAL_SLOPE_MOVEMENT
TEL-00679,SEG-13,2026-08-31T17:08:14.400214,2.489,20.4,34.7,7.8,4.89,20.6,STABLE_NOMINAL
TEL-00680,SEG-15,2026-08-31T17:10:38.400214,3.737,16.1,47.8,14.4,7.02,27.2,CRITICAL_SLOPE_MOVEMENT
TEL-00681,SEG-14,2026-08-31T17:13:02.400214,1.172,15.3,62.9,19.2,1.74,23.2,STABLE_NOMINAL
TEL-00682,SEG-06,2026-08-31T17:15:26.400214,3.956,30.3,28.9,21.0,15.48,26.2,CRITICAL_SLOPE_MOVEMENT
TEL-00683,SEG-01,2026-08-31T17:17:50.400214,0.924,41.1,57.4,7.7,5.57,17.1,WARNING_ELEVATED_PORE_PRESSURE
TEL-00684,SEG-14,2026-08-31T17:20:14.400214,2.578,45.1,49.0,0.9,0.69,24.9,STABLE_NOMINAL
TEL-00685,SEG-11,2026-08-31T17:22:38.400214,1.833,55.4,74.1,1.0,3.12,24.3,WARNING_ELEVATED_PORE_PRESSURE
TEL-00686,SEG-14,2026-08-31T17:25:02.400214,1.53,21.1,62.7,21.1,6.64,28.4,WARNING_ELEVATED_PORE_PRESSURE
TEL-00687,SEG-02,2026-08-31T17:27:26.400214,0.469,41.8,37.1,8.2,3.55,27.1,STABLE_NOMINAL
TEL-00688,SEG-03,2026-08-31T17:29:50.400214,3.273,24.4,29.9,25.3,1.89,25.4,CRITICAL_SLOPE_MOVEMENT
TEL-00689,SEG-11,2026-08-31T17:32:14.400214,0.74,78.3,27.1,6.3,1.63,18.6,CRITICAL_SLOPE_MOVEMENT
TEL-00690,SEG-01,2026-08-31T17:34:38.400214,2.283,61.7,51.2,21.9,2.75,25.8,WARNING_ELEVATED_PORE_PRESSURE
TEL-00691,SEG-14,2026-08-31T17:37:02.400214,3.09,45.5,69.2,4.4,8.69,15.6,CRITICAL_SLOPE_MOVEMENT
TEL-00692,SEG-15,2026-08-31T17:39:26.400214,3.882,56.2,43.9,3.1,10.43,17.9,CRITICAL_SLOPE_MOVEMENT
TEL-00693,SEG-14,2026-08-31T17:41:50.400214,3.488,55.7,59.4,6.0,13.87,17.4,CRITICAL_SLOPE_MOVEMENT
TEL-00694,SEG-13,2026-08-31T17:44:14.400214,1.381,79.5,72.9,44.3,11.21,25.3,CRITICAL_SLOPE_MOVEMENT
TEL-00695,SEG-04,2026-08-31T17:46:38.400214,3.488,50.7,30.1,32.1,15.24,27.2,CRITICAL_SLOPE_MOVEMENT
TEL-00696,SEG-01,2026-08-31T17:49:02.400214,1.577,32.7,64.7,29.3,2.63,15.7,STABLE_NOMINAL
TEL-00697,SEG-07,2026-08-31T17:51:26.400214,1.047,52.1,70.6,0.6,18.27,18.3,CRITICAL_SLOPE_MOVEMENT
TEL-00698,SEG-01,2026-08-31T17:53:50.400214,2.138,17.8,64.8,17.8,7.38,26.7,WARNING_ELEVATED_PORE_PRESSURE
TEL-00699,SEG-03,2026-08-31T17:56:14.400214,2.311,78.5,48.3,36.4,11.68,23.4,CRITICAL_SLOPE_MOVEMENT
TEL-00700,SEG-02,2026-08-31T17:58:38.400214,0.235,42.0,30.1,34.6,13.21,18.9,CRITICAL_SLOPE_MOVEMENT
TEL-00701,SEG-03,2026-08-31T18:01:02.400214,2.29,25.3,73.7,21.8,18.01,28.3,CRITICAL_SLOPE_MOVEMENT
TEL-00702,SEG-16,2026-08-31T18:03:26.400214,3.611,52.4,27.5,3.9,14.68,23.0,CRITICAL_SLOPE_MOVEMENT
TEL-00703,SEG-11,2026-08-31T18:05:50.400214,3.777,84.1,63.0,34.4,2.33,22.0,CRITICAL_SLOPE_MOVEMENT
TEL-00704,SEG-05,2026-08-31T18:08:14.400214,3.707,17.0,44.0,18.7,14.72,25.4,CRITICAL_SLOPE_MOVEMENT
TEL-00705,SEG-14,2026-08-31T18:10:38.400214,1.162,83.0,77.1,7.8,11.18,22.4,CRITICAL_SLOPE_MOVEMENT
TEL-00706,SEG-10,2026-08-31T18:13:02.400214,0.626,36.7,70.1,32.7,15.81,27.2,CRITICAL_SLOPE_MOVEMENT
TEL-00707,SEG-10,2026-08-31T18:15:26.400214,3.961,36.0,74.5,22.6,12.18,14.9,CRITICAL_SLOPE_MOVEMENT
TEL-00708,SEG-13,2026-08-31T18:17:50.400214,2.195,29.8,34.0,18.0,1.82,18.8,STABLE_NOMINAL
TEL-00709,SEG-10,2026-08-31T18:20:14.400214,2.652,73.9,36.9,24.4,7.3,26.3,CRITICAL_SLOPE_MOVEMENT
TEL-00710,SEG-06,2026-08-31T18:22:38.400214,2.344,15.2,72.1,16.9,18.3,20.8,CRITICAL_SLOPE_MOVEMENT
TEL-00711,SEG-06,2026-08-31T18:25:02.400214,1.772,22.3,64.4,38.0,0.85,21.9,STABLE_NOMINAL
TEL-00712,SEG-07,2026-08-31T18:27:26.400214,3.988,79.7,35.0,22.5,7.02,24.0,CRITICAL_SLOPE_MOVEMENT
TEL-00713,SEG-07,2026-08-31T18:29:50.400214,3.026,31.0,39.2,35.4,4.06,16.7,CRITICAL_SLOPE_MOVEMENT
TEL-00714,SEG-08,2026-08-31T18:32:14.400214,0.184,63.4,31.9,2.0,17.84,23.5,CRITICAL_SLOPE_MOVEMENT
TEL-00715,SEG-12,2026-08-31T18:34:38.400214,2.636,59.0,63.7,40.5,10.96,18.0,WARNING_ELEVATED_PORE_PRESSURE
TEL-00716,SEG-08,2026-08-31T18:37:02.400214,2.66,57.7,25.3,39.8,4.37,17.1,WARNING_ELEVATED_PORE_PRESSURE
TEL-00717,SEG-13,2026-08-31T18:39:26.400214,3.443,27.6,28.4,37.6,13.18,21.2,CRITICAL_SLOPE_MOVEMENT
TEL-00718,SEG-05,2026-08-31T18:41:50.400214,1.322,52.0,56.0,22.1,16.41,25.9,CRITICAL_SLOPE_MOVEMENT
TEL-00719,SEG-08,2026-08-31T18:44:14.400214,1.27,43.1,64.5,41.7,16.83,14.7,CRITICAL_SLOPE_MOVEMENT
TEL-00720,SEG-08,2026-08-31T18:46:38.400214,1.517,84.6,73.8,17.3,16.29,16.6,CRITICAL_SLOPE_MOVEMENT
TEL-00721,SEG-12,2026-08-31T18:49:02.400214,2.927,69.7,68.7,27.5,7.42,27.4,WARNING_ELEVATED_PORE_PRESSURE
TEL-00722,SEG-15,2026-08-31T18:51:26.400214,2.627,22.0,55.4,22.5,16.22,18.7,CRITICAL_SLOPE_MOVEMENT
TEL-00723,SEG-14,2026-08-31T18:53:50.400214,2.194,68.3,32.6,29.0,4.24,18.0,WARNING_ELEVATED_PORE_PRESSURE
TEL-00724,SEG-16,2026-08-31T18:56:14.400214,3.916,55.8,30.3,4.7,3.63,28.6,CRITICAL_SLOPE_MOVEMENT
TEL-00725,SEG-04,2026-08-31T18:58:38.400214,1.301,69.3,72.1,26.1,3.46,19.7,WARNING_ELEVATED_PORE_PRESSURE
TEL-00726,SEG-08,2026-08-31T19:01:02.400214,3.591,53.8,61.2,29.8,8.12,22.9,CRITICAL_SLOPE_MOVEMENT
TEL-00727,SEG-06,2026-08-31T19:03:26.400214,2.389,68.2,25.2,44.2,2.76,19.4,WARNING_ELEVATED_PORE_PRESSURE
TEL-00728,SEG-14,2026-08-31T19:05:50.400214,3.745,62.8,25.3,43.2,10.68,26.4,CRITICAL_SLOPE_MOVEMENT
TEL-00729,SEG-08,2026-08-31T19:08:14.400214,3.469,79.2,49.1,3.3,14.31,23.8,CRITICAL_SLOPE_MOVEMENT
TEL-00730,SEG-06,2026-08-31T19:10:38.400214,3.042,33.7,28.8,19.5,16.3,26.7,CRITICAL_SLOPE_MOVEMENT
TEL-00731,SEG-03,2026-08-31T19:13:02.400214,2.038,41.1,52.3,37.5,16.34,17.1,CRITICAL_SLOPE_MOVEMENT
TEL-00732,SEG-08,2026-08-31T19:15:26.400214,1.355,50.1,41.0,2.5,14.52,15.9,CRITICAL_SLOPE_MOVEMENT
TEL-00733,SEG-13,2026-08-31T19:17:50.400214,1.445,34.0,60.7,42.6,15.14,20.1,CRITICAL_SLOPE_MOVEMENT
TEL-00734,SEG-10,2026-08-31T19:20:14.400214,0.239,53.8,36.2,13.8,7.36,23.5,WARNING_ELEVATED_PORE_PRESSURE
TEL-00735,SEG-13,2026-08-31T19:22:38.400214,0.395,16.4,73.9,21.6,16.51,21.3,CRITICAL_SLOPE_MOVEMENT
TEL-00736,SEG-15,2026-08-31T19:25:02.400214,0.343,70.9,55.4,9.0,17.01,15.4,CRITICAL_SLOPE_MOVEMENT
TEL-00737,SEG-07,2026-08-31T19:27:26.400214,2.866,21.1,45.7,31.6,2.62,27.0,STABLE_NOMINAL
TEL-00738,SEG-03,2026-08-31T19:29:50.400214,1.365,67.9,45.6,0.7,6.54,27.8,WARNING_ELEVATED_PORE_PRESSURE
TEL-00739,SEG-12,2026-08-31T19:32:14.400214,1.468,32.7,35.9,5.9,17.79,21.5,CRITICAL_SLOPE_MOVEMENT
TEL-00740,SEG-02,2026-08-31T19:34:38.400214,2.497,31.1,76.9,34.5,1.16,15.6,STABLE_NOMINAL
TEL-00741,SEG-03,2026-08-31T19:37:02.400214,2.155,72.1,39.3,24.6,15.92,16.1,CRITICAL_SLOPE_MOVEMENT
TEL-00742,SEG-02,2026-08-31T19:39:26.400214,1.705,51.9,41.6,5.8,9.34,21.4,WARNING_ELEVATED_PORE_PRESSURE
TEL-00743,SEG-04,2026-08-31T19:41:50.400214,2.743,24.6,46.3,4.2,2.77,23.3,STABLE_NOMINAL
TEL-00744,SEG-13,2026-08-31T19:44:14.400214,2.988,24.0,38.5,5.1,4.33,21.8,STABLE_NOMINAL
TEL-00745,SEG-02,2026-08-31T19:46:38.400214,0.973,64.9,34.5,4.5,5.13,24.5,WARNING_ELEVATED_PORE_PRESSURE
TEL-00746,SEG-14,2026-08-31T19:49:02.400214,1.545,30.0,40.8,27.7,12.62,24.8,CRITICAL_SLOPE_MOVEMENT
TEL-00747,SEG-09,2026-08-31T19:51:26.400214,3.86,24.7,36.1,8.5,6.35,18.9,CRITICAL_SLOPE_MOVEMENT
TEL-00748,SEG-14,2026-08-31T19:53:50.400214,1.139,23.8,56.7,37.6,4.83,24.9,STABLE_NOMINAL
TEL-00749,SEG-14,2026-08-31T19:56:14.400214,2.366,78.3,32.9,6.6,2.38,19.6,CRITICAL_SLOPE_MOVEMENT
TEL-00750,SEG-14,2026-08-31T19:58:38.400214,0.31,23.9,71.1,37.1,5.98,27.1,WARNING_ELEVATED_PORE_PRESSURE
TEL-00751,SEG-12,2026-08-31T20:01:02.400214,2.549,39.3,46.2,42.0,15.31,14.9,CRITICAL_SLOPE_MOVEMENT
TEL-00752,SEG-03,2026-08-31T20:03:26.400214,3.31,50.0,33.4,25.4,4.06,20.5,CRITICAL_SLOPE_MOVEMENT
TEL-00753,SEG-09,2026-08-31T20:05:50.400214,0.383,28.1,35.7,42.0,9.97,27.7,WARNING_ELEVATED_PORE_PRESSURE
TEL-00754,SEG-06,2026-08-31T20:08:14.400214,3.884,50.4,57.4,36.7,12.35,17.4,CRITICAL_SLOPE_MOVEMENT
TEL-00755,SEG-11,2026-08-31T20:10:38.400214,1.453,65.6,49.1,34.2,2.06,28.3,WARNING_ELEVATED_PORE_PRESSURE
TEL-00756,SEG-01,2026-08-31T20:13:02.400214,3.862,62.9,69.6,36.3,15.73,18.2,CRITICAL_SLOPE_MOVEMENT
TEL-00757,SEG-14,2026-08-31T20:15:26.400214,3.089,81.5,74.2,10.3,16.65,21.0,CRITICAL_SLOPE_MOVEMENT
TEL-00758,SEG-05,2026-08-31T20:17:50.400214,2.52,60.3,40.7,11.4,15.15,16.5,CRITICAL_SLOPE_MOVEMENT
TEL-00759,SEG-05,2026-08-31T20:20:14.400214,2.297,80.6,48.0,10.8,18.29,27.5,CRITICAL_SLOPE_MOVEMENT
TEL-00760,SEG-05,2026-08-31T20:22:38.400214,0.781,71.0,37.3,4.9,7.55,26.5,CRITICAL_SLOPE_MOVEMENT
TEL-00761,SEG-06,2026-08-31T20:25:02.400214,3.207,23.3,41.4,36.6,0.76,23.8,CRITICAL_SLOPE_MOVEMENT
TEL-00762,SEG-07,2026-08-31T20:27:26.400214,3.34,16.7,66.5,25.6,7.88,18.6,CRITICAL_SLOPE_MOVEMENT
TEL-00763,SEG-04,2026-08-31T20:29:50.400214,1.74,83.5,37.6,31.5,11.04,23.1,CRITICAL_SLOPE_MOVEMENT
TEL-00764,SEG-14,2026-08-31T20:32:14.400214,0.917,40.3,57.8,37.6,4.43,16.3,STABLE_NOMINAL
TEL-00765,SEG-13,2026-08-31T20:34:38.400214,1.178,40.8,30.5,39.9,18.49,26.1,CRITICAL_SLOPE_MOVEMENT
TEL-00766,SEG-05,2026-08-31T20:37:02.400214,3.515,40.2,44.4,1.2,7.15,18.3,CRITICAL_SLOPE_MOVEMENT
TEL-00767,SEG-09,2026-08-31T20:39:26.400214,0.827,63.1,67.7,36.0,13.66,26.9,CRITICAL_SLOPE_MOVEMENT
TEL-00768,SEG-02,2026-08-31T20:41:50.400214,3.397,42.8,37.6,30.7,4.96,27.1,CRITICAL_SLOPE_MOVEMENT
TEL-00769,SEG-02,2026-08-31T20:44:14.400214,0.712,38.5,70.2,17.0,5.02,17.7,WARNING_ELEVATED_PORE_PRESSURE
TEL-00770,SEG-03,2026-08-31T20:46:38.400214,1.838,37.1,76.7,20.5,2.9,21.8,STABLE_NOMINAL
TEL-00771,SEG-01,2026-08-31T20:49:02.400214,2.19,61.9,46.4,8.8,1.9,14.4,WARNING_ELEVATED_PORE_PRESSURE
TEL-00772,SEG-12,2026-08-31T20:51:26.400214,1.213,23.2,70.6,29.1,8.0,26.6,WARNING_ELEVATED_PORE_PRESSURE
TEL-00773,SEG-05,2026-08-31T20:53:50.400214,0.728,38.0,42.3,44.0,3.63,28.3,STABLE_NOMINAL
TEL-00774,SEG-07,2026-08-31T20:56:14.400214,3.396,19.3,74.3,27.4,1.67,19.7,CRITICAL_SLOPE_MOVEMENT
TEL-00775,SEG-06,2026-08-31T20:58:38.400214,0.209,71.1,45.7,5.9,17.98,24.3,CRITICAL_SLOPE_MOVEMENT
TEL-00776,SEG-08,2026-08-31T21:01:02.400214,3.029,54.4,53.2,4.0,9.37,14.5,CRITICAL_SLOPE_MOVEMENT
TEL-00777,SEG-10,2026-08-31T21:03:26.400214,0.797,34.2,51.9,24.2,10.27,16.2,WARNING_ELEVATED_PORE_PRESSURE
TEL-00778,SEG-02,2026-08-31T21:05:50.400214,3.634,19.1,63.0,0.7,9.14,24.4,CRITICAL_SLOPE_MOVEMENT
TEL-00779,SEG-06,2026-08-31T21:08:14.400214,0.24,52.1,74.8,14.6,17.3,18.9,CRITICAL_SLOPE_MOVEMENT
TEL-00780,SEG-01,2026-08-31T21:10:38.400214,2.134,34.0,72.0,43.0,0.27,26.5,STABLE_NOMINAL
TEL-00781,SEG-08,2026-08-31T21:13:02.400214,2.349,58.2,45.9,14.1,6.93,22.1,WARNING_ELEVATED_PORE_PRESSURE
TEL-00782,SEG-11,2026-08-31T21:15:26.400214,1.35,17.7,30.4,12.3,8.85,16.0,WARNING_ELEVATED_PORE_PRESSURE
TEL-00783,SEG-12,2026-08-31T21:17:50.400214,4.034,21.6,68.1,25.7,13.29,27.9,CRITICAL_SLOPE_MOVEMENT
TEL-00784,SEG-06,2026-08-31T21:20:14.400214,3.587,78.0,64.6,2.8,1.82,17.7,CRITICAL_SLOPE_MOVEMENT
TEL-00785,SEG-09,2026-08-31T21:22:38.400214,0.671,46.4,62.9,15.2,11.51,14.3,WARNING_ELEVATED_PORE_PRESSURE
TEL-00786,SEG-05,2026-08-31T21:25:02.400214,1.859,70.1,65.8,18.2,5.37,14.8,CRITICAL_SLOPE_MOVEMENT
TEL-00787,SEG-12,2026-08-31T21:27:26.400214,2.219,46.1,56.0,11.4,6.79,28.3,WARNING_ELEVATED_PORE_PRESSURE
TEL-00788,SEG-15,2026-08-31T21:29:50.400214,3.875,57.4,49.7,37.0,2.31,15.5,CRITICAL_SLOPE_MOVEMENT
TEL-00789,SEG-06,2026-08-31T21:32:14.400214,3.887,51.3,70.7,44.5,6.05,27.2,CRITICAL_SLOPE_MOVEMENT
TEL-00790,SEG-12,2026-08-31T21:34:38.400214,1.966,28.9,30.1,38.6,6.36,18.7,WARNING_ELEVATED_PORE_PRESSURE
TEL-00791,SEG-07,2026-08-31T21:37:02.400214,1.455,17.5,31.5,16.3,2.9,19.4,STABLE_NOMINAL
TEL-00792,SEG-06,2026-08-31T21:39:26.400214,3.438,19.6,53.5,1.6,6.88,16.7,CRITICAL_SLOPE_MOVEMENT
TEL-00793,SEG-16,2026-08-31T21:41:50.400214,3.329,50.5,41.7,0.3,3.33,24.2,CRITICAL_SLOPE_MOVEMENT
TEL-00794,SEG-04,2026-08-31T21:44:14.400214,4.196,52.4,49.5,6.1,16.05,17.8,CRITICAL_SLOPE_MOVEMENT
TEL-00795,SEG-15,2026-08-31T21:46:38.400214,1.01,23.3,44.2,17.8,13.61,23.6,CRITICAL_SLOPE_MOVEMENT
TEL-00796,SEG-09,2026-08-31T21:49:02.400214,4.092,34.5,36.8,23.4,15.1,20.6,CRITICAL_SLOPE_MOVEMENT
TEL-00797,SEG-07,2026-08-31T21:51:26.400214,3.634,75.9,63.0,29.5,1.59,15.6,CRITICAL_SLOPE_MOVEMENT
TEL-00798,SEG-15,2026-08-31T21:53:50.400214,1.195,79.8,25.5,28.5,3.36,15.2,CRITICAL_SLOPE_MOVEMENT
TEL-00799,SEG-03,2026-08-31T21:56:14.400214,0.186,80.0,48.3,29.8,7.77,23.9,CRITICAL_SLOPE_MOVEMENT
TEL-00800,SEG-03,2026-08-31T21:58:38.400214,2.127,30.7,51.8,29.3,2.77,17.7,STABLE_NOMINAL
TEL-00801,SEG-16,2026-08-31T22:01:02.400214,1.513,64.3,26.3,25.7,8.21,28.7,WARNING_ELEVATED_PORE_PRESSURE
TEL-00802,SEG-16,2026-08-31T22:03:26.400214,4.132,72.6,52.8,1.9,2.34,25.1,CRITICAL_SLOPE_MOVEMENT
TEL-00803,SEG-04,2026-08-31T22:05:50.400214,2.853,41.4,48.6,30.2,17.03,14.7,CRITICAL_SLOPE_MOVEMENT
TEL-00804,SEG-04,2026-08-31T22:08:14.400214,1.862,32.4,39.3,0.7,11.37,14.4,WARNING_ELEVATED_PORE_PRESSURE
TEL-00805,SEG-05,2026-08-31T22:10:38.400214,1.26,82.8,76.7,44.3,13.32,16.4,CRITICAL_SLOPE_MOVEMENT
TEL-00806,SEG-16,2026-08-31T22:13:02.400214,2.53,39.7,35.3,10.4,12.54,20.9,CRITICAL_SLOPE_MOVEMENT
TEL-00807,SEG-06,2026-08-31T22:15:26.400214,2.414,61.9,33.8,22.4,2.55,16.7,WARNING_ELEVATED_PORE_PRESSURE
TEL-00808,SEG-14,2026-08-31T22:17:50.400214,1.327,28.8,46.1,11.0,13.03,14.3,CRITICAL_SLOPE_MOVEMENT
TEL-00809,SEG-03,2026-08-31T22:20:14.400214,2.611,57.8,74.9,32.1,12.84,22.0,CRITICAL_SLOPE_MOVEMENT
TEL-00810,SEG-16,2026-08-31T22:22:38.400214,4.003,69.6,50.5,25.5,14.63,26.7,CRITICAL_SLOPE_MOVEMENT
TEL-00811,SEG-07,2026-08-31T22:25:02.400214,2.919,63.2,47.5,22.5,3.68,27.7,WARNING_ELEVATED_PORE_PRESSURE
TEL-00812,SEG-01,2026-08-31T22:27:26.400214,1.228,21.6,60.5,41.6,14.42,26.1,CRITICAL_SLOPE_MOVEMENT
TEL-00813,SEG-11,2026-08-31T22:29:50.400214,1.944,18.3,66.1,33.5,6.97,16.8,WARNING_ELEVATED_PORE_PRESSURE
TEL-00814,SEG-10,2026-08-31T22:32:14.400214,2.523,59.5,42.3,12.4,2.77,27.9,WARNING_ELEVATED_PORE_PRESSURE
TEL-00815,SEG-02,2026-08-31T22:34:38.400214,3.01,76.9,59.7,17.4,16.39,26.5,CRITICAL_SLOPE_MOVEMENT
TEL-00816,SEG-12,2026-08-31T22:37:02.400214,3.488,36.5,67.8,0.3,11.02,22.4,CRITICAL_SLOPE_MOVEMENT
TEL-00817,SEG-14,2026-08-31T22:39:26.400214,1.317,33.6,29.0,21.9,2.92,25.2,STABLE_NOMINAL
TEL-00818,SEG-10,2026-08-31T22:41:50.400214,3.485,26.6,36.4,42.3,3.06,27.8,CRITICAL_SLOPE_MOVEMENT
TEL-00819,SEG-15,2026-08-31T22:44:14.400214,2.548,50.4,47.6,11.3,17.21,26.9,CRITICAL_SLOPE_MOVEMENT
TEL-00820,SEG-07,2026-08-31T22:46:38.400214,0.142,81.6,45.8,34.2,13.89,18.4,CRITICAL_SLOPE_MOVEMENT
TEL-00821,SEG-11,2026-08-31T22:49:02.400214,3.166,76.1,73.2,29.0,7.59,24.2,CRITICAL_SLOPE_MOVEMENT
TEL-00822,SEG-11,2026-08-31T22:51:26.400214,1.119,37.9,57.4,27.9,13.15,25.0,CRITICAL_SLOPE_MOVEMENT
TEL-00823,SEG-08,2026-08-31T22:53:50.400214,4.14,57.5,56.0,11.7,13.42,17.7,CRITICAL_SLOPE_MOVEMENT
TEL-00824,SEG-14,2026-08-31T22:56:14.400214,1.837,41.4,26.4,26.8,17.95,17.2,CRITICAL_SLOPE_MOVEMENT
TEL-00825,SEG-14,2026-08-31T22:58:38.400214,3.656,64.0,48.5,0.9,6.09,25.3,CRITICAL_SLOPE_MOVEMENT
TEL-00826,SEG-15,2026-08-31T23:01:02.400214,2.661,66.4,76.4,14.8,12.83,15.3,CRITICAL_SLOPE_MOVEMENT
TEL-00827,SEG-15,2026-08-31T23:03:26.400214,1.545,63.3,57.3,6.5,6.27,28.3,WARNING_ELEVATED_PORE_PRESSURE
TEL-00828,SEG-12,2026-08-31T23:05:50.400214,2.427,30.8,30.4,35.1,9.08,16.9,WARNING_ELEVATED_PORE_PRESSURE
TEL-00829,SEG-14,2026-08-31T23:08:14.400214,2.623,64.4,58.8,15.6,7.76,22.5,WARNING_ELEVATED_PORE_PRESSURE
TEL-00830,SEG-03,2026-08-31T23:10:38.400214,3.293,81.8,64.6,0.9,16.17,14.5,CRITICAL_SLOPE_MOVEMENT
TEL-00831,SEG-15,2026-08-31T23:13:02.400214,2.87,27.0,64.1,16.5,1.74,17.2,STABLE_NOMINAL
TEL-00832,SEG-13,2026-08-31T23:15:26.400214,3.337,59.7,56.4,12.9,13.51,24.9,CRITICAL_SLOPE_MOVEMENT
TEL-00833,SEG-01,2026-08-31T23:17:50.400214,2.622,55.6,35.4,12.6,7.32,18.6,WARNING_ELEVATED_PORE_PRESSURE
TEL-00834,SEG-05,2026-08-31T23:20:14.400214,1.741,69.7,66.7,31.4,9.71,20.5,WARNING_ELEVATED_PORE_PRESSURE
TEL-00835,SEG-14,2026-08-31T23:22:38.400214,2.744,78.8,55.2,40.0,17.76,15.0,CRITICAL_SLOPE_MOVEMENT
TEL-00836,SEG-08,2026-08-31T23:25:02.400214,1.367,79.2,38.3,21.9,4.38,25.1,CRITICAL_SLOPE_MOVEMENT
TEL-00837,SEG-07,2026-08-31T23:27:26.400214,1.933,73.8,34.2,18.8,7.68,14.3,CRITICAL_SLOPE_MOVEMENT
TEL-00838,SEG-10,2026-08-31T23:29:50.400214,3.566,65.5,50.9,15.8,4.26,19.0,CRITICAL_SLOPE_MOVEMENT
TEL-00839,SEG-02,2026-08-31T23:32:14.400214,1.527,39.5,35.7,11.0,14.74,26.8,CRITICAL_SLOPE_MOVEMENT
TEL-00840,SEG-06,2026-08-31T23:34:38.400214,3.895,32.5,39.2,10.2,6.17,20.5,CRITICAL_SLOPE_MOVEMENT
TEL-00841,SEG-02,2026-08-31T23:37:02.400214,3.734,62.6,71.7,0.2,17.53,21.2,CRITICAL_SLOPE_MOVEMENT
TEL-00842,SEG-07,2026-08-31T23:39:26.400214,0.867,23.1,32.6,36.4,8.97,26.9,WARNING_ELEVATED_PORE_PRESSURE
TEL-00843,SEG-11,2026-08-31T23:41:50.400214,1.738,21.3,42.3,5.3,12.57,24.4,CRITICAL_SLOPE_MOVEMENT
TEL-00844,SEG-08,2026-08-31T23:44:14.400214,4.036,24.6,74.5,13.2,14.59,25.3,CRITICAL_SLOPE_MOVEMENT
TEL-00845,SEG-12,2026-08-31T23:46:38.400214,0.89,55.5,48.2,12.4,15.82,28.2,CRITICAL_SLOPE_MOVEMENT
TEL-00846,SEG-04,2026-08-31T23:49:02.400214,3.859,84.4,58.2,16.9,5.9,25.6,CRITICAL_SLOPE_MOVEMENT
TEL-00847,SEG-04,2026-08-31T23:51:26.400214,0.591,33.3,55.5,5.3,4.86,19.1,STABLE_NOMINAL
TEL-00848,SEG-05,2026-08-31T23:53:50.400214,4.119,53.8,77.6,29.4,4.2,19.4,CRITICAL_SLOPE_MOVEMENT
TEL-00849,SEG-07,2026-08-31T23:56:14.400214,2.49,68.3,40.2,23.3,9.24,28.7,WARNING_ELEVATED_PORE_PRESSURE
TEL-00850,SEG-05,2026-08-31T23:58:38.400214,3.695,61.4,44.3,5.0,1.87,26.5,CRITICAL_SLOPE_MOVEMENT
TEL-00851,SEG-07,2026-09-01T00:01:02.400214,0.464,66.8,56.3,35.0,3.34,24.9,WARNING_ELEVATED_PORE_PRESSURE
TEL-00852,SEG-16,2026-09-01T00:03:26.400214,2.286,83.3,57.0,12.4,18.0,20.7,CRITICAL_SLOPE_MOVEMENT
TEL-00853,SEG-02,2026-09-01T00:05:50.400214,1.995,64.1,43.0,28.3,15.45,16.1,CRITICAL_SLOPE_MOVEMENT
TEL-00854,SEG-13,2026-09-01T00:08:14.400214,3.057,49.9,30.5,11.2,3.63,21.3,CRITICAL_SLOPE_MOVEMENT
TEL-00855,SEG-08,2026-09-01T00:10:38.400214,1.605,59.8,57.0,44.0,5.13,22.6,WARNING_ELEVATED_PORE_PRESSURE
TEL-00856,SEG-14,2026-09-01T00:13:02.400214,1.097,67.1,36.6,39.7,0.75,24.4,WARNING_ELEVATED_PORE_PRESSURE
TEL-00857,SEG-09,2026-09-01T00:15:26.400214,2.044,61.3,56.4,22.3,8.5,27.3,WARNING_ELEVATED_PORE_PRESSURE
TEL-00858,SEG-02,2026-09-01T00:17:50.400214,2.097,54.9,48.9,14.9,9.33,19.1,WARNING_ELEVATED_PORE_PRESSURE
TEL-00859,SEG-03,2026-09-01T00:20:14.400214,3.461,57.2,61.2,2.9,13.87,28.6,CRITICAL_SLOPE_MOVEMENT
TEL-00860,SEG-05,2026-09-01T00:22:38.400214,2.576,39.5,28.6,17.0,8.52,17.8,WARNING_ELEVATED_PORE_PRESSURE
TEL-00861,SEG-12,2026-09-01T00:25:02.400214,1.551,21.1,44.0,7.4,10.64,21.0,WARNING_ELEVATED_PORE_PRESSURE
TEL-00862,SEG-04,2026-09-01T00:27:26.400214,3.561,84.4,27.3,5.6,0.62,17.2,CRITICAL_SLOPE_MOVEMENT
TEL-00863,SEG-15,2026-09-01T00:29:50.400214,3.98,65.4,51.2,26.1,1.55,19.0,CRITICAL_SLOPE_MOVEMENT
TEL-00864,SEG-13,2026-09-01T00:32:14.400214,2.646,67.4,63.9,6.6,2.76,17.9,WARNING_ELEVATED_PORE_PRESSURE
TEL-00865,SEG-07,2026-09-01T00:34:38.400214,3.389,37.2,54.6,6.2,13.46,18.2,CRITICAL_SLOPE_MOVEMENT
TEL-00866,SEG-01,2026-09-01T00:37:02.400214,1.571,43.8,55.0,28.1,1.27,25.1,STABLE_NOMINAL
TEL-00867,SEG-06,2026-09-01T00:39:26.400214,1.99,22.3,69.2,17.3,14.76,27.7,CRITICAL_SLOPE_MOVEMENT
TEL-00868,SEG-12,2026-09-01T00:41:50.400214,2.426,75.9,35.4,1.5,14.21,21.3,CRITICAL_SLOPE_MOVEMENT
TEL-00869,SEG-06,2026-09-01T00:44:14.400214,2.966,62.7,60.7,25.6,17.79,23.0,CRITICAL_SLOPE_MOVEMENT
TEL-00870,SEG-10,2026-09-01T00:46:38.400214,2.075,38.0,67.8,25.9,0.91,18.9,STABLE_NOMINAL
TEL-00871,SEG-12,2026-09-01T00:49:02.400214,2.056,41.7,43.0,13.7,1.82,24.3,STABLE_NOMINAL
TEL-00872,SEG-06,2026-09-01T00:51:26.400214,2.699,62.8,52.8,18.4,16.96,24.5,CRITICAL_SLOPE_MOVEMENT
TEL-00873,SEG-03,2026-09-01T00:53:50.400214,1.305,44.8,61.6,42.4,14.05,21.3,CRITICAL_SLOPE_MOVEMENT
TEL-00874,SEG-03,2026-09-01T00:56:14.400214,0.172,80.3,68.2,21.3,14.01,25.8,CRITICAL_SLOPE_MOVEMENT
TEL-00875,SEG-14,2026-09-01T00:58:38.400214,3.164,73.1,43.0,23.7,15.0,23.8,CRITICAL_SLOPE_MOVEMENT
TEL-00876,SEG-14,2026-09-01T01:01:02.400214,1.319,32.3,76.6,45.0,2.46,24.1,STABLE_NOMINAL
TEL-00877,SEG-10,2026-09-01T01:03:26.400214,3.557,80.0,65.1,40.9,15.04,25.5,CRITICAL_SLOPE_MOVEMENT
TEL-00878,SEG-05,2026-09-01T01:05:50.400214,1.801,26.0,28.8,21.1,9.5,20.9,WARNING_ELEVATED_PORE_PRESSURE
TEL-00879,SEG-04,2026-09-01T01:08:14.400214,3.809,51.4,32.0,17.1,14.93,22.8,CRITICAL_SLOPE_MOVEMENT
TEL-00880,SEG-05,2026-09-01T01:10:38.400214,2.527,18.0,51.2,1.4,3.75,28.1,STABLE_NOMINAL
TEL-00881,SEG-16,2026-09-01T01:13:02.400214,3.103,48.5,42.9,3.4,11.23,16.5,CRITICAL_SLOPE_MOVEMENT
TEL-00882,SEG-12,2026-09-01T01:15:26.400214,1.794,38.3,31.3,19.4,14.8,23.4,CRITICAL_SLOPE_MOVEMENT
TEL-00883,SEG-11,2026-09-01T01:17:50.400214,2.086,59.3,41.5,24.9,7.47,28.8,WARNING_ELEVATED_PORE_PRESSURE
TEL-00884,SEG-04,2026-09-01T01:20:14.400214,3.116,45.8,25.8,1.9,4.04,16.6,CRITICAL_SLOPE_MOVEMENT
TEL-00885,SEG-12,2026-09-01T01:22:38.400214,0.543,82.7,58.1,19.5,10.21,19.4,CRITICAL_SLOPE_MOVEMENT
TEL-00886,SEG-01,2026-09-01T01:25:02.400214,0.437,80.0,58.3,32.5,17.49,18.8,CRITICAL_SLOPE_MOVEMENT
TEL-00887,SEG-07,2026-09-01T01:27:26.400214,0.335,23.5,38.3,5.8,6.49,28.4,WARNING_ELEVATED_PORE_PRESSURE
TEL-00888,SEG-10,2026-09-01T01:29:50.400214,0.787,28.8,51.5,3.9,13.84,24.8,CRITICAL_SLOPE_MOVEMENT
TEL-00889,SEG-15,2026-09-01T01:32:14.400214,1.333,49.2,44.6,9.2,13.29,23.8,CRITICAL_SLOPE_MOVEMENT
TEL-00890,SEG-10,2026-09-01T01:34:38.400214,0.494,58.3,25.1,2.1,0.18,16.8,WARNING_ELEVATED_PORE_PRESSURE
TEL-00891,SEG-15,2026-09-01T01:37:02.400214,4.1,55.5,33.9,31.0,11.6,24.0,CRITICAL_SLOPE_MOVEMENT
TEL-00892,SEG-16,2026-09-01T01:39:26.400214,1.63,65.5,52.9,29.0,8.32,18.2,WARNING_ELEVATED_PORE_PRESSURE
TEL-00893,SEG-06,2026-09-01T01:41:50.400214,0.486,69.5,67.5,13.1,18.26,18.7,CRITICAL_SLOPE_MOVEMENT
TEL-00894,SEG-10,2026-09-01T01:44:14.400214,1.326,40.6,61.5,42.8,16.08,24.3,CRITICAL_SLOPE_MOVEMENT
TEL-00895,SEG-11,2026-09-01T01:46:38.400214,2.906,66.1,43.5,21.7,14.24,17.4,CRITICAL_SLOPE_MOVEMENT
TEL-00896,SEG-10,2026-09-01T01:49:02.400214,3.393,54.2,47.6,15.7,5.98,17.8,CRITICAL_SLOPE_MOVEMENT
TEL-00897,SEG-16,2026-09-01T01:51:26.400214,0.236,84.9,68.5,44.3,3.43,15.6,CRITICAL_SLOPE_MOVEMENT
TEL-00898,SEG-10,2026-09-01T01:53:50.400214,1.45,55.9,73.8,35.9,2.49,27.1,WARNING_ELEVATED_PORE_PRESSURE
TEL-00899,SEG-07,2026-09-01T01:56:14.400214,1.585,75.5,33.4,5.1,5.31,24.6,CRITICAL_SLOPE_MOVEMENT
TEL-00900,SEG-09,2026-09-01T01:58:38.400214,0.816,71.0,28.5,2.2,2.71,18.4,CRITICAL_SLOPE_MOVEMENT
TEL-00901,SEG-03,2026-09-01T02:01:02.400214,2.315,79.6,41.9,38.5,9.68,25.3,CRITICAL_SLOPE_MOVEMENT
TEL-00902,SEG-02,2026-09-01T02:03:26.400214,1.213,27.6,43.1,12.8,16.69,21.9,CRITICAL_SLOPE_MOVEMENT
TEL-00903,SEG-16,2026-09-01T02:05:50.400214,0.189,46.4,38.3,16.3,8.27,24.3,WARNING_ELEVATED_PORE_PRESSURE
TEL-00904,SEG-05,2026-09-01T02:08:14.400214,0.663,21.1,36.3,4.7,2.39,27.9,STABLE_NOMINAL
TEL-00905,SEG-04,2026-09-01T02:10:38.400214,0.689,59.3,64.5,0.6,16.45,19.9,CRITICAL_SLOPE_MOVEMENT
TEL-00906,SEG-12,2026-09-01T02:13:02.400214,1.097,56.0,36.3,6.1,16.81,15.0,CRITICAL_SLOPE_MOVEMENT
TEL-00907,SEG-14,2026-09-01T02:15:26.400214,3.958,80.5,27.5,34.8,16.25,18.7,CRITICAL_SLOPE_MOVEMENT
TEL-00908,SEG-04,2026-09-01T02:17:50.400214,0.997,71.5,54.6,0.1,3.07,15.2,CRITICAL_SLOPE_MOVEMENT
TEL-00909,SEG-04,2026-09-01T02:20:14.400214,1.774,56.4,59.0,24.8,8.64,28.7,WARNING_ELEVATED_PORE_PRESSURE
TEL-00910,SEG-06,2026-09-01T02:22:38.400214,0.552,34.4,70.4,2.9,16.89,15.7,CRITICAL_SLOPE_MOVEMENT
TEL-00911,SEG-04,2026-09-01T02:25:02.400214,1.681,20.0,33.0,41.5,0.76,16.6,STABLE_NOMINAL
TEL-00912,SEG-03,2026-09-01T02:27:26.400214,2.521,22.0,65.6,22.5,6.07,24.7,WARNING_ELEVATED_PORE_PRESSURE
TEL-00913,SEG-16,2026-09-01T02:29:50.400214,0.102,33.2,65.4,40.4,5.85,27.2,WARNING_ELEVATED_PORE_PRESSURE
TEL-00914,SEG-14,2026-09-01T02:32:14.400214,0.115,34.8,34.9,22.9,10.16,15.5,WARNING_ELEVATED_PORE_PRESSURE
TEL-00915,SEG-02,2026-09-01T02:34:38.400214,1.057,18.1,62.9,1.0,6.85,28.8,WARNING_ELEVATED_PORE_PRESSURE
TEL-00916,SEG-15,2026-09-01T02:37:02.400214,3.253,56.4,66.1,32.2,9.38,22.8,CRITICAL_SLOPE_MOVEMENT
TEL-00917,SEG-02,2026-09-01T02:39:26.400214,4.192,75.7,38.9,4.1,9.91,28.7,CRITICAL_SLOPE_MOVEMENT
TEL-00918,SEG-12,2026-09-01T02:41:50.400214,0.749,69.6,39.0,12.1,9.41,14.1,WARNING_ELEVATED_PORE_PRESSURE
TEL-00919,SEG-02,2026-09-01T02:44:14.400214,2.061,64.1,60.5,33.5,12.42,27.0,CRITICAL_SLOPE_MOVEMENT
TEL-00920,SEG-02,2026-09-01T02:46:38.400214,2.749,71.3,31.8,41.0,18.0,23.3,CRITICAL_SLOPE_MOVEMENT
TEL-00921,SEG-08,2026-09-01T02:49:02.400214,0.42,30.1,52.2,26.4,4.73,14.5,STABLE_NOMINAL
TEL-00922,SEG-05,2026-09-01T02:51:26.400214,2.13,48.5,70.0,8.0,3.43,28.8,STABLE_NOMINAL
TEL-00923,SEG-02,2026-09-01T02:53:50.400214,2.209,84.3,53.1,19.5,5.23,15.0,CRITICAL_SLOPE_MOVEMENT
TEL-00924,SEG-02,2026-09-01T02:56:14.400214,3.573,50.9,76.1,26.6,1.61,28.7,CRITICAL_SLOPE_MOVEMENT
TEL-00925,SEG-16,2026-09-01T02:58:38.400214,3.383,25.3,52.9,16.6,13.34,17.0,CRITICAL_SLOPE_MOVEMENT
TEL-00926,SEG-14,2026-09-01T03:01:02.400214,3.168,61.1,61.3,26.8,2.53,23.8,CRITICAL_SLOPE_MOVEMENT
TEL-00927,SEG-14,2026-09-01T03:03:26.400214,2.922,45.3,72.9,29.3,10.2,27.4,WARNING_ELEVATED_PORE_PRESSURE
TEL-00928,SEG-01,2026-09-01T03:05:50.400214,2.733,83.6,45.1,30.3,17.39,28.2,CRITICAL_SLOPE_MOVEMENT
TEL-00929,SEG-06,2026-09-01T03:08:14.400214,2.855,50.0,41.9,10.6,3.29,19.8,STABLE_NOMINAL
TEL-00930,SEG-16,2026-09-01T03:10:38.400214,3.529,81.8,34.8,12.7,0.41,15.7,CRITICAL_SLOPE_MOVEMENT
TEL-00931,SEG-07,2026-09-01T03:13:02.400214,3.491,41.4,67.4,43.8,3.57,23.7,CRITICAL_SLOPE_MOVEMENT
TEL-00932,SEG-11,2026-09-01T03:15:26.400214,2.016,48.3,37.5,12.4,8.91,20.6,WARNING_ELEVATED_PORE_PRESSURE
TEL-00933,SEG-05,2026-09-01T03:17:50.400214,2.256,37.9,60.7,6.9,16.86,25.8,CRITICAL_SLOPE_MOVEMENT
TEL-00934,SEG-07,2026-09-01T03:20:14.400214,3.485,54.2,64.7,18.1,11.55,20.3,CRITICAL_SLOPE_MOVEMENT
TEL-00935,SEG-10,2026-09-01T03:22:38.400214,2.971,37.2,61.9,18.4,2.22,15.4,STABLE_NOMINAL
TEL-00936,SEG-06,2026-09-01T03:25:02.400214,3.37,82.1,77.4,39.0,16.78,17.7,CRITICAL_SLOPE_MOVEMENT
TEL-00937,SEG-04,2026-09-01T03:27:26.400214,1.116,24.3,28.3,4.5,12.7,27.9,CRITICAL_SLOPE_MOVEMENT
TEL-00938,SEG-06,2026-09-01T03:29:50.400214,1.15,50.0,53.5,35.0,6.38,27.8,WARNING_ELEVATED_PORE_PRESSURE
TEL-00939,SEG-12,2026-09-01T03:32:14.400214,0.7,63.0,53.9,6.3,9.52,20.2,WARNING_ELEVATED_PORE_PRESSURE
TEL-00940,SEG-08,2026-09-01T03:34:38.400214,2.365,21.6,63.3,9.1,8.81,19.7,WARNING_ELEVATED_PORE_PRESSURE
TEL-00941,SEG-12,2026-09-01T03:37:02.400214,1.333,53.1,62.1,19.4,15.17,26.1,CRITICAL_SLOPE_MOVEMENT
TEL-00942,SEG-05,2026-09-01T03:39:26.400214,2.641,25.7,57.8,39.1,7.74,18.3,WARNING_ELEVATED_PORE_PRESSURE
TEL-00943,SEG-15,2026-09-01T03:41:50.400214,1.145,78.0,39.8,26.7,5.92,27.4,CRITICAL_SLOPE_MOVEMENT
TEL-00944,SEG-10,2026-09-01T03:44:14.400214,2.272,56.1,47.5,22.2,5.76,19.1,WARNING_ELEVATED_PORE_PRESSURE
TEL-00945,SEG-07,2026-09-01T03:46:38.400214,2.294,22.6,56.2,1.5,7.75,27.3,WARNING_ELEVATED_PORE_PRESSURE
TEL-00946,SEG-05,2026-09-01T03:49:02.400214,0.318,74.6,66.3,43.3,10.99,16.4,CRITICAL_SLOPE_MOVEMENT
TEL-00947,SEG-03,2026-09-01T03:51:26.400214,2.304,69.5,43.8,0.8,16.36,20.8,CRITICAL_SLOPE_MOVEMENT
TEL-00948,SEG-16,2026-09-01T03:53:50.400214,1.256,27.6,53.3,28.1,9.29,19.8,WARNING_ELEVATED_PORE_PRESSURE
TEL-00949,SEG-14,2026-09-01T03:56:14.400214,0.486,73.2,73.1,12.9,13.42,25.8,CRITICAL_SLOPE_MOVEMENT
TEL-00950,SEG-13,2026-09-01T03:58:38.400214,3.382,28.6,49.4,11.4,4.53,22.3,CRITICAL_SLOPE_MOVEMENT
TEL-00951,SEG-08,2026-09-01T04:01:02.400214,1.756,63.2,63.7,8.0,6.44,28.0,WARNING_ELEVATED_PORE_PRESSURE
TEL-00952,SEG-02,2026-09-01T04:03:26.400214,0.952,84.3,41.8,15.7,6.06,25.5,CRITICAL_SLOPE_MOVEMENT
TEL-00953,SEG-11,2026-09-01T04:05:50.400214,3.674,34.3,36.5,40.1,14.29,17.0,CRITICAL_SLOPE_MOVEMENT
TEL-00954,SEG-07,2026-09-01T04:08:14.400214,2.745,74.1,57.5,14.0,14.64,27.8,CRITICAL_SLOPE_MOVEMENT
TEL-00955,SEG-13,2026-09-01T04:10:38.400214,1.021,39.2,38.6,13.2,11.79,24.3,WARNING_ELEVATED_PORE_PRESSURE
TEL-00956,SEG-07,2026-09-01T04:13:02.400214,3.032,33.1,38.6,7.3,3.64,26.6,CRITICAL_SLOPE_MOVEMENT
TEL-00957,SEG-15,2026-09-01T04:15:26.400214,3.429,28.3,66.2,19.4,11.72,20.2,CRITICAL_SLOPE_MOVEMENT
TEL-00958,SEG-10,2026-09-01T04:17:50.400214,1.911,35.1,55.3,25.0,9.5,16.3,WARNING_ELEVATED_PORE_PRESSURE
TEL-00959,SEG-05,2026-09-01T04:20:14.400214,3.295,78.4,67.4,44.6,1.12,27.4,CRITICAL_SLOPE_MOVEMENT
TEL-00960,SEG-09,2026-09-01T04:22:38.400214,0.3,81.3,72.5,37.5,7.22,28.3,CRITICAL_SLOPE_MOVEMENT
TEL-00961,SEG-15,2026-09-01T04:25:02.400214,3.245,56.9,77.0,4.6,6.87,20.0,CRITICAL_SLOPE_MOVEMENT
TEL-00962,SEG-02,2026-09-01T04:27:26.400214,0.895,26.2,59.3,14.0,13.37,24.5,CRITICAL_SLOPE_MOVEMENT
TEL-00963,SEG-08,2026-09-01T04:29:50.400214,2.463,65.8,38.5,32.2,8.87,25.0,WARNING_ELEVATED_PORE_PRESSURE
TEL-00964,SEG-02,2026-09-01T04:32:14.400214,3.321,57.1,75.2,25.2,4.84,23.6,CRITICAL_SLOPE_MOVEMENT
TEL-00965,SEG-16,2026-09-01T04:34:38.400214,4.021,37.9,27.4,15.1,9.21,23.4,CRITICAL_SLOPE_MOVEMENT
TEL-00966,SEG-16,2026-09-01T04:37:02.400214,2.439,32.9,46.2,5.5,16.76,17.6,CRITICAL_SLOPE_MOVEMENT
TEL-00967,SEG-09,2026-09-01T04:39:26.400214,0.777,60.1,74.2,40.8,7.0,18.2,WARNING_ELEVATED_PORE_PRESSURE
TEL-00968,SEG-07,2026-09-01T04:41:50.400214,0.504,82.2,39.6,8.4,8.52,25.4,CRITICAL_SLOPE_MOVEMENT
TEL-00969,SEG-03,2026-09-01T04:44:14.400214,1.365,41.9,56.3,25.4,1.19,21.8,STABLE_NOMINAL
TEL-00970,SEG-10,2026-09-01T04:46:38.400214,3.828,15.6,55.4,12.7,6.65,14.9,CRITICAL_SLOPE_MOVEMENT
TEL-00971,SEG-05,2026-09-01T04:49:02.400214,0.439,82.1,26.3,27.6,15.54,14.9,CRITICAL_SLOPE_MOVEMENT
TEL-00972,SEG-11,2026-09-01T04:51:26.400214,0.733,77.3,55.1,31.9,6.75,26.8,CRITICAL_SLOPE_MOVEMENT
TEL-00973,SEG-10,2026-09-01T04:53:50.400214,1.13,25.0,52.2,9.2,2.42,19.8,STABLE_NOMINAL
TEL-00974,SEG-12,2026-09-01T04:56:14.400214,3.951,49.2,31.8,42.7,16.14,23.7,CRITICAL_SLOPE_MOVEMENT
TEL-00975,SEG-06,2026-09-01T04:58:38.400214,0.388,78.3,25.8,37.0,8.77,21.1,CRITICAL_SLOPE_MOVEMENT
TEL-00976,SEG-05,2026-09-01T05:01:02.400214,4.062,52.2,58.6,38.9,8.04,20.4,CRITICAL_SLOPE_MOVEMENT
TEL-00977,SEG-16,2026-09-01T05:03:26.400214,2.831,44.4,68.1,6.7,2.03,21.2,STABLE_NOMINAL
TEL-00978,SEG-02,2026-09-01T05:05:50.400214,2.861,52.3,30.3,43.9,5.98,28.5,WARNING_ELEVATED_PORE_PRESSURE
TEL-00979,SEG-13,2026-09-01T05:08:14.400214,1.754,43.2,71.4,41.8,1.33,28.7,STABLE_NOMINAL
TEL-00980,SEG-04,2026-09-01T05:10:38.400214,0.569,34.5,72.5,35.0,16.52,15.2,CRITICAL_SLOPE_MOVEMENT
TEL-00981,SEG-13,2026-09-01T05:13:02.400214,0.51,27.0,56.1,0.7,4.01,28.6,STABLE_NOMINAL
TEL-00982,SEG-14,2026-09-01T05:15:26.400214,2.916,36.4,71.9,19.1,6.94,23.9,WARNING_ELEVATED_PORE_PRESSURE
TEL-00983,SEG-09,2026-09-01T05:17:50.400214,0.346,73.6,72.0,17.7,17.14,16.6,CRITICAL_SLOPE_MOVEMENT
TEL-00984,SEG-16,2026-09-01T05:20:14.400214,4.02,15.6,77.1,15.0,17.56,28.5,CRITICAL_SLOPE_MOVEMENT
TEL-00985,SEG-06,2026-09-01T05:22:38.400214,3.27,63.8,33.6,10.4,4.04,26.7,CRITICAL_SLOPE_MOVEMENT
TEL-00986,SEG-07,2026-09-01T05:25:02.400214,3.51,38.7,37.5,12.5,10.53,25.4,CRITICAL_SLOPE_MOVEMENT
TEL-00987,SEG-01,2026-09-01T05:27:26.400214,2.272,47.4,39.6,11.3,18.43,23.1,CRITICAL_SLOPE_MOVEMENT
TEL-00988,SEG-09,2026-09-01T05:29:50.400214,3.87,79.1,61.1,15.6,16.15,28.0,CRITICAL_SLOPE_MOVEMENT
TEL-00989,SEG-06,2026-09-01T05:32:14.400214,3.119,39.0,50.8,38.6,4.91,28.3,CRITICAL_SLOPE_MOVEMENT
TEL-00990,SEG-04,2026-09-01T05:34:38.400214,3.618,71.0,68.2,4.0,16.31,23.2,CRITICAL_SLOPE_MOVEMENT
TEL-00991,SEG-15,2026-09-01T05:37:02.400214,3.303,73.3,46.6,13.1,9.94,24.6,CRITICAL_SLOPE_MOVEMENT
TEL-00992,SEG-14,2026-09-01T05:39:26.400214,3.451,65.9,43.2,5.7,2.5,15.9,CRITICAL_SLOPE_MOVEMENT
TEL-00993,SEG-04,2026-09-01T05:41:50.400214,2.254,51.8,27.7,41.7,17.68,28.5,CRITICAL_SLOPE_MOVEMENT
TEL-00994,SEG-01,2026-09-01T05:44:14.400214,0.326,38.4,53.1,34.5,5.98,23.7,WARNING_ELEVATED_PORE_PRESSURE
TEL-00995,SEG-15,2026-09-01T05:46:38.400214,1.589,35.2,45.0,16.7,4.4,21.1,STABLE_NOMINAL
TEL-00996,SEG-09,2026-09-01T05:49:02.400214,0.418,52.4,59.9,38.1,1.89,27.1,WARNING_ELEVATED_PORE_PRESSURE
TEL-00997,SEG-16,2026-09-01T05:51:26.400214,4.102,41.7,50.5,4.6,9.1,15.4,CRITICAL_SLOPE_MOVEMENT
TEL-00998,SEG-03,2026-09-01T05:53:50.400214,0.661,43.6,45.2,25.1,7.64,21.7,WARNING_ELEVATED_PORE_PRESSURE
TEL-00999,SEG-13,2026-09-01T05:56:14.400214,1.659,84.5,44.7,19.2,17.92,20.5,CRITICAL_SLOPE_MOVEMENT
TEL-01000,SEG-16,2026-09-01T05:58:38.400214,1.962,18.5,32.8,13.3,17.6,22.8,CRITICAL_SLOPE_MOVEMENT
TEL-01001,SEG-16,2026-09-01T06:01:02.400214,0.808,83.7,77.9,4.4,1.95,17.7,CRITICAL_SLOPE_MOVEMENT
TEL-01002,SEG-09,2026-09-01T06:03:26.400214,2.399,72.5,33.5,32.2,9.64,26.1,CRITICAL_SLOPE_MOVEMENT
TEL-01003,SEG-01,2026-09-01T06:05:50.400214,2.375,46.1,41.3,27.7,1.97,16.2,STABLE_NOMINAL
TEL-01004,SEG-05,2026-09-01T06:08:14.400214,2.805,63.3,67.2,11.5,7.75,25.8,WARNING_ELEVATED_PORE_PRESSURE
TEL-01005,SEG-11,2026-09-01T06:10:38.400214,2.183,62.7,32.6,4.2,12.67,24.6,CRITICAL_SLOPE_MOVEMENT
TEL-01006,SEG-10,2026-09-01T06:13:02.400214,2.841,17.2,50.4,9.3,4.73,25.1,STABLE_NOMINAL
TEL-01007,SEG-13,2026-09-01T06:15:26.400214,1.596,48.7,69.6,0.6,1.14,15.0,STABLE_NOMINAL
TEL-01008,SEG-11,2026-09-01T06:17:50.400214,3.524,49.8,75.9,10.2,3.13,20.8,CRITICAL_SLOPE_MOVEMENT
TEL-01009,SEG-12,2026-09-01T06:20:14.400214,3.671,24.1,29.1,17.2,8.22,20.4,CRITICAL_SLOPE_MOVEMENT
TEL-01010,SEG-02,2026-09-01T06:22:38.400214,0.26,64.9,43.6,5.8,3.16,25.5,WARNING_ELEVATED_PORE_PRESSURE
TEL-01011,SEG-03,2026-09-01T06:25:02.400214,3.832,76.8,26.0,18.4,3.49,19.8,CRITICAL_SLOPE_MOVEMENT
TEL-01012,SEG-06,2026-09-01T06:27:26.400214,2.881,19.3,61.7,42.4,8.85,19.4,WARNING_ELEVATED_PORE_PRESSURE
TEL-01013,SEG-02,2026-09-01T06:29:50.400214,1.223,28.6,77.1,40.6,7.24,24.0,WARNING_ELEVATED_PORE_PRESSURE
TEL-01014,SEG-06,2026-09-01T06:32:14.400214,2.884,37.3,72.0,17.8,7.06,21.7,WARNING_ELEVATED_PORE_PRESSURE
TEL-01015,SEG-07,2026-09-01T06:34:38.400214,1.388,40.9,34.3,26.4,5.2,24.5,WARNING_ELEVATED_PORE_PRESSURE
TEL-01016,SEG-07,2026-09-01T06:37:02.400214,1.57,58.2,37.4,17.8,5.88,23.0,WARNING_ELEVATED_PORE_PRESSURE
TEL-01017,SEG-08,2026-09-01T06:39:26.400214,2.36,44.8,34.5,11.6,2.7,22.6,STABLE_NOMINAL
TEL-01018,SEG-10,2026-09-01T06:41:50.400214,1.866,77.6,62.2,7.2,18.47,18.0,CRITICAL_SLOPE_MOVEMENT
TEL-01019,SEG-01,2026-09-01T06:44:14.400214,2.8,71.2,53.0,9.8,1.39,16.1,CRITICAL_SLOPE_MOVEMENT
TEL-01020,SEG-03,2026-09-01T06:46:38.400214,1.725,84.9,57.1,42.2,8.29,19.3,CRITICAL_SLOPE_MOVEMENT
TEL-01021,SEG-12,2026-09-01T06:49:02.400214,3.786,68.3,30.9,22.9,16.04,19.4,CRITICAL_SLOPE_MOVEMENT
TEL-01022,SEG-14,2026-09-01T06:51:26.400214,1.081,72.2,28.2,37.6,4.74,24.1,CRITICAL_SLOPE_MOVEMENT
TEL-01023,SEG-11,2026-09-01T06:53:50.400214,1.948,19.1,56.5,30.0,3.86,18.5,STABLE_NOMINAL
TEL-01024,SEG-09,2026-09-01T06:56:14.400214,0.732,32.7,29.2,12.7,12.65,21.9,CRITICAL_SLOPE_MOVEMENT
TEL-01025,SEG-10,2026-09-01T06:58:38.400214,2.001,64.1,36.9,22.5,6.77,15.9,WARNING_ELEVATED_PORE_PRESSURE
TEL-01026,SEG-05,2026-09-01T07:01:02.400214,4.153,62.8,48.8,10.8,7.16,26.2,CRITICAL_SLOPE_MOVEMENT
TEL-01027,SEG-02,2026-09-01T07:03:26.400214,1.463,15.2,26.8,44.0,13.6,28.7,CRITICAL_SLOPE_MOVEMENT
TEL-01028,SEG-08,2026-09-01T07:05:50.400214,3.057,49.7,64.7,35.0,17.03,19.1,CRITICAL_SLOPE_MOVEMENT
TEL-01029,SEG-13,2026-09-01T07:08:14.400214,0.589,71.6,65.9,3.3,5.43,15.6,CRITICAL_SLOPE_MOVEMENT
TEL-01030,SEG-03,2026-09-01T07:10:38.400214,1.133,75.0,69.7,3.0,3.11,19.3,CRITICAL_SLOPE_MOVEMENT
TEL-01031,SEG-15,2026-09-01T07:13:02.400214,0.896,36.2,48.9,2.8,9.0,14.6,WARNING_ELEVATED_PORE_PRESSURE
TEL-01032,SEG-09,2026-09-01T07:15:26.400214,2.872,84.6,47.3,12.0,7.21,22.2,CRITICAL_SLOPE_MOVEMENT
TEL-01033,SEG-14,2026-09-01T07:17:50.400214,0.179,75.1,69.9,0.8,14.55,23.0,CRITICAL_SLOPE_MOVEMENT
TEL-01034,SEG-13,2026-09-01T07:20:14.400214,2.651,36.8,37.4,34.1,4.97,21.5,STABLE_NOMINAL
TEL-01035,SEG-04,2026-09-01T07:22:38.400214,2.066,73.8,53.2,28.3,13.11,15.2,CRITICAL_SLOPE_MOVEMENT
TEL-01036,SEG-16,2026-09-01T07:25:02.400214,1.087,24.4,76.1,44.8,7.49,28.4,WARNING_ELEVATED_PORE_PRESSURE
TEL-01037,SEG-10,2026-09-01T07:27:26.400214,0.368,79.9,30.6,1.4,10.82,18.0,CRITICAL_SLOPE_MOVEMENT
TEL-01038,SEG-09,2026-09-01T07:29:50.400214,0.209,79.4,66.3,37.0,0.25,15.4,CRITICAL_SLOPE_MOVEMENT
TEL-01039,SEG-10,2026-09-01T07:32:14.400214,0.169,19.2,26.2,43.9,15.17,26.4,CRITICAL_SLOPE_MOVEMENT
TEL-01040,SEG-11,2026-09-01T07:34:38.400214,0.458,41.9,26.4,7.4,3.62,19.5,STABLE_NOMINAL
TEL-01041,SEG-07,2026-09-01T07:37:02.400214,3.613,77.2,57.9,16.5,15.98,20.3,CRITICAL_SLOPE_MOVEMENT
TEL-01042,SEG-15,2026-09-01T07:39:26.400214,0.59,50.7,38.4,12.7,18.17,20.5,CRITICAL_SLOPE_MOVEMENT
TEL-01043,SEG-01,2026-09-01T07:41:50.400214,1.263,52.1,30.7,19.7,6.33,21.0,WARNING_ELEVATED_PORE_PRESSURE
TEL-01044,SEG-02,2026-09-01T07:44:14.400214,1.246,66.9,49.9,18.4,4.54,26.0,WARNING_ELEVATED_PORE_PRESSURE
TEL-01045,SEG-15,2026-09-01T07:46:38.400214,3.103,71.7,57.6,4.9,10.57,16.1,CRITICAL_SLOPE_MOVEMENT
TEL-01046,SEG-02,2026-09-01T07:49:02.400214,2.282,66.0,73.5,43.0,3.73,14.8,WARNING_ELEVATED_PORE_PRESSURE
TEL-01047,SEG-07,2026-09-01T07:51:26.400214,3.908,32.1,74.3,37.5,0.13,19.3,CRITICAL_SLOPE_MOVEMENT
TEL-01048,SEG-03,2026-09-01T07:53:50.400214,2.155,37.0,28.6,5.0,0.22,23.2,STABLE_NOMINAL
TEL-01049,SEG-16,2026-09-01T07:56:14.400214,4.157,65.7,27.8,14.2,18.24,28.2,CRITICAL_SLOPE_MOVEMENT
TEL-01050,SEG-02,2026-09-01T07:58:38.400214,3.18,55.3,75.5,14.6,8.74,28.6,CRITICAL_SLOPE_MOVEMENT
TEL-01051,SEG-01,2026-09-01T08:01:02.400214,1.253,19.5,26.2,26.2,8.47,23.3,WARNING_ELEVATED_PORE_PRESSURE
TEL-01052,SEG-07,2026-09-01T08:03:26.400214,1.444,38.6,51.8,19.8,17.57,27.6,CRITICAL_SLOPE_MOVEMENT
TEL-01053,SEG-02,2026-09-01T08:05:50.400214,1.767,48.2,68.2,3.2,8.97,25.5,WARNING_ELEVATED_PORE_PRESSURE
TEL-01054,SEG-04,2026-09-01T08:08:14.400214,2.372,52.1,52.9,28.9,7.12,14.4,WARNING_ELEVATED_PORE_PRESSURE
TEL-01055,SEG-13,2026-09-01T08:10:38.400214,2.266,80.3,72.9,36.0,12.61,23.9,CRITICAL_SLOPE_MOVEMENT
TEL-01056,SEG-07,2026-09-01T08:13:02.400214,4.059,82.7,27.5,9.6,8.28,25.5,CRITICAL_SLOPE_MOVEMENT
TEL-01057,SEG-13,2026-09-01T08:15:26.400214,0.392,77.2,67.1,23.8,14.99,23.9,CRITICAL_SLOPE_MOVEMENT
TEL-01058,SEG-05,2026-09-01T08:17:50.400214,0.208,51.8,75.2,13.4,17.33,15.3,CRITICAL_SLOPE_MOVEMENT
TEL-01059,SEG-08,2026-09-01T08:20:14.400214,2.003,26.0,47.7,29.4,11.28,14.6,WARNING_ELEVATED_PORE_PRESSURE
TEL-01060,SEG-14,2026-09-01T08:22:38.400214,2.236,50.3,60.4,39.4,16.64,20.7,CRITICAL_SLOPE_MOVEMENT
TEL-01061,SEG-01,2026-09-01T08:25:02.400214,3.871,33.8,56.5,43.3,16.42,27.5,CRITICAL_SLOPE_MOVEMENT
TEL-01062,SEG-02,2026-09-01T08:27:26.400214,2.608,21.1,70.0,23.7,9.9,27.4,WARNING_ELEVATED_PORE_PRESSURE
TEL-01063,SEG-06,2026-09-01T08:29:50.400214,0.973,68.9,61.0,13.3,7.75,17.8,WARNING_ELEVATED_PORE_PRESSURE
TEL-01064,SEG-01,2026-09-01T08:32:14.400214,0.139,48.3,34.4,3.9,12.35,20.9,CRITICAL_SLOPE_MOVEMENT
TEL-01065,SEG-08,2026-09-01T08:34:38.400214,3.003,28.4,69.3,4.3,3.31,23.0,CRITICAL_SLOPE_MOVEMENT
TEL-01066,SEG-10,2026-09-01T08:37:02.400214,2.857,81.5,47.7,0.5,14.93,20.1,CRITICAL_SLOPE_MOVEMENT
TEL-01067,SEG-16,2026-09-01T08:39:26.400214,2.961,36.9,40.8,4.9,4.88,14.1,STABLE_NOMINAL
TEL-01068,SEG-08,2026-09-01T08:41:50.400214,1.246,76.0,52.2,30.0,10.9,14.6,CRITICAL_SLOPE_MOVEMENT
TEL-01069,SEG-02,2026-09-01T08:44:14.400214,1.994,48.0,28.8,7.6,10.07,18.2,WARNING_ELEVATED_PORE_PRESSURE
TEL-01070,SEG-08,2026-09-01T08:46:38.400214,1.962,75.8,49.2,45.0,17.07,28.9,CRITICAL_SLOPE_MOVEMENT
TEL-01071,SEG-07,2026-09-01T08:49:02.400214,2.259,67.7,38.0,17.2,10.23,22.7,WARNING_ELEVATED_PORE_PRESSURE
TEL-01072,SEG-09,2026-09-01T08:51:26.400214,0.734,19.9,26.6,2.4,4.8,22.7,STABLE_NOMINAL
TEL-01073,SEG-05,2026-09-01T08:53:50.400214,3.575,65.8,77.1,40.7,6.58,19.9,CRITICAL_SLOPE_MOVEMENT
TEL-01074,SEG-02,2026-09-01T08:56:14.400214,1.532,32.6,63.9,23.0,9.44,14.5,WARNING_ELEVATED_PORE_PRESSURE
TEL-01075,SEG-15,2026-09-01T08:58:38.400214,3.405,72.5,64.4,0.8,11.78,17.5,CRITICAL_SLOPE_MOVEMENT
TEL-01076,SEG-15,2026-09-01T09:01:02.400214,2.016,80.8,25.3,37.8,18.03,15.5,CRITICAL_SLOPE_MOVEMENT
TEL-01077,SEG-08,2026-09-01T09:03:26.400214,0.736,72.9,31.5,38.2,8.63,18.3,CRITICAL_SLOPE_MOVEMENT
TEL-01078,SEG-05,2026-09-01T09:05:50.400214,2.0,68.7,43.2,22.0,16.34,19.6,CRITICAL_SLOPE_MOVEMENT
TEL-01079,SEG-13,2026-09-01T09:08:14.400214,2.394,20.5,73.7,20.8,15.54,22.6,CRITICAL_SLOPE_MOVEMENT
TEL-01080,SEG-04,2026-09-01T09:10:38.400214,0.216,38.9,36.4,5.3,7.12,18.6,WARNING_ELEVATED_PORE_PRESSURE
TEL-01081,SEG-08,2026-09-01T09:13:02.400214,1.677,74.5,49.9,20.5,0.06,15.5,CRITICAL_SLOPE_MOVEMENT
TEL-01082,SEG-01,2026-09-01T09:15:26.400214,2.524,69.2,54.7,27.0,11.13,19.4,WARNING_ELEVATED_PORE_PRESSURE
TEL-01083,SEG-12,2026-09-01T09:17:50.400214,0.215,31.8,74.9,15.1,0.0,22.3,STABLE_NOMINAL
TEL-01084,SEG-13,2026-09-01T09:20:14.400214,0.672,47.1,54.4,30.0,4.65,20.5,STABLE_NOMINAL
TEL-01085,SEG-15,2026-09-01T09:22:38.400214,1.168,66.8,43.3,33.5,10.0,27.4,WARNING_ELEVATED_PORE_PRESSURE
TEL-01086,SEG-07,2026-09-01T09:25:02.400214,2.976,17.9,39.3,29.9,2.08,24.5,STABLE_NOMINAL
TEL-01087,SEG-08,2026-09-01T09:27:26.400214,1.485,35.2,73.1,11.8,15.69,24.1,CRITICAL_SLOPE_MOVEMENT
TEL-01088,SEG-05,2026-09-01T09:29:50.400214,2.529,65.5,61.1,8.4,14.59,15.8,CRITICAL_SLOPE_MOVEMENT
TEL-01089,SEG-15,2026-09-01T09:32:14.400214,2.23,68.8,33.3,40.2,17.77,19.8,CRITICAL_SLOPE_MOVEMENT
TEL-01090,SEG-02,2026-09-01T09:34:38.400214,0.967,34.7,70.0,14.7,11.97,26.3,WARNING_ELEVATED_PORE_PRESSURE
TEL-01091,SEG-03,2026-09-01T09:37:02.400214,3.528,39.5,66.3,32.4,15.75,23.7,CRITICAL_SLOPE_MOVEMENT
TEL-01092,SEG-01,2026-09-01T09:39:26.400214,1.877,50.3,25.3,10.7,17.0,28.7,CRITICAL_SLOPE_MOVEMENT
TEL-01093,SEG-12,2026-09-01T09:41:50.400214,0.349,79.6,65.5,26.7,11.39,26.0,CRITICAL_SLOPE_MOVEMENT
TEL-01094,SEG-01,2026-09-01T09:44:14.400214,2.759,62.9,56.9,38.5,10.54,20.0,WARNING_ELEVATED_PORE_PRESSURE
TEL-01095,SEG-15,2026-09-01T09:46:38.400214,1.436,45.9,77.4,31.3,15.95,21.5,CRITICAL_SLOPE_MOVEMENT
TEL-01096,SEG-02,2026-09-01T09:49:02.400214,0.359,35.6,43.9,13.8,1.17,16.5,STABLE_NOMINAL
TEL-01097,SEG-10,2026-09-01T09:51:26.400214,3.847,43.0,54.5,36.0,10.04,25.8,CRITICAL_SLOPE_MOVEMENT
TEL-01098,SEG-02,2026-09-01T09:53:50.400214,3.221,63.3,38.8,21.5,4.07,14.5,CRITICAL_SLOPE_MOVEMENT
TEL-01099,SEG-07,2026-09-01T09:56:14.400214,3.428,32.1,58.0,8.1,0.72,22.3,CRITICAL_SLOPE_MOVEMENT
TEL-01100,SEG-10,2026-09-01T09:58:38.400214,3.182,37.8,49.4,19.7,2.73,19.2,CRITICAL_SLOPE_MOVEMENT
TEL-01101,SEG-05,2026-09-01T10:01:02.400214,3.247,68.0,31.7,35.2,0.04,21.9,CRITICAL_SLOPE_MOVEMENT
TEL-01102,SEG-09,2026-09-01T10:03:26.400214,2.075,65.9,72.9,32.1,2.45,25.4,WARNING_ELEVATED_PORE_PRESSURE
TEL-01103,SEG-03,2026-09-01T10:05:50.400214,4.098,50.3,43.5,23.8,3.24,18.2,CRITICAL_SLOPE_MOVEMENT
TEL-01104,SEG-01,2026-09-01T10:08:14.400214,2.896,34.3,29.6,31.6,13.21,19.1,CRITICAL_SLOPE_MOVEMENT
TEL-01105,SEG-03,2026-09-01T10:10:38.400214,1.923,58.2,52.0,19.9,15.75,22.1,CRITICAL_SLOPE_MOVEMENT
TEL-01106,SEG-07,2026-09-01T10:13:02.400214,2.545,54.4,40.2,23.0,12.68,15.1,CRITICAL_SLOPE_MOVEMENT
TEL-01107,SEG-10,2026-09-01T10:15:26.400214,1.168,78.5,29.1,41.1,10.82,16.7,CRITICAL_SLOPE_MOVEMENT
TEL-01108,SEG-03,2026-09-01T10:17:50.400214,1.815,83.6,55.7,24.0,13.16,24.4,CRITICAL_SLOPE_MOVEMENT
TEL-01109,SEG-08,2026-09-01T10:20:14.400214,2.748,61.0,65.7,4.5,4.82,16.0,WARNING_ELEVATED_PORE_PRESSURE
TEL-01110,SEG-06,2026-09-01T10:22:38.400214,3.636,60.2,33.8,30.0,16.88,27.0,CRITICAL_SLOPE_MOVEMENT
TEL-01111,SEG-01,2026-09-01T10:25:02.400214,3.087,68.4,31.3,38.8,12.71,16.7,CRITICAL_SLOPE_MOVEMENT
TEL-01112,SEG-04,2026-09-01T10:27:26.400214,3.454,16.2,63.6,22.4,6.16,20.7,CRITICAL_SLOPE_MOVEMENT
TEL-01113,SEG-13,2026-09-01T10:29:50.400214,2.102,22.0,69.5,13.0,6.16,20.8,WARNING_ELEVATED_PORE_PRESSURE
TEL-01114,SEG-12,2026-09-01T10:32:14.400214,1.901,59.7,76.6,18.7,17.59,23.5,CRITICAL_SLOPE_MOVEMENT
TEL-01115,SEG-12,2026-09-01T10:34:38.400214,3.445,54.5,33.2,36.9,9.19,14.7,CRITICAL_SLOPE_MOVEMENT
TEL-01116,SEG-10,2026-09-01T10:37:02.400214,0.97,15.6,43.4,27.1,12.63,15.5,CRITICAL_SLOPE_MOVEMENT
TEL-01117,SEG-11,2026-09-01T10:39:26.400214,2.022,64.5,60.7,8.0,11.2,27.3,WARNING_ELEVATED_PORE_PRESSURE
TEL-01118,SEG-12,2026-09-01T10:41:50.400214,1.058,18.0,44.8,5.3,7.08,21.6,WARNING_ELEVATED_PORE_PRESSURE
TEL-01119,SEG-07,2026-09-01T10:44:14.400214,0.674,74.8,59.4,19.2,5.84,26.4,CRITICAL_SLOPE_MOVEMENT
TEL-01120,SEG-11,2026-09-01T10:46:38.400214,2.714,46.7,42.3,26.9,8.16,27.1,WARNING_ELEVATED_PORE_PRESSURE
TEL-01121,SEG-16,2026-09-01T10:49:02.400214,3.879,52.2,52.1,19.4,1.28,16.4,CRITICAL_SLOPE_MOVEMENT
TEL-01122,SEG-16,2026-09-01T10:51:26.400214,0.58,71.1,77.1,42.4,6.78,14.6,CRITICAL_SLOPE_MOVEMENT
TEL-01123,SEG-03,2026-09-01T10:53:50.400214,2.277,74.0,46.6,41.6,10.87,14.5,CRITICAL_SLOPE_MOVEMENT
TEL-01124,SEG-03,2026-09-01T10:56:14.400214,1.134,45.7,36.1,36.9,3.43,23.8,STABLE_NOMINAL
TEL-01125,SEG-13,2026-09-01T10:58:38.400214,0.57,71.4,75.7,23.6,18.01,28.7,CRITICAL_SLOPE_MOVEMENT
TEL-01126,SEG-02,2026-09-01T11:01:02.400214,2.856,50.6,64.7,1.3,2.78,27.4,WARNING_ELEVATED_PORE_PRESSURE
TEL-01127,SEG-04,2026-09-01T11:03:26.400214,1.543,66.7,40.3,40.0,5.97,28.1,WARNING_ELEVATED_PORE_PRESSURE
TEL-01128,SEG-07,2026-09-01T11:05:50.400214,0.238,62.9,57.4,32.9,17.56,19.7,CRITICAL_SLOPE_MOVEMENT
TEL-01129,SEG-12,2026-09-01T11:08:14.400214,0.219,23.6,42.2,4.9,12.08,21.4,CRITICAL_SLOPE_MOVEMENT
TEL-01130,SEG-12,2026-09-01T11:10:38.400214,3.612,48.1,30.1,21.8,12.29,24.8,CRITICAL_SLOPE_MOVEMENT
TEL-01131,SEG-13,2026-09-01T11:13:02.400214,1.358,79.5,69.3,7.6,15.18,19.7,CRITICAL_SLOPE_MOVEMENT
TEL-01132,SEG-16,2026-09-01T11:15:26.400214,3.83,77.2,61.7,12.4,14.93,14.4,CRITICAL_SLOPE_MOVEMENT
TEL-01133,SEG-09,2026-09-01T11:17:50.400214,3.118,79.6,48.3,0.5,1.7,23.4,CRITICAL_SLOPE_MOVEMENT
TEL-01134,SEG-01,2026-09-01T11:20:14.400214,2.761,82.0,46.5,22.8,10.64,21.9,CRITICAL_SLOPE_MOVEMENT
TEL-01135,SEG-06,2026-09-01T11:22:38.400214,2.316,62.2,48.1,2.5,6.1,27.4,WARNING_ELEVATED_PORE_PRESSURE
TEL-01136,SEG-02,2026-09-01T11:25:02.400214,1.493,20.7,29.4,1.7,14.28,27.9,CRITICAL_SLOPE_MOVEMENT
TEL-01137,SEG-15,2026-09-01T11:27:26.400214,3.998,58.7,46.8,1.6,8.79,19.0,CRITICAL_SLOPE_MOVEMENT
TEL-01138,SEG-14,2026-09-01T11:29:50.400214,3.222,21.7,62.1,39.1,11.66,14.4,CRITICAL_SLOPE_MOVEMENT
TEL-01139,SEG-11,2026-09-01T11:32:14.400214,4.07,36.3,68.0,9.7,6.0,21.7,CRITICAL_SLOPE_MOVEMENT
TEL-01140,SEG-06,2026-09-01T11:34:38.400214,3.639,68.4,48.9,8.0,15.87,28.5,CRITICAL_SLOPE_MOVEMENT
TEL-01141,SEG-09,2026-09-01T11:37:02.400214,3.925,24.7,39.2,43.6,2.65,20.8,CRITICAL_SLOPE_MOVEMENT
TEL-01142,SEG-03,2026-09-01T11:39:26.400214,1.642,52.2,71.5,21.0,4.59,21.7,WARNING_ELEVATED_PORE_PRESSURE
TEL-01143,SEG-15,2026-09-01T11:41:50.400214,3.486,39.9,43.4,23.9,7.49,24.9,CRITICAL_SLOPE_MOVEMENT
TEL-01144,SEG-03,2026-09-01T11:44:14.400214,2.76,79.5,38.0,32.6,0.18,26.8,CRITICAL_SLOPE_MOVEMENT
TEL-01145,SEG-08,2026-09-01T11:46:38.400214,2.967,56.0,63.6,28.1,3.05,26.6,WARNING_ELEVATED_PORE_PRESSURE
TEL-01146,SEG-07,2026-09-01T11:49:02.400214,3.985,34.1,32.6,14.7,10.04,18.6,CRITICAL_SLOPE_MOVEMENT
TEL-01147,SEG-15,2026-09-01T11:51:26.400214,0.575,16.9,66.5,6.1,1.53,16.3,STABLE_NOMINAL
TEL-01148,SEG-06,2026-09-01T11:53:50.400214,2.328,20.4,77.7,17.1,15.37,26.5,CRITICAL_SLOPE_MOVEMENT
TEL-01149,SEG-13,2026-09-01T11:56:14.400214,1.495,20.2,32.3,10.1,15.66,24.9,CRITICAL_SLOPE_MOVEMENT
TEL-01150,SEG-13,2026-09-01T11:58:38.400214,0.156,58.1,74.6,3.9,8.46,16.5,WARNING_ELEVATED_PORE_PRESSURE
TEL-01151,SEG-06,2026-09-01T12:01:02.400214,0.445,80.5,48.0,0.2,10.77,20.9,CRITICAL_SLOPE_MOVEMENT
TEL-01152,SEG-16,2026-09-01T12:03:26.400214,3.08,29.3,62.3,26.9,10.91,24.3,CRITICAL_SLOPE_MOVEMENT
TEL-01153,SEG-11,2026-09-01T12:05:50.400214,2.159,26.0,26.6,24.1,9.85,24.1,WARNING_ELEVATED_PORE_PRESSURE
TEL-01154,SEG-09,2026-09-01T12:08:14.400214,0.746,47.0,68.5,0.5,17.7,16.6,CRITICAL_SLOPE_MOVEMENT
TEL-01155,SEG-01,2026-09-01T12:10:38.400214,2.999,82.0,70.3,6.4,15.1,27.2,CRITICAL_SLOPE_MOVEMENT
TEL-01156,SEG-04,2026-09-01T12:13:02.400214,3.589,25.2,51.8,26.1,10.56,18.7,CRITICAL_SLOPE_MOVEMENT
TEL-01157,SEG-15,2026-09-01T12:15:26.400214,1.048,75.7,30.7,33.9,2.42,15.1,CRITICAL_SLOPE_MOVEMENT
TEL-01158,SEG-14,2026-09-01T12:17:50.400214,2.791,74.2,76.8,0.2,0.16,17.7,CRITICAL_SLOPE_MOVEMENT
TEL-01159,SEG-09,2026-09-01T12:20:14.400214,1.552,18.4,45.2,24.7,17.57,18.1,CRITICAL_SLOPE_MOVEMENT
TEL-01160,SEG-13,2026-09-01T12:22:38.400214,1.746,38.7,71.8,14.9,8.51,19.3,WARNING_ELEVATED_PORE_PRESSURE
TEL-01161,SEG-02,2026-09-01T12:25:02.400214,0.102,15.4,54.1,16.1,10.94,21.6,WARNING_ELEVATED_PORE_PRESSURE
TEL-01162,SEG-04,2026-09-01T12:27:26.400214,2.666,23.5,43.9,43.2,7.24,20.4,WARNING_ELEVATED_PORE_PRESSURE
TEL-01163,SEG-06,2026-09-01T12:29:50.400214,1.173,31.3,52.2,4.4,14.08,27.2,CRITICAL_SLOPE_MOVEMENT
TEL-01164,SEG-16,2026-09-01T12:32:14.400214,3.696,68.5,30.3,35.8,10.09,28.7,CRITICAL_SLOPE_MOVEMENT
TEL-01165,SEG-15,2026-09-01T12:34:38.400214,3.889,57.0,66.3,12.1,3.64,28.7,CRITICAL_SLOPE_MOVEMENT
TEL-01166,SEG-08,2026-09-01T12:37:02.400214,0.438,35.1,62.3,20.6,9.08,22.8,WARNING_ELEVATED_PORE_PRESSURE
TEL-01167,SEG-16,2026-09-01T12:39:26.400214,3.674,41.1,31.7,12.5,7.74,24.4,CRITICAL_SLOPE_MOVEMENT
TEL-01168,SEG-06,2026-09-01T12:41:50.400214,2.201,20.3,46.3,10.7,15.55,22.1,CRITICAL_SLOPE_MOVEMENT
TEL-01169,SEG-04,2026-09-01T12:44:14.400214,2.512,37.6,74.5,7.6,0.56,23.7,STABLE_NOMINAL
TEL-01170,SEG-01,2026-09-01T12:46:38.400214,1.773,33.6,72.1,28.6,8.34,25.7,WARNING_ELEVATED_PORE_PRESSURE
TEL-01171,SEG-11,2026-09-01T12:49:02.400214,0.674,36.0,51.0,23.6,15.85,17.8,CRITICAL_SLOPE_MOVEMENT
TEL-01172,SEG-11,2026-09-01T12:51:26.400214,3.879,16.6,61.2,37.3,10.67,27.9,CRITICAL_SLOPE_MOVEMENT
TEL-01173,SEG-10,2026-09-01T12:53:50.400214,1.775,24.7,50.2,14.1,10.46,15.6,WARNING_ELEVATED_PORE_PRESSURE
TEL-01174,SEG-04,2026-09-01T12:56:14.400214,1.892,78.8,66.3,11.8,5.48,26.0,CRITICAL_SLOPE_MOVEMENT
TEL-01175,SEG-15,2026-09-01T12:58:38.400214,3.749,76.5,63.1,23.5,8.66,21.6,CRITICAL_SLOPE_MOVEMENT
TEL-01176,SEG-06,2026-09-01T13:01:02.400214,1.179,18.0,72.3,1.5,3.08,25.6,STABLE_NOMINAL
TEL-01177,SEG-15,2026-09-01T13:03:26.400214,0.751,59.2,70.3,32.1,17.29,24.3,CRITICAL_SLOPE_MOVEMENT
TEL-01178,SEG-02,2026-09-01T13:05:50.400214,1.684,54.4,69.6,15.5,2.97,28.3,WARNING_ELEVATED_PORE_PRESSURE
TEL-01179,SEG-13,2026-09-01T13:08:14.400214,1.01,39.3,76.9,27.8,12.26,18.1,CRITICAL_SLOPE_MOVEMENT
TEL-01180,SEG-05,2026-09-01T13:10:38.400214,4.043,74.0,59.9,27.3,11.97,23.5,CRITICAL_SLOPE_MOVEMENT
TEL-01181,SEG-16,2026-09-01T13:13:02.400214,2.761,40.5,57.8,43.3,9.67,22.5,WARNING_ELEVATED_PORE_PRESSURE
TEL-01182,SEG-06,2026-09-01T13:15:26.400214,1.544,71.2,72.6,31.9,12.8,21.5,CRITICAL_SLOPE_MOVEMENT
TEL-01183,SEG-13,2026-09-01T13:17:50.400214,0.18,18.2,54.4,5.3,4.45,21.3,STABLE_NOMINAL
TEL-01184,SEG-16,2026-09-01T13:20:14.400214,0.261,49.8,36.0,13.8,14.93,26.8,CRITICAL_SLOPE_MOVEMENT
TEL-01185,SEG-05,2026-09-01T13:22:38.400214,3.302,53.6,61.4,11.9,3.7,26.8,CRITICAL_SLOPE_MOVEMENT
TEL-01186,SEG-16,2026-09-01T13:25:02.400214,0.917,52.7,69.7,16.5,16.32,18.1,CRITICAL_SLOPE_MOVEMENT
TEL-01187,SEG-07,2026-09-01T13:27:26.400214,2.268,81.3,75.6,12.9,1.62,21.3,CRITICAL_SLOPE_MOVEMENT
TEL-01188,SEG-06,2026-09-01T13:29:50.400214,3.91,58.3,28.8,8.5,1.24,25.0,CRITICAL_SLOPE_MOVEMENT
TEL-01189,SEG-11,2026-09-01T13:32:14.400214,1.562,35.5,74.7,16.8,3.07,15.8,STABLE_NOMINAL
TEL-01190,SEG-08,2026-09-01T13:34:38.400214,2.1,57.5,38.4,30.1,10.36,15.1,WARNING_ELEVATED_PORE_PRESSURE
TEL-01191,SEG-04,2026-09-01T13:37:02.400214,2.919,37.3,41.7,34.3,10.27,15.6,WARNING_ELEVATED_PORE_PRESSURE
TEL-01192,SEG-05,2026-09-01T13:39:26.400214,3.391,53.5,32.9,7.0,1.97,21.5,CRITICAL_SLOPE_MOVEMENT
TEL-01193,SEG-13,2026-09-01T13:41:50.400214,0.876,24.5,47.0,16.7,6.69,23.8,WARNING_ELEVATED_PORE_PRESSURE
TEL-01194,SEG-10,2026-09-01T13:44:14.400214,0.206,28.1,27.0,34.3,5.64,23.5,WARNING_ELEVATED_PORE_PRESSURE
TEL-01195,SEG-10,2026-09-01T13:46:38.400214,2.722,36.5,54.1,7.2,13.71,24.6,CRITICAL_SLOPE_MOVEMENT
TEL-01196,SEG-04,2026-09-01T13:49:02.400214,0.906,82.9,76.5,9.9,7.41,21.4,CRITICAL_SLOPE_MOVEMENT
TEL-01197,SEG-07,2026-09-01T13:51:26.400214,0.593,69.3,78.0,10.9,9.61,19.9,WARNING_ELEVATED_PORE_PRESSURE
TEL-01198,SEG-09,2026-09-01T13:53:50.400214,4.014,67.7,61.1,27.8,10.73,20.9,CRITICAL_SLOPE_MOVEMENT
TEL-01199,SEG-09,2026-09-01T13:56:14.400214,2.72,58.5,70.3,36.2,13.28,27.6,CRITICAL_SLOPE_MOVEMENT
TEL-01200,SEG-01,2026-09-01T13:58:38.400214,1.437,39.2,31.1,18.1,5.39,14.3,WARNING_ELEVATED_PORE_PRESSURE
